# Resource object code (Python 3)
# Created by: object code
# Created by: The Resource Compiler for Qt version 6.11.2
# WARNING! All changes made in this file will be lost!

from PySide6 import QtCore

qt_resource_data = b"\
\x00\x04:\xb5\
\x89\
PNG\x0d\x0a\x1a\x0a\x00\x00\x00\x0dIHDR\x00\
\x00\x02\xa1\x00\x00\x02Z\x08\x06\x00\x00\x00\x1f\xf7\x9e\x84\
\x00\x00\x00 cHRM\x00\x00z&\x00\x00\x80\x84\
\x00\x00\xfa\x00\x00\x00\x80\xe8\x00\x00u0\x00\x00\xea`\
\x00\x00:\x98\x00\x00\x17p\x9c\xbaQ<\x00\x00\x00\x06\
bKGD\x00\xff\x00\xff\x00\xff\xa0\xbd\xa7\x93\x00\x00\
\x00\x07tIME\x07\xea\x0a\x01\x15$\x05\x12h\x99\
2\x00\x00\x00\x01orNT\x01\xcf\xa2w\x9a\x00\x00\
\x80\x00IDATx\xda\xec\xfdy\xbc%\xd7U\xde\
\x8d?k\xed]u\xce\xb9s\xcf\x83z\xee\xd6\xd4\x9a\
\xd5\x96-y\x90\xe5\xd9\x06;\xd8\x01\x89\xc1\xd8\xc6\x81\
\xa07\x03\x0e\x10\x12\xde\xc0/\xc9M\xf2B\xf8\xbc/\
q\x1238\xc2\x0e\x8a\x0d\x98`\xf1\xfe\x80@\x00\xe3\
I\x1e\xb0\x8cm\xc9\x92%\xb5\xa6\xd6<\xf5x\xe73\
T\xd5\xdek\xbd\x7f\xec\xaa3\xdd\xdb\x83\xa6n\x0d\xfb\
\xab\xcf\xd5\xed{\x86\x1av\xd59\xf5\xd4\xdak=\x0b\
\x88D\x22\x91H$\x12\x89D\x22\x91H$\x12\x89D\
\x22\x91H$\x12\x89D\x22\x91H$\x12\x89D\x22\x91\
H$\x12\x89D\x22\x91H$\x12\x89D\x22\x91H$\
\x12\x89D\x22\x91H$\x12\x89D\x22\x91H$\x12\x89\
D\x22\x91H$\x12\x89D\x22\x91H$\x12\x89D\x22\
\x91H$\x12\x89D\x22\x91H$\x12\x89D\x22\x91H\
$\x12\x89D\x22\x91H$\x12\x89D\x22\x91H$\x12\
\x89D\x22\x91H$\x12\x89D\x22\x91H$\x12\x89D\
\x22\x91H$\x12\x89D\x22\x91H$\x12\x89D\x22\x91\
H$\x12\x89D\x22\x91H$\x12\x89\x9cv\xe8Lo\
@$\x12y\xd9\xc0\xfb\xf6\xed3\x00\xb0\xb4T\xaf\x8f\
L\xae\xbaP2<v\xc7\x1d\x7f\xf14\x00-\x7f\x22\
\x91H$\x12\x01\x10Eh$\x12yn\x10\x00\x5ct\
\xd1\xf7O\xf1\x18\x8d\xb0\xe8\x8f\x80\xa8p\xde\x7f\x00\x84\
)(\x9e$\xf0g\x9d\x97{Si\xdfv\xfb\xed7\
/\x02\xf0gz\xa3#\x91H$r\xe6\x89\x224\x12\
\x89<\x1bx\xef\xde\xbd\xb6\xd1\xd8\xbeU\x8d\xfd\x07\x1d\
\x9f\xed\x85\xe2\xad\xca\xba\x08\xd2UR\xa8B\xa9\x06\xd2\
\x8c\x80$\xe5\xda,\x08\xb3\xaa\xf8o\x04\xff\x9d\xef\xdd\
\xf6\xb9\xbf\x05 gz'\x22\x91H$r\xe6\x88\x22\
4\x12\x89<#\xf6\xed\xdb\x97,-\x9dU\xafO\xd2\
[U\xe4}N\xdd\x0f\x89\xcf\x13@TA\x0c\x05\x01\
\x0c(\xf7\xdeD\x02\x22\x15\x05\x0aR,\x88\xe2\x17)\
\xe3\xcf\xdfw\xdf\xe7\x9f:\xd3\xfb\x13\x89D\x22\x913\
C\x14\xa1\x91H\xe4\x19p\x8d\xbd\xfc\xcaUg\xfb\xc2\
\xfd\xcb\x02\xfeG\xd4;'\xeaG\x89\xe0U\x95A\x9a\
A\xa9\x06P\x0e5)H3@\xea\x00)\xa0\x04\x22\
\x81\x82\x88pH\x15\x9d\xb6t\xf6=v\xe7\xd7\xe7\x10\
\xf3E#\x91H\xe4\x15\x07?\xf7ED\x22\x91W\x08\
\xbco\x9f\x1d\xf5\x99\xfbP\xe1\x8aw\xf8\xc2\xa5\xde\xcb\
\xa8\xaaB\x15\x06 \x82\xa2\x0e(\x91J\x8d\xe0\x89T\
\xea\xa4\x02RO\xa4\xaa$B\xa4\x02U\xd9@\xe4\xb7\
68\xf9\xc6\xaeK^\x7f6\x00s\xa6w.\x12\x89\
D\x22\xa7\x97\x18\x09\x8dD\x22\xa7\xc4\xde\xbd\xd7\xae\x1e\
\x9f\xf4\xd7/\xb6\x96\xfe\x8dSM\x00\xcfU\x84\x93\x98\
\x05\xaa\x1c\x22\x9d\xca\xa4e\xe4\x13\xa4\x80\xa7^$\x14\
\x1d(\xd5\x94\xa1eD\xb4\xa3\x8a%\x08\xfei\xd3\xb7\
\xbf8\xe2j|\xff\xfd7\x1f=\xd3\xfb\x1a\x89D\x22\
\x91\x17\x9e(B#\x91\xc8\xa9`.\xbb\xec=?!\
,?Q\xf8\xfc*\xaf\xc2\xaa\x0aQ\x85\x8a\x00^P\
\xab\xd5\xc0\x86\xe1\xdc\xf0\xccz\x7f\xfdQ\xbf8\x0d0\
\x93*I\xa6\xaa\xdfV\xd5DUnv\xb9\xff\x14\xa7\
\xb6%K\x8b\x8b\xa8\x8d\xae\x7f\xe8\x9e\xaf>\x88X\xc8\
\x14\x89D\x22/+\xa2\x08\x8dD\x22'\x83\xf7\xed{\
\xd7N\x01\x7f\xad\x90b2/\x8a\x86\x90@U\x00e\
\x05@\x0c\xa81)\x01\x80x\x01\x91\x01\x972S\x08\
 \x1e\x12\xa6aN\x9e\x01R&\x90\xb28\x05\xb1\x88\
4EE\x0c\xa1I\xaa#\x0a\xfa;\x82\xbeF\x94\xff\
5\xa0\xb9W\xfdkK|\xb5\xa8\x1e\x06\xa8\xa6R<\
\xccl.\x14\xd1;\x91\xe3\x08\x90g\xc0\xb1\xec\xc0\x81\
\x03\x0e\xd1\x0a*\x12\x89D^\xd4D\x11\x1a\x89DN\
\xc8\xbe}\xfb\x12\xaf\x9b~\xa9\x10\xf7K\xce\x17\xd6i\
\xde\xfd\xde\xe0\xb2\x02\xde\x98\x14\xde9\x081,\x19\xac\
\x99Z\xd3}N\x08\xe8t:(\x8a\x02\xde{\x00\x02\
\xe1\x1cU`\x93\x99\xba!NQ\x07\x94EJD$\
 %\x02)\x14\xa2Dm@\x9bP\x8c\xa8\x92\x03\xa0\
\xa4\xf0\x00%\x007\x95p\x88\xd4;\x10)\x18\x7f\x04\
\xc1At\xf2\xaf\xb7Sj?vg{\x09\xb8U\xca\
\x95\xc6\x22\xa8H$\x12y\x11\x10Eh$\x129.\
\xfb\xf6\xedK\x0a\xbf\xf6\x1f\x0b\xe1\x83\x22r\xa9S\x81\
\x97!\x11\xaa\x0c\x80Q\xb3u\xac^\xbd\x1a\xabW\xaf\
\xa5F\xda\xd0 B\x05B\xc0\xdc\xe2\x02\x9aK\x8bX\
j.\xa1p\x19\x0a\xc9\xd0\x15\xa1\x14\x16'\x04\x88\xb8\
r\xc9U\xae\xa9*\x00\x02L\x159\xcd\x01M\x01\xf5\
\xaa0\x04*\x14\x9a\x10\xb1\x87\x10\x13|K\x98\x1aL\
\xd4\x22PM\xa1O\x81\xa8\x06\xe0\x11U\xfd;\xf1\xf9\
o\x14\xc6\xce\x8c\xe4\x87[\xfb\xf7\xefw\xe8\x09\xd2(\
L#\x91H\xe44\x13Eh$\x129\x1e|\xe1\x85\
oY\x87\xd4\xfe\x8d\x8a\xecq\xde7<B\x0e\xa8\xc2\
\x83`J\x11j\x91\x9a\x06\xb6l\xdeJ\x9b\xd6o\xd6\
\xd1z\x9d\x8a\x8eW\xe73*\xa4\xd0\xac\xe8\x90\x1a\xd5\
\xb9\x85Y:z\xf4\xb0.5\x17\x90$\xc9\xb2\x95I\
\xf9m\xa4\x1a*\x96\x80\x9e2\xac\xbe\xa8\xba\x82U\x97\
\xcf\xb4\xf7O\xff\x83\xb5\xbb\xbc\xb0\x00\x12\x06y\x00\x05\
\x1b\x9a\x85\xe0?Cp\x87\x1a:DD\xba\xf0\xf4\xc2\
CO<qK\xfbL\x0fx$\x12\x89\xbc\x92\x88\x22\
4\x12\x89\xac\x04]v\xd9\xbb\xd6z\xd6\x9f\xf3\xde\xff\
\x8c\x13i\xa8\x08{-'\xceIT<\xc8\xc0`t\
t\x8a\xb6m\xde\xa1\xab'\xd7R\xcd\xd6\xa1^Pt\
2,4\xe71\xdf\x9cE\xe1s\xb4\x8b6\xb2\xa2\x8d\
\xbc\xe8\x94\x22\xd3(\x11\x91\xaa.\xfb\xad\xe1{i\xc5\
\xc8$q)N\xd5\xf7\x956\xad\xc0\xb0\x08\xad\xde_\
\x8aXC\xf0\x00\x94\xc0K\x0a8\xf1\xfe\x00\x1b\xf3m\
\x0b\xfeT\x82\xa3w\xdez\xeb\xad\xfdQ\xd2H$\x12\
\x89\xbc\x00\xd83\xbd\x01\x91H\xe4\xc5\x893<\xaeR\
l\x00\xb4\xae\x22\xac*]c\xe1\xd4\xd6)\xd7\x1c\xf5\
\xda\x08\xd6\xae]\x8b\xc9\xc9)\xb4\xf36\x0e\x1f>\x8c\
V\xab\x8dN\xb6\x88\xc2\xe5\xe8\xe4m\xa8z8- \
$\xb0\x96\x01\x02\x14\x8eBE\x93!\x85\x02e\xe2'\
\x08\xa4A'V\x12rP\xa4\xa2\xfc-\xa4\x8cA\xf1\
\xda\xbf\xedr\x1c\x85Z\xbdL\xa4\xf2%\xf5S\x00\xa9\
\x02\xab\x09\xb8\x98\x12\xf3\x83j7\xff\xcd\xbe}k\x7f\
\xf9\xd6\xf1\xec\x08n\xbeY\x11\x0b\x9c\x22\x91H\xe4\x05\
!FB#\x91\xc82\xce=\xf7u\xe3\xb5\xb1\xf1\x7f\
\xe5\xc5\xffC\xe7\xfc\x1a\x91A\x1d&^\xe0\x05\x98\x18\
\x9f\xc2\xc6\x8d\x9bii\xb1\x89V+C\xbb\x1df\xb4\
\x0b\xd7\x06\x93\x02\xb6,\x9dW\x07U\x85\x87\x87\x8a\x22\
MS\x00\x00\xd1\x89=\xea\xab\xc8e\x1fJd\xa8\x12\
\x93+ER{\xbfu\xc5\xc7\x01\x80DW^\x0f\x91\
\x10T\xd2\xb4\xf6\x88\xaa|\xd3\x18\xfe\xef^\xf0\xa0[\
|\xf4p_\x0ei\x8c\x90F\x22\x91\xc8\xf3@\x14\xa1\
\x91Hd\x18>\x7f\xdf;6\x18/_/D\xb6W\
Q\xd0\x01\x94\x11D\x1d)\x11\x11\x94\x07r:\x95\x04\
\xa2\x1e\xcc\x8a~{O\xc3At\xf2\x90\xb8\x14\xa5\x81\
\xc7D\x15L\x04f^I\x88\x02\xe0\xb0\x1e\xd1n\x0e\
)\x9b\xfe\x06p\xbdu\xf6\x09\xd6>\xd1\xea\x07\x84\xe4\
\xb2u\x10\x093e\xc6\xd8\xcc0\x1dP\xc2_1\xd1\
\x17\x1d\xd3\x9d\xed\x83\xd2:p\xe0\xafrD1\x1a\x89\
D\x22\xcf\x89(B#\x91H?|\xf1\xc5\xef<\xdb\
\x1b\xf9/\xde\xbb\xb7\x8a\x82T\xfc\xf2\xf6\xbe\xa5\x08\x05\
\xfa\xc4g\xf9\x94/g\xaf\x15>\x88C\x15\x00\x0cR\
\xc0\xf2`\xe4\x93\x88\x82H,\xed\x9c\xd8p\x10\x9f\xa8\
r?\x15\xfd3\xed\xdd\x82\xa5r\x9d\xc6X\x10\x13\x5c\
Q\x04\xe3\xfcR\x90\xf6\x07X\x8f'B\x07\x22\xa3t\
\xbc\xafBRb\x02\x1b\xce-\x9bCl\xf9\x0b\xa4x\
X\xc9\xdc\xf8\xdd\xbf\xfd_\x87\x10\xa7\xea#\x91H\xe4\
Y\x13Eh$\x12\x01\xc2w\x01\xef\xda\xf7\xd6\xb1T\
\xf9\xff'\xce\xff\x8c\xa8\xa4\xd5\x93*\xa5\x9d\x12\x80*\
\xf2\x09\xf4U\xb4S\x7fu{)BUaB\xb2'\
X\x83\x085f\xb9\x08\x852\x12c\xba\x82\xd3\xfb`\
\x84O\xc4 \xa6eQ\xd3~\xa4\x8c\x86\xdaZUm\
/e$\xb6\xda\x1e\x19\x10\xa1}\xef\xac\x1e\x0b\x91\xdc\
\xe1\xa8&\x95\x91\xd4r?5\x08Q!\xb0K\x88f\
\xc8\xe2[\x0c\xfe\xb3N\x81\xbf\xda\xff\xed\xbf<\x82\xe8\
?\x1a\x89D\x22\xcf\x98(B#\x91W.\x04\x5cc\
\xf6\xeci\x183\xee\xd6Xc\xfe\xb9\xa8{\xbbz\x7f\
\x9e\x17@\xbc\x18\xe2R\x84\xad(B\x19B2 @\
\xc3k5\x140I%B\xb9k\x5co\xc9\xa0\x8a\x8a\
\x02\xbdi\xf9Fm\x04\xb5Z\x0d#\x8d\x06\x924E\
Z\xfe\xd4\xeb\xf5n\xfeh?\xde\xe7\xc8\xf3\xbc4\xc1\
wXj5\x91\xe5m\xe4y\x0e!A'\xcfz\xdb\
S\x8ab\xdf\xd5\x88\xdd\x0a\xff\xee\xa4=Q\xaf\x00J\
Y{\x85NCb\x9b\x88\x95\x99`H36\xdc\xb6\
l\xbeM\xc4\x7f\xd8\x16\xf7\xe7\xfbo\xf9\xdc\x1cbk\
\xd1H$\x129e\xa2\x08\x8dD^y\x18\xe0\x1a\xba\
\xf0\xb2\xe4RQ8\x10\xae\xf3\xa2?)\x84I\x00\x09\
\xa0T\x15\xeeH\x98\xde\xee\x15\xf6\x88\x94\x822\x98\xd4\
;\x0eU\xefD\x04\x03\x0b\x08\xe0]\xb0O20P\
/\xf0\xb9G#m\xa0Vk`\xac1\x8aF\xda\xc0\
\xc4\xd8\x04FFF\xb1jb\x12\xa3\xa3\xa3\x18\x19\x19\
C\xadVC\xbd^\x07\x00$I\x02\x22\x82\xb5\xa5\x81\
G5]\xcf\x0cb\x05q\x88\x80\x12\x87\xe9w\xef=\
\x8a\x22C\x96ep.\xc3B\xb3\x89v\xbb\x8d\xf9\xf9\
\x194[-\xb4Z\x8bhu:h\xb5\x96\xd0\xcaZ\
\xc8\xf26l\x9a\x80\x13\x86\x87\x22\xcb\xda \xc3\xb0\xd6\
B\x99 \x22\xaa\x22\x10\x0a\xeb\xf5C\xd1T\x0a\xf9\xaa\
j\x88\xc4\x10\xcf&\xb5\xda\xffT\xd1?9\xf6\xe4\xc2\
-\x8f<rs\xe7L\x1f\xe0H$\x12y)\x10E\
h$\xf2\xca\xc1l\xd9rU\xbaz\xe3\xe4\xdb<h\
\x97\x88\x9b\x16 S`\x8d\xaa\xe4P\xd4\xbb\x9d\x8a\x86\
Dh\xb5\x80\x10\x11\xe5n\xa7$\xc7\x05\x00\x80A \
!HAAt\xd6F`\xc9`||\x12\xab\xc6W\
a\xc3\xda\x0dh\xd4\xeb\x18k\x8c\xa1^\xafcbd\
\x02\x0c30=OD\xdd\xdc\xcc\xca\xcc\xbe*L\x0a\
\x8f\x97\xf9\xa2\x86@\xa4 &tk\x91H`\x8c\x85\
\xb5\x04c-D\x0a\xc0\x18X\x1b\xde+\xe2\xd0l-\
a~~\x06K\xed%\x1c>z\x08O\x1f>\x84\xa7\
\x0e>\x89\x85\xd6\x22:y\x1b6\xb1\x00\x13\x9c\x08\x92\
$\x81W\x82\x88W\xe52BJ\x80\x0cU\xd5\x97\x91\
aXk3cx\x16\xa0\xffpDg\xfe\xc7\x13\xb7\
\xdc\xd2k\x09\x15\x89D\x22\x91\x15\x89\x224\x12y\x05\
\xb0c\xc75\xf5\xc95\xa3Wy-\xd63\xd3\xbfw\
\xe2\xd79\xe8\x044\x84\xfa\x86l6\x87\x8b\x81H\xa5\
\x8a\x04\x06]Ee4\xb4\x9az\xd7\x9c@\xde`\xd5\
\xd8j\xac[\xbd\x11\x1b7l\xc2\xd4\xc4*\x8c\x8f\x8d\
\xc3\x92E\xadV\x0b\xc2\xb5\xacfWUX\xb2ed\
\x93\xfa\xd6\x85RhrY\xf1\x1erBE\x15\x0c\x13\
\x04)+\xb8L\x13\xb0\x96\xbb\xd1P DdA\x02\
[K\xc1\xa4`6\xdd\xe7\xad%\xd8\x9a\x05'\x8c4\
\xb5\xc8\x5c\x86\xd9\xf99\xcc\xcc\x1f\xc3\x81\x03\xf7\xe3\x91\
\xc7\x1f\xc3SO?\x01\x01\xe0U\xe0\x95J[)\x81\
\xea\x90?\x00\xc9\xb21#f\xb1l\x8f\x18\xa6O\x12\
\xe83\xb7}\xf3\x7f\xdf\x87(D#\x91H\xe4\xb8D\
\x11\x1a\x89\xbc|1\xfb\xf6\xbd\xa7\xa6*\xe7\x17\xe2\xae\
\x04\xe9?Q\xf8M\x9e0)e\xc4S\xb5W\x85^\
\xd1\xfd\xb7\xf6\xbe\x1f\x86-\x9aT\x09$\x0c#\x0cV\
\x8b\xddg\xed\xc6\xe6uga\xd3\xeaM\x18\xa9\x8f\xa3\
Vk\xc0\x15\x02\xef=\x98\x18\x96\xc3\xb4z\x15\xe9\xec\
\xafF\xd72\xe1\x92\x0d\xc0l\xc0\x1c\x04%3\x83\x0d\
@\xc4\xf0\xde\x05!i,\x88\x08\xce;\x101\x8c\x09\
\xd1RT)\x01L\xa5\xa8\x95n\x9a\x00H0\xd2h\
\x94\xe2\x95\x00\xa3\x18\x1b\x1f\x07\x19 \xad\xd7P\xaf\xa7\
\xf0P,,\xcc\xe1\xd1'\x1f\xc5\xbd\xf7\xdf\x87\xbb\xf6\
\xdf\x8d\x99\x99Yx(T=\x94\x00_\xeaI\x01 \
\x22\xda-^BHA`f\xd8$\x11\xc3\xc6\x8b\xfa\
\x7f\xc30\x7fR,=\xf2\xc8\xfe\xfd\xfb\xf33}\x22\
D\x22\x91\xc8\x8b\x91(B#\x91\x97\x1f\x04\x00\x17_\
\xfc\xf6u\x9c\xd4^\x0b\xf5?[\x14\xd9\x88\xb0\x5c\xaa\
JFII\xbb\xd1G^V=ND$^t`\
\x1a~H\x84\xfa\x5c\x00G\x18\xb5cx\xdd\x15o\xc0\
\xf6\x0d;a\xc4\x22Q\x03R\x03&\x03!t#\x96\
\x15\xdd\xde\xef\x95\xf0d\xea\xe6{\x82\x04\xdc\xb5p\x12\
\x80|\xb0`\xea\x13\xac\xcc\x83\x22\x96\x88Q\x05\x1b\xab\
\x88'\xb1\x02\x5cM\xd9\xa3\xfb\xbc1@\x9a\xa6 \x1b\
\xa2\xab6IPk\x94EP#)\xc0\x1a\xa6\xfa\x0d\
cf~\x06\x0f<p?n\xbb\xe3\x0e<\xf8\xf0\x01\
\xcc\xcd\xcd\x22\xa9\xd7\xc2\x92\x98!R\x84\xe8(U\xd6\
O\x83NM6M2\x06\xff\xb12\xfe\x9f9\x9e\x7f\
\xe0\x89[b_\xfaH$\x12\x19\xc6<\xf7ED\x22\
\x91\x17\x13{\xf7^3v\xd6\xf6\x8b\xaf0\xc6\xfc\x9c\
\xaa\xff\xb0\x13\xb7\xcfC6\x030J\xa8\xd4[\xf9\xea\
\x15\xeeCC\x1a(\x05\xe1\x19\x1a\x04\x0dL\xcf+C\
\x1dPC\x1d\x97\xee\xdd\x87\x1d\x9bv\x22\x95\x04\xc6\x19\
\xb0\x18@B\xbe(\x09\x81@e\xe8\x10\x10HX\xda\
@Sw\xee\xb6 R%@\x01-\xdd\x8e\xa8k\xf9\
\xd4\xef\xf3\x19^'\x02\x88\x00\xaa\x80\x88\x84\x5cMU\
tE\xb5\xac\xf4>\x85s\x02q\x0a\xf1\x0au\x80/\
<\x0a'(\x0a\x87<+Pd9:\x9d\x02\xab\xa7\
Va\xf3\xe6\xcd\xd8\xb9c;6m>\x0b\x891\x98\
\x9f_@\x96e\xb0\xd6\xc2\x8b\x03\xc2\xa4<zc\xd5\
C\xbcX\x00\xe7\x03\xd88\xaa\xb5\xa9\xf5k6\x1d8\
|\xf8\xb1X\xb0\x14\x89D\x22}D\x11\x1a\x89\xbcl\
\xb8\xc6^\xb4\xef\xa2s\xd2z\xe3\x03\x22x\xa7W\xff\
~/n\x83\x97\x82\x00\x90\xb2\x00\xa4\x10\xd2\xe0\xc1\x19\
\xe6\xaa\xbb\x85GT\x02]\x1e\xf9\x04\xbaEJ \x10\
\x8c\xb3\xd8\xb1q'.\xd8}\x11\xc6\xed\x18\xa8`@\
\xa8\x14\x93\x00I\x02U\x82\x82\x82h\x84\x86\xa9m\x84\
\x7fC\x09\xaa\x00Wo\xa8~P*\xcbR\x90\x86v\
\xf2\xdc\xfbw\xe5\x07U\x0a[R\x02J\xafPTE\
C\xaa\x90ry*\xd4}MXVX\x8ex\x09B\
T\x00\xf1@\xe1<\x5c\xe1\xe0\x0a\x8f\xa2(\x90uZ\
p\xdea\xa4^\xc7\xc6\xf5\x1bp\xce\xb9\xe7ajj\
\x0a\x8b\xf3sXl6\xc3\xeaK{\xd1 B\xc3\x82\
\xc3>\x0a\x18\x0c\x111P9G\x09\x1b\x98\xeb\x9d\x89\
m\xe7\x1c\x98y\xf2@\x81\xe8'\x1a\x89D\x22\x00\xa2\
\x08\x8dD^\x0e\xd0\xe6}\xef\x19\xd9\xbe%\xd9g\xc1\
?\xab\xc0?\x81\xfaKE\xbcU\x15Rh\xd9a\x88\
 D bR\x02@\x86\x08\xc1\xf3\xd3(\x13\x95I\
\xa0e\xfcp\xd9JB\x9c\xd1\xc0x\x8bU\xb55\xb8\
\xe2\xc2+\xd0\xb0c \xcf`I\x82p,\xcd\xe7\x09\
\x0c\xd1P\xcd\xae\xa5\xf8\xa4RDR\xbf\xf0\x04\xf5\x22\
\xa1\xd5_\xe1\x1f({\x19\x95\x9bR\xfd\xe6\xa1\xd7\x03\
P\x0aQ\xd6\x10f-\x17-\x10\x0d\xcb\x0b\x0f\x0b\xb4\
\xac\xe8\x17\x09BV\xcb\x08\xaaW\x0fQ\x0f\xe7\x05\xde\
W>\xa7\x84v\xab\x0dq!\xd2Z\xb35\xac_\xb7\
\x11\xe7\xee9\x17D\x06\x8f?\xfex\x10\xb5\x14d\xb9\
@@\xc4\xa5\xf3\xa8\x82\xd1-\xdbgUl\x22\xe8\xa5\
5\xc5\xe4\xea\x0d\xbb\x1e=z\xf0\xa1yD!\x1a\x89\
D\x22Q\x84F\x22/a\x08\x00.\xbd\xf4\xbdSu\
\xe8\xe5\xcc\xfa+\x80\xbeQ\xa1\xa3\xde\xbb\xd0/\x88\x08\
\xc4LD\xe5\x0f\x88\x94\x08\x1e \xa9\x8a\x8b\xc0 %\
\xf8\xbc@\xadnQ\xb8\x1c\x04.\xe5[@TA\x12\
\xec\x97j\xae\x8eW\x9dw\x056\xad\xde\x82\x84RP\
\x15\x01\x05A\xc1 \xe5R\x14j\xe8<T\xb5\xdeT\
\x94\x11N\xe9F$\xabJ\xf9\xae)>\x82\x14&P\
7Z\xaaUp\xb4\xfb\xbb,\x16\xd2\x10\x0eU\x15\xb0\
*HC\x11\x14QUQ%\xe1\xb5^\xa00\xe5\xf2\
\x82H\xce\xb3\x0cE^\xc0\x93\xa0Sd\xc8\x5c\x06\xf1\
\x82\xa2S\xa0\xd3\xce\xd1i;x\xc7(2\xa0\xdd\xcc\
\xc1j\xc0b1:2\x81\x1d[v`\xf3\xa6-8\
r\xe80\xb2V\x07\x85sP-\xad\xef\x83\xc2\x86\xa8\
\x04\xdd\x1c\xd2\x02H\x15\x13\x1ez\x09\x1b\xde\xb9~\xeb\
9sG\x9e<\xf00\xa2\x10\x8dD\x22\xafp\xa2\x08\
\x8dD^\x92\x5cc\xf7\xed\xbb\xfc\xd2u\x1b\xf7\xbc\x16\
,\x9fT\x92\xf7\x12\xe82U\xd4\xa0J\xa1\x87\xba\x92\
\xd2\xa0\xcf'\x95}\xd9\xbd\x00\x96\x13XaH\xee`\
\x94\xb1c\xdbvl\xdb\xbe\x15\x8b\x0bK\xc8\x0b_F\
6\xcbb%e\x900\xac&X7\xb9\x0ego9\
\x07c\xe9x\x10\xab\x02P\xd9\xac\x9d`z\x11J\xd2\
^\x01Q\xf9\xc3\x95\xc0\x1cJE\xa5\xa1\x02\xa6\xe1^\
\xee\xcb\xab\xea\xa9\x5c>\x03U\xb4\x93\x82\x98\xad^B\
\xddu\x85\xc8\xa7\x94\xa9\x01\x80\xc0\x18\x86\xaaC!\x19\
\xc6W5099\x8e\xc5\xc5y\xb4\xda\x1d\xf8\xc2\xc3\
9\x82x\x85/\x04\x10F\x91;x'\x90\xc2\x83\xc9\
`\xe3\x86M\xd8\xbds'\x0e\x1e:\x84#G\x0eC\
\xe1\xc1L\xe0r\xa5\xaa\x0af\xa6Jf*\x94\x08\xa8\
\x89\xe8\x1e\xf5\xfe\xaau\x1b\xb7|\xee\xe8\xa1\xc7f\xce\
\xf4Y\x14\x89D\x22g\x92(B#\x91\x97\x1a\xfb\xf6\
%\x97m\x5c\x7fN\x81\xe2\x9f\x92\xc5\xfb\x9c/.g\
2k\x01ea\xa1\xd0\x15SHY@\x04\x12R\x84\
\xa4E\x05\x97\x95I\x892\xb4]`\xac6\x82m\x9b\
\xb6\xe2m\xd7\xbc\x05\xaf\xb9\xe2J@\x14\xf7\xdd\x7f\x00\
\xde\x15a\x0a\xbf\xea\xaf\xa9\x04\xf2\x8c\x84\x12\x5cx\xce\
E8k\xcd\x16X\xb2\x10Q\x88h\xb7\xaa\x9d\xcai\
\xe8\xaeT<\x8e\x98|\xae\x22T(DM\x89\xb8T\
\xb8\xa5\xf4e\x02\x95\x91]\xae\xa2\xaaJ\x95f\x85\x94\
\xc9\x01\xea=\x16[s\xd8u\xde\x16\xbc\xe5\x9dWc\
\xf79[195\x86\x87\x1f~\x18\x9dV\x1e\x0a\x9e\
\x0a\x84q\x10\x818\x07\xef<\xc4y\x88\x00^\x1c\xc6\
\xc7'\xb0u\xfbV\xb4[m\xcc/\xcc#\xcfs\x94\
)\xb5 0\x959\x10]\xca\x12/C\xa0q\x00w\
5\xd6l~d\xe1\xc8\x13\xb1j>\x12\x89\xbcb\x89\
\x224\x12y\x09\xb1y\xdf{Fva\xec\x0a\xb2\xf4\
\x91<\xcf\x7f\xdc0\x9d\xe5\xbc7\x1c\xe6\xaf\xa1a\x1a\
\x9c\x14\xbe\xb4X\x12\x10\x08\xace4S9\x94\xc8\x17\
\xc0\x8e\xcd\xdb\xf0\xc6+\xaf\xc6\xdb\xdf\xfc6\xac\x9dZ\
\x8bV\xb3\x85/\x7f\xe5+8|\xe4h\xd9L]!\
\xd0\xd0\xfb]\x18\x16\x16\xeb&\xd6\xe3\xdc\xed\xe7\xa1n\
\x1b 5P\x09\x95\xe6lN\xaf\x08%0\x944X\
>\x95\xc5VJ\x00\xb8\x12\xa2(Eto]\xdd\xa2\
|U\x08\x04\xb94q\xe9\x15\xe7c\xd7y\xab\xd1\x18\
#LNM\xa2\xd3qx\xf8\xa1G\xc0\xde\x84\x0eP\
\xde\xc1\x17\x1e>L\xb9w\xed\xa4\xbc\x84\xea\xfdF\xbd\
\x81\x1d;\xb7cqq\x09\xb3s\xb3\xc8\xf3\x1c\xcc\x0c\
\x81G/\x99\xb5\x17\xfa\x0d\x16U\xc4L\xfa\xea\x84\xed\
\xc4\xb15\xa3_\xc1\x91#\x83\xfeN\x91H$\xf2\x0a\
\xc1\x9e\xe9\x0d\x88D\x22\xa7\xca5vmA[%\xf1\
\xff\xc6\x15\xc5\xe5\xcc\x94\x88H(\xfe\x09S\xf0Z\x19\
\xb4\xab*\x81\x05\xf0\x04q9\x1a\xe9(:\x9d\x1c\xe2\
\x0a\xac\x9fZ\x8b\xab^{%\xce\xde~\x0e&&\xa6\
\x90/9\xcc-\xcea\xff\x03\xf7\xe0\x89\xc7\x9f\x82S\
\x0f[\xde\x9fr)@\x19\x06un`\xc7\xe6\x9d\x18\
\x1f\x1d\x87\xf1=\xf3\xf9$M\x80\xaa\x10\xa7\x0c\x9cV\
b\xb1\xbf\xd7:\x10rK\xcb'\x06\xf6l\x99\xc5\x11\
\x06E\xa9\xa9D\xa9\x04\xe1I\xace\xde\xa8\x0f\xc2\xbb\
|\x97\x13\x02\xb3B\x8c\x09\xc2\x9b\x08D\xa6\xb4m\xea\
\xad\x93\x19\xf0\xf0\xb0u\x04}h\x80\xa4\x01l\xdb\xb9\
\x09\xb7\xdfZ\x87\xb4\xcb\x22-\x17^\xe7\xe1\xe1r\x8f\
\xbc\x95\xc3\xd6R\xd4Gj\x10\xe7\x90\xd6\x13\xd8$\xc1\
;\xdf\xfcN\xe4y\x8e\xdb\xef\xfc.\x94\x82\xd1\xbe\xf4\
\x99\xd9W\xfb\x17\xf6K\x89\x80u\xaa\xb2e\x9bY=\
\xfa\x18\x10+\xe6#\x91\xc8+\x92(B#\x91\x97\x00\
{\xf7\xeeM\x93d\xfcl\xb5\xfe\x9f\xa8\xe8[\xaan\
FZ\xda&\xa9je.\x1f\xcc\x82\xbc !\x0b\x02\
\xa1\xf0\x0a\xe4\x8au\xe3kp\xce\xeesp\xc9\x05\x17\
c\xed\xf8Z@\x0c\xe6\x8f.\xa1\xd9nb\xbe\xbd\x80\
'\x9fx\x1aN\x1d\x98\x18\xa2=oPQ\x85:A\
cl\x04\xeb\xd7\xacCjj@\x19\xbb\x0b\x11L\xe9\
V\xae\x9f.\x9c:\x08\x00\x0a%\xf7\xe0\x84\xa1l\xc0\
\x06\x80Qt\x5c\x86\xd4\x18$\x9c\x86\xe9\xf4\xa2\xb4\x97\
\xd2\xea\xfd\xa1\x9bS\x96ePU\x88x\x80\x0c\xce\xda\
\xba\x11\x1b6\xac\xc6\xd3\x0f\xcdC\xb4j\xcdY\x16M\
\x09A\xbc\xc0\xb9Nx=F\x00\x00)\x12\x90\x11\xbc\
\xe3M\xef@\x9ee\xf8\xde\xdd\xdf\x055\x18\xca\x83\xad\
O\xcb\x7fjy\xdc\x98\x08?\xd0\x00\x7fr\xcf\x9e=\
\x7f{\xe0\xc0\x81\xect\x9fS\x91H$r\xa6\x89\x22\
4\x12y\xf1\xc3\xd6n\x99R\xeb\x7fZ\xbc\xfc\x90\x83\
#SF*+q\xa3\xa5b4\x08I\x89\xd6\xa6\xd0\
,\xf8U\x8e\xa7\x13\xd8\xba\xf1,\x5c|\xc1e8{\
\xfbnHAX8\xd6\xc6\xe2\xc2\x12Z\xad6:\x92\
a\xb13\x87\xc7\x9ez\x0c\x1e\x1el\x09\x9e\x82\xca\xa4\
\xca\xcb\xd3\x136\xad\xdf\x845Ska\xd4t[X\
v7\x90\xaaY\xe7\xcaa~\xd8g\x94N\xf2\xf7\xa9\
\xa1,\x10\x22\x08+`\x00\x93\x1a\xc0\x02\x0e\x1e\x9c\x18\
p\xca@\xc2\x18\xab%Hl\x02r\x8c\xa2\xe9\xe0\x97\
rP&\xa1\x7f=\x01\xce9\x14E\x81V\xb3\x19\xfc\
L\x95`\x0cal-\xb0}\xc7V<y\xe0(H\
\x93\xe0\x88\x1fV\x1c6Y\x00\xcf\x8af\xb3\x03\x010\
F\xf5\xf0|\x22\x98\x1c\x9f\xc4\x9b\xdf\xf0&\xcc\xce\x1d\
\xc3\x933O,\xdf\xf6p\xa3P-\x8fT\xc9\x10\xeb\
o\xe5\x8d\x8d\xaf\x05\xa2\x08\x8dD\x22\xaf<\xa2\x08\x8d\
D^\xd4\x5cc/}\xd5\xc4\x9b\xbc\xbawB\xe5\x1f\
9\xf2\x5cY\x1b\x05\x93\xf4^\xab\xcd\xea\x1d\xa4\x8c\x94\
Rxu\xd8\xb0f\x03\xce\xde}\x1e.9\xff\x22$\
\x5cGg\xd1\xa1\xbd\x94\xe1\xd8\xd1y,,,\xc0\xd6\
,\x1c\xe5x\xfa\xf0At\xb2\x0c\xa6\xde\xed\x06\xd4\x85\
\x95a8\xc1\xe6\x8dg\xc1\x98\x04\x92\x85u,G\xf0\
|R\x05\x12\xa5\x9b\xd3YNi\x1b\x015\x18H\x08\
\xa8Yp\x02\x8c\x8d\x8d\x02\x09!\xa9'0\xa9Am\
,\x81%\x83l\xbe\x83\xa6.\xc0g\x00r\x01\x10\xaa\
\xfc\xbd\x0f&\xf5\xed\xb6\x83H/'U\xda\xc0\xc6\xb3\
\xd6\xc3i\x0e\xd2\x14$A\xec\xab(\x88}0\xf9W\
\x82/\x14m\xcd\xbb\xb1\xdf\x84R\xe4\x9d\x02\x1b\xd7o\
\xc2\x1b^{5>\xfb\xbf\xfeg\x99\x11*\xdd\xed\xef\
\xf6\x02\xe8\xb6\x9f\xd2\x14\xa4\x9b\x1b\xca\xdf\x07\xec\xfb,\
pkq\xba\xcf\xaeH$\x129\x93\xc4\xc2\xa4H\xe4\
\xc5\x0b\x9f{\xd9\xd9\x1b\x18\xf41Q\xff6U\x8c2\
\x88H\x09\xca\xc1~\xa9\xfa\xc9\x8a\x0c&1\x00\x11\xc4\
\x09jZ\xc3\xf9\xbb\xf6\xe2\xb5\xaf\xbe\x1a;\xb7\xec\x02\
\xe5\x16\xad\x85\x0c\x0b\xb3-\xcc\x1d[@\xa7\xd9\x06\xa0\
\xd0\xc4c\xa9h\xe2\x81\xc7\x1eD\xcbePS6$\
\x12W\xfam\x12\xd4\x03\x9b\xd7o\xc6\xf9g_\x80\xd4\
\x8c\x00\x9e`\xc9\xc2\x92\x81!\x86!\x0e]\x92\x80\xb2\
\x1e]C\xd2%Q\xdf\x0f\x06~\x0ci\xf7\xb5\xdd\x1f\
\xed\xfd\x84VFR\xf5\xf3\x84\xb0\x86^\xf4u\x8bt\
\xa2\x86\xc6\xc61\x98\xa9\x04\xc9T\x0dv\xd2BF\x04\
<\x0e\xd8)\x0b;i\xd0\x96\x0e\xc8\x02\x091\x9as\
\x8bh/4a\x85\x81\xc2CD\xe0\x95\xd0\xcaZ\xa8\
\x8f\xd6q\xd1%\xbb\xcbJ\xfbr\xe2]\x19\x0f\xde\xff\
\x04\xe6f\x9a0\x1c\x0a\xb0*\x13}\x85/\x05i\x0d\
\xa4\x06\xde\x07S\xfcZb\xa1\xde\x83\xa1X\xbbz\x15\
\x8a\xa2\xc0\x93O<\x0ec-\x84B'(\xa5\xaa\xbb\
\x13\x81\xbb\xb7\x0c\x9a\x02\xb4w|\xad\xbfi\xee\xc8S\
\xcd3}\xc2E\x22\x91\xc8\xe9\xe4\xf4%qE\x22\x91\
g\x02_|\xf1\xbb6'\x9c\xfc;@^\x0b\xc5j\
` \x02Z\xe5\x16\x02B\x18\xad\x8f\xc1w\x04T0\
V\x8f\xad\xc1\x1b\xae|#^\xff\x9a\xab192\x05\
\xe4\x84\xa5\x856\x16f\x9b\x98\x9b]B\xabUt\xab\
\xbc\x0b\xf1X\xca\x9ah\xe6-\x08I7\x0fT\x99\xa0\
\xaa0 \xd4\x93\x04k\xa7\xd6\x22a\x0b\x03\xd3\xf5\x04\
]\x99\xaa\x9f\xe6s\x8b\x8a\xd2\x0ae:U\xc7N\xc7\
\x02\x9f\x08\x8a\xc4#\xe7\x1c\x19\xe5\xf0\xc6A\x8c\x07\x8c\
\x0f\xe23\xb1`\x05\xc4\x05\xb3z\x16.\x0b\x93\xca\xbe\
\xf6d\xa0b\xd0i\xe7\xf0e\xfc\xb1\xea/_\xaf\xa7\
\x98\x98\x1c\x03\x91v\xc7\x97<\x81\xca\xd6\xa0\xaa\x0a\x12\
\x81\x08A\x0aE\xd6\xcc\x90\xb5:p\x99\x83\xe6\x84\x9a\
\x1d\xc1\x95\x97_\x89\xa9\xf1\xd5(2\x07\x9f;\xf4\x0a\
\xb7x j\x0d\x80\x88tO\xdd\xd6\xfe\x8f\xdd{\xaf\
\xda\x8d\xf8\x9d\x1c\x89D^A\xc4/\xbcH\xe4\xc5\x07\
\x9d{\xee\xebF)\xa1\x7fB\xaa?\xe6\xbd\x18\xed\xab\
&\x17\x12(+U\xd3\xd3,\x0cm\x03cf\x1c{\
w\x5c\x88\xb7\xbd\xfe\x9d8g\xc7\xb9h\xd8\x06X\x18\
s3s8vt\x06\x8b\x8bK\xc8\xb2\x0c\x22.t\
*\x22 w\x19\x16\x16\xe6\xd0\xc9Z@)B\x89\x15\
\x96\x19\xf0\x04\x03\x83Fm\x14\x1b7nFb\x120\
3\xec\x0a\x22\x94H\xcb\x1f\xea\xb3a\x92e?\xc4a\
\xf9'C\xa9\xf7\xd3]\x87\xf6\xa6\xe8\xad\x0d\x15\xf2\xaa\
\x1e\x9a\x0b(#\xf8\xa6 \x9b\xcd\xd0>\xd4Fv$\
C\xf3\xe9\x0eZG\x9ap\x8b\x0a#\x16\xd0\x14\x02\x86\
P9\xf5\xee<ZKK(\x5c_*\xab*j\xb5\
\x04k7\xac\x1d\xa8n\x1fF\xbc\x80\xd4\x01\xa2a9\
\xad\x0c>\x97\xd0{\xbeS`\xd5\xc4*\x5cq\xe9\xab\
``\x90\xda\xb4'\xee\xfb\xa6\xe6\xbb\xfb\xaa0\x0a\xfc\
\xbc1\xf6={\xf6\x5c\xb6\x06\xcf6a6\x12\x89D\
^b\xc4\x9c\xd0H\xe4\xc5\x05\xed\xdd\xfb\x8eUI\xdd\
\xfc\xb6\x8a\xfe\x90\x17\x19\x8a\x9a\x05\xf3\xf5n.\xa82\
\x8cX\x8c\xd6\xc6p\xf9\x85\xfb\xb0g\xe7\x1e$\xb0@\
\xceh\xfb\x0e:\xed\x1c\xf33\x0bh\xb7\xb3n\x04\x10\
&\xf4:\x07\x04\x85\xcb\xb1\xd4n\x86l\xce2\x7f\x91\
QuV\x02\x0c\x0c\xea\xb6\x815Sk\xc1\x9c\xc0\xb2\
E\x01\xf7\x8cw\xea9\x0f\x8a\xf6<\x8c\x18\x80U\x8b\
T\x04\xea\x09\x22\x02\xca\x81\xa2p\xe8x\x0f)\x16\xa1\
N\xc1\xce U\x83l\xc9\xa1\xae5\xf4\x92\x05\x14*\
\x02\xef%\xf4\x87/\x10\x0a\xfc)\xf4\x89\x17\x01\xa6&\
\xc7\x83\xc8\x15\x0f\xd5RtWy\xb0\x95\xeb\xa7(\xd8\
P0\xec/\x04y\xee`\xac\x81\x17A\x83R\xec\xbb\
\xe4\x0a\xdc}\xff=x\xec\xe0\xa3\xd0\x84\xc0\x86\x07\x9c\
\xa9BD\x9b\x15$\xa4J\xa3\xcc\xfa\x7f\xf1\xc8\xe8\xf9\
\xe7\x5ct\xd5G\xef\xbf\xf3\x96\x07\xd0\xf5 \x88D\x22\
\x91\x97'Q\x84F\x22/\x22\xf6\xee\xdd\x9b\x98:~\
\xb4\xf0\xc5\xfb\x82\xea\xa9z\xaac`\x0e\xd7\xc0\x80\x94\
\xe1\xdb\x82\xd1\xd11\x5cq\xe1\xab\xb1{\xebn\xd4\xb9\
\x01\xe9x\x18b4[m\xcc\xcd\xcc\xa3\xb5\xd4BX\
\x8e\x87G\xe8\xe7N\x04\xe4\xbe\x8d\x02\x0ess3\xe0\
\x84\xe0*\x8fQ\x01,[$\xd6\x825\xc5\x96M\xdb\
1Z\x1f\x07{F\xde\xee\x80\xca\xa9\xedS\x99p\x1f\
6\x9d?\xd9\xe3\x15\x95\xf4\xae\x22\x9f\xc60\x88\x83\xe9\
\xbek\x17\xc8g\xb3\xb07\xde\x07\xdb$/\x10'\xa1\
\xa3Qi\xab$\xe2Q\x88\x82\xbd\x81S\x80<B~\
f\xb9\xec\x89\x89qt:\xb3\x10\x09=\x8e\xb4\xf4\x11\
\xb5\x961\xb5j\x02ijAy\x95\xa3\xda\xf3\x1c%\
\xa6`\xe0_>\x96\xd8\x14$\x0au\x048\x86I\x0c\
\x12\xaec\xaa^\xc3\x05g_\x80\xc7\x9ex\x04\xb5\x91\
\x06\x9c:T\xa3\xa6\x8a\xb2\xe5\xa8\x0fmO\x19\xe4\x0a\
\xad\x11\xf9\x0f)d\xcf9\x97\xbd\xfe\xe7\xee\xff\xee\xd7\
\xefB\xc8o\x88\x1e\xa2\x91H\xe4eI\x14\xa1\x91\xc8\
\x8b\x03\xde\xb3\xe7]\x89m\xe8\x8f(\xe8\xa3\x80\x0c|\
6UU\xa5\x94O!\xbf\x91`9\xc1\xe6\x8d\x1bp\
\xd1\xb9\x17\xe3\xac5[\x90R\x1d\xc8\x09)\xd5\xd0\x5c\
jbnv\x11\xad\xa5\x16\x9c(\xec\xd0\x0c\xba\xaa\x80\
,\x90g\x19\x9c\x08\xb4\x12\xa0\xbdv\xf1PU$6\
\xc5\xf8\xe8D\xb06\xf2\x04\xea\xf3\x0f=]\x08\x06\xe7\
\xa7\x8d0\xf2\x85\xe0\xef\xa9^\xba&\xf4,\xe8V\xb3\
\x0bUf\xfb\x00\xcai|O}]\x93\xca\xdf^\x04\
EQ@5\x85V\xe6\xab\x00j\xb5\x1a\xea\xf5:\xb2\
\xbc|y\x7f\xc7&e\x18\x04\xcb&K\xc1\xde\x89T\
\xa1N\xe1s\x1f\xa2\xa1\xed\x02\x06\x8cK/\xbe\x0c\xdf\
\xbe\xe3[8\xd6\x9c\x01R\x06\x1b\x03\xf1\x1eJ\x0c\xd2\
jZ\x9e\xa0\xe2\x15\xc1Y\x94@\xe6j\x12\xf9\xdf\xe7\
^r\xe5o\xa8\xfa\xef\xe4\x0ew/\xf9\x85\xe6\xd1\xfb\
\xee[<\xad\x03\x1f\x89D\x22/0Q\x84F\x22g\
\x16\x02\xc0;.\xbdf<\xe5\xce\xdb\x1d\xcco\xabj\
\xa2\x95\xf9;\x97\xd6>CaG+\x16\x1bWm\xc2\
\xab/\x7f5\xc6j\x13\xa8\xdb:$\x0f\xd5\xe4\xed\xdc\
a\xfe\xd8\x1c:K-8W\x89\xcbR^\x99\xaas\
\x8f\x07\x19F;\xcb\x90\xf9\x0c\xb0U\x9bK\x09\xb9\x98\
\x1e o\xd0\x18i`\xed\xd4\x9an\xcbOU\x05\xab\
>\xeby\xe2\x9eO\xe6\xa9\xbd~\xa5h+\x0b\x03\x99\
\x84\xaay\xef\xbb\xd1\xd2\xd0\xaeS\xa0B\xa1:\x1f\x5c\
\xae\xc7\x05\xf1\xa9\xd2\xcd\xc9d\x0ebZ\x9cCQ\xe4\
\x00\xd2\xb0Y\xa5P\x1d\x19m`t\xb4\x81\xce|+\
\xe4\xc9\x9aP\xd0\xa4\x00\x98\xc2r\xbbi\x0bD\x10%\
\xb8\xdc\xa30\x80-\x14\xf0\x80\xa5\x04\xab&&q\xc1\
\xde\x8b\xf0\x95o\xdd\x1c\x1a3\x99\x90>\xc0dP5\
 \x0d\x07Y\x01\x11(@P%\xf1\xb2\x09,\xff\x86\
@O\xa7\x96\xbe\xbd*\x9dxb\xea\xe2W\xdf\xeb=\
\xbe\x03\x83\x89\x87[3\xdf\xda\x9b\xa6\xba\x7f\xff\xfe\xfc\
\xb4\x9c\xa5\x91H$\xf2\x02\x10Eh$r\xe6\xa0\xbd\
{\xaf\x19\xe5:\xff3'\xf8\x11\x11=/L\xc1\x87\
\xe9\xe1@\x15\x07\xa42\xaa\x17r@7\xad\xd9\x82\xcb\
\xce\xbf\x14cf\x1c5\xaa\xa1h9\xa4&\x85\xcb<\
\x16\xe6\xe6\xd1\x5cj\xc1\xb9\xcah\xb3lAY.Q\
)d\x84\x82\x81\xdc\xe7(\xbc\x07\x92\xbe)\xf0\xeau\
\xaaHM\x0d\x13c\x93`\xe1n^\xe6\x0b\x1d\x07\xad\
\xb6\xa3?*\x0b\x84\x7fS%\xfe`\xa0P\xb0R\xb7\
%&\x09\x87|Op\x88\xdc\x82A*!}\x80B\
7wR\x94\xe9\x08!\xaf\xd6;\x0fW\x95\xc7SY\
\xd9\x0f\xa0VKPo\xa4P-]\x93\xba\xbe\xa8\xa5\
\xb8\x1d6\xebg\x86\xa8\xc0;\x07W\x00N\x13$A\
\xb2b\xfb\xd6\xad\x98\xbag\x0a\x8b\xd9\x22\x98\xa9\x9c\x86\
\x1f:\x11\xc2\x5c?T\xbb\x1d\x95\x08^\x1b\x80nU\
\xa2\x1dD\xe4\x89\x00k)\x03\x94\xcf\x9f\xdap\xeb\xe8\
h\xe3\xbe\xf7\xfe\xf8\xab?\x934\x92UH\x92\xcf\x8f\
\x8f\xf1D\x87}\xdb8M:c\x1b\xe7F\x01n\xde\
}w\x01\x007\xddtS\xcc/\x8dD\x22/:\xa2\
\x08\x8dD\xce\x0c\xe6\xfc\xcb\xde\xbc\xc5{\xf7\x9f:\xad\
\xec\xddIRO\x82\xec\xf2\x00\x18\xccD\x80\x86\xbe\xe8\
\x8a2Dg!m\x8f\xb3\xb7\x9f\x87\xf3\xb6_\x80\xb5\
\xa3\xeb`\xd5@;\x84\xd4Z\xb4[\x19\x16\xe6\xe6\xb1\
\xb0\xb8\x10\xec\x84\x18\xa5\x87gO\xc9\xa9\x84\xa8\xa83\
\x1e\x9e\x04\xb3Ks\x10\x13\x94\x8f\xaf$\xa6\x00\x86\x0d\
\x0a'X\xb3z\x1d\x08&\xe4\x80*\x87h\x9d\xf6\xba\
\xb5\x1f\x0f\xea\xcb}\x04\xfa{\xc9\x87\xbf\xfd\x901\xc7\
J9\xa2\x95`\x04\x00\x86\x01\x13A\xbd\x86B$\xea\
\x17\x85A0{/`.#\x8c\xea!\xeaJ\x19X\
.\x83\xb5;=\xef%T\xea\x07A\xaaPuP\xcd\
\xfb\xd6\xa7\x18\x1f\x1d\x03\xe9\xec\xc0611\x88\x08\xd6\
T\xf9\x0de\x96\xa7:X\xcb0FB\xebPV8\
\xf1H9\xc1\xae\xad\xbb\xb0u\xddf<r\xe81t\
\x5c\x0ek-\xd4\xe9\xe0\xbeS\x88\xde\x92\xd0\xe0\xf1\x02\
\x12\xa8v\x9b\xce\x03\x9a\x00\x80/\xf2\xd7\x8d\x8d\xad\xd9\
\xb7\xfb\xbc]oi\x17\xcd\x11;\x92\xfcR\x9eg?\
4a\xd3\xdf\xcf|\xe7\xea\x8d\xab\xf9\x7f\x1a\x22\xc2\x86\
\x0b\x1eQ\xae\xcf\xe2\xa6\x9b\x16z\x8b\x8cD\x22\x91\x17\
\x07Q\x84F\x22\xa7\x17\xda\xbb\xf7\xaaU\xa6^\xdfY\
H\xf1\xe7\xea\xa5\xc6Li0\x87\xb7\x95\xc5Q\xd0Q\
\x95\x9d\x8f2|\xe1aT\xb1i\xedf\x9c\xbd\xe3\x1c\
\xac\x19[\x83\x1a\xd5K\xcd\xa8\xe8\xb4s,.-\xa2\
\xd5j\xc1;\x1f,\x96\xaa\x15\x86N\x9ea\xe2\xb7\xcc\
\x8d\x04\x80\xc2\x17(\xbc\xebY!)\x0f\xf8{&\xc6\
`\xa4\xd1\x80!\xee\x8b\x04\x9e\x19T\x14\x02)\x05[\
0\x8d\xef>W9\x05H(\xaa\xe2r\xdf\x0d\xa8\xb4\
\x9d*{\xcc\x97\xa2V\x01\x18\x06\xd2\xd4\xa25\xdfD\
\xbb\xdd\x04hl`}\xcc<\xb0\x9cj\xca\x9f\x89!\
\x84n\xf4U\x19 \x12\x98\x9e\xfb<T\x15\xed<\x03\
R\xc6\x08\xd705>\x85\xb3w\x9f\x8b\x87\x1f{\x18\
\x9c\x00 \x82?N^m\xaf\x0d\xeb\xa0X,\x8b\xa6\
\x88\xca\xf5\x88\xf7\x5c\x1fk\x8c\x9c\xb7\xf7\x9c\x1d\xa3S\
ctt\xfe\xc8'\xc8(/..\xbe\x9d@\xdcl\
/\xfe\x94\x17\x81\x17ZR\xe9\x1c\xfb\xb5\xcf\xfc\xe6\x17\
\x08x\x14\x16\xdf\x01\x00\x9e\x9c\xf8F3o\xeb\xf4{\
\xaeoOOOw7\xfe\xee\xbdw\xd3\x05\xfb/\xd0\
\xe9\xe9\xe9\xe7\xb7\xfdU$\x12\x89\xac@\x14\xa1\x91\xc8\
id\xc7\x8e\x1d5Jk\x1f\xcc\xbd\xfb\xb7\xe2\xdd\x84\
\xeap\x080\x04\xbc\x04UEv\x98Z.\x0a\xc1\xd8\
\xf8$.\xbb\xe4rL\x8cL\x84\xd6\x91\x12D\x99+\
\x0a\xcc\xcf\xcf\xa3\xd9j\xc1\x17\xc5\x8aQE\xed\x85$\
\x01\x00\xa2\x8a\xc2\x15(\x9c+_\xcf \x12\x80\x0c\x98\
\x05\xde{4\xd2\x11LLL\x84\xbcGE\x19\x90;\
3\x88*X0\xe0l\x5c\x09\xc3^\x17\xcc\xb0u\xde\
{\x10\xf7\xaa\xddARV\xccW9\xa1\x1ed\x15K\
\xed\x050\x1b\xd4\xeb# \xb2\x082\x97a\xd4\xc20\
\xc10\xc3Z\x03\xa3v\xa0M)s\xa8\xd4\x07B\x8e\
'\x91\x86\xe8'\x00kL7\x8d\xc1\x80\xa0B\xb0\xc6\
\xe2\x9c\xdd{\xf0\xf5o\x8d`\xbe\xb3\x14\x8a\x97\xb8g\
\xf7\xd4\xbf\x8f\x22\xd5T\x7fi\xdf\x84~a\xaa\xa5\xf6\
\x15d>\xa3\x85\xa5yu\xe4H\x13\xc1\xd4\xda)6\
)cr\xd5\xa4I\x12\x0b\xe7\x0b\xa3!gv\xd2y\
\x9d\xc8:\xd9O\x89\x8a\xaa\xaaW\xd5l\x8c\xcd}c\
\xb6\xd6\xf9\xdd/|\xe6/\x0a'(\xb2\xfc\x10@O\
\xbd\xd6mi\xf9\x0b\xfd\xb1k?{\xed\x03\x17\xec\xbf\
\x80\xa6\xa7\xa7]\xb9\x951\x82\x1a\x89D\x9ew\xa2\x08\
\x8dD^ \xde\xf0\x86k\xd7\xcd\xcf\xcf\xb7\xb2\xac\xc9\
~\xcaQ\xbd\x18\xdb\x01\xf5W\x10\xe9\xaf\x16\xed\xccT\
\x8d\x22C\x07\x22\x06\xa0\x04\x05<\x08\x0a\x011\xc1*\
\x83\xc5\xa2F\x06\x97^p\x19\xd6\xaf\xde\x08v\x09\xa4\
\xa5\xf0\xe4\xe0E\x90e\x19\x16\x16\x16\xe0\xbcGU\xee\
\x22U\xc5x\xa5\x9dV\x10\xa6\xdeyx\xb7\x82\xe7\xa7\
2T\x08&1\x18\x1d\x19\x01s\x98\xd2\xaf~\xe44\
W\xc7W\x88*\xe05\xd85\xf5\x09bU?\xf0[\
\x08pyV\xe6\x96J0\xb4\xd7\xf0[\x08\x009\x18\
\x22\x8cNZ\x9c\xb5\xfbl\xac^7\x15\x82\xa4\xd4\xcb\
\xf5d&0'e5|X\x0e\x91)M\xf7\x01.\
\xffM\x14\xcc\xf7\x0d\x9b\x81(r^\xe4H\xeau@\
\x04\x96\x0d\xd6\xae^\x8dM\xeb7b\xfe\x91\x0702\
\xda@\x96e\xdd\xb1\x0e\xef\x0bvM\xfd\xf9\xa6C\x9d\
\x95\xfa\xfe&\xa4i\xaa\xaaJ\x80\xa8SGI=\xd1\
N\xde\x865\x8c\xa5\xf6\x12R\x1b\x1a\x0b\xa4i\x8a\x1a\
\x11\x11)1\x19\x10\x91!\xe2\x94\x88^e\x9cE\x92\
&\xaf\xe3\xa2@\xad\x96d\xbeP\xc3y\xde,|\xfe\
\xf85\xfc\xee\xbf\x93K]\xe7\xa3\x7f\xfc\x89\xbbD\x5c\
;5\xf6\xcb\xaa\xbe1+\x07\x1f\x1d\xed\x8c&M\xbf\
\xd6\xdf=\xfa\x97\xc5M\xd7\xc5\x5c\xd3H$\xf2\xec\x89\
\x224\x12y\x81\xc8t\xf1\x1f\xdb\x86\xff\x13\xdbh|\
\xc0\xfbb\xb5\x93\xec\x5c/\xfer\xef|\x9d\xaa\xdah\
\x220se\x7f\x1e\xc4\x12\x00Q\x0f\xc3\x16\x9d\xb6C\
\x1d\x06\xe7l;\x17\xeb\xa76!k9H'G\x8d\
\x1b0\xac\xc8\xb2\x0c\xb3\xb33p\xde\x07\xeb\x1f\x00L\
\x04.C\x86R\xea\x226]\xbfQ\x00@\x9a\xa6\xc8\
[yh\xcdi\x0d\x5c\xf9L\x7f3\xa3Z\xad\x81$\
I\xe0\x5c\x81\x14\x83\x1eO'\x13\xa2\xc3\x93\xf7\xc3\xb6\
N\xc3\xd1\xdagb\xfb$\xe2\xc1e\xe8\xb1(:0\
\x96\x90\xe7\x1d\x10+\xc4\x0br\xdfF\xadn\x90\xd4\x0d\
\x1a\xa3\xa3\xa8\xd5\xeaX\xbdz\x12#\xa3\x0d\x8cM\x8e\
at\xb4\x8e$%L\xac\x1a\xc3\xdauS0\xa9\x82\
X \xe2\x90&\x09\xf2\xbc@\x91'\xc8\xb2\x02\xcc\x09\
\xa4\xf00\xc6\x02\x08}\xe2!\xd2\x8d\x80\x82\x14D\xc1\
m\xc0\x10\x01e\xca\x80\x0d\xb7\x17!\x82\xec\x04#\xf5\
:v\xed\xd8\x81\x07\x1e9\x00W\x14}#$=!\
\xaa\x03\x02\xf4\xf8\x03P\x9e3\xedN\x07^\x04\xc6\x98\
\xee\xcd\x84\xa8R\x92\xa6\x80xx\xef \x12rX\x93\
\xc4@\xb5W\xec\xa6\x00\xc8\x12\x9c8\x22C\x00P\xb7\
\xc6\xc0\xd6\xed\x1402\x95\xa4\xf6\xc2\xa2p\xe8t2\
)\xb2\xacM\xcc\x0f+\xd9\xa7\xd7a\xfb7u\x0cs\
c\xcc\xdf@\xf1\xd6\xbbn\xc2M\xed\xea\x10>\xcb\x8f\
I$\x12y\x05\x13Eh$\xf2\xec\xa0\x9f\xfb\xe8G\
\xeb\xcd{\xefu\xa3\xbb\xce{g\xdd&\x0f,.,\
\xfe\x9f\x8b\xf3\x0b\x7f\xfe\xc4C\x07~\xf9\x89G\x1f\xb7\
K\x8b\xf3\xe7B\xf5'\x89h\xb5\x17\x7f\xc8\x8b\x9c\x05\
\x85\x11\x11\x80\xcd\xb2<\xcb0}\x1c\x92\x01\x85\x01\x16\
\x82\x01cbd\x0a[6m\x07\x8b\x85\xe1\x04d\x04\
\x0cB\xab\xdd\xc6\xe2\xe2bh\xc5\xe9{\xe2ET\xbb\
\x85A\xfdrP\x11\xa2\x84B\xd5\xd4o0vW\xe8\
\xc0\xb4p\xd5\x1e\xd3\x92\x09\xf9\xa0(E\xa7\x84(\xe8\
J\x82QE@|z\xf2FU=\x8a\x22C!9\
\x8cex\x9fcd\xa2\x81\x91\x91\x1a\xd6\xad[\x83\xb5\
\x1bWc\xdd\xc6\xd5H\xea\x06#\xe3c\xa8\xd7S\x10\
+\x92\x84`R I\x80\xc2\x85Jx\xe5\x10q\x06\
I\x10t\xaa\xa8\xa55,v:8t\xe8 \xf2<\
G\x8az\xdf\xda\xcbB1\x18\x0c\xba\x97Jx\x8c\xc2\
o\x11\x81\xf8\xd0\x81\x89\x84`8\xc1\xe6\x0dg!1\
\x06\x85w \xf0@K\xd2\xc1\x1d\xe4\xaa%\xd3q\xc7\
\x80\xc9B\x05h\xb72\xac\x12\x82I,\xb1a\x90(\
\x0a\x97wS,B\x04\xb8\x8a\xf2\xf6\xb7~\xc5\xf0\xf9\
Ge$W\x01P\xee\x0b\x80\x81\xb4\x9e\x98\xa4f\xc6\
D\xe4\x22\x00\x17\xa9\xea\xdb\xc3\xf9 K\x9b\x92\x91{\
?\xfe\xf9O\xdf\xab\xaa\xf7\x12\xdb\x87|Q\x1c\xe9d\
\xf24I\xcb-~\xef\xe8\x01l\xdf\x9eN\x7f\xf8\xc3\
\x9d\xd3rRD\x22\x91\x97$Q\x84F\x22'\x87\x00\
\xe85\xd3\xd3\xf6\xe6\xe9iw\xcd\xf4\xb4}\xd5\x9a5\
[\xc9\xda\xf7\xae\xba\xe4\xb2\xad,\xf2.\x16\x9a\x5c\xbb\
v\xd5\x86'\x1f\x7f\xf4\xfd\x0f>\xf8 Y&\xead\
9\x0c\x9b\xb3\xca(\xe4\x0eU\xa5\xfe\x0b?1\x81\x8e\
\xd3&\x9c\x88\xe0\x9cC\x9d\x1a\xd8\xbd\xe3\x1cL\x8d\xae\
\x02\xbcA\x96;\xa4l\xe0T\xb0\xb8\xb8\x88\xe6\xd2\xd2\
\x097\xfcxB\xc7\x8b\x87\x17\x09bI\x05\x94T\x9d\
\x80\x08\xc4a\xdb\xd24A\x9a\xa6\x031.\xadf\xa7\
W\x88{\xbd\x10B\xb4\x92a\x03\x81AR\x984\xc7\
\xe6\xcd\xeb\xb0\xf9\xac\x8dX\xbfa\x0d6o^\x87\xb1\
1\x83t4\x1c\xad\xacj\xc3\xd9\xefvE\x1e\x1e\x02\
\xef\xa4\x8c\x05\x0a\xc4\x07\x93\xf9z}\x04 \xa0p@\
\xbe\xd4\xc6=\xf7\xdc\x8f\x99\x99y\x90\xd6\xcb\xfc\xcf>\
AH'\xcf\x8c\x15\x0f\xa8\xf7P\x07\xa8Q\x90'\xac\
[\xb7\x01\x93\x93\xabql\xfeX\xd8\x1fBo\xe3\x88\
B\xea\x84\x86Z\xfe\xaa\xf0i\xe5\x83\xca %\xe4\xcd\
\x0c_\xfb\xd2\xd7i\xd3\xb6\x8d\xd8\xb4}#&&\xc6\
\xb0f\xed\x1aXk\xe1Q\x80XAe'(Yi\
\x9b\xfb\xc6\xb4\xef<\x09\xf2\xb7l\x17\xcb\xc6\x80@`\
\xe5p|\x11nr\x18<\xa6\xaa\xafb`\x9f\x8a\x91\
z-}\xcay\x03\x93\x16\xb7\x16~\xf4\xa9u\xaf\x1f\
\xbb\x05\x8e\x9e\x9a\xbe\xf1\xc6[0\xfa\xa8L_7\x1d\
\xfdL#\x91\xc82\xa2\x08\x8dDz\x10\x00\x9d\xbe\xf1\
\xc6\xfa\xf4\xa3\x8f\xe6\xffz\xcb\x96K\x0a\xe6y\x169\
_\x89\x0c\x03\xef}\xed'?\xb1EI\xaf\x12\xd5Z\
\x9aX\x93&)R\x93\xd0HZ\xc3\xfc\xa1\xa3x\xe0\
\xfe{\xa9\xd3is=\xad\x85\x052\xad4\x15M\x08\
U\xf0`6\xe8\xe9\x8d\xd2N\x89B\x044w\x1e\xab\
&Wa\xfb\xe6m0.\x81\x0aPK\x1bpy\x0e\
\x9fg\xe8\x94\xd3\xb1\xd6\x9a`]\xa4\xbd\x8e?\xda\xb7\
C\xfd\x7f\xf7\xe7v\xaa\x84\x1e\xea\xc7\xd1\xc1`60\
\xc6@r\x0d\xa2Hq\xd2\x9c\xd0\xd3\x11\x11\x15\x16l\
\xda\xb2\x16\xdf\xff\x9e7ct\x82 \x8anaP\x01\
\xc0$\x80\xcbJ\x13\xa9R|\x11k\x99\xbfY\x8eq\
\x199\xb6&\x01\x91\x05\x1c#\xe1\x1a:\x9d\x02\x07\x9f\
\x98\xc5\xf7n\xdb\x0f\x16\x0bf\x0b\xb6\x16\x22e\xdei\
p\x1b\x1d\x1e)\x00ZF\x90C\xbe*DC+O\
x\xa80\x0aW`\xa4V\xc7\x86\xd5k\xb0\xd8\x5c@\
\xa7\xf2&}\x96\xb8,GB\x09\xbew\xeb\x1d\xb8\xfb\
\xee\xbb\x91\xd4\x13\x8c\x8d5\xb0q\xd3&l\xda\xb8\x1e\
;\xce\xd9\x8a\x89\xd5\x13X5\xb5\xaa:\xf0\xa8\x84\xb4\
t\xa3\xac\xfd\xc2t\xf0\x98qY`\xe5\xc4\x87\x94\x8d\
\xbe}\x0e\xe6\xfc\x1aNc\x10\x94\xd5t:\xd9\xd6\xf2\
\xe9-\x89MD\xbc\xff\x092Jk\xb7\xd0\xdf\xa9n\
\x7f\xec\xb7>\xff\xa9{Ax\x18\x90\x87 (\x8e|\
\xe3\xd1\xbb\xb0\x17\x1c\xc5i$\xf2\xca&\x8a\xd0\xc8+\
\x9ek\xaf\xbd\xd6\xdct\xd3M\xfe\x97>\xf1\x99\xf5i\
\xfbh;\xcf\xf3}\xff\xfe\x9cs\xd6e\xed\xf6[&\
'\xc6\xd0j7\xdf\xd3\xa8\x8ft@\xd8\x0a\x00\x04\x18\
1e\x0e'\x01NA\x1du\xfa\xe4\x91\x83\x98\x9d\x9b\
\xe3F\xadN\xac\x80\xb2\xd1\xaaB\x9b8X/U\xd6\
;\xa5\x15\xd3\xc0v\xa8*D\x08\xe2\x8280\x05a\
\xf7\xb6\xb3\x01\xaf\xf0\xde\xc1\xa0\x86,\xcb\xe0\xf2\x1c\x8b\
3s(:\xa1\xb8\xc5y\xe9v\xee\xa9\xb4B\xaf\xf7\
zXVQ\xe6\x0c\x92\xe9\x15\x19u:\xbd\x99R\x12\
\x05\x95V\xef\xe1-\x04k\x0d\x8a\xa2@\x0d\xa6\xcf\xc6\
\xa9\xdcV9~\xa4NEV\xf0\x01\x1d\x129\xec\x87\
\x9e\xa7\xa1\xbf\x0d\xc4K\xb9\xad\x02CIo\xf9\xe4Q\
\x1fMP\x9b$ \x05\x98\x00\xe72\xb0\x09\xc2\xd9)\
\x81l\x10\xd8U\x81\x96z\x1f\xc6H*\x1f\xd0\x04\x00\
\xc3\x88\x096W\x05\xe02\xc5C\x0f>\x8e\x9b?\xf7\
\xb7\x98?\x92\x83\xa5\x06\x88\xa2]4\xc1 \x18\xc30\
\xc6\x06+(\xef\xc1\xc6\x86\xfe\xf1\xa2`\x02\xb8\xcc\xc4\
\xa5r\xdc\xbdk\xc3\x17\x04\x9b\xd4@\x02\x8c\x8d\x8c`\
\xf7\xb6\x1d\xb8\xf7\xfe\xfbaj\xd4\xcd\xc3\xad\x8e}\x85\
5\xa6{\xbc\xba\xe31\xa4\xfb\x8d5\x10'H)\x05\
:\x80f\x0e\x8b\xf3\x8bX|r\x11\xf7\xf1\xbd\x90\xcf\
\x01\xab7\xac\xc1\x8e\x1d[\xb1\xeb\xec]\xd8\xb0y=\
V\xad\x9a\x82I\x0dFFR\x14E\x06\xe72xh\
\xd8'\x947&\xe5apZz\xb1j\x99\xe2\xd1\xe7\
\xc7\x0at\xddQ!\xaa\xc4D\x10\xee\x9e\x0f\x04(\xab\
\xc2\x84[\x22z#\x83\xd4\xa6\xf6I\x88$P\xdc-\
\x8aC\xeb\xaf>\xfb\xab\xaa\xc5\xe2o\xfd\xef\x1b\xbf|\
D\xf2\x85\xe9\xf7\x5c\x1fsK#\x91W Q\x84F\
^I\x10\x00\xfc\xca'>\xb3\xbex\xf2\xfe#\xee\xac\
\xb3\xb6[\xa2\xf9\xb46r\xed\xa5\xef{\xdf\x84\x8a\xbc\
\xa9\xa8M\x9c\xcb\x85\xdfXK\xace\xaa%\x89e\xa9\
\xd7jL\x83S\x97\x04\x84\x96\xe1Be\x8b#\x22<\
}\xf0 \x91HY\x00\xc2\xa5\xe8\x0c!\xa3\xbe\xde\xe3\
Tu\xdd!\xb2\xbd\xbc\xbc\xb2(%\xb4\xc5\x04 \xc0\
\x865\x1b05:\x09u\x00<A9\x88\xd1<\xcf\
\x91e\xd9\x80\xcc\xeb\x8a\x98\xe1T\xd0\xbe\x0dW\x0a%\
)\xbe\x94\x10U\x8bJ\xe2\xe3%'\x96\xef\x932j\
\xaa!7\xf4D\x02\xf4\x85\xa2\xcay\x05\x00O!\x8d\
\xc0K\xe8\x17\x0f\xf2\xddHh(\xd0a(\x18\x04\x0b\
[\xee\x7f\x96e0\xc6\x00\x1c,\xaf\xd4\x85\x03\xe8\x1d\
\x00\x0f\x1cyz\x16w\xdd\xb5\x1f\xf7\xdc}/\xda\x8b\
\x05\x12\x19\x03I\xdf\xd7c\xd5\xc5I\xa5+\x90\x89|\
\x98F\x07\xc0\xda\xbb\x01\xe0\xaa+\x93\x9a\xaexd\x84\
b\xb1U\x13\xab0^o`A\x9f\x9fT\xc9\xca:\
\x8a\xfb\x0f\x89\x18\xa8\x07\x8e=>\x8b\xa3O\xcd\xe0\xf6\
o\xdd\x81\x89\xd5\x13\xd8}\xf6.\x9cs\xfe\x1el\xde\
\xba\x19\xabWO\xc2\xa6\x16\xaa\x1e\xadN\x07\xc6p\xd9\
%\x96B\xaa\x82\xf4\x1a\x12\x04\xf7\x86\x13\x1c\x9b\x95#\
\xe3a:?D\xc5\xc9;\xbf5|\x16\xb0V\x15\x02\
\xa2\x1f\x06\xcc\xa2\xd6\xf5\xdeu\xd4x\xec\xb7\xbe\xf8\xe9\
\x03 ~*I\xe8~\x81\x1c\xc9\x17\xe9\xe1\xdc7\xd3\
_x\xcf\xf5\xc7\xca\xe5Eq\x1a\x89\xbc\x0c\x89\x224\
\xf2\xb2gzz\x9a\xa7\xa7\xa7\xf5\x97?\xfe\xa9\xcd\x0c\
\xac/\xac\x9e[?\xf7\xe2q\xa1\xe2\x8d\x8d\xfa\xc8\xb8\
\x17w1\x117Tu}M=|\xd9\xa9\xc8\xa6)\
)`L\x92@\x96\x0b\xafp\x91\xd5\xd2\x07\xdd\x0b\x1e\
y\xe8!8\xe7Q3i\xefE+\x949\xf7?\x14\
r\xffz]\x8dX\x01\x05C\xbc`\xc3\x86-\x18\x1b\
\x9d\x804\x15L\xa1\xcfy^\xe4\x03\x11\xcc~Tu\
YD\xb1\x8a\x88\x9eXf\x9e*\x1c\x1cLiyd\
\xee\x85\xa2\xcaA\xf5\xfdQC\x11\xc0\x13\xac+-\xa8\
\xc8\x80\x8d\x01 \xe1\x01\x05\xd4\x01\xae\x00\x8a\x02p\xde\
\xc3\x15\xc0R\xd6B\xab\x9d\xa1\xd3\xce0wl\x1eK\
\x8b\xed\xf0{\xa1\x8d\xe6B\x13\xcd\xa56\xf2\x8eG\xcd\
\xd4Aj\xcb\xd6\x9f\xd5\xf8\x11H\x18\x5c\xfa\xb6\x0a\x04\
\xac\xbd\x84S)s<\xa9\x14\xf6\xfd\xef\xe5r\x9a\xde\
*a\xd3\xda\xf5\x98\x1c\x9f\xc0\xd2|g\xc5\x83\xc2\xf4\
\x5c\x8f\x14w\xbbBQ\xe9|\xaa\xa2X<\xb6\x84\xef\
\xce\xdc\x8e\xef\xdez;VMM`\xfb\xae\xed\xd8\xbe\
c+\xf6\x9c\xb3\x07\xb5\xd1Z8\xff\x8cB\xb8Z\x8a\
\x81hWyw#\xa4=\xef\xd5\x13oE\x15\xf9V\
\x1d\xc8J\xa6n\xc6H8\xdf\xa7\x88\xe8JU}\x0d\
3y\x10\xcd\xa9\xd2~f\x9b\xd5\xc6\xe4\xee\x9a\x8e>\
\xf9\x9b_\xfa\xf4\xd7!\x9d\xd9\xa3_\x7f\xea!l\xdf\
nc\xa1S$\xf2\xf2\x22\x8a\xd0\xc8\xcb\x8e\xe9\x1bo\
\xac\xe3\xd1Gs\xb3\xe3\xbc\x9d\x94$\xce\x12\xbf\xe1W\
>\xf5\xd9M\x85\xe6o%\xa5K\xac\xb5kk\x8d\xfa\
\x92sfB\xc4\x8b\xf7\xc2e\x08\x91J\x7f\xf0\xae(\
\xcc\x9c[&\x0c\xa4\x17\xf4\x02\x83@\xaa8r\xf80\
\x16\xe6\xe6\xc3\xd4l\xca\x03\x91\xbb\x0a\x82)\x85J\xe8\
`\xa4U\xd4T\xfb\xabg\x82\xc0\x9b\x1c[\x8d5S\
k\xa0\xae\xacFW\x0d\xbd\xc9\xf3\x10\x09\x0d\xdb(\xcb\
\xa6\xb9W\x12\xa2\xc0\xf1\x0b\x94\xf8\x94\xc4d\x88\xdcv\
\x05\xc8\x19\xa0\xbfPG\x95\x00\x9f\x00\x1e\xe0\xd2J\xbd\
\xb5P\xa0\xd5jaa\xa9\x89v\xab\xc0\xd2|\x86V\
\xb3\x83\x85\x85\x054[M\xcc\x1c\x9bA\x96e\xe8t\
r\xb4\xdb9\x0c\xdbp 5\xb4\xca\xac%u\xb0\xd4\
P7\xb52\xbax\xfc\xbc\xd6\xaa\xc8G\xc4\x81\xbc\x01\
\x0c\xc1 X8u\xdb\x88\x92@\xfb\x22\x88D\x04C\
\x84U\x13\x93\x18m\x8c\x00\xf3\xa7\xb2\xcf}\xad=\x9f\
\xe1m\x04\x03H\xd3\x06\x9c\xcb\x006\x90\xa2\x80\x06/\
)\xcc\x1dY\xc2SO|\x1b\xb7\xfd\xdd\xf7\xb0v\xed\
$\xf6\x9c\xbb\x07\xbb\xce\xdb\x89Uk\xa6\xb0j\xed\x1a\
\x80\x15\xa2\x04\xae\xba3!\x9c\x93\xda\x17n}\xa6^\
\xb1C\x85V\xd4w\xde*\x11\xb1s\x8e\x88h\xad\xb2\
\xb9\x1aD\xde\x10\xbf\x96\x99l\x92\x98\xc3\xe2yi\xc3\
\x1b\xf6\xfc\xad\x88>\xf5\xdb_\xf8\xfd\x03\x80>\x0a\xf0\
\x93\xb9:\xf7\xb3o\xfb\xd0c\xcf\xfe\xac\x8aD\x22g\
\x9a(B#/y~\xfa\x86\x1b\x92\xdf\xb9\xfe\xfa\xe2\
\x17>\xfd\xe9\xd1\xd5:Vw\x89;\xa7~\xfee\xe7\
+d\x1fH\xb7AqI\x9a\xa66\x81\xddPE&\
\xbd\xe4\x130 \x01\x0c[\x03)\x8d\xce\x09\x04%\xe9\
\xaa6\x03\x85\x0c\x85\xfd\xb8,mV\x110\x11j&\
\xc1\xdc\xe1\xa3(Z\x9d 0\x87\x0b\x91\x98\xfalw\
\x06\xc5\x8d\xf4O\xe1\x96x'X\xb3j-&GW\
\x81\x84\x90\x18\x0b*\x08E\xeePd\x19\x5c\x96\xc3P\
\x95\x13PY3\xf5Y1\x95\xad\x8d\xd8\x04\xe1\xd8?\
\xdd\xae\x12\xf2>\x89\x0c\x18\x06\xc4a\x1f}\xb9\x8f\x0c\
\xe9\xdbN\xe9\xa6\x0b\x14\x85\x83\x81\x01i\x98X\xf6\xb2\
\x82\xc9}\xff>/\x0b\x95\x0e\x8a\xf2a=\xbb\x5c\xf2\
\x95\x05P*A\x80\xf7E\xa2\x85\x08\x87\x9f\x9c\xc5\xdf\
\xfc\xc5m0\x09\xd0j.\xa2\xd9ZB\xab\xd5F\xbb\
\x95\x01\xcah\xb5|i\x91\x14l\xa8X\xcbNG4\
\x82Q;\x1arE9\xac\x99\x99A\xfd\xbbC\xdc\xed\
hT\xed'Qp\x0d\xf0P\x90\x84jyEU\x10\
\xc5\x10qa\xdc\xc4@(\xe4lf\xce\xc1\xf8\x02)\
\xd5\xe0\xd4\x81<cdt\x14\xeb7n\xc0\xfd\x07\x1f\
\x09&\xf7&\x81\xf7\x0e\xfd\x1am%\x1b\xac\xe5\xc5m\
\xc7\x1b\xf9^>\x86\xcb\xf30\x95.\x0a\x22\x0b\x03\xe9\
\xaeg\xcc\x8c\x03^0wx\x11\xdf:\xf2m\xdc\xf6\
\xed\xdb\xb0j\xfdj\x5c|\xd9\xc58w\xef\xf9\x98\x98\
\x9a\x043\xc3\xa4\x09\x8a\x22\x83g)o\x9e\x14\x1d\xd7\
A\x92$\xa8\xd2G\xca\x0fN\xdf\xc6r\xf8\x0c\x0dl\
\xf0\xe0\xbf\xb4w>\x90\xa8\x00&\xfc\x96P\x00g=\
\xd1h\xf9\x92\xad$\xa4i-=\xdb\x12\xcd\x10\xdb{\
\x0cs\xd3\x89<\x9eJ\xf2\xf4o\xdd\xfc\xfb\x7f\xe5[\
x\xfa#\xdf\xf7\xe3OvO\x9cH$\xf2\x92!\x8a\
\xd0\xc8K\x8e\x9f\xf9\xd8\xc7j\xbf\xf1\x91\x8f\xe4\xff\xd7\
\x1f\xfc\xbf\xdb\x9c\xb6g\x13\x1ey\xcd\xbf\xff\xbd\x9b\xb6\
\x13\xe1R\xa7\xee\xd5\xe4e/\xacz\x22\x1aWEH\
\x98#\x06\xf5]\xba\x07#\x83}Q\xb6\xa1\x8b\xa7\xac\
p\xb1\x0f\x17\xde l\x08@\x91\xe78\xf8\xc4\x93P\
/0D\xc7\x8d\x18V\xef\xebuI*\xa3\xa2e\xd5\
\xb9\x17\x01)\xc1&\x09VM\xad\x86\xa5\x14\xf0\x0c\x92\
\xb2CP\xe1 \x85+s\x10q\xdcu\xd0I\xa6t\
\xe9\xb8\xef\xef\x8f6\xfa\xae\x18\xaa\x84\xc6\x99\xea\x944\
\x5c\xc4e\xc9\xa2\xb9X\xe0\x9e\xbb\x1e\x86HVV\xa0\
\x87q\x05\x18P\x82\xa1Z\xb8Y0e'%\xd1\xee\
r\xaa\xde\xf1\xdd\xc8\xa5\x84\xaeG\x95\xb3\xbf@ R\
\x0a\xfb\xa4\xec[/\x0e^\x0d\xac106T\xc33\
\x08B\x0e\x02\x02'\x09\x94\x0d`$\x88U\x13\xd6\xe7\
Y\xe0\xd9atl\x0cl\x08\xae\xc8\xb0a\xc3:\x18\
\xcb(4\xe4\xb6\x9e\xf8|\xa9\x8e\xd93\x9d\xa6/{\
\xdbk\xd8\x17T7\x22\x95f\xec\xef\xe2J\x8c\xf6|\
\x07\xbe8\x8a\x9b\x0f}\x05\xdf\xfe\xc6wp\xfe\x05{\
q\xe1e\x97b\xdd\xba5\xc8}\x8e\xdaX\x1dy\x9e\
\xc3i\x81$I\xba\xdd\xa9V>`r\xfc\xd0\xfb3\
8\xec\xd50\x08\x09\xe5Yn\x99\xcdz&Y\xeb\x88\
\xdai-\x9d\x15\xd6\xd1Z\x92\xfe\x03\x9d\x90\xc5\x8f\x7f\
\xf1\x0f\xbe\x03\xc2S*\xf4mAq(1\xc9\x03X\
Zl=\xdd^\xe5\x00`\xfa\xba\xebb\x15~$\xf2\
\x22$\x8a\xd0\xc8K\x86k\xa6\xa7\xed:\x80\xa7&&\
\xf6\xfc\xfb\xdf\xfb\xa3\x0b`\xfcy536e\xady\
\xb7\x08o\x84b$\xf8r+\x95\x82\xa2\xea\xba\x8d\xe5\
\xc6\xdf\xfd\xee\xecR\xe5\xa8\x9d\xe0\xef\xe1io\x1f\xda\
Gz\x8f\xbc\xdd\xc6\xd3O<\x09\x12)[\x5c\xf6\xa6\
\xc9OV\xf4\x13\x96\x15\xfc\x1c]Q\xc0\x90\xc5H\x9a\
b\xf5\xe4jXJ\xe0U\xca\xc8\x1b\xc1\x17!'\xb4\
k\x8c\xfe<\xa0\xba\xb2ES\xe5!Z\xf9\x89\x86\xe4\
\xcc^G\x9f\xfem\xef\x1b\xe8\xe7\x1d\xa20\x9e\xdc\xb5\
}\x0a\xdb`M\x02\x97u\xa0\xca`\x22X[\xeb{\
>D\xe2$\xf4N\x0f\x22\xbf<\x0f\x14Z\xe6oV\
\xfb!]W\x00B\x88z*s\xf7\xe6\xa3\x8a\xc0\xaa\
e\x18\x03\x08\xb9\xd2K5X0\xc1\x09<<jT\
\xebV\xe7\x93\x05F\xd3:\x94\x09)Y8.P \
\x87eFA\x056l^\x87\xb4VC\xab\x99\x97\x9d\
\xb1\xaa\xeeV\xa1\x03S\xefF\xa2\xbf\x1a\xeeTG\xac\
?b\x5c\xbe\x95\x96\x9f\xfd\x8aR\x88jHdm\xd8\
\x06\xa8`\xb4\x9b\x19\xb2\xc5Y|\xf5\xe9\xaf\xe1\xee\xbb\
\xee\xc1\xe5W\xee\xc3\xc5\x97]\x0c\x93\x17\x10\xf2\xc7\xcd\
\x05]\xde\xc0\xe0y;\x1f\xa8Z\xbe\x88\x0f\x16\x04\x8a\
\xd1fsi$\xccj\xd0\x14\x11!\xb1\xc9^\xc3\xa6\
\xc5D3D\xf5{\x09\xf8.\xa6\xd2\xb9\xad\x13\xeeq\
/\xfe\xee\xe9/O\xdf5\xfd\xa6i\xf7\x5c7&\x12\
\x89<\xbfD\x11\x1ay\xf11=\xcd\x98\x9e\x96\x9f\xb8\
\xf1\xc6\xfa\xffx\xf4\xd1\xfc\x97\xb6\xec\xdakH\xc7\xc1\
\xe6\x8d\xc4\xb8\x92\x80\xabl\xcd\x101\xad\x01\x89x\x11\
\x03t\x8b T=\x88X\x8f\x1b-\x94\xb2>\xfdT\
L\xc7O\xf4\x9a\xaa\xb3\x90\xef\xe4!\x0a\x0a\x86\xc2/\
\xcb\xd3\x1cx\x0fUu\x19\x95\xd5\x8d\xf6\x8a\x93\x1c@\
\x86`\xb8\x06\x83\x1a\xd4)X\x19Y\x96\xa1\x96\xd4\xe1\
\x9c\x83s\x1e\xd6\xbe0\x82\xaf\x9fP\x0d_\xf9\x89\x12\
\x08\xcf\xb3\xf7g\xb7g\xfa\xc9!\x0aB\xb3\xb7\xd7\x06\
Rx\xd8$\x81\x85AQ\xe4}\x15\xdc\x95\xf8g\x90\
zh\x19\x99\x0ebR\xfa\x02t}\xd5\xf6\xacPr\
P\xee\xdd\xac\xb4\xb2\x0e\xb2\xb2\x08\xacS\xe4h.5\
\xe1|\x8e<\xcf\xe1}\xa8\xc6\xf7\xceC\xd5\xc3i\x01\
6\x5c\xfa\xaa\x86i\xffz\xbd\x06b\xc2\xd8X\x03\x13\
\x13c\x98Z5\x89u\xeb\xd6`t\xb4\x8e\xb6\xcba\
l\xd8^)S:V\xd6l\xc7\x1bsY6~\xa1\
\x18*\xbcGV\xd8\xc7\x81\xa5j/\x12\x1a\x8a\x98*\
\x7fZE\xc3\xd4\xe0\xa1(\xc8c\xe1X\x0b_\xfc\xeb\
/\xe3\x81{\x0f\xe0\x9a\xb7\xbc\x01\x9b\xb7o\x82I\x12\
\x14Y\x0eNV\x98rGo\xb9\xcfg\xcc\xbclm\
\x1b\xce\x03f\x18\xc3\x94\xe7\xe1F\xcf\x1aCl\x18.\
\xf3P\xd6Qb\x1a1l7[\xa67)\xa1M\xa0\
y&\xb3\xb4\x15\xe7}\xfb\x13_\xfe\xc3\x87\x95\xe8\x7f\
\xfb,\x7f\xf4P\xea\x17V\xb7\x17u\xe6[3\xc5\xf4\
\xf4t5E\x11\x89DN3/\xfc\xd5,\x129E\
J\xbfN\xf9\x17\xff\xed\xc6=\x96j\xc6\xa6z%\xb3\
=\x9b-\xbd\xa3n\xd3\x9a\x02{\xcb\xde\xdc\xd4\xd7\x01\
\xe6\x19\x9f\xc3J\xc1\xbc\xbc\x9f\xc1H\x9e\x9c\x5c )\
\xc3\x82\x90x\xe0\x89\x07\x1f\xc1\x9f}\xf6\x8fCN\xa8\
\x84\x8b\xa3\x94\x05H<do\x13\xc4\x12w#\xabB\
\x80\x0a\x81\xd5B\x0a\x82:\xc2\x9em\xe7\xe2\xd2s\xae\
\x00\xbb\x04p\x00{E\xd1\xc9\xb0\xb0\xb0\x00\xef\xf3 \
x\x86:\xea\x0c\x0a_\x86e\x06\xd8\x96\x81.\x1a\x8c\
\x8a\x91@k\x82#K\x87\xb1\xff\xe1\xdb\xe1\xd9AH\
\xba&\xe6\x0c\x802\xc5\xe6\xd5g\xe1\x9a\xd7\xbc\x0d\xc6\
\xd5\x91\xf8\x14\xac\x0c\x8fr\x1a\xf6$EJ<\x14\xa9\
\x1d\x8e\x08\xeb\xd0\xf8\x9b\xaex\x5c\xa1%\xa8*\x98\xb9\
{S!T\x89\xf8\xfe4\x8ar\xbdl\xbb\xc6\xf4\x02\
E.\x05\xbc\xf8\xd0W\x9eB\x0ec\xb5\x0f\x9dN\x0b\
\xedv\x1b\xed,\xc3\xec\xec\x0c:E\x1e\xfe\xce\xdbh\
v\x16\xe1\x5c\x06\xe7|w\x0cA\xb2,\xe2\xcb<(\
\xc6\xaa\xeeJu\x93\x0c\xed\x8ft\xcf\x09%\xc0W7\
!\xdc\xf32\xed\xee\x0b|\x19\xc1\xd5\x15]\x08\x88\x15\
^\xdd\xb2\xed\xe8\x7f\xad\xaa\x86\xfc^\xac\x9cR\xd2\x9f\
\xb3[\x8de/\x9a\xc9\xf0J\xe5\x98\x0a\x84\x04\x8d\xf1\
\x14\x17\xef\xbb\x08W\x5cy\x05&\xd6LB\xac\x07\xd7\
\x08\x99+`\xd2\x04\xde\x15`\x00F\xaa\xbd\xe5\x13\xce\
\xc8\x0f\xef\xd7\xf2\x0eQ'\xf6\x995C\x1f\xfb\xbe\xf3\
\xab\xeb\xc3\xdb{@\xb5\x9b\x8a\xa3\xda\x22\xd0\x1d\x86\xd3\
/\xb0\xc8\x93\x10\xfe[\xa5\xa2\xf9\xe17\xfd\xe8#\x88\
D\x22\xa7\x9d\x18\x09\x8d\x9c1\xae\xbd\xf6\xb3\xe6\xa6\x0b\
\xf6\xeb\xbf\xdc\xba\xfb\xec\x11g\x8e\xb9\x84\xaf\xfc\xd7\xef\
\xf9\xe1-\xae\xc8\xdeX\xaf\xd9K\x88\xe9\x1ck\x12\x0e\
\x85=\xa1\xb0\xfcT5\xe7sKI\xe3r\xbe\xf2\x04\
\xbd\xbb\x0d\x83$\x98\x165\xe7\x17P\xb4:\xa1\xf8\xc5\
\xdarz\xfd\xd4!&\xc0\x03\xde{\x18\xaa\xa3^\x1b\
\x03\xc4\x00BeN\x9f\x0f\xfd\xe1\xc5\x9f\xd2\xf4>\x00\
\x88\x10\x0c\x14`*{\xc3/\x7f\x1f)Nh\xb5$\
\xde\xc3;\xff<M\xfc?{\x86\x8d\xf8C=\x91v\
\x0d\xd4A\xa1\xff\xbb\x10BD\x13\x00L)6\xbd@\
\xd5\xa3\xe3\x0a,\xb5\x16\xb1\xb00\x87\xa5\xf6\x12\x8e\x1e\
=\x8aN\xd6\xc2R\xab\x85N\xa7\x8d\xdc9(\x97\xeb\
\xb1\x00\xb1\x07 \xe0\x84\x07D\x1c\x0d\xf9\xae\xf2Pw\
\xa8Jt\x1a#\xc1nkXTW\xb6\xb0}\x0f-\
;W\xa5\xea\xf3\xbe\xfc\xe0\x84\xf5Ky33\x94\x1a\
1P\x1c\x84\xee\x8d\x0e\xafp.\x9f\xe8\xf3\x11\xbcj\
M\xd9\xee\x93\xc0 t\x16\xda\xf8\xce\xd7\xbf\x8d\xc7\x1e\
|\x0c\xaf\xba\xear\x5c\xf4\xea\x8b\xe1;\x02\x9b$0\
\xc4\xd0g\x10\xd9>\x0dTm\x15\xca\xc6\xa8\xdd\x83\xa6\
 \x1a!\xc5U\x96\xe9J\xb0m\x92\xe2Vh\xed\xd1\
O|\xf13\x0f@\xf4.\x10=\xac(:?\xfd\xd6\
\x0f\xdd\x7f\xc3\x0d7$\xd7_\x7f\xfdskm\x15\x89\
DNH\x14\xa1\x91\xd3\xce5\xd3\xd3v\xdd\xddw\xeb\
\xae\xef\xcb\xf7\xfe\x12\xce\xd9H\xc6\xbcud\xf5T^\
\x14\xd9\x8f\x1ac\x92\xdc\xd9\xcd\x10\xa7l,\x93a\x90\
\x82\xb4\x1b\xfd\xea\xe5%>\xf7\xda\x87gO\x88\xcc\x84\
(\xd6\x91#G\x00\x04aZ\xc1L\xcb\x22\x5c'\xca\
\x9b\x94\xb2\x02<\xb1\x8c\xb1\x91\xd1`\xf1$\x04\x15\x0f\
\x12A\x96eeD\xf0\x14Ex\xb7\xa0\x88N\xfa\xba\
\xe3\x91\x179\x0aW \xb5\xe8\xb5\xf9,U+\x0d\xbd\
\xff\xb9\xe6\x84v]\x02\xaa\x88hw )\x14Iu\
[\xac\xf7z\xad\x03\x00,\xa0D!\x92\xcb\x12rA\
I\xd0j-a~i\x11\xb33\xb3Xh\xce\xe3\xc8\
\x91C\xc8|\xe8\x12\x949\x07\xefshhs\x04\xaa\
\x13l\x15\xa1\x14_\xe6\xf4\x06\xf1&\x90\x01\x11\xdao\
\xd7Uy\x83\xf6\xc3\xa5H\xf4,\xf0(#v$]\
\xb9X\xddD\xa8\x0c-g\xe0X(\x98\xca\xc8f\xdf\
s\xdd}/\xdb\x94J\xff\xb6\xf4E\x12O\xcdv\xeb\
x0\x88\xd0\x1d\x83*7\x95@\x90\xc2\xe3\xe0cO\
\xe1\xaf\x8e\x1c\xc1\xc3\x8f<\x82\xd7\xbc\xfeJ\xac\xdd\xb4\
\x0eU\xbd\x9d\xf4\xe5\x9e\x9e\xe2i\xfaB@C\xbfW\
z\x0e*J\x80\x8e\x09\xf4j\x00\xa8\xa7\xf5y%\xcc\
\x13\xf4{\xd0\xda\x13\xbf\xfb\xd5?\xfa_\xbe\xf0\xc5G\
?\xfb\xd1[\x16\x9a\xab4\xfa\x93F\x22/\x0cQ\x84\
F^H\x08\x80^3=mo\x9e\x9e\xf6\xff\xfc7\
\xff`\x1b\x12j\x10\xf4\xad\xe9\xf6s\xcfcc\xaeH\
\xac9\x17\xa0q\xe7\xf2#\xce\xb9\xf5\xa2\xaa\xaep\xc4\
\xacP\xefH\x95a\xaav8\xa5\xdd\x90\xa2\xb2;:\
\xb3\x91\x17.\x85\xe8\xe2\xc2B\xe88\xa3U\xb5\xfb\xf1\
T\xc0\xf1\xf3*\xb5\x14\xa1\x86\x19\xf5z=\x88>\xef\
\xa1NB\xf7\x1a\xf1\xa5 8u\x85!\xaa ]9\
\x0a\xba\xd2\xfa\xb5LCPe\x10\x00'\x82\xc2\xbb\xbe\
o\x09\x0e\x05[+D\xbc\x86\xc5hUI\xff\xdc\xcd\
\xd7{\xd1\xbf*\xaa\xabL\xdd\x84\x5c!\x01\x0c\xb0\xd8\
Y\xc2\xec\xe21\x1c<v\x08s\x0b\xb3\x98\x99=\x0a\
\xef<\x0aW\xa0p9\xc8\x94QJ&pM\x01\xe1\
\xd09\x8a\xa4;\xa2\xc1\xb0\x1d!\xd5`\xc8l\x1eX\
>\xad}2\x87\x81\xf0\x1eY\xf1\x15\xcb\xa2\x96}\xcb\
\x0f\x87y\xb0\x08l8\x02KL\x03)\x0f~\xd9\xb6\
\xe8\xe0\x1a\xfb\x0b\xeb\xa8\xe7gZ\xbe\xbb\xfc\xbbJ\xe8\
\x0c\xff\x1e\x14\xdf\x06\xe2\x15\xaa\x1eE+\xc3]\xdf\xb9\
\x13\x8f>\xf4(\xae~\xcb\x1bq\xe1e\x17\xc1\xd4B\
\xc7\xa5\x10\x8d~\xd1DDWD\x08\xc8]10\xad\
B\x96\xa6 :\xa1\x84\xcd\x00\x90\xa4\xc9\x8fy\xef\xb3\
\xd1\xd5k\xff\xf7\xe8Zs\xd7\xef|\xf9\xf7\x1fP\xf0\
\xdc\xd3\xb8\xff\x9b8\x82\xd8\xf3>\x12y\x9e\x88\x224\
\xf2\xfcS\x16\x16];=\x9d\xe0\xee\xbb\xfd\x96\x0d;\
/\x7f\xd5\xef|z\x17Y}\xafe^Md\xae1\
\xd6\x00D\xb6\xacG\x86w\xc5z\x22\x90\x88'2\x0c\
ph\xb2\x1ez\xb3\x87\x1c>&\xeeuo\xd1\x13\xcf\
%\x0f?u21t2\x1f\xc6e\xb9\x80\x0a$\xc6\
\xa0\x90\x1c\xb3\xb3\xb3\xf0\x95=Seg\xb4,\x0a\x1a\
rA\x89\x06=C\x89\x04\x00!\xcfs$i\x0d\xa3\
ccH\xac\x85\xa8\x80a\xa0\xaa(\x8a\xbco\x1b*\
\xb17<\x0d<\xdcW\xb4\x9a\xc2\x0e?\xd5\xeb\xa5|\
\x88A\xa8\xd5jHl\x82\xach\x81\x92\xfe\xaf\x02\x01\
\xd8\xc0y\x8f</\xe0\x8c\x03\x1c\x87\xd6\x94\x950\xa2\
\x95\x03N]\xdb\xc8\xaa\xba\xbc\x12\xa3C\xbaDi\xe5\
\xf1\xae\x96fM\x18K!\x05\x95\xceKN\x0b\x08\x09\
\xc80\xc8\x18\x1c\x9e9\x8c#\xc7\x0ec\xb1\xb5\x80\xc3\
s\x87\xd1l/\xa1\x99\xb7\x00\x0b\x18\x13\xec\x99`\x04\
\x9c\x86\xa9\xeb\xcaVH\x01H\xd5\xd9\xbc\xfc\x0a\x0c\xbd\
\xda\xa9l\x99ZV\xca+`\xd8to,\xaa\xe1\xec\
\xb7\xad\xb2\xd5\x8dG9\xfe\xc4\x06\xac\x02\xf5\xa5\xbf(\
\x87i\xea\xea\xfc\x13_Zt\x0d\x0d\x9aPh'T\
\x9d\xbb\xd4\x7f\xccT\xca\x1b\x9e*\xbf7\x88\xf0\xfe!\
\xa5\xbe\xb4\x80\xd04vP\x84:\xdf\xf3;\xad\x0eq\
7\xd7\x95\xcbNH\xdd@\xab\x02d\xca\x83Y\xd9X\
\x09,%\x00%\x10\x12\x14Y\x81\xb9C\x0b\xb8\xf9o\
\xbe\x82v+\xc3\x95W\xbf\x06\xde\x10<r\x90\xe1e\
\xe2\x9b\xe9\xc4\x85m\xcb\x8b\xf9\x86sB\x87>\x90'\
\xb9\x17\xd3\x93\xd8\x89\x11i\xd7\xad\x0a\x00\x0a\xc9\x81`\
\x99\x1b\xb2=r?i\xad\x05R\xfb\x01q^\x1b\x8d\
\xc67\x9a\xad\x96lr\xbb\xfe\xcc\xae7w^\xfb\xd9\
\xcf~\xf5\x82\xfd\xfbuzz\xfa\xc5\xad\xb8#\x91\x17\
9Q\x84F\x9e7~b\xfa\xc6z\xf3\xee\xd1b\xeb\
\xc6\xecB\xba\xf1\xf7SV\xbc\x09g\xed\xbe\xd8\x8b|\
_RKG\x898aC\x02\x10+\xd3@$Bi\
\xf0\xb2\xb2\x92d\x14\x08\x88\x9e\xe7*\xedg\x09\x11A\
4\xf4r/\xc4\x03L]/\xc7\xfeis\x02u\x05\
h\xe8|\xd4o5\xd4\xc3\x94\x857\x891]A\xf1\
B\xd9\x1eU$l\x90\x18\x03\x14\xc1R\xa0[\xaf_\
\xe6\x10z\xe7\xe0\xbd+\xb7y\xd0\x22i\x98\xe1H\xe8\
\xa9N\xd3\xf7^_\xf9Z\x86\x1cL&\x82\x83\xefN\
\xaf\x0b\x04\xb9\xb41\xbf\xb8\x80\x99\xb9\x19\x1c<v\x04\
\x0b\xad\x05\xb4ZK\xf0\xf0pR@\x13\x00)\xa0L\
p\xfd\x16L\xe2\xcb\x08o\xbf#<\x95{#\x10!\
$l\xca\xa8q\x10\x9a\x09\x82\xc9{p\x09\x90R\xd8\
\x01l\xaa9\xf8\xe09j\xc0P\xe2\x9e(*-\x9d\
*s\xfc\xc4\x180'\xa1 \xac\xb4\x19\xf2\xaa\xe1=\
}c'(\xc5_\xb5t\x09\xde\xb6a\x1b\xb9;N\
D\x04c\xfa\x0a\xc4\x8eC\xafZ>,a\xf08\x84\
\x9b\xbc\xde\x87\x8f\x81\xa1\xe5I\xd9\xc8k\xf05\xe5\xbb\
\x95QOR8uh\xcdg\xf8\xca\x17\xbe\x8aVk\
\x11W\xbe\xe9\xb5\xa8M\x8e@\xe0!\xfa\x92uC\x0a\
s,\x22\xa0\x90\x07d\x99\x0d\x9cwW3H\xd5\xf0\
\x1bD\xa9\xf5}\x1b\xf5\x0b\xb2\xfe\xdc\xfd\x9f\xfc\xd2\xef\
\x7f\xc5\x13?\x89\xa5\xc5\xc7\xe6\xc4\x9a_\xfc\x81\x9f\x5c\
<\xd3;\x10\x89\xbc\x94\x88\x224\xf2\x9c\xb9fz\xda\
\x02\xc0\xc4f{\xf9\xc6\x9d\xd8\x00\xaa\xbf\xbbV\xb7\xbb\
T\xe4UPX\xa7Z\x03\xc2\xf5]+\x83\xcb\xf2\xc2\
[E\xf0\x88z\xc1\xcb\xd0?= \xcb\x22\x92\xbd\xd7\
\x9cI\x88\x08\xea\x15\xcey\xe4y\xb0\xdc\xa12\x8a\xd6\
\xdd\xa1\xca\xebQ{\xef\xe9\xe6\xcc\x0dm\xbf\xb1\x0c\xcd\
\x15i\x92\x86B\x9c\x93E\x82\x9e\x07\x92$A\x92$\
\xe0\x8c!\xc3\xa1%e\x14\x85CQ\x14\x03\x8f\xf5\xa6\
r\x9f\x9f\x030\x1c\xb1ra\x92\x1c\x99\x13\x98\x94\xd0\
\xceZ8\xbap\x0c\xc7\xe6\x8e`va\x16\xb3Ks\
\xc8}\x06\x0f\x0f\x0f\x85\x9aR\xec$\x1c\xba\x171\x85\
\xcas\xa2^\xe4\xb3\xb4\xe4\x0a'X\xb5\xfd=\xb1h\
\xca\xc8d5\xe2U$\xd10\x81Lu\xbaVi\x11\
\xd2\xedB\x15\x8eS\xc8\xfb\xecF\xa2\x95\x83xa\x82\
1&x\x8a\x06\xb7\xf8`1d\x82cA\xce\xda\xab\
\x90/s\x9d\xfbM\xeb\xbdx\x88\x08\xc4\x97\xb9\x99\xdc\
\x8b\x84\x87\x8e\xf0\x83S\xfa\x03\xb7\x05e3\xa8\x81\x82\
*3X^\xa6\xea\x06\x9e\x1f\xbc\x03$@\xa5\xd4\xc0\
et\xb8\x8ah\x976P\x85S\xe4^`l\x88\x0a\
\x7f\xe7\x9b\xdf\x01%\x8c\xab\xde\xf4Z\xa4\xf5\xe0\x0c \
/\xec=\xd4sb8R\xbb|\xa6\x83\xab\x887\x11\
)\xe0@\xc4\xa4F\x0d\xab\xea\x84\x12\xdeGD\xefU\
\xc3?eD\x1f\xd4\xd1\xb1\xbfZ\x05\xb9\xebc\x7f\xf9\
\xb1\xcf\x95\xb6O1B\x1a\x89\x9c\x02Q\x84F\x9e1\
\x95\x95\xd2\xcf\xfd\xd6\xef\xed\xb6\x86\x89\x98\xde\xe6!o\
$\xa2\xd7\x1bk\xbd\xa8n\x11\x11Q\x05\x8b*\xd4\x0b\
U\x9dj\xba\x85\x19'X\xbe\xd0)Z\xb1W\xd1\x99\
\xd3\x9c\x83\xc6\xda\x97'(>T\xb5s\x10\xa1\xc1\xa4\
\xb4\xb2\xb79q\xd4\xb6\xff\x22m\x8dA!\x82\xc4\xd8\
 j\x9e\xb3\xc6;\xb9\xa1\xbd5\x09\x8cI\xd0\x15\x95\
\xe4P\x894\xa1\xd0\xb2\xd2\xb9P\x91?\xec\xa0s\xbc\
H\xe7\xf2\xb4\x86\xe5JD\xca\x10\xb8\xf6E+}_\
C\x01o\x04O\x1d9\x88\x83\xc7\x0e\xe1\xe8\xec!t\
\x5c\x07Y\x91A\x93\xf0\x1e\x87\x02I=)mz\x92\
\x9e\xe7\xaa\xea\xb2\x18mp\x00\x08\x22\xb3\xdf\x0d@5\
D\x9e\x89\xa8{,\xc348\x83\xc9`\xa21\x82$\
I\xd1\xa8\xd7\x91\xa4)&F\xc7P\xab\xa5h4F\
P\xab\xd5\xc0&\xb4\xf6d6 &\x8c\xd4\xea}\xe3\
\x0e\x14\xae\x80w\x1ey\xd1AQ\x14h.5\x91e\
\x19\x9a\xad&:y\x86\xb9N\xab+\x22\xabnO\xd2\
wg\xe2\xb4@\xe1=\x84\x11\x8a\xd4\xa0\x037\x0a\x0c\
@\x06\xa2\x93\x83\xe3.\xe8\xf3\xc9\xa5\xaa\x9a\xbe\xcf\x9f\
\x96\xed@\xdb\xd7\xe1O\xa4\xf6E2\xbb\x1dN\xfb\x97\
/\x1ei\x92\xc2\x17\x19lb\xd1YX\xc4\xed\xdf\xfc\
\x0eH\x14\xaf\xbd\xe6u\xb0\x8d\x04L}E]\xb4r\
\x04\xfdD\xf4\xdf\xa8\x9dI=\xab\xe5\x8c\x07\x11Q\xf7\
\xbc\x07AI\x89\x946\x0a\xe9\x06\x85\xbeF\x15\x9d\xb4\
\xb6\xea\x0b\x1b\xdf\xb0\xfa\xee\xdf\xf8\x9bO\xffYa\xf4\
\xe9\x85\xaf=\xfct\xf4!\x8dD\x8eO\x14\xa1\x91S\
\xa6\x12\x9f\xbb\xdf\xf4\xdeK\xff\xe5[\xdf\xb7\x95\x19?\
D\xd6\x9c\xc7D\x97\x98\x10\xf03\xce;\x10@\xce\xf7\
\x19d2uC\x98\xdd\xeb\x22\xf7\xa6\x17\x81\xde\x05\xa7\
'Z\xca\x8be\x19\x1d2\xdd\xca\xe0*'\xb1\xef\xb2\
\xa8}\x17\xd3R\xd8\x9c\xcc\x5c}X\xe4\x0d\x8b%\xc3\
\xfd\xb1\xb1\xc1\x9c5F\xb8(\xa6l\xf4P\xb3\x85\xa2\
(H\x8a\xe0\x93\x98\x94ET\xa2\xd5\xfe\x86\xf7\x99$\
D\x87\x0c\x06\x85\x83\xf7\xa1#\x90/\xa7q\x1b\xc9(\
\x0c\x92r<B\x1e\xa3s9\x88{Q\xa8^4\xaf\
\x8f!\xab\x00c\xca\xe2\x12x\xa8\x00\xc6\x96\xbe\x95\x14\
\xa6\xfe\x9d:\x00\x8c4\x19\x01!\x01Q\xd1\x8d\xdc*\
)\x5c\xe1\x90\xda::y\x06!)#kRF\xf5\
\x00\xad\x8e\xae\xabz\xd7W9\x91\x83\xdbUx)\xb7\
\xc7\xf4\xb5\xdf\x14\x90UdE\x06\x9b2:E\x07\x99\
kcf\xfe\x18\x0e\x1e9\x88\xb9\xe6\x22\x9aY\x079\
\x5coZ\xb4V\x8e\x07\x0b\x18\x0c\xef\x8b pJ!\
6\xd8^T`\xd8\xc0\x94y\x8d\xbe(Pc\x0b\xf6\
\xd2\x8dT'\x89A\xbd^\xc3\xe8H\x10\x95\xe3\xe3\xe3\
\x18\x1b\x1f\xc7\xda5k156\x8e\xb5\x13S\xa8\xa7\
5\xd4\x1bu\xd4j54\xea\xf5 8\xc9\x80\x99a\
M\xdaK%\x80/\xf7Ma\x0c\x83\x19`\xd3\xcb%\
U\x0d\x15\xf7\xcey\xb8\xbc\x83\xc2{d\x85\xc3\xd2\xd2\
\x12fgg\xb1\xb8\xb8\x88\xa3G\x8f\xa2\xddnca\
a\x01\xcdN\x0bG\x16fP\xb0G.\x0e\x9eB\x81\
\x95)\xc7O\x08p\xb9\x07w\x97/\xcbr.\xa5\xcf\
\x1b6\x9c5CI\xb7e\xe1S\xf59\xb1\x9c\xf4\xbf\
\x1b\x99\x97\xc1\x97\x97Q\xe5\xea\xffl\x08P\x0fc\x19\
\xe2<\x18\x09\xb2\xb9\x02\xb7}\xfd6L6&q\xc9\
\xab.\x85m\xa4 K(\xd4CT\x82\xf3Tu~\
\x0e\x7f\x1e\x87\xca\xe9\x0d\xf8\x84\xcd&\x86Qyf\x1a\
O\x97\xdd\x9f\xf5\x09|\xc5\xca\xe9\x0e}\xab\xf0\xde\xf7\
o\x05\x05\xdf\x08\x1d\x03\xe1\xbd\x0a\xbc\xc7\x18\xfe@\x22\
t\xa0\xfe\xda]7|\xfcs\x9f\xbe\xe7\x1f\xbd\xe3\x83\
w#\x0a\xd1Hd\x19Q\x84FN\x04\x01\xc0\xbf\xfa\
\xcdO\xad>\x96t\xda\xebx\xf2m\xbf\xfc\xb6\xf7]\
\xeeD\xde\x9e$\xf6\x12\x22\xaa\xa3\x9a\xe6S\xff\x02g\
0\x9e\x88g\x1eey\x16T\x869\xe1B\xe2\x05\xc6\
\x1a\x88s\xc8]\xa1\x89e\x90/;\x0c=\x03?S\
\xa0\xec`\x03\x023\xc12w\x05C\xd5\x9b~\xb0W\
\xfc\xf3\xb3\x9fL\x06J\x8a4\xa9#4\x9aZ^\xe8\
$\x0at\x8a\xbc\x9b\x97\xd9/\xa0\xc9\xf7\x06e`\x90\
\xa4\xb7\x8d\xc2\xa1%h\xb7}\xa6Q0\x19\x90\x15\x10\
\x0b2j\xe3\xa9#\xc7\xf0\xd4\xa1\xc71\xbb4\x87\x85\
\xe6\x1c\xday\x0bH-\xc8\xa6P&\x90\xd5\xae '\
\xd6\xae\xd6\xeeZ:u7\xa0\xec\x0b/\x1a\xf2J\x0b\
\x07Q\x06\x89\xc2z\x03k,&\xc7\xc6\xb0~\xd5\x1a\
\x8c\x8d\x8fc\xe3\x86u\x18\x1d\x1b\xc3\xaa\xa9)\x8c\x8c\
\x8eb\xcd\xea\xd5`N`\xad\x81%F\xcd$0D\
`\xee\x9b\x8eGU\xa8dJ\x7f\xd0j<\xa44\xc8\
\x0f\xe2\x9fH!>D\x01\x0d\x85(g\xad\x9c\xa2f\
3Y\x0e\x14CD\xe0\x5c%\xb4\xa9O\x84.\xe1\xe8\
\xe2<f\x17\xe6qtf\x06\x0b\x0b\x0b8x\xe4\x10\
\x9aKM\xcc-.`\xb1\xb9\x046\x09P\xfa\xd1\x8a\
\x86\x81\xe7\xbe\xe2\xb3\xa1\xa3\x8d\xe5\xe7\xa3\xc7\xc01\xef\
\xbf\x89\xe9F\xf1eh\x19\xbd\xc8\xf5\xe0Ag$\x9c\
BEQ4\x1dn\xf9\xf2-\x18\x19\x1d\xc5%\xaf\xba\
\x14\x9d\xa2\xc0H\xa3\x81V\xd1\x06\xa4\xb2\xb5:\xf19\
\xccz\xe29\x04\xd6\x17v\xaa\x7f0\x9f\xf6\xf8\xaf\x19\
\x18\x82^]\x19\x00\x18\x06\xb6)\xe1,\x06\xae\x02\xe1\
\xd0\x0d_\xfc\xbd?-\x8ab?An\xbey\xe1s\
\x0f_\xb0\xff\x02\x9a\x9e\x9e\xf6\x88\xc24\xf2\x0a'\x8a\
\xd0\xc8\xf1\xa0\x7f\xf6\x89\xcf\xac\x9fH\xd2\xb5Dx\xeb\
63y\x8e'\xbc\x19\xaa\x1b\x8c\xc8\x14P\xf9\xc7\x97\
\xd7/\xc5\x80@8\xd3\x06\xe7\xcfy\xe7O\xe01N\
\x0a\x14E\x01#@\xa7\xd3\xc1\xe8\xe8\xa8r\xe1Es\
\xc7\xea\x84D\xbc\x0et\x99\xec\xa3_<\x05\x13v\x00\
\xc4\xa1\x18\x99\xcb\xb6\x84lB\x91S\x9f\xef\xce\xb0?\
\xa6>G-Je\xa2a\xbd^\x87\xc8rs}2\
\x06*@\xab\xd3\x84\x17\x0fS\xda7\xf5_\xa0Y\xb9\
[\xfd\xde\x1b\xb0\x9e\x00\xad\xc4\xab\x12`k\x16\x9d\x22\
C'o\xa3\xd3n\xe1\x89\xa7\x1f\xc3\xb1\xb9\xc3\x98]\
\x98\x85\xb2@YQH\x01\xaa\x01\xb6\xc6\xf0\xe4\xcaV\
\x92\xfd\x11=\x01\x83\xcam\xe8\xf9\x89\x92(\xe0\xabi\
u\x021cld\x1c\x09\xa7\xd8\xb0n\x1d\xce\xda\xb8\
\x09\xdb6m\xc5h\xa3\x81\xf1\xd11\x8c\xd4\xea\xa1\xe5\
\xa710\xd6\xc2p\xd8\x0fF\xc8\xe1d2 \x1fD\
\xad/\xaa\xf6\xa5e\x14\xd7\x84\x024?`&_\xe5\
\x88\x02\xde(\x98\x14\xc2\xa1\xcb\x937\x0c6\x8c\xc5\xa5\
\x0e\xd8\x00\xc6ZXc\xe0|\xde\xd7\x1aU\xe0\xbc\x87\
\x82161\x85\xd1\xf1I\x8c\xafZ\x83\xf5\x9d6\xb6\
w\xdahu:X\x5cZ\xc4\xc2\xd2\x12fgf0\
\xd7\x5c\xc4\x93\x87\x0f\xe1\xa9C\x07\x91e\x19\x88MH\
\x0by\xbe\x0a\xf7\x94a\xc9\x0e\xb6\x05\x95\x02+G\xe1\
\xcb\xe3-\xe1\xae$M\x13\x1c<t\x10_\xfd\xeaW\
121\x8e\x1d\xbb\xb7C\xbd\x04G-\x0cV\xcd\xf7\
/\xe5\xb9\xa7\x9f\xbc\xa8 \x90\x00\x04\xa3@\x03\xc0\x0e\
\x00\x1f\x19\x19o<n\xd8\xbc\xe9]\xa3\xd7\xdd\xe36\
\xf9\xdb?z\xe5'\xbf\xf1\xf3\xef\xfc\xa9\x993\xbd\xb1\
\x91\xc8\x99$\x8a\xd0\x08P\x8a\xc9\x9f\x98\xbe\xb1\xd6\xbc\
{\xb4\xd8\xf3V\xff*c\xf1*\x80\xdeYK\xedF\
\x00\x97\xa9R\x93\xa0\xe3\x12\xa2/\xddKI7\xafm\
(B\xf5|#C9o\xe6\x85\x8b\x84\xe8q\x1el\
\x01\xbaH\x8ao\xa9\xe0p\x9e\xe7\xd6\x15\x9d\xeff\x9d\
\x8cW\xad^u\xc9\xc2\xa1\x99\xbfR\xcb\xffT\xbd\x5c\
\xae\xaa\x0d\xf4j\xcdA]\x05y|\x81\xc0\xc4\x90r\
\xba\x95\x98^\xf0\xc0n\x95\xa3\x9b$I\xb7\xfa{\xd9\
>\x8b \xcf\xf30\xa5OAT\x82\x82\x14\xec\x8f\xcc\
\x06\xab\x9f\x9e\xafdO|J\xd7D~v\xfe\x18\x8e\
\xcc\x1f\xc6\xc1\xc3O\xe3\xe8\xdca\x14R\x84eZ\x85\
5\x84\xcceH\xea\x06lm\xd7\x92+(\xcc`i\
U\xa5\x22Pye\x07\x18,eA\x910\x12fL\
\x8dO`\xe3\xba\xf5\x98\x9c\x5c\x8d\xdd;wbrr\
\x12\x93c\xe300 e\x18p\x88n\x82\xc0\xa5\xb3\
\xba\x14\x02WM\xe3\xfb\xe0\x06\xe0\x9c\x87\x88\x07\xb3\x09\
-R)Xh\x85\xde\xe5\xd5Wf\x7fu{9\x1d\
\xcf\x0a\xc3\xa1\x82\xbe\xdeHaRFb\x13p\xc2p\
>\x0f\xe2\x94\xb2 n\xbd\x0f7\x1c\xa5\x08v^\xb1\
\xb0\xb0\x80\x99c\xc70\xb7\xb8\x80\x99\xf9\x19,,\xcd\
c~~\x1e\x0b\xcd%,-.\xa2\x90P\x04\x97\x89\
CV\x14(\x5cQ\xae\xbf\xbf\x05\xe7\xf3#D\xd9\x18\
\xf4n%\x05\xa2\xbe\xaf(m\xa8\xfb\x92\xaa\xe6E\x11\
\xc4u\xe1\xd0\xa87p\xe8\xc9C\xf8\xb3?\xf9S\xfc\
\xbd\xf7\xbd\x17\xdbwn\x05[\x86@\xc2\xcd\x83v\xcd\
\xec\x87\xc3\xaf\xc7\xfd\xf3%J\xb7s\x93B9\xcf\x8b\
\xed\xd6\xcaYI\x92.\xc0\x9b\x99\xf1\xfa\xd8\x03\xbf\xfd\
\xa5?\xf8\xb3\xa2\xc8\xee\x9a\xbd\xe5\xb1o\x01\x90X\xd0\
\x14y\xa5\x11E\xe8+\x99\xd2\xcf\xf3\x17o\xb8ab\
\x16(&9\xfd\xa1u\x9b\xfc\xab\x0b\xe8\xb5IZ+\
@\xb49\x97\xeew\xe28\xa1t!\x22\x0a\xf65}\
\xc23L\xef\x96^\xdf\x84\xe3\x86\xeaN\xd6v\xb2\xbf\
k\xcc\xc0\xfb\x86&\xfb\xbd\x0c\xe7lu+N\xca\xd7\
\x0f\xae\xdf\x97E'\x86\x83]\x8de\xc0y\x1fD\x98\
\x08\x9c\xf7\x9a$\x09\x98\xc9yQ\xb2\x86f\x8bvg\
)Ik\x9f_ZX\x98\xaa\xd5\xea\xff\x0b$\xd6\x17\
\xf2y\x00\xc8\x1e8p\xd8n\xd8\xb0\xe1\xe8\xddw\x1e\
\x9c\x9c\x98\xfa\x07h\xb7n\xeet\xfc;r\xdf^\xf4\
\xe2\xdf\xa6\xa2\x86V\xa8\xcaa\xe10\x06$\xcb\x8ax\
\xd80\x8c9\xb5\x18\xf2\xf2v\x91'\xf6Q\xac:\xee\
0s0}\xa7\xd0\x124IS\x8c6F\xd0\x91f\
\x88lR\xd5o\x5c\x90\xa4\x09\x96\xdaK\xc8\xf3\x1c\xa9\
\xa9\x85)\xe92\xd1 \xcf=\x0c\x08\x9c\x10\xd82\x0a\
) \xaa0\xa9\x81\x04\xd3$\xb4\xb2%\xcc.\xcc\xe2\
\xd0\x91\x838\xb68\x8bv\xbe\x84v\xde\x86\x87\x03\xa5\
egs\x128\x11\x88\x01:>\x07|\x0e\x80a\xad\
\x05|\x9f\x9dB7\x99\xb8*\x00S@\x14\xab\xa6\xd6\
`\xe7\xb6\xed\xd8\xbcn\x13\xd6\xacZ\x8d\x0dk\xd7!\
\xb5\x16\xa6\xfaj\xeb\xa0\xdbF5+\x0ax\x11\x90\xe8\
\xc0\xd8\x8b\x08D\x00\xef|\xe8\x98\xd4\x9fK94\x1d\
\xdf;\x1f\xb9\x9b\xf3\xe9|\xf0q\xb5\x961\xda\xa8a\
jj\x02#\xb5\x11dE\x07\xed\xac\x83\xdce\xe0$\
tuJ\x92\x04\x1e\x1e\x85w\xe8t:8|\xf80\
\x0e\x1f>\x8c\xa7\x9ez\x0aG\x8f\x1e\xc3\xcc\xcc1\x08\
\x80f\xdeB.9D\x04^C\xaei\xe8\xf0D\x10\
/]_\xd2\x95 \xc8\xb2\xe3/C\xe7K\xd7\xb7\xf4\
8~\x9aT\x09P\x0a\x05n&\xb5p\xce\x97\xf9\xad\
\xa4\xfd\xbd\xe7\x89\x08iZ\x13\xa8w^\xe4\x18HG\
A\xfcxs\xbe\xb9\xf5\xefn\xf9\x96<\xf4\xc8C\xa3\
\xeb6\xae{rdrd\xd3\xe8\xc4\xa4\xd4j\xb6>\
11\x01\x97u\x90\xa4\xe92\x0f_Q%\x22\x86\xf3\
\x1eij\xe0\xbd_\x9e\xb3\x8d\xa1\x22\xb8\xa1\xfd9Y\
`\xf5d>\xa2'yz\x854\x94\xa1\xc2\xb0\xde\xf7\
\xcf\x80\xa1\xaew\xdef\x85[\xcdlW\xabb'\x08\
oI\xd3\xda\xd3\x1b\xaf9\xe7\x0f\xad\xe1\xefN\xbfq\
\xfaO\xa6\xdf4\xfd\x92\xf5\xb7\x8aD\x9e)Q\x84\xbe\
\x02\xf9\xc5\x1bn\x98|\xe8\xe9\xa7\xdb;\xd6\xee\xbe\xd0\
~\xf2\x8f\x1a\x96\xf8\xc7\xd6\x90^\xcd\xcc\xe711\x1b\
cH\xe0+K%])\xc1q8\xf2\xf9BGB\
O\xa5\xea\xfaD\x84\xaag\x02\x11)1\x95\x11#\x82\
\x02>w\x0e\x00\x8e\x88\xf8\x07\x00\xbeEEf\xe1\xe9\
;B2\xdb\xd1\xa3\x0f\x18Mwi\xbb}@\xeb\xf5\
\xb3\x7f\xf1G\x7f\xf4\xe9\xff\xf8\x07\x7f05==\xed\
\x00<Y.\xfe\x13\x00\xb0\xef\x0doy\x92\x18_o\
4\xea\x13E\xdb]\xe0U\xc6\x01\x18U\xea\xc5~\x8e\
CeN\x0f<\xf3\x22\x8bg\x0f\xc3\x9a\x04\xd6$`\
5\xf0\xe8]\xfb\xb8+\xb0\x5c\x10\x98V@\x14\x22Y\
J\x8245\xa1\x9f}!\xb0\xd6\x80R\x82\xa8C\xee\
2,v\xe61\xbbx\x0c\x8f=\xf9\x08\x8e\xce\xce\x80\
-\xc1\xa9\x0b\xcb\xb7\xc1\xa8^\xe0\x83EW)f\x86\
\xdd\x04\xd4)RJ\xc0`\xa8\x17\x18\x10\xc4)F\xd2\
:&'Wa\xf5\xe4jl\xd9\xb2\x0dgm\xdc\x82\
\xd4&H\xad\x05+\xc3/\x09:\xc8AT\xf4\x9d'\
\x0c\x9f\x17P\xa5\xae\xbdR\xff\x18\xf7\xb7\xc4$.\xdb\
ev\x0fW\xe5\xd9\xda\x1f\xf9\x0c\xe6\xefL\x04c\x19\
\xa9IQ\xab%X\xb5j\x02\xe3\xa3c R,6\
\x17\xd0):A@\x19\xa0\x93\xe7Xj-b~i\
\x11\x07\x1e~\x00O=\xf54\x8e\x1e;\x8c\x85\x85\x05\
\x00\xa1X\xac{.\x10 \x86 \x86\x00c\xc0\xa5\xcb\
\x97\x93P\xc0\xa6PX}\x86\xd1N\x19\x14\xd1U\x91\
\x10\x97~\xb7'=S8\x81\xb5\x80s\x83\x95\xf3\x08\
Y9\x19\x94\xbe\x062\x7f\xd5\x9e9\xf4\x89t|\xdd\
\xc6\xc7\xf7\xdf\xf5\xd8EW\xbf\xeem\xb3\xf7>\xfc\xf9\
\xd5\xeb\xd6\xbeza\xc9\xdc:\x9a\xea8\xc6\xcdD\x91\
\xf9=\xedv{S\x91e\x1f\xb2y\xb1\x0e\xc0\xceZ\
\xad\xc6\xc4\xc6&\x86\x85\x89,\x19\x82Y\xae\xb4\x07\xfe\
\x1e\xf6\xa4\xad\xf6\xa7\x1a\xc3\xd3\xf79z\x86\x90\x90\x88\
Ch\xbe\x0a#\xc0\x96\xd4&?O\xd6>\xba\xcd\x5c\
x\xf5'\xbf\xf2\x99\xbbT\xe4\x0e_\x14\xc7\xfe\x8f\xb7\
\x7f\xf8\x01\xf4\xe7\xa2G\x22/3^\x1e\x93\x1e\x91S\
\xe2\xdak?kn\xba`\xbf\xfe\xd2\xc6s\xdf\xa4\xd0\
K\xc8\xe0\x87j\x8d\x91\xb3\x88\xb0\x95\x8c\x81\xaa\x84\xc8\
\x8b\x17:Y\x8f\xf2\xca\xe3\xf0x\x22\x94U\x06\xf2\xbc\
\xaaH]\xffE\x02X^\x1d\xdfc(\xf24\xf4\xec\
r\x11:X4a\x86\x9e\xb7\xc6j\x88\x04\x92\x03\xb1\
\x8a\xcbs\xc3\xf4\x00)\xdd\xba\xd4i%Ltsj\
\xd3\xd9\x99\x85\x85/\xad\xad\xd77\xb6\x1ex\xe0\xe1t\
\xef\xdeU\xf9\xfe\xfd\xc7F\xf7\xee\xda\xfe/\xae\xfb\xe0\
#8\xc5\x0b\xc1\xde}W\xfe\x01\x1c}E\xc4\xff?\
Ni\x94\xc0l\xd3zy\xc5,#\xa1U.\x9dG\
\xf0\x9ft\x02v\x09.\xdcu\x19\xb6m\xd8\x0d\xab5\
P\xa1(\xf2\x02y\xbb\x0d\xf5\x83\xfb\xa7Cj\x7f8\
\x12\xda\xdfjR\x01pb\xcb\x9c\xc62\x12j\x09\xde\
84\xfd\x12\xf6\x1f\xf8\x1e\xe6Z\xc7\xe0)\x83P\xd9\
\xc3\x8a\x18\xc8-Fy\x02\xaf\xbb\xf4\xf5X7\xb6\x1e\
Fl\xdf\xb2\xb9\xec\xe9.\xd0D\x91\x15\x1d\xcc\xcc\x1f\
\xc3\xe3\x87\x1e\xc7\xcc\xfc\x11\xcc\xb5\xe6\xe0Qv6d\
\x02\xd9\xde\xf6\x09\x9d\xe4fE\x19\x89\x1a\xb0'\xf8\xa2\
\x00\x09\xe3\xac\xf5\x1b\xb0n\xcdzl?k'6\xae\
\xdb\x84\xc9\xf1\xd5p\xb9\x87\x17\x09\x85,\x86A\x9e\xe0\
\xc5\x87|[\xedE\x8bE\xa4'4\xb9\x17\xc1\x1c\x18\
/\x13\x1e\xaf\xc4\xa0\x01\x87*\xfb22\xdd3\x8b\x0f\
mK\xade\x14E\x86\xc6H\x0dk\xd6\xac\xc1\xc8h\
\x1dD\x8a<\xcb0\xdf\x5c\x80\xa7\x10\x0d;67\x83\
CG\x0e\xe2\xc0\xa3\x0f\xe3\xde\x87\xee\xc7\x91c\x87\xbb\
Q2\xcbT\x162\x0dE\x02)D\x22\xb5\xec\xce$\
T\x0aP\xf4uj\xe2\xe3\x17\xcf\xact\x836\xfc\x18\
q\xaf\xf3\x96\xaa\xc0v\xcd,z\xc5V\xe1<(_\
\x0f\x81\xaa\xaaH\x01\xe7\x8b\xf2y\x12\x82\xce<t\xcf\
m\xebO\xf4y\xf8\xc8\xbf\xfd\xb7\xdb>\xf6\xef\xfe\xdd\
\xe3\xff\xe7\xc7\xff\xd3\xa5\x0f~\xe9\x9b\xdf\xbb\xec\x07\xdf\
\xb8\xfb\xbb\xfc\x95\x07//.\x9f\x10\x1e\xbf\x9c \xbb\
TtsRK\xcei\xd4\xebk\xd2\xd4n\xb3im\
BI\xd7'\xd6\x8a\xf3E\xa8\xeaRP\xdfq\xa3\xd0\
\x14\x82\x07,\xba\xfa\xc7\xb0{:\xad F\x85O^\
\x1cu\x22\x96\x15&\x0d\xaf\xe3d\xb6qC7\x11\xd6\
\x1a5&|\xbe\xbc+\xd4*\xdd-\xa2\xdfq\xde}\
\xda\x13\xdf\xf9O\xdf\xfa\xa1c\x88D^\x86D\x11\xfa\
2\xe6\xdak\xaf5\x00\xb0\xfb\xcd\x7f\x7f\xab[*\x8e\
\xd4\xa6\xea\xef&\xe8\xeb@\xf4v[OvC\xd5\xd4\
j5xU\xeao\x0dID\x109\xf1\x97\xe8\xf1D\
h\x05\x0dO_\x9e\x1e\x11\xaa\xc3\x22T\xcb+S\x9a\
\xa4\x0b`j2\xf3_\x18\xa2\xfb\x8b,{\xc2\xa8\x1e\
\xf6DG\x16\xe7\xe6F\x93z\xfd\xde\x1a\xd1\xda\x7f\xf5\
\xfe\xf7?\xf4\x5c\xc7\xfd\x82\xcb\xaf\xfa\x0d%\xfd}\x16\
~\x7f\xee\xf5\xef\x8b\xf7\x9b\x92Z#4\xd7>\x8d\x22\
\xb4\x12\xa0\xc0r\x11*F!V\xd0A\x0b\xfb\x0f\xdc\
\x85\x99\xa5\xc3p\xe8tE(\xd8@2\xc5\x08\xc6q\
\xe5\xa5Wa\xe3\xd4fX\xb1\xa02\x84\xa6\xec\xa0\xac\
Xh.\xe0\xf0\xec\x11<y\xf01,\xb5\x97\xb0\x98\
5\xe14CZ7\xa18I\xcb\xaeC\xa5\xb9{W\
0t[R\xea@\xa1\x13\x00\x900\xd8\x1b\x8c$\x0d\
l\xde\xb0\x19;\xb7\xef\xc0D}\x0c\xeb\xd7\xac\x07\x09\
\xc3RZF5i \x1aF\x1a\xa2\xdd=;\xa2\xc1\
\xde\xebL\x0cT\xa2o\x05\x91\xc0\xd4[^%B\xab\
\x8as\x9br\xb7J_HPoX\xacZ5\x89\xb1\
\xc91Xk\xe0\xc4a\xa9\xb9\x80V\xab\x85\x5c=\x8e\
\xcc\xcd\xe2\xde\x07\xef\xc3\x9d\xfb\xef\xc2\xc1#\x07\xb1\xb0\
\xb4\x08\xdb\x08S\xf1i\x9a\x0e\xe4\x91\x8a\x1f\xce\xb1\x0c\
y\xb0\xfd\x11J\xa5\xaa/{\x99\xa2 '\x10J\xc3\
7\x90$\xcbEh\xb9\xafl\x0cD\x0a0\x9b\xd2w\
\x95\xcb\xcf\xf2\xf0\xe7\xaf\xeah\xe5\xd5{\x07/\x0eD\
\xea\x15\xb8\x0b\xa2\xbf=\xef\x16\xfeh\xe6\xc0\x81\x85S\
\xfc\x88\x10\x00\x9d\x9e\x9e\xb6\xd3\xd3\xd3\xfeW\xfe\xe7\x7f\
\xbd\xe0\xd1\xf9\xbb\xef\xdb\xbd\xe6\xa2K\x12\x9bf#\xf5\
\x11\xb6\xb5\xe4|\x15\xecH\xebf\xdc\x8b|?3e\
\xde\xcb\xf9*JPm\x10\x13\x8b\xc8\x80\x08EU(\
\xa9z\x5c\x91X\xdd\x8c\x9cq\x11\x0a\x0c\x08QU\x81\
\xb1\x16\x00\xd4;\x87\xd4&`\xa0\x0d\xd5GT\xf4^\
\x00\x9fs\xaa\xb7\x1f:\xf6\xf0\xed\x9bf7\xe9\xf5\xd7\
_\xef\x10\xa3\xa3\x91\x97\x01Q\x84\xbe\x1c)s=\x7f\
\xe1\xe3\x9f^\x0f\x9f\xec\xac\xd5\xf9\x8d\xb5\xb4\xb6\x93@\
\x1f\x00i]\x888\x18\x85\x87\xaf\xd2\x95\xa3R'\x9b\
\xee\x93\xc1\x8e-\xc3\x91\xa5\x93\xf5j?I\xa4\x95\x97\
\xe5\xe0\x0dF\xaf\x08\xdd\x0b\xab\x02\xa1\xc0&\xcbs$\
l\x04L\x1e\xe2\xbc\xaa\xce&I\xf2\xedN\xbb\xad\xa4\
\xfc9\xb2\xb4\xa8\xf3\xf3\x7f\x82\x89\x89\xa9\xbb\x8d9\xf4\
\xeaN\xa7\xfe/>\xf8\xc1\xe6\xf3=\xfc\xbb/~\xed\
\xfa%,5Wi\xe3<e\xfb\xeb\xde\x15W[[\
#&\x13\xf2g\x99\xa9\x1a\xf3\xd0QR\xa1E\x10\xa1\
{w]\x86m\x1bw#\x95\x1a\x90\x0b\x5c\xe1Pt\
2\x88\xab\xa6@\xbb=\x97Ni[\x8e'B=\x0b\
\x90\x02\x05\xda\xd8\xff\xe0]82\x7f\x10\x05r\x08\x07\
\xc3z\xef\x04\xa4\x8c:\x8f\xe2\xbc\xed\xe7\xe3\xa2\xb3/\
\x01\xf2\x10\xfb\x22V<v\xe4\x11\x1c\x9a=\x88\xa33\
G\xd0*\xda\xc8}\x1e\x22|\x14,\xd5\x97\x15\x92\x95\
\xe2/\xe4\xa42ZY\x1b\xd6X\xa8\x07\xa4p`O\
\x18\xad\x8f\xa2\x96\xa4X5\xb1\x06;7\xee\xc1\x9a\x89\
uX\xb3z5,\x1bx\xaf\xdd\x08lp\x16\xb0}\
\x82\xbe\xdcG\xe9\xfd]uG\xd2\xa1\x9b\x9dJ]\xd0\
\xd0\xef4\xa9\x97\xaf3!w\x18\x04c\xa9\xec\x86\x14\
\xaa\xc3Ur\xa4\xa9\xc5\xf8\xd48\xc6\xa7F0>5\
\x0e\xa7\x82\xa3s3h\xb6\xdbhe-\x1c\x9d=\x86\
;\xef\xd9\x8f\xdb\xf6\xdf\x81\xa5V\x13\xad\xac\x85Z\xad\
\x16\x8e\x5c\x9f0\xd1!\x1f\xcaa\x91\x98g\x0e\xcc\x04\
Cf\xe0\xc6\xadj\xae\xca^`\xa4'\xc0\x06\xde_\
\xe6\xfd\xf6\xbb\x0a\xe4y\x0ec\x18\xc6X0\xf3\xc0M\
\xa6\xb5\xd4\x15\xe9\xdcu#\xe8u\x94\xaa>o\xd5\x0d\
\x9dj(\xdcR\xf8\xb6\x88\xfeg\xaf\xf2'\x8f\xdd{\
\xdbmx\x8e\xa2\xe8\xa3\x9f\xfdh\xe3\xe7\xaf\xfb\xf9\xce\
\xaf\xff\xbf\x9f\xdc\xb6t\xe7\x13\x8f\xaf\xbfz\xf7\xd9\x9d\
\xa3G\x1e\x9bX\xb3\xe1\x22Q]\xcfd.%\xc2\x0e\
\x10m\x07c\x97w\xb2\x83-C\xbdR\x92\xa6\xf0\xde\
!MR\x14\xae\xa8\x84}o\x048t\x9f\xaa\xdc\x08\
\xaa\x9c\xde\xfe\xe7\x07>7'\x99\xca?in\xfb3\
l\xa0\xd1\xbf-!\xe7\x99\xc0e\x1fWUU6\xdc\
qy1g\x93\xf4\x0fT\xdc]\xad\xa337-\xec\
_\xc8b!S\xe4\xa5N\x14\xa1/\x1f\xe8g>\xf6\
\xfb\xe3\x07\xbf\x966\xb7\xbf\xb9s~=ml\x86\xc8\
\x07\x94\xf0F\xcb\xf6,cM\xb7J[\x08TU.\
\x1f\x9f\x13\x8b\x9c\xe1/\xd9\x17Z\x84Jy\x01\xac\x22\
8\xa4^\x99\x08\xc4FT\x05##\x8d';Y\xbe\
.1\xf6\x1b\x00\x1e.\xf2\xf6\xdd\xe2\xfdAK\xf4\xc0\
R[Z^\xdaO&\xd6N\xfc\xca\x87>\xf4$N\
\x0f\xbcg\xcf\x9e\x84\xeakw1\xf3\xff\x9f\xd8\x9e\xcd\
\x00+\x87z\xa5a\x11*\xa5\x08\xbd\xe04\x89\xd0*\
\x12\xea9\xc3\x03\x8f\xdd\x87\xa7\x8e>\x8eB2(\xbb\
P\xd1\xee\xc3\xaajT\xc7\x86U\x1bq\xe5\xe5W\xc2\
\xb5=f\x8f\xce\xe1\xc8\xec\x11\x1c^x\x0a-\xd7D\
;o\x87M1\xda'^\xb8\x1b\xa9\xadR2\xb8\xf4\
\xacR\x09\xf9\xb8l-\x9c\x13\xf8\xc2!Q\x83\xb5\x93\
k\xb0u\xf3Vl\xdf\xba\x13\x13\xf5\x09\x8c&S0\
\xaeW\xa4EL\x03\x91\xa3*G\xb3\x1ba\x97\xc1\xbf\
\xbb\x9d\x91\xaa\xe6\x05\xcbDhi\x9a_>\x9e\xa6e\
\xbbTN\x10\xea\xff\xc3\xd4{\xf0\xf9\x14$5\xc6\xc4\
h\x03S\xab&12\xd9@\xa69\x16\xda-4\xdb\
-8\x15<\xf4\xd8#\xb8\xed\x8e;p\xf7}w\xa3\
\x95u\x90\xb3\x07\x99\x13\xf8\xd7V\x05`\xa5\xd8Y\x96\
\xfe\xe2\xcb\x9b\xae\xb2\x90\xaaB\x0c\x81\x94\x91h\xc8]\
\xed\xcfo\xed\x16O1\x0f\xdcX\x0a\x01E\x9e\x97^\
\xa6\xa5\xe0\xe4 n\xab\xf6\xa3\xe5\xdb\xba\xe9\x07\xd5w\
C\xbf\x08\x0d\xeb\xa8>\xe8\x02\x15_8/\x9f\xc8\xf3\
\xe2\xbf<\xf1\xe0m\x07\x9e\xe3\xe7\xe5\xb8\xdc\xf0\xe77\
\x8c\x5c\xff\x9e\xeb[\x1f\xff\xdc\xa7/\xb4\x9e\xe7\x9c\x91\
)[KV\xc1\xeb>\xb2\xe6,\xf5\xfe\x9azc$\
uEqA\x9a&\xb9\xf7\x1e\xce\xf9TI\x89\xca\x8a\
%\x0f\x1f\x22\xa4^h%\xe1~\xfaE\xe8\x89\xda\x86\
\xf2\xb2\xc8\x00\x11\xa9\xa8\xa8e\xf6\xe253\x8a/\x02\
\xb8\xc38\xfcy\xee\xfd\xd1C\x8b\x8f>UFH\x0b\
D\x22/!ba\xd2K\x1b\x02\xa0?}\xc3\x0d#\
\x00\x0a\xeb\xf5\x92\xb3\xbf\x9f/V_\xbf\xbe\xdeh\xd4\
Ee\x0f\x00XcQ\xb8\xe2%m\xc5GDe7\
\x1a\x93\x1bf\x10d\xc9\xb2Y\x00\xd1\x03\xce\x17\x9ce\
\xf9W\xf2,ky[|\x89\xc3l\xe5\x9d\xe8tV\
\xff\xf2\x87?|\xe8g>\xf6\xb1\xf47>\xf2\x91\x0c\
\xc0\xe2i\xdcd9p\xe0@\xb1\xe1\xe2\x91\xc7V\x99\
\xf19\xd2\x13G\x89\xaa\x8e?\xaa\xb2\xac\x12\xbb\xda\xff\
\xf2_\xe5\xeb\x9f\xebx2T\x1d\x88\x83W\xe8\xf0z\
\x12c \x00\xbcz\x1c]<\x82o\xdeq\x0b\x16\x17\
\x9b\xe8\xb4\xdap\xaa\x10\xcaK\x17\xfd\xb2\xa2\xbe\xeb*\
UN\xd7\xf7\x99R\x91\x02\xea\x15P\xc0\x92\x05k\x02\
\xe9\x00\x0d\xdb\xc0\x96m[\xb1s\xdbNl\xda\xb0\x19\
),,1\xd41\x8cX\x10\xfa\x22vJ\x03\xc5A\
U\xa7\x1f>i%\x5c\xf5\x1e\x1d\xfc\xbb[nW\x0a\
0\x10\x18\x5c\xdd\x15\x80\x8c I\x0cl\x12*\xf5\xd7\
\xad[\x834\x09F\xf4\xf3K\xf3\x98\xcd\x17\xd1Q\x8f\
{\xee\xbb\x17\xb7\xde\xfe]<\xf1\xd4\x93h\xe7\x19:\
Y\x06\x93\x1a4j\x0dxh\x19A\xd5\xae!\xfd\xb2\
\x5c\xd4\x15\xc4\x0cih\xe3\x1a\xfe+S\x0c\xfa\xd2+\
\x08@\xc3\xd4CDx\xf8\xfd\xa5\xa8lu:\xbds\
\x8b\x80\x82m\xf7\x1c\x13\xd5p\xfe(Bo{\xa6\xd0\
!H\x09\x8a`Me\x94\xcb\xa9\xffR\xa8\x87m\xd7\
^\xfa\x03+[\xe3\x8d\xbaM\xd6\x1fz\xe2\xb9\x9d\x8d\
'\xe6\xfa\xf7\x5c\xdf\x02\x00\xeby\xee\x1f~\xdf\x8f?\
\xf9\xdb_\xfa\xbd\xd1'o\xbe\xefo7]u\xce\x11\
\x08=\xad\xac\x7f\xee\x9c\x9b\xf4\xe2_\xef\xc5\xaeq\x22\
\xe72\xf36\x05R\x10MP\xf0\xea\xac>W\xaa\xaa\
4,2W:6/&T\x95,\x1b\xf2\x22d\x88\
,\x13\xfd=(\xde\xad)~\xd4*\xddqVm\xd7\
\x1f\xe6\x13\xf4=\x00\x07\x10\x0b\x99\x22/!b$\xf4\
%\xc8\xb5\xd7^k\x8e\x5cp\x01]2u\xce\x9a\xda\
x\xbb\x05?\xf2\xfe$I^%\x90\xef\xaf\xd7j\xeb\
T\xc0\x96\x19\xcey\x00\xa0$I\xe0|\xaf\xa2UQ\
\xdd\xf9\xbf\xb0\x91\xd0\xe3\xa9\xde\xe0+y\xb2S\xaf\xca\
\xf1\x0c$&\xc9\x8c!\xb5I\xf2\xb7\xd6\x9a\x99v\xbb\
\xfd\x1dc\xf0x\xee\xfd\xa3y\xb39\x93\xe7\xf9S\x9c\
\xa6\x1b~\xed\x03\x1fx\xf0\xda\xcf~\x96o\xba\xee:\
\x8f3\x0fo\xd9rUm|-_\x0f\xe5\x7fCD\
S\xc7\x8b\x84\xfa\xdc\xc3\xf8\x14{w^\x82m\x1bw\
\xa3\xa6\x8d\x81H\xa8\xfajw\xaa\x88\xd4\xa9}t\x8f\
\x17\x09E\xc2\xc8\xb5\x03\xaa+\x9e>\xf6\x04\xee\x7f\xf8\
>d\xbe\x09\x18\x0f\x0f\x8f\x84\x13\xb8\xa2\x94\x95l\x91\
\xe79\xac\xb5\xdd\x1c<7X!\x1dr\x1b{\xbb\x0d\
U\x05\x97\xd1:V@3\x8f\xd4\xd60V\x1bE=\
\xa9c\xcf\xces\xb1i\xfd&\xac^\xb5\x16\xa4\x0c\x9f\
{\xb0\x86ip\x86A\x9e\x07\xf3\xf82\x82\xbfl\xbf\
*A:\x1cq\xef\x8a2\xe9\x86`\x07\xc6-D'\
\xfbr\x91\x8d\x81\xaa\xc3H\xad\xd6\x97\xc7'\x00\xe5\x18\
\x19K169\x86\x91F\x03ijA\xache-\
\xcc\xb7\x96p\xf7C\x0f\xe0\xdbw\xde\x8e\xfb\x0f\x1c@\
\xee\x1d\xea#\x0d\x14E\xf0>\xa5\xc4\x86\x0eQ\xaa}\
\xc7k\xa8x\xe6\x04\x912\x12Fjk\xa8\x1b\x8b\xb1\
\xb4\x8eZ\x92\xf6\xa4tY\xedo\xa4\x14\xf8T\xb5-\
\x95\x90GJ\xa5\xe7\xac\xf6\x17\x16\x09\x0a\xf1\xf0^\xe0\
\xbd\x83xA.\x0e\xaep\xe5\xf7\x82\x94EP\xbe\xcc\
\x13e\x90\xe9\x8d[w\xd6\x82\xfa\xa7\xe4\x15\xc4,\xaa\
r\xab\xf3\xed\x1fz\xf0\xaeo?\xfe||`\x9e!\
\x04@\xff\xf3\x9f\xdc8\xf5s\xef\xfb\xf0\xfc\xc7\xfe\xf2\
w\xcfO\x8c=Jl\xaej\x8c\xd4\xc6Uh\x07\x11\
\xb6\x00\xb8JXHE\xcf\xf5\xe2\xa1\xaa\xc9P\x1e.\
\xa9\xe9\x15}\x9dJU\xfd\x0b\x1b\x09E\x19\x09\x1d*\
^2\x06y\x9e#I\x92\xeasU\xf9Q\x09\x88\x96\
D\xfd\x8c\xaa\xdeH\x8a\xef\xa8t\xbe\xd1\x9cm\xe6?\
\x7f\xdd\xcf\xb7\xcf\xc0q\x89DN\x99(B_\x82|\
\xe4\xbf\xddxvJf5l\xfa\xbaz\xad\xbe\xcb9\
\xf7Akl\x0aB\x0a\x00\xa6\xdf\x1f\xfd8x\xf8\x13\
_\x08\xe9\xc4~\x95'\xfb\x92e\xd0\x09{?\x1bf\
x\x91n\xe5\xb21\xc1\x0f0M\x12u\x22`V\xb0\
\xa8\x03\xa1\x05\x85(\xd1\x17\x14\xf2\xb0\xd5\xf4&W\x97\
\xa3\xb8\xe3\x8e'\xb0g\xcf\xc8\xf4\x8f\xff\xf8\xc2\xf4\xf4\
4\xbf\x88s\xa3h\xf7\xde\xabv\xd7\xd3\xe4o\x15X\
GdH\xfb\xf2\xf5\xa8\x9cvU\x0f c\xec9k\
/\xf6l;\x0f\xa6H\xc0\x9e\x00/\x90\xc2\xc1\xe5y\
5z\xe1\xff\xcfR\x84R\xe97i\x1b\x092\xcdP\
h\x0bs\xcdY\xdc\xff\xc8=h\x15M8t\xe0\xd4\
\x81\xc8,\x8b\x0c\xa9\xe8\x8a\xf9\xc3\x86\xa8\xeb+\x19\xa6\
<\x15\x96\x13$lPd\x0e5N\x91p\x8a\xed\x9b\
\xb7b\xcf\xb6\xb315>\x85z\xda(\xa7\xd0\xb9+\
V\xab\xc2-\xd6*_\x8f\x8f[EO\xcb\x02\x80C\
bth\xff+\xd1\x10l\xa1\x08\xc6T\xfd\xdd5\x18\
\xe5@\xca\xc7\x08\xcc\xc0\xd8x\x8a5k'\x906R\
dE\x01\x11\x8f\xf9\xa5y\xdc\xff\xe0\x01\xdcy\xef]\
\xb8\xf5\xbe\xbb\xe1\xa9\xafYC\x9f(\x19\xc8\xa9\xc4\xca\
\xa2\xa6\xca\x09]ij\x98\x84A\x0e\x98\x1c\x19\xc5\xe4\
\xc8\x18,\x08\x96\xca\x02\xf1\xf2eFV\xb8I\x5c\xc1\
\xb6\xa9\x7f[\x00\x94\xc6X\xbd\xf5\x86\x1cSA\xbb\xdd\
F\x7f\x0em.\x9d\xe0\x09J\x0c\xaf\x0a_\xb6\xef\x1a\
\xcc\xb1Uo\x88\x0ed\x8b\xc5\xd5\x07\x0e|\xed\xc8)\
\x9d\x90\xa7\x81O|\xee\xd3;\xdb~\xee\xa9\xb4\xbe\xea\
\xbc\xc5B\x0fL\xa5\xc9\xbb\xc12\xe6\x9d\x5c\x93\xa4v\
G\xe1\xfd\xc5iR\xb3E\x917\x8ca-rG\x1c\
nN\xa8\x12\xa7'\xb7\x9a[\xb9\xf0\xb2\xcb\xc9*\x9b\
N\xd2\x8d\xc2\x9c\xa4\xe7\xdc\xf0\x0d~\x92$\x1a\xa2\xdc\
^Y\xf9\x09\x12\xfes\x15\xfd\xf6\xb1\xdc\xfd\xf1\xb7\xe6\
\xff\xbcs\xd3u7\xbd\x18n\xca#\x91eD\x11\xfa\
\x12\xe0\xa7o\xb8!\xf9\x9d\xa7\x9f\xf6\xff|\xe3\x9e\xf3\
\xd24]\x07\xe6\x1f\xf2\x22\xef0L\xbbk\xf5\x9a\x16\
\x85g\x0a9w\xdd\xe3ip\xe6Dh0\x18?\xb5\
\x9c\xd0*\xd7\x93\x89\xe0\x9dS6&\x17\xef\x91Xz\
@\x15w\x81\xf0w\xf0\xb8W\x81\x07\x00\x99\x98~\xff\
u\xb7\x9f\xa1\xc3\xf0l\xa1m\x17\xbd~j\xdc\xf0\xe7\
\x14x\xd5\xb0\x08ee\xa8\x13\x88\x13hn\xb0{\xf3\
y8{\xfb^X\x97\x1eG\x84\x02\xa1\x83\xcds\x13\
\xa1\x9e\x05\xde8p\x22X\xcc\x16p\xe7}\xb7/\x13\
\xa1\xdde\xa8\x06+\xa6\x95\xa6+K\xd1\x08\xa0[\x9d\
N\xcap-\x8f\x91\xda\x086\xac]\x87\x9d[w`\
\xe3\xda\xcd\xa8\xd9\x114l\x1d\xe2\x14)\x1b\x00\x0c\xd2\
Jx\x02\xbd\xc8O\x10\xa1\xcbs\x96\xfbz\xb5\x0fu\
\x05Z\x96\x83\xbc,\x12Zmn\xf8\xbb\xdeHK\xe3\
\xf5\xf09`\x13D\xe8\xc8H\x03k\xd6L\xc1\xd4\x82\
\xf1\xbe\xd3\x02\xcdv\x1b\x8f<\xfe\x18\xbe\xfe\x8d\xbf\xc5\
C\x8f?\x8c\x8e/\x90\x9b!\x1b\xa0e\x91\xb1\xe7.\
B\xc7\xeb\x0d\x8c7FQ7\x16\x96\x92\xee\x94|O\
\xb4\xf7\x8e\xc1)\x9d\x0bCy\x8f\xcb>\xc1$\xdd\xc8\
i\xb3\xb3\x80v\xd1\x86\xd7\xe0#*,\x08s'\xbd\
\xdclU\xa8az\xc29\xff\xcf\xee\xbf\xf3\xe6?=\
\xa5\x8d8\x03L\x7fv:\x9d\xben\xba\xf8\xcd/\xfd\
\x8f\xbd)Rx\xf8\x0b\x12c\xcf)\xbc\x7f\x153M\
8\xe7\xde`\xaci\x01\x18S\xaf\xa4*\xd0`\xd5u\
\x82\x0f\xd9\x8bK\x84Z\xdb\xcd\xacSU\x81\xe5DY\
xFA\x7f\x03\xc57\x84\xf2\x9b]\xa6K\x0b\xc7\x92\
\xc3\x0b\xfb\xf7\xc7\x82\xa6\xc8\x8b\x86\x98\x13\xfa\xe2\x86\x00\
\xa0\xa6\xa3g\xff\xc2\x96s/e\xe2\x1f\xb0\xb5\xda\x05\
\xa4z>\xab\x92W\x85\xd7\x90\xd6\x85~;\x1e=\x85\
;\xf93\x9f1\xa4L\x14\x0a!T\x1d@K\x9e}\
K\xa1\x7f\xed\x9d\x1e\x84\xb8?O\x8cqG\x8e\x1d\xbc\
\xab1:\x9a\xfe\xdf?\xf9\x93\xa73\x9f\xf3y\xdd\xcf\
\x8c\x16\xf2\x11\x9e\x9aAh\x85\xbe\xec\xca\xc6L=\xcb\
\xab2g\xaf|\xa6<N\xdc\x13\x1a\xdd\xd6\x89: \
\xbcN\xc5p\xbc\x9f$I *(\x8a\x0c\x9d\xbe\xfc\
A\xa2p\x22u\x0bzB\xfc+\x88\xe5~1U\x09\
\xc4\xd2\x93\xd3\xe7\x1e\x89\x01\x12[C\xcd\xa48o\xef\
\xb9\xd8\xb8n\x136\xac\xdb\x08\xc3\x16\xea\x18\xf0\x06p\
\x09,\x08\xa8\xaa\xc3\x99\x82\xdb\xe4\x80\xa8\x5c>P\x83\
y\xb2\x02\xb3\xacC\xd4\xa9\xdfO\x13+\x9c\xcb\xc0L\
 \xf6 V\x8c\x8c$X\xb5z\x0acc\x0d\x08\x09\
\x1c\x15heK\xb8\xe7\x81\xfbq\xfb\xf7\xee\xc0w\xef\
\xba3D\xf0\xeb)2&\xc8\x90\xc8\xa0!Q1\xd0\
\x17}\xc8\x1c\x7f\xe0}\xc7\x99\xb1P\x02:\xb9C-\
)P\xb3\xbdV\xa1\xdd\xd5.\x13\x9eC\xe9\x09+X\
\x06I_\xf4\x94\xb9,\x14+\xcf\x1bc\x09U\x9bN\
%\xc1hc\x04 A\xab\x93w\xcf\xacpHz\xdb\
k\x98\x94\x14k\x9c\x93\xbbOy\xf0\xcf\x00\xd3\xd7M\
\xe7\x00p\xf4\xe8#\x0fL_7\x9d\xff\xc6\xdf\xfc\xf7\
\xd9C_}\xf0\x8f\xd7^\xb5\xed\x0a5I\xea\x9c\x7f\
\xb7\xb5v\x93\xaa^\x0c\xe8^U5\x18\xcc\xab<\xfd\
\xc1\x9a\x93\xcc4\x0d\x9f\xeeB\xbe\xf2|\xa5\xee\x05\x81\
h\x0d\x01?\xaa\xa4\xd72\x92\xef\x1a*\xee\x98X'\
\x1f\x1b\xdd\xb7\xe9!\x00\xad\xd3\xbeO\x91\xc8\x0aD\x11\
\xfa\x22\xe4\xe7>\xfa\xd1\xc6\x7f^X\xc8>\xb2\xfe\xec\
\xcb\x98\xf5\xedP\xfe\x91\x91\xfa\xd8z\xe7\xfd\x06\x22\x03\
\x91\x82\xaa\xb6\x95\x22\x02\xf1\xbe\xf2\x98\x0b\x8f\x11pj\
\xcd\x1f\x9f=U+\xa5g\x88\xf6\xfd\xc3CU\x89\xf8\
+\xc4\xb8EU\xee\x01\xe1\xa1V\xd1\xbc\x8b\xd4l\xfe\
\xd5\x0f\xbe\xff\xc0\xf4\xf4\xb4\xf9\x8d\xd0\x99(;-\x03\
\xff\x021\xba\x94X\x9a\xa4\xc3e9H\xe8\x0d4\xd0\
q\xb0\xec\xe4Ce\xaciY\x0b\xc0*\x02\xf6,V\
N\x12\xde\x0b\x81\xb0\x828\xb8\x9c\xe7\xa4Xh\xcfa\
n\xf1\x18\x0e\x1e9\xd8\xb5WZ\x99\xe5\x916\xd2\xaa\
0(DBGku\xac[\xb5\x0e[\xcf\xda\x82\xf5\
\xab6`\xed\xe8\x1aXM .D\x02\x0d[\x10\x19\
0\x95\xe7i\x9f\xd0\xae\xbc/\x81^\x0ec\xaf\xd9a\
O\xec\x9e,z40fCQ\xbf\xae8+\xdb\x95\
fY\x8e\xb4\xc6\xa8\xa7)\x92\x9a\xc1\xd4\x9a\x09\xd4\x1a\
\x8cL\xdbhg\x19\xee\x7f\xf4\x00\xbes\xc7wq\xcf\
}\xf7\x22s\x0e\xca\x00\xa5\x16\xed\x22\x87\xad\xa5\x10}\
\xe1\x8a\x90\xb5\x9c\xe6w\xeaP\xf8\xe5\x1d\x1cO\xa5\xc2\
p\xa5\xf3e\xd0\x86\xbe\xec\x02_\xbd\xa6/GRI\
P\xb3)\xa86\x06h\x8b\x9aE\x06\xa1\xd0\xfbt\xc8\
d\x80\x89\xc9%)\xbf\x05\xa1 \xe6\xcc\xdf\xda\x9e\x80\
J\x8c\xfe\xcc\xdb\x7f\xf2\xa9\xf2\xa1o\x01\xd0\x8f\xfe\xf5\
'\xef\xceTG\x12\x95\x0b\xa0\xb8PT_K\xd0\xb3\
\x00\xda\x07U\x1e\xbaQx\x1e\x04\xe9\x89\xcf\xe3g\xbb\
\x82\xeaF\x8d\x88\xe1E\xa8t\x18Q\x00\xd6\x18s\x85\
\xb7zY\x8d\xf9\x8ab|\xf4\xe1\xff\xfe\xc5\xdf\xffo\
\x0a\xba\xef\x89\xaf=\xf08\x00\xc4\xc8h\xe4L\x11\xa7\
\xe3_LLO\xf3Oo\xdad\xea\xc5\xe8\xbb\xd3Z\
\xed2\x00\xff\x90\x88F\x88x<IBN\x18\x95u\
\xc8N\x87}\x06\x87\x92\xd8O:Cw\x92\xe9\xa0\xa1\
+\xddJ]]\xfa\xa9L\xa0\x0d3\x88\x19\x06\xa4E\
Q\xc0\xd8P\xa4\x91$\x89:\xf1\xce;\x97;'\xf7\
\xda\x84\xff\x06\xc0\x03p\xfe\xeb\x85\xa0\xfd+\x1f\xba\xae\
\xba0\xbc\xa8/d\xcf\x86]\xfb\xf6M\xd6t\xf27\
\x01\xfcX%\xb3\x0c)\x85B\x12\x06\x0bC\x5c\x01\x97\
\x09\xd6M\x9e\x85K\xcf\xbd\x025\x19\x03{\x03\xb8\xd0\
\x22\xd2\xe7\xae\xec\xdd>hZ\xbfL *\x03$0\
\x08\xd5\xef\x8e\x05d\x09I=A\xee\xdbp\x22h\xb9\
&\x9e\x9cy\x14K\xd9\x22Z\x9dN0\x95\x07\xe0\xbc\
\x83\x94\x11J\xe7\x07\xcf/\x1e\xceAT\x0f\x97\xe5\x98\
\x1a\x9d\xc4\xe6uga\xd7\x96]X56\x85F\xd2\
\x80\x16\x8aZ:\x0a\xf2U\xb7!\x13\xa6\xf7\x95\xc1\xbc\
\xf2}/\x0d\xf46\x97e\xd3\xe8<\xd4\xfb|\xb0\x99\
\xc2\xa0\xe7cU\x104\xd4^\xb2\x5c\x91\x80\xd9\xc02\
069\x82U\xab\xc6\xd0\x18\xaf\xc1$\x8c\xc3s\x87\
\xf1\xe8\x13\x8f\xe2\xf6\xbb\xbe\x87\xdb\xee\xbd\x07\xbeo\x95\
Uj\xc02\xdf\xd1\xee\xf6?\xb3\xd3V\x87>\xbf\xcb\
R\x1d|\xa8\xffo\xd8\x14S\x8dq\x8c\xd8\x06\x92*\
}\xa1<\xce'+\xf0[\xe9+\xa0*\x8a\xab\xd6_\
\x8dk\xffr\x18\x02C\x0a'\x0eM\xe9\xe8\xd1\xb9Y\
\xa8ex\xc2\xd0\x8d\x0a\x85\xd3\x06\xfe\xed\xf7~\xf7\xcb\
_yF\x03\xf0\xe2\x82\x00\xe8\xaf}\xf6\x86\xc9[\xf1\
\x85\xa5\xd7O\xbe\xeb5\xa4\xda\x84\xa17\xb0\xea>\x05\
\xbf\xce\x15\xf9\x0e\x80\xec\xc8\xe8(\x00\xc0\x89\xab\xde\x07\
`(RO\xd2W\xd8\xd5\x1b\xf7\xe1\x15\xf6G\xb3\x97\
\xe74\x9f\xa4pi\x88e\xef'\xbb\xd2\xcdJ9\xaf\
\xa1\xca\x82\xa3\xaa\xf8:\x94\xfe\x07H\xef\xfd\xf0\x1b\xdf\
\xff\xc0\x99>\x08\x91W&Q\x84\xbe\x08\xf8\xe9\x1b>\
;9\xfb\x05,m~\xb3\xbc+\xb1\xf6\xca\x22/~\
!\xad\xa5)U>~\x00\x81h\xa0\x87\xfbpN\xe6\
\x99\x16\xa1\xd5k\x8c1JD Q\x15UXc\x5c\
\x91\xe7dl\xf27\x0a\xf9\x92\xcb\xddA\xef\xf5\x1eS\
\xc8\xa30\xcd\xd6\xf4\x87?\xdc\xc1\xcb\x9d}\xfb\x92\xf3\
u\xe2g\x01\xfa\x0f\x80\x86\xe21R\x22\xe10\x0d\xad\
}\x22tj\x13.:\xe7Uh\xe88\xd8%P/\
\x10\xb7\x5c\x84v\xf3%\x8f\x93\x0fhX\xe0\xe1 \x06\
 +(|\x8e\xd9\xc5c\x98Y\x9cE3_BS\
\x96 \xe4\xba\xa2\xca\x09 \xd2\x13F\xa7\x22B\xb7o\
\xde\x82\xb3w\xec\xc6\xba\xc9\xf5h\x98\x11\xb07`\x8f\
\xb2\xab\x92\x05\xa3\xccC%\xd3-4\xaa\xc4\xe80=\
\x11Z\xe6Rv#\x97\xd5\xdf\x83\x91\xfe\xe1\x8e^\x83\
9\xcc\xa5\xf3\x03\xf5\x1c \x8c\x09m6\xd9\x184\x1a\
5\xac^\xbb\x0a\xa3c\x0dp\xc2h\x17M<\xfe\xf4\
\xe3\xf8\xe6w\xbe\x81;\xf6\x7f\x0f\x8b\x9d6\x92\xd1Q\
\xf8aa<\xb0\xbe\x17V\x84\x86\xee\xa0\x8a\x04\x16\xe3\
\xf5\x11\x8c\xd7\xc7P\xe3\x14F\x00\x80\xa1X.\x1eO\
\x85*w\xf1TD\xa8\xf7\x82\xccx\x1c\x9d\x9fA\xae\
NC\xc7\xa6\xa1\xef\x0d\xc2\x12\x01_\xb8\xeb\xb6/\xfe\
 ^f7\x90\xd3\xd3\xd3vb\xefDb\xc7\xa6v\
\x16>\x7f\x15@\xefh4\x1a\x9bT\xe5\xb5`x\x05\
\xeaC\x15\xa0\xa5Im\xd9\xcej\xa8cW\x17\xed\xbb\
\x99\xa8\xc6\xfcy\x17\xa1'|\xbdZJ\x00\xe1\x9c\xa0\
\xc7\x14\xf8\xb2x\xf9\xacP\xfb\x96\xc7\xbe\xf4\xd81\xec\
\x85\xad\xa2\xc6\x91\xc8\x0bM\x9c\x8e?\xb3\xd05\xd3\xd3\
f\x84\xf5\xfb&\xdf\x95^\xea\xbc\xfbi\x10\xa5\x94p\
ZY\xc9\xa0\x9b\x96\xa7\x03\xb2\x90hP\x08\x0e4L\
9\x85\x9c\xd0g5\xb5{\x82\xf7\xb3a-;\xcd\x08\
\x8820\xcd0p/3\xfd\x8dSq\x92\xb7?g\
\x14\x1e\x0f\xee\x7f\xd0\xed\xbcx\xf2?\xfc\xd4\x0f\xcd\x9c\
\xc9\x81?\xad\xdcz\xab\xd3}W\xff\xb5\x92\xf9w\xa8\
,\x8bT\x07n*\x80g.(\x98\xb8\xbb\x04\x8f\xc1\
\x9cIg=(U\xb4\xdaK8v\xf8(\x16\x9a\x0b\
p\xea\x90\xfb\x0cbzQT\xa2\xca:\xc8\xaf\xb8\xfe\
e\xe7I\xb7\xef\xb9\x01[\x032\x06\x9c\x10\x0a\x97\xc3\
\xc2\x00\xc6\xc2\x10\xc0\x22 \xd2\x90G8\x90\xbb\x11\xa6\
\xda\xbb&\xe8\x95\xe9\xfcP\xfa\x1d\xd1\xe0\xdf\xbc\xac\x8d\
\xe4\xd0MQe\xc1D\x04V\x02#\x18a*\x87m\
V\xf1\x18\x1dI12\xd6@c\xac\x01J\x09\x99)\
p\xe0\xc1\x87\xf0\xad[\xbf\x85{\x1f\xb8\x1b\x99\xcb\xd0\
v\x1dpb\x96U\x95/g\xf8\xb9\xe7\xfb~^\x00\
\x10D\x1c:E\x8eZ\x92\xc12\xf7\xa53\x0c\x1e\x8f\
J\xd8wE\xa6\xe8\xc0\xdf\xcb\x8e\xebPd\xb9_0\
I\xb97\x9e\xa1\xcc\x0c\xb2\x0c\x14e\xa3\x08T.\x03\
\x1e\xc1e\x14F\xbc|\x14/3\x01\x0a\x00\xd3!\x15\
\xc8MOO\xdf;==}\xcf\x7f\xfc\xe3\xdf\xfe\xba\
M\x8a\xed\xde\xf9\xf3\xd3Fz6\x11]\xa6\xd0s\xa1\
Xo\xac\x19\xc8!\x15\xf8\xa1\x9b\xad\x17U\xbc\xa7\xea\
\xf0\x90*\xb0I\xa1?*\x90\xbfG\xa8?\xb8\xf3\xad\
\xe7\xfe\x9a\xb0\xde\x01\xe0\xde3\xbd\x91\x91W\x06/\xaa\
O\xc6+\x85k\xa6\xa7\xed:\xec\xe5\xb36\xe3\x87\x09\
\xf4n\x22\xbc+Il\xbdp\xdeZc\xe0\x9c#k\
\xed`\xe4sx\xban\xe8\xf6\xe1\x99FBY\x9f[\
$\xb4\x0f\x05\x00cm\xce\x00\x93\xe1\xbf \xe2;]\
\xe1\xbf\x93(\x1dx\xe20?\xd4\x18\x9d_\xf3\x7f\xff\
\xe4\x8f>u\xed\xb5\x9f57\xdd\xf4\xa2\xf0\xef<\xdd\
\xd0\xee+\xae\xdeb\xd5|\x05J\xdbY\x95\xaa\xe9\xf8\
\xaa\xe8\xc8\xf9\x02\x9a)\xd6Nn\xecFB\xe1C$\
T\xcbH(\xca\xe9e\xa9\x22|\xdc+V\xf2}Q\
R%\xc1\xb1\xa5#\x98]\x9aA\xb3\xd3\x84\x92\xc0K\
\x01\xad\x9a\x0e\x19E\xa7(\x03\xd0\xa5\x1a\xcc\xdd\xe0a\
)\xca\x0eM\xcb\x0aa\xcau\xa4\xd6\xa2(\x1c\xa6F\
\xc7\xb1q\xddF\xac\x9b\x5c\x83u\xab\xd6arl\x12\
F\x18,\x16\x8c$Dh\xca\xfd\xa4>\xeb\xa5\xaa\x22\
\xbe\xdb\xe1h\xe8\xfc5\xc3\x9afHL\x0d\xbb\x03\x0c\
\xfe)Hl\x98\x92\xafr]\xc7'\xc702>\x02\
\x9b0Zy\x86{\x1fy\x00\xb7}\xef\x0e\xdcw\xe0\
~d\xce\x81\x0cPv\x02\x0d\xd3\xdc\xa6\xdc\xe6\x15\xcf\
{9\xe9\x0d\xc3I}$O\x10\x09\x0d\x1e\x90\xa1k\
\x13<\xc12c\xac6\x86\xb1\x91\x11\xd4(Eek\
\x15\xc6\xad\xeb\x115\xb0\xde\x93\x89\xd0J\xe4\xd3P\xc4\
\xb9;\xfeLpZ\xc03t\xae\xb9\x80V\x91\x95\xde\
\xa3e$\xbe\xcc&%\xe0\x08H~\xe3\xae\xdbn\xfe\
\x15\xbc\xfc!\x00\xfa\x1f\xff\xec\xb7\xf6\x8c&\xfe\xb0\xa7\
\xf1\xd5\xd6\xea\xb9 \xf3\xba$\xe5=\x04z\x87\xaa\x8e\
\x12Q\xea\xc5\xa1\xefF\x85\x06\x8e\xc3\x0a3\x01\xfd\x91\
L\x1a\xbe\xc1\xc0\xf3\x1e\x09]\x16\xa5H\x92D\x01d\
\x86y\xce\x18s{\xbb\xd5\xf9\xac\xa8\xfc\xddc\x07\x0f\
\x1c\xc0~\xb8\x983\x1ay\xa1\x88\x22\xf4t2=\xcd\
?\xb3zu\xc2\x8d\x8d\xefe\xc3W1\xf0\xc3PZ\
\xab\xa5\xc9b\xbf\xe8\xa4\x93|\xa9\x10\xeb\xc0\x85w\xa0\
\x9b\x8c\x02|\x82\xea\x85P\x07;$2\x87.V\xfd\
\xcfW\xf9\x9eD\x84$I\x90\xe7\xb9\xd6\xd3\x1aDD\
UE\xc5\xcbQ\x9b$\xff=\xcf:\x8b\xde\xcbg\xa8\
\x81\x99\xe9\xeb\xaekNOO\x9b2\x9a\xf0\x8ag\xc3\
\xc5\x17\x8fN&k\x7f\x93\xa1\xef'\x855 \x0a\xc6\
\xdf\x0c\x82!\xe7\x0b\x18$\x18\xb7\x13\xd8\xbb\xe7\x12\x8c\
%k`$\x85\xbaR\x84\x16\x0e^B1\x0c\x05\x0f\
,(+L\xf9\xdb\xa9\xc3bs\x09\xad\xd6\x12\xday\
\x1b\xb3\xcd\xa3\xc1V\xa9\xb4\xd6\xa9.h\x1e\xe1pT\
\xd3\xaa\xae\x9c\xd6\x1e\x16\xa1\xd5t|%B\x8d)s\
\x92\xbb\xa7\x99\x80K+.R\x06\x09ajt\x0ck\
W\xaf\xc1\xc4\xd8$vl\xd8\x8e\xd4\xd4Q\xaf7\x90\
$)\xf2\xcc\xc1\xc0v\xf3C;\x9d\x0e,1\xac\x09\
\xed2M\xb7ude\xbe\xde3\x0f\x17U\xb0J\xf7\
<\x0ccP\xfe.\xcf[W\x140\xc6\x828D\x0f\
\xd9\x12\x84\x05\xb5F\x8a\xd1\x89Qp\x02\xcc.\xcc\xe0\
\xae\xfb\xee\xc5\xbd\x0f\xde\x8bG\x0f\x1e\x82\xf6\xcd&\xf8\
n\xb5~\xb9N\x1a\x12\x06\xcf\xf4\x22\x7f2\x8e[\x04\
\x16\xc6\x15\xa2\xddnS\xac\x0cK\x8c\x89\xb1I\x8c5\
\xc6\x91\x18\x03\x9f\xf7\xdaj\xf6\xd2\x1dNN\xff\xf8\xf6\
\xef\x07W\x95F\xc14\x15l\xa0m\xd7\xc1b\xbb\x85\
\xc5\xac\x1dnd\xd0\x13\xa1\x80jpi\xc2\xbcCq\
\xcd\xbd\xb7~\xf5\xce\xe76 /)\x08\x80~\xec/\
?V\xfb\xc8\xf7}$\xffO\x9f\xfb\xdd-\x96\xa8n\
,]\xa6\x8a+\x09\xf4fc\xf5l\x03nX\x1b\x1a\
=\x18k\xc8;\x0fc\x0d\xbc\xf3\xddcv\xbc\xe3\xc6\
'+\xc2{\xaeSY+\xed\x14\x91\xb210dT\
\x0a4\xf3N\xe7\xe1\xa4\x96\xfcZ\xbb\xe5\xbe\xf8\x8f\xde\
\xf1\xc1\xc3gz\xd0#/O\xa2\x08}\xe1\xa1\x7f\xf2\
\x9b\x9fZ\xddhSG\xa6\x1a?H\x86~@\x04\xdf\
\xcf\x0cR\x04\x07\xea\x15\x5c{N~\xd13\xc3\x91\xca\
\x93D\x92\xfa_\x8bS\x17\xa1D\xa4\xc4\x04\xf1!\xfa\
c\x93\xc4g\x9d\x0eR\x9b|\x0b\x84'T\xfc\x97I\
\xe8\x9bE>w/\xfc\xe8\xc8\xf4O]\xf7\xca\x99f\
\x7fF\x5cc\xcf\xdeG\xfb\x18\xf8kVLv}1\
Ct\x90\x9c/\xc0j1f\xc6q\xde\xae\x8b0\xd5\
\xd8\x00V\x1brB\x8b B\x0d(\xf4\xff6\x80C\
\x8eB:\xe8\x14\x1d\x14R`fq\x16\xed\xbc\x8d,\
k\x87>\xd9\xecB\x01J\xf7\xb0V&\xf7\x95\x08\x0d\
\x8f\x1eO\x84\xfa\xf2\xf1\x9e\xdfkY\x0d\xdf\xd7I\x07\
\x00,q\xe8\xde\xa9\xe8vG\x22e\x8c\x9a:&\xc6\
&\xb1z\xd5\x1a\x8c\x8fMb\xdd\x9a\xf5Hl\x8aZ\
\xad\x01k\x13\x90\x84\x08i\x7f\x87\xa3\xca\xb8_TB\
\xaaA5\xc5>4\x92DU#\x04\xe9\xb6:5\xd6\
\xc2\xbb\x1c6IP\x1fi \xd3\x02\x94\x10\x96\xdaK\
82\x7f\x14\xf7?x?\x1e{\xe2Q\x1c[\x98\x87\
SA2R\xef\xe6U\x02\x95i{/B\xd8\xed\x9d\
\xce\x83\xa2\xb7\xbb\x0dC\xfe\x13\xcbr:O&\x0aO\
A\x84\x82\xa4\xeb\x09j`0R\xabc\xac1\x8e\xd4\
\xd6\xfa\xc6\x9b\xbby\xb7\xa7\xc2\xf1D(H\xfaD\xb7\
\xc0\xc3\xebb\xd6F3\xeb\xa0(#\xca\xaa\x83\x224\
\xbcO\x7f\xd1\xa3\xf8\x83{n\xfd\xda\xd3\xa7\xb4\x01/\
c\xa6o\xbc\xb1\x0e\x00k\xce\x92\x0bMB\x17\xb0\xf2\
\x1bmb\xce/rw\x051\xab\xaa\x984M\xe0\xbd\
\x00`\xea\xef\xa2\x95\xd8\xa1\xa9\xade\x85\xa7\xc3\x91\xff\
\x17.0\xc9D Ojl\xea\x08x\xb2\xd3\xe9\x1c\
5\x86?\x0e\xd0\xd7\x1e=\xf4\xc0\xa3\xd3\xd7M\x17x\
\x19\xa6_D\xce\x0cQ\x84\xbe\x80\x5c{\xed\xb5f\xfc\
U\xef\x1c\x99X\xddxw-i\x5c*D\xff@U\
FE\xb4\x0e\xac,>+^\x04\x22T\x89\x08\xd6Z\
\x10\x91\xaaH\xe6E\xc4\x90\xf9\xd3f\xa7\xe5j\xc6\xfe\
\x96!_\xcc\xfa\xce\x03\x00\xf0\xeb\x1f\xfc`\xf3L\x8f\
\xf7\x8b\x1c:\xf7\xe2\xabw\xc0\xf2\x97H\xb1=\x88\xbb\
\x9e\x08\xf5\xe2@bP\x93:\xce\xddy!\xd6\xae:\
\x0b\xd6\xdbna\x92\xfa`\xdd\xa4\xaa\xf0\x94#\xd3&\
\x16;\xf3\x98o\xcec\xa9\xb5\x84\x5c;A|\x9a^\
\xabH\x80C\x0b\xc7\xbe\x1c\xcc^;\xc7*2ZN\
\xc7\x17\x83\x17\xb5\xae\xddK\xf74\xa9\xa6{\xd1}?\
)`L\xef5\xac!\x8d\x83\x14\xb0\xc2!\x9a\xa7\x0c\
\x11\xc2\xe8\xc8\x18\x1a\x8d1L\x8dO\xa1\xd1h`j\
j5j\xb5\x06F\xebc\xa8\xd5j\xb0\xc6\x80\x94a\
K\x91\xe4s\x17\xaa\x8c\x89\x96\xdbYi\xe8\xdcd\x0c\
\x06\xa2I\xaa\x1e\xedv\x1b\x0b\xcd\x05\x1c\x9d?\x86C\
3\x87\xf1\xe8SO\xe0\xf0\xec\x11\xb0\xb5\xa8\x8d\x8f\xa0\
\x95g *\xc5o\xdf\xb4\xe8\x80(#\xe9\x8d W\
\x8f\x0f\x8a\xbce\xa2@\x9ea\xa4\xf4\x04\x22\x82U@\
\x10\xa8\xfar\xda\x9d\xcb~\xf2)F\xeb\xa3h\xd8\x14\
\x0d[\xef\x8e\xfb\xca\x91\xd0\xe3\xb45\xad\x22\xc8\xc3\xbe\
\xa6\xc4J\xa4\xa4\xaaZ\x88C\xb3\xd3D\xbb\xc8Q\x90\
\xc2s\x18\xdbp\x1eU\xefsN\x01\xaf^\xdfz\xf7\
\xed_\xbe\x05'\xabt|e@\x00t\xfa\xcfo\x18\
\x99~\xcf\xf5\xed`\x8e\x0ft\x9c|\xc0Z\xbe\x10\xc0\
\xebji\xbd\x01\x95\x94\x8d\x81x_u\x8d\xa34M\
\x07\x17t\x92t)\xc1s\x9c`:I\xdbX\xcb\x09\
\xa0\xac\x22\x1e\xcc\x06\xe2\xbd\x07\xf4K*\xf4q\x9f\xf9\
\xbb~\xea\x9d\x1fx\x10Q\x88F\x9e\x07\xa2\x08}\xbe\
\x99\x9e\xe6\x9fY\xbdg\xac\x96\x89\x97\xc9\xe4\x87\x15\xf4\
}\x00\xbd\xab\xd6\x181\x02M\xc5\xfbPdt\x12s\
\xf1\xd3-B\x87\xe7\xef\x8dz1\xd6\xc0\x9a\xe4\xa0\xb1\
\xfc-\xf1\xf8f\x96\xb7\xefV\xe3o\xc9\x9b\xc5\xb6_\
}\xf4\x81\xefM\x03\x1c\xa7\xdbO\x9d=\x97\xbd\xe9\x8d\
L\xf8\xaf\xacz\xb1\xe9\x16\xe0\x18\x822\xbc8\xc0\x03\
Vj8g\xc7\xf9\xd8\xb4f\x1bX-\xa4\x14\xa1\xa4\
@Qt\x90e\x19\xdaE\x13\x07g\x1eGA\x05\x04\
\x0a\x0f\x1f\x22U\xe4z\xfe\x98\xca QH\xdfy\xc1\
\x1aDh\xd7\x8b\x13=\x11Z\x14\xc3\xa2d\xc8\x08_\
\x19\xaa\xd2\x13\xa1@i\x05E\x10\xf5\xbd^G\x1c\xda\
x\xb2\xd7>\xf1X\x0aXa\xa8R\x19\xf9I\x91\x9a\
\x1aj\xb5\x1a\x92$A\xa31\x8aZ\x92b\xa4VG\
\x9a\xa6X51\x89\xf2M \xe5e\x91\x22e\x0ec\
\xd1^B^\x14\x98\x9b\x9d\xc5\xc2\xc2\x02\x16\x16\x16\xd0\
\xcaZhk\x06\x07\x0fe\x82Z\x03\x0f\x0dY\x8c\x89\
\x85H\x10\xd0A\xe0\x0eE\x06\xab\xe9\xf8\xee\xfe\x9c\xa2\
\x08-\xc7\xe8x\xcf/\xe3\x14Eh\x7f\xfe'\x94\x91\
\xda\x04\xf5\xb4\x81\xd5#\x93}\xc5]\xc7\x8b\x84V9\
\xad+\xe7\x16voL\x08h\xb7\xc3=d\xe1\x0a\xcd\
\x8a\xa24\xec\x17\x901\xa8\xaa\xe2CZD\xd9;\x1e\
\xf2=R\xef\x8f\xd1\xfc\xd5O\xddzk4>?\x01\
\xff\xe5\xf37l\x13o\x96j\x96\xdfV\xab5v0\
\xe1\x9d\xf5z}\xb3s~W\xe1\x0b\x16/\xc4DD\
\xccP\x11%f\x1a\x16\xa1:\xfc\xf7\xf3\x11\x09=\xde\
2\x94\xa1\x1e\xa8'\x0d8WT&\xf8\x80\xc2\x01:\
Wx9\x00\x91\xff\x94{\xffw7\xcf\xff\xd5S\xb1\
%h\xe4\xb9\x10E\xe8\xf3\xc8\xcf}\xf4\xa3\x0d\xado\
\xd8d`\xde\x0ck.\x06\xe1\x83\x0a\xa4 \xaaWm\
5\xb9\xeb\xd3\xa7C\xd5\xed\xc3\x91\xc8\x93\x15>\x9cX\
\x84\x9e\x08V\xe9F\xac\x14P\xe6\xe0\xef\x09\x00Pu\
JD\xa95w\xb4:\x9d\xa7\x15\xf2;\xb5\xa4vx\
\xf6\xe9\xfc{\xcd\xd1Y\xf7;\xd7_\xef\x10\xef\x80\x9f\
\x15\xe7]r\xcd\xbb\xc1\xe6\xdfBu\x1fw\x0b<B\
$\x14\xa2\x10\x11$6\xc5\xb6\x8d;\xb1m\xfd.\xb0\
X\x08<\xc4{,.\xcdc~~\x16\xb3\x0b\xb3p\
.\x83&\xa1\x95f%\x16\xb5\x9b\xbcYFK\xcb\xcb\
Bu\x9e\x15y\x1e\xb2O\x99\xbby\x93\xfd\x88\x9c\xe8\
\x90r\xb7\x10\xa8{\xce\xf6\xfb\x95J5\xadX\xe5)\
\x86\xe9\xf1\xe1\x08f\xff\xdf\xaa\xba\xdc\xa6F\x87\x0at\
\xaa(\xa7hW\xbcV\xeb\x11/\xddm\xd1\xaeH\xee\
M\xa5\x8b\xa1\xae\xcfg\xf7\xf3\xb6\xcc\xae\xfd\x04{\xcc\
'\x8bl\xae\xb4\x8cS\x17\xa1U:\xc1\xf1\xa8j\xd0\
\xbb\xcb\xd4^\x91\x14+\xa3\xc1\x09\x1aI\x8azm\x04\
\xd6\xda\xd0y\xacol\x95z\xd1Yb\xed\x8dA\x19\
}k\xb5ZZ\xe5%\x0b\x81TUUzcZe\
\x1b\x08\x05\xcf\xd6\xaa#\x97\x01\xbc\x02\x0e\xac\x9f$\x95\
?\xfd\xde\xb7?\xff\xe5S\x1a\xd0W6!Bz\xe3\
\x8du<\xfa\xa8[\xfb\x86\x1d\xaf\x1dm\x8c\x8c\xa8\xea\
O\x8a\xb8W\x93\xd2YI-e\xe7\x1cj\xb5\x1a\xf2\
<'\xc8It\x1d\x9d\xf8\xf9\x93\xb5\xf5\x95\xa1\xe9\xfe\
\xe1\x88y\xb8\xe1X\xf1|\x0e\x090\xce\xe7\x00\x7fM\
<\xfd6{\xbd\xe3\x1f\xbe\xe3\x83\x0f\x9f\xe9A\x8e\xbc\
4\x89\x22\xf4\xb92=\xcd?;\xb9{\x837\xd4l\
\xd8\xe4}j\xf9} \xbcK\x95T\x18)\x10\xa6\xdd\
\x97\xe7\xf4\xe0\x0c\x8aP\xc0\x1aR\x13\xae\x1dJ\x04\x1d\
\x1b\x1b{\xd4y)\xbc\xf3\xdfu\xce\x7f\x85\xe1\xbf\xd7\
r\x9d\xce\xaf~\xe0G\xbe;==M\xb1:\xf2\xb9\
s\xfe\xc5\xd7\x5c\xa9\xc6\xfc\x02\x14\xef+\xad\xbf\xbb\x22\
\x94\x018\xe7A\x86\xb1z|\x0d.\xd8}\x11\xb2f\
\x07\x0b\x8bsXh6\xb1\xb48\x0fO\x1e^\x0a\xb0\
\xb5+\xf8\xc4\xf6DbU\xd4\xa3\xda\x9bV\x16\x91\xee\
\xe3\xa2\x1e\x06\x04c\x00c-\xac10\xc6\xc2{\x07\
\xe7\x83\xe8uN\x07\xf3\x1c9\xf8{\xae$B+A\
\xa9\x22\x18>\x0d\xbb\x05/\x03\xe7\xf3\xf2S)1\x06\
\xfd9r@\x10Q\xd56\x93\x06\xf1\xd9\x15\x9a\x18*\
`\x1a\x10\xa1\x80\x18\x1a(\xdc\x139\x15\x11\xd9\xbf\xdd\
\xcfF\x84\xf6\xbf\xfe\xc49\x9a's\xa7\xa8\xd6\xd6;\
\x02=\x11J\x0a$\xc2\xb0d\xc0l\x91\xa6)l\x9f\
\x08\x95J\x84\xf6\x1d\xbf,k\x0f\x8e\xad\xaa2\xdb\xd0\
\xb9\x93\xab\x229t]\x08\xba\xdd?\xbb\x9d\xa7\xc2L\
\x89Q\xdc\x0ch\xaa,\xbf\xdc\x9e}\xe8\xef\x0e\x1c8\
\xf0\x92\xeefv&\xf9\xcf_\xbeqj\x94\xed^\xc3\
\xf4\x1ec\xd3\xb3]\xe1~ \xa9\xa5^\xbcO\xfbD\
\xe8q\xec\x0d^x\x11\xda\xcf\xb2\x9cg!\x85j\xa6\
Dm\x88\xfeu!\xfe\x13\xd4\xc9n\xff\xc7\xef\xfe\xc7\
s\x88A\x8a\xc83 \x8a\xd0\xe7\xc05\xd3\xd3\xf6\xc2\
5[\xd7'\x5c\x7fW\xbdV\xbf\x02\xc0\xb5Jh\x08\
\xa8\xaee\x97\xbb\xe3\xf9u\x9e)\x11\xaae\xd0\xacf\
H\x0diS\x89f\xa1\x98K\x93\xe4\x8f\x05\xf2@\xbb\
\x9d\xdfQ\xa8k>\xf4\x17x\xf2\x15j\xa7\xf4\x82\xb1\
\xfb\xe2k.\xb4D\xff\x15\xc0\x9b*\x0b\xac~\x11\xea\
\xbd\xc0C\x91r\x82\xa9\xc6\x04\xd4{\xe4y\x86\xdc\x17\
p\x22\xb0\x96\x00\xc30l\xfa\xce\x9d\xc1\xe9\xe4\xf0o\
\x09\xf9\xa1\xd2\x13uU\xa1\x11\x97\xd1\xc5\xc9\x89\x11X\
\x1b\xc4\xa71\xdc\x13\xa1\xceC\xc4\xa3\xd9\xec\xa0\xc8\xf3\
\xeeT\xbc`(\x12\xdaG\x7f\x9b\xd1n.\xe92\xb3\
\xed\xe3\x1b\xbf\x03@\x92\xd8\xc1}\xf0R\x8a\xd0\xe1i\
\xc9\x9e\xd0\xac\xd6\x1d\x1e\xe3\xc1\xf7\xf3K[\x84\x0ec\
\xb8\x7fy<\xa0A\xd8\x18$\xbc<\x12*\x03\xe7\x84\
V\xdf)Z\xe5\xd5\xae\xb8_C\x96Y]\x11J\xc8\
H\xb1\x08\xc1\xcf\x032\xd7Yx\xe8\xf3\x07\x0e\x1c(\
N:\x10\x91\xe3\xf2\xd1\xbf\xfe\xe4\xea\x9f\x7f\xe7O\xcd\
\xfc\xf7\x9b?s\x15\x93\x1e\xcdE\x7f0\xad\xa5\x1b\xbd\
/\xdei\x89\xf7\x80\xba\xa1\xf5\xe5\xe9[\xa7Y\x84\x0e\
7\x87(\xa3\xa4\xa5\x855\xbc\x88\xce\xb3\xa1?r\xe2\
>v\xf8\xe8\xe3\x0fG\xb3\xfb\xc8\xa9\x12E\xe8\xb3\xe0\
\x9f\xff\xfag\xd6\xe6\xe9\xd1EkV\xbf\xd1X\xfb!\
c\xf8\x87\x99\x12WE>\xabo\x80\xe1)\xf7~N\
\xb7\x08\xd5*\x8dOU\x19$\xf5\x9a\xbd\x8dE\xeeS\
\xe0K\x80\xde!\x9d\x99{`&'\xa6?\xf8\xf7\x8f\
 \xde\xc9\xbe \x9c{\xe1\x1b.&\x93L+\xf0\x03\
TFB\xb5\x14\xa1\xa4\xe1\x8b\xde\x95QJ\x8b`\xcb\
C\xa6\x8c\x801\xc3C \x12\xa2\x9b\xc6ZT\xc5M\
\xfd\xd3\xd4\x00\xe0U\xa1\xea\x07DY\x9a\xa6H\xd2\x14\
\x8dz\x1dIjPK\x0c\xfa\xf5\xc3\xf0E'\xeb\x14\
h5;\xc8\x8b\x1c\xaa\x8a,w\x00\xf8\x94E\xa8\xaa\
\x1f8\x83\x07\xdaj\x9e\xe2\xb7\xceJ.c\xaa:p\
rz\xe9\x15a\x0dFn\x87.\xaa/+\x11\x0a\x0c\
\xbf=1\xbd\x9c\xd9\xae\x08\x95\xaa`+T\xdc\xb31\
`\x225\xc6\x10qo\x18E|\xd9\xe5\xaa\xbf-i\
%B\xb5 RV\xd0_\x130\xc1\x19\xde?33\
w\xec\x89'n\xe9 ~O<\xafL\x7f\xf9\xc6:\
\xf0\xa8\xdb\x22;/\xe7Zz5\x11\xde\x07\xe8n\x02\
\xad\x17\xf1\x83\xdf\xf1\xe4O\xf8)z\xbeE\xa8\x1f\xea\
\xa0f\x06\xdd!\x94\x99a\xd86\x01\xbd\xdd\xf9\xe2\x8f\
\x9f\x10\xb9a\xfaM\x1f\xce\x10\xcf\x91\xc8I\x88\x1d\x93\
\x9e\x09\xd3\xd3\x0c\x00ER\x5cd\xed\x9a\xablb?\
b\xac\x99d\xb6\xec\x9c\xa4\xaae\xc5{w\xca\x92\xfa\
\xb2\xc4\x86z_\x93\x0cv9\x1a\xbe\xc8\x9d\xe4\xa3\xbb\
\xbc\xb0I\xca\x9c\xaf\xf0\x9b\xadQ\x15\x0dm?\x89\x90\
X+\x00r\x00\xdfc\xa5o:\x9f\xff\x91z7c\
\x1f\xdc\xff\xc0\xf4\xf4\xb4\x96k|\xf9\xb7\xd0<\x83\x14\
F;\x09\xd0\x04\x94\xfa\xed\x81\xa4L\xc8\x14H\xb8\xb7\
\xa0p0\x0a\x15\xc0I(.\xe2\xaa]gY!.\
\x0aQ\x85\xf7E\xc8\xdf\xaa\xa6\xe3\xcb\x8b\x8b5&L\
\xd3&!r\x9a\xa4\x09\x98\x18l\x80\x22/ >C\
\xbf\x90\x1a<\x9f\x18\x86-ju\x0bb\x85+<\x0a\
\x96n4\xa42\x9c\xef\x15\xf3\xf4\x0c\xd2\xab\x22\x86J\
\x84\xf5\x04ro\xe9\xfd\xfaix\x0a\xbe\x9f\xe3Y\xdd\
\x86(_\xe9cJe\xbe\xe2\xd0\xfb\x87o\xc9\x96\xb7\
E<\x91\xd9}\xdf\xeb\x8eS \xb8,0\xb5R\xa1\
\xd2\x09\x9e\x7f\xa6\x0co\x9f1\xc3\xdb\xdf\xdf\xbb\xbc\xdc\
_S\xe5\x90\x1a\x84\xe9\xf6 N\x9d:\xe52%\xf8\
\xb8f\xf6,\xbe<\xd3\xe6U\x89D\xf4w\x19\xba\xd6\
\xb9l\xee\x89'n\x89\xe2\xe2\x05\xe0\xee#\x7fY\xdc\
t\xddM\xfe\xe3_\xbe\xf1\xf0\xa1\xe2\xbe\xff\xb2Mv\
\xdd\xa6L\x9b\x98\xe8\xc7\x99\xf9\x8d\xae\xf0\xf5z\xbd\x0e\
QG\x18\xba)\x912\xfd\xe6Ty\xc6\xd3\xef\xc3\xaf\
\x1f\xbc\x09#\x85\xc2\x8b\x1f\x05\xf0:\x05_\xb0%I\
\xb7\x7f\xf2+\x9f\xfa\xbd\x9fz\xe3\x87\xbe{\xa6\xc75\
\xf2\xe2&FB\x9f\x01?\xfb\xd1\xdf\xddU\x1fol\
\xf3\xca\xff\x91S\xfb*bc\xaa\x0f\xa7+\xfc\x09-\
\x97V\x12\xa1r\x02\x11J'\xfb\x8a?^N\xa0\xaa\
\xaa(\x0c\x93\x86p\x07\x15\x22\x8e\xd3$\xf9S/\xfa\
\x17\xc4z\xb7\xf3\xfa\xf8\xaf\x87\x88'\x10/&\xa7\x8d\
={\xf6\xd4\xcc\xd8\xd6\x8f@\xe9\xd7\xb4\xcf\xd3G\x82\
\x09;U\x11+`\xf0\x22 \x08=\xe6\x05\xfd\xa2\xa1\
\x17\xdd\x0aS\xd2\x02\x22\x86\xb1\x04c\x18\xe3#c`\
\xc3\xb0}\xad\xb3\x82p\x0d\xf5\xf4\x06\x83\xbd\xad\x07.\
:\xdd\xfcJ\xee\x16,\x15^Q\xe4\xa1\x85\xa4HO\
d\xf6O\xedV7=@\x88\xc6\x86\xe5\xf6\xad\xa3\xef\
\x84\xf7X~\xd1;^\x8b\xd0\xee\x9f\xd5\xd8\xd0\xf2H\
\xcep\x17\x9a\xe1H\xe6\xf0\xf3\xc3\xe9\x02\xa7\x1a\x9d\xed\
-\xff\xc4\xcf\xab\x9e8\x92\xfaL#\xa1\xdc\x97\xf3I\
\xda\xcb\xb5\xc5p\xe7\xa4\xbe\xf5U\xc3\x1d\x0a\xbe\xc2\xe8\
\xf5\x8a\x9b\xca\xd7U\xd3\xefbBoU\x86S%C\
\xac\xb7\x13h\x9b\x83\xfc3&zJZ\x8f}c\x7f\
\xa3\xa1\xb8\xf5\xd6\xe2\x99\x8dT\xe4\xd92\xfd\xd9\xe9t\
\xfa\xba\xe9\xe2\xe3_\xfc\xd4\xe6\x1a\xd1\x85^\xe9\xc7\xeb\
\xf5\xda\x1e\x11\xbd\x0cF\x12\xa2\x81\x93\x8c\xfa\x85\xe8\xc9\
\x22\xa1\xc3\x91\xfc\x93\x89\xd0g\xe2\xe6\xa2\x0ag\x8d\x99\
\xf1\xa2\xb7x\xe8\xaf\x1e\xf2\x0f\xdf6\xfd\xa6\xe8\xa2\x12\
Y\x99\x18\x09=5\xe8\x1f\xfd\xf6\x1fL1\xe8\xa7L\
R\x7f\x8f%\xda\xeb\xb9\xfb\x15P~\xab\xd3\xc0e\x95\
\xe4\xf4j\xbbj\xba\x9d\xd9\xc00\x94\x88;dx\xbf\
z\xf9\x5c\xa7\x90\x99L\x8b\xbft.\x9f\xfd\xaf\xff\xf0\
\xc7\x0e\x9d\xe9\xc1|%C!>\xbd\xac\xe7wY\x18\
B\xc1\x14\x5c\xa1\xe8\xeb\x18\x04\x86\x82C1NW{\
\x95\xa59\xe2!\xa2\x18m\x04\xab\xa3`y\x14r<\
U\x15N<Pft\xaaj/Ot\xa0\x9f\xfbp\
d/\xe4\x90\x12i)\xe6\x185\x9b\x80\xc9@\x99\x90\
eY\xdf\xb4{\xf5\x9e\xb2\xea\xbe\xda\xcf*\x12\xda7\
\x85\xd8\xed\x00\xaa\x0a\x96\xe5\x17\xb9e7^\x83\x1f\xa8\
\x9e\xa5\x100P\xb9\xfb\x82\x1e\xaf\xe3DB\x87\xdd\x05\
\xf8d\xaa\xf4\xa4\x9c\xb8r\x7f\xa0\x8d.\xf5\xdf\xa4V\
9\xb8U\x84V\xb5L\xef\xe8\x1e]UF5\xfbN\
C\xcd\x07\x88\xe0U\x89\x95\xa5\x9cv\xc7\xd3 \x9a\x22\
\xa1\x7f\xe9!S\x8a\xe2;\xaeMK\xf7\xde\xbb?\x1a\
\x94\x9ff*Sx>\xd09\xfc\x0f\xae\xbf\xfes\x1f\
\xff\xdc\xa7\x9f\x14\xf2\x89\x82\xbf\x9f\x81\xb7@\xf1\x9a\xb2\
kB\x02@\x99\x88\x04\xfc\x8c\x22\xa2\xcf\x16\x19\xbaA\
\x1c\x08\xa2\x10\x1b\xa7~\x1d\x11\xbd\xdb\x106l\xa6\x9d\
\x9f\x00p#\xe2\xf9\x13Y\x81\x18\x09=\x11\xd3\xd3\x8c\
\xe9i\xfd\xf9\x8f\xff\xe1\xa5i\x92\xfc\x9c@\xde_\xab\
\xd5\xe0\x00*\x1b\xbbw\xc7\xcf\xb9\xa1\xa8\xcd2\x11\xfa\
\xfcFBuh\x05\x0c(\x11\xc3\x183\xc3\xcc\x0f\xaa\
\xc8g\x12c\xbf\xb5\x94\x1f\xbd\xb3\xbd\xa0\xf5\xdf:\xfa\
\xf0,z\xd3\xee\x913\xc0\xba\xbd\xd7\x8c\xadI\xf4_\
(\xd3/\xabTIx\x0c\x0d\xa9\xba\xa5*,\xf3:\
\xbd/m\x85\x00!.\xbb\xfb\xf4\x84J\xe1\x0a\xd4\xeb\
uL\x8e\x8d\xa3\xd1\xa8a\xdd\x9a\xb5\xa5of\x13Y\
V\x16,\x93,\x8f|\x95f\xec\xc39\xc7+M\xbf\
\x85Jz\x85\x0a\x81\x8c\x05\x11\xa1\xf0\x1e\xde;\x14\x85\
\x83\xf3\x0e\xde\xf9\xbe\xed\xeao68\x98c\xd8_\xbd\
\xee\xc5\x83\xca\x82\xa2n$U\xb9\xcf\x96\xa8\xef\xf7\xf1\
\xa2\xb5'c\xa5i\xe6J\xb8\x96F\xfb'f\xf0\xf3\
\x5c\xaf\xd7\x07\xc7g(l\x9bgY\xdf;{\x91\xe4\
\xfe\xf1\x1c\xd8\xbceB\xe1\xc4\x224\xb1C\x91\xdc\xa1\
\xed\xaf\x8e\xa7/o\x0b\xb8\xcf-!\xac\xaf4\xafg\
\x96\xb2f2'\xc0\x10\xd1-J8\x97\x80\xbfV\xe0\
|\xc0\xfd\x18`\x7f\xfd\xae[\xf3k\x81\x9b\x05}\xf7\
\x0e\xa7>\xf8\x91\x17\x08\x02\xa0\x9f\xfa\xe2\xa7\xce\xca\xd9\
\x90M\xcd[\x19\xf4:\x22}\x8f\x82\xc6\x09h\x00!\
\xaa)\xd2\xcb\x19]9(\xfa\xdc\x22\xa1'\x14\xa1\x08\
\x91X&R\xe2\xff\x8f\xbd\xff\x8e\x93\xe3\xba\xce\xbc\xf1\
\xef\xb9\xb7\xaa\xba{\xf2 g\x82 \x00\x92`&\x18\
%\x06\x90\x12\x95\x83e\x8b\xb2$\xa7\x95%\xdb\xbb\xf6\
k\xaf\xedu\xda}w\xdf\xc5\xeek\xef\xcf\xb2\xbd\xb6\
\xd7\xaf-[\xce\x92-Y\x16eeY\xc9\x12\xa9L\
Q\x22)Q$\x98\x13H\x02 2&uwU\xdd\
{~\x7f\xdc\xaa\xee\x9e\x9e\x19d\x10$\xa7\x1f~\x9a\
\x83\x9e\xe9\xae\x5c\xb7\xce=\xe79\xcfc\x1aF\xec\x03\
\xb9\xcb~\x7f|j\xcf'\x7f\xfd\x95\xbf\xde35\xe9\
a\x1az\x99\xd0\xc3\xe0\xdfqF\xb2\xe8/>\xf4\xca\
J\x1c\xfd.\xc6\x9eeL$\xb9j\xe8x/R\x8f\
\xe5\xb3hf)q\x86\xd9`\xd7\x9f\x05s\x0cS\x80\
\x96o\xb6\xb4\xcbji\x9aQ\x89#\xb5\xd6\xe6^\xb5\
\x0el\xcf\x9c\xfbS\x975vM4\x0f|\xf6\xc0\xbf\
\x8d\xfa[n\xf9I\x07\xf4n\xfc\xe7\x01\x06L\xbd\xbf\
\xe9#\x09\xb1a\x19T8T\xbd\x86i\x04\xad\xe8\xc2\
\xa9\x14eo\x83\xb5\x86f\x9e\xa1*\xe4\xde322\
\xc8\xd2\xe1%\xac^\xb9\x8a\x85\xa3\x0b\xe8\xef\xab\xf2\xd8\
\xa3\x8fR\xafO\xd2\x98\xaacLq\xad\x04\x81\xe9\x80\
\x92\xb7Y\xfco\x06\xa3x\x0eNe\xe0\x16\x06\x0e\x98\
*D\x06\x22\x13Q\xab&\xb8\xdc\x91\xe5\x19.W\xa6\
\x1ai\x10W\xf7\xa1\xa9\xc5\x97\xdd\xbb\x85=\xa9j\xbb\
\x8akTq\x12\xb2\xbd@\xb0a\xea\xc8t\x86\x85\xb4\
-\x22[\xdbv,\xf7\x8b\xef\xf2F/w<\xfcq\
ZV\x16\x0a\xfbQk0\xc6bD\x88bC\x1c[\
\xe28\x9eF9(\xd1\x1dT\xe6\xd5$\xd0\x1d\xbc'\
W\x8fzC\x9e\xbb\xb6\xe2\x80\x04jC\x8b&`\xcc\
\x1c<\xd1\xee\x86\xa6\x90\xf1\xee\xb6\x09\xed<\x16\xa2\xe0\
\xb4\xeb \x15\xd7\xd1\xf4qI\xd4{?\x85\xd0T#\
\x1fG9[\xd4\xffO\x87\x89\xd3\x94\xbb\xabFWf\
S\xdb\x9f~$I~\x14\xb6\xf5\xca\xa7\xcf?(\xc0\
\xa7\xf7}z\xd7-o\xb9\xc5\xfd\xd1\xad\x7f\xf7q[\
\x1f\xff\xa7\xfe\x81\xc5\xdf\xb0\x96\xeb\xbc\xca\xeb\x04\x16 \
j\x92$Q\xbc\x8a\xf7\x1e\x17\x82\xd2p\x1dK\xb8?\
3\x9f3\x97\x89AXQ\xd7\xb5\xd9=\x89B\xa6%\
Q\x5c\xf7\xfd\x81\x84\xc68\xaf\xd5\x9c\xec\xa2$N\xfe\
`\xa4\x7f\xc5\xb9\xc0\x7f\xa77\xa1\xe9\xa1\x03\xbdL\xe8\
\xdc\x90\xdf|\xef\x87_\x13Y\xfb\x87\xb6\x12o\xc8\xbd\
oI.M\xcb`\x96%Bw\xa4\xfbjf&\xf4\
p\xb4\x9d\xeeL\x87WUU\xc5\x8a\xa8X\xeb\xe2\xc4\
\xe4y\x9aWj\xb5\xea\xfdb\xcc\x97\xa7&\x1b?\xf0\
y~\xe7w\xb6\xff\xe0\x9e\xc5\xf7m\xd2\x9e\xbc\xd2\xf3\
\x0f\xabV]]KF\xf5\xbf\x83\xfc\xbaH\xd4q\xf6\
U\xc0\x84\xc0\xa9p\xa6)e\x02s\xefp\xce\x91\xb9\
\x9c\xd1\x05\x0bX\xba|\x19+W\xaeddd$\xe4\
\x1d\xbd\xb2\x7f\xff\x01v\xef\xdcI\xbd\xd1@\xf3l\xba\
K\x8et6\x13\xb5\xd1\xd5\xdd:3\x08\xed\xcelt\
]\xab\x91\x8d\x02\xbfT\x05\x97;L\x14\x93\xa6\x8ef\
\xb3I\x96u\xd3\x06\x0d./<\xeb\xbb%\x96\x8aL\
\xeb\x0cH\xfb!\xe9gi^:b\xf7y\xc7\xf6\x8b\
\x82s\xd3c*\xf5\x8a\x8d\x22\xe28\x226\x11\x958\
A$\xf0i\x8d\x11\xc4(b\x14kLq>|\xf7\
\x0a\xa6\xbf\xb5\xa6\x83\xee`\xc8}\xa0*\xe4y\xc8h\
\xd7\xa7\x1a\xe4\xa5\x98\xff1\x95\xeeC\x10\x1a\x9b#\xe4\
\x0b\xbaN\xa0\xb5\x9ak\xf0V=\x00\x0c\x83M\x8bc\
\xf1\x81\x8c\xfc\xef\xfdD\xe3\xc1F\xc3dO?]\xc9\
\xe0\xb6\xd2\xeb\xb5\x17\x1c\xbc\x00q\xf3\x87o\xb6\x00\xaf\
Z\xfe\xa6\xab\x8d\x98\xd7\x22\xbc5\x12\x96\x01\x95\xd0\xa8\
\xeaQcD\x0b\xb74\xaf\x8a'\xd0tJ\xccl\xac\
;Bw}W&\xb4\x9bS\xdeeD\xa1\xc6\x88\x1a\
c\x9eR\xfc\xef\x1c\xd8\x9b}\xe87\xdf\xf8\xce\xf1\xd3\
}\xdczx~\xa0\x97\x09\x9d\x05\xbf\xf8'\x7fR\xe9\
\xab,\xfe\x91\xc8\xda?\xb0\xb1]\x02\xd3K\xeff\x96\
\xa1\xba\xbb\xcbTO\x12'\xb43i%\xaa\x1a\xc5\xc9\
D__\xdfv\xd5|\x87\xcf\xdd\xdez#\xfd\xa0j\
\xf6\xec\xef=v\xef]\xf4\x04\xe5\x9f\xd7h\x0e\x1d\xb2\
\x15\x19\xbeX\x15\xe9\xe6\x84\x86\xec_\xa9\x17.\xe4\x12\
\x82\x97(2T\xfa*\xac_\xbf\x9eEK\x970<\
<L3K\x11\x03\xde9\xd2F\x83\x03\x07\xf629\
5\x01\x84\xae\xf8n\xbe\xe2\xc9@\xf75\xefZb\xda\
\x12\x82*\xaf$\x91\xa1\x12\xf7\xb5\x04\xe4\xb3,#\xcf\
\xc2\xb6d\xd8\x90%,\xa4^lqa\x87\xa6,\x98\
!\xb1TdP\xc3\xbag\x09B\x0f#\x91T\xca8\
ur\xe3\xaaIe\xdag\x92j\x05k#\xe28\x0e\
B\xf9.P\x17\x82\xa3T\x91\x8dv\xbe\x08\xb4C\xc3\
\xd5\xe1\xee\xe9\xb2Ra\xa2\xc2\xeb\xbd8<\xb15\xa8\
\x97\xd2\x09\x87f\xb3I\x9ee3\xc6\x0b\xdf5I5\
G)\xbfY\x8a\xccO\x0b\xb9E\x9b\xea\xf9 \xc6\x1f\
R\xcf\xf7\xc4\x98w\xa1\xfa\xa7^u\xccd\x8d\xef<\
\xb4-\x1d\x87;{\xceg/\x12\x94\xb6\x99[n\xdd\
\xf2\xbd\xdb\xf6\xdc\xf6\xad\xd7.\xfb\xe1\xaf{\xcb\xb5\xea\
\xfd\xcdx=\xc3\xa97q\x14\xa9\xf3\x88S\x17&T\
\xf6D\xd7zL\x10\x17T[V[\x1b\xfd\xf6\xa2\x05\
v%\xf0?\xe8]\x7f=\xd0\xcb\x84N\xc3\x96\xad[\
\xa3\x8d\xcb\x97\xcb\x08\x83o\x8fm\xf2G\xb6\x92\x8c\x00\
\xe4Y&Rt\xa7v'm\xda\x0f\xba\xe9\x0f\x11=\
\x0aN\xe8\xe10\xbd\xa4)\xd0\xeb\x00\x00\x80\x00ID\
ATb\xaa~dh\xe4\xfe\xa9\xfa\xd4J\xd0O%\
I\xf5K\xa8{`rrl\xfbw\x9e\xdc\xb6\xf76\
\xf0\xbd\x00\xf4\xf9\x8f\xb5\x17\x5c}\x8e\x81[\x81\xa5\xd2\
\xb2I5\x94\xac\xadi\x0e7yN\x92\xc4\xac>\xe3\
\x0c\xd6mXO\xb5Z%sy+\xd8qYJ\x14\
Yvn\x7f\x9a\x9d\xcf<C\x96\xe5T\xabUb+\
\xad\xc0\x0f8i\x99\xd0n\xb4\xba\xdb\x8b :I\x12\
\x9c/x\xac\x99c`\xa0\x86\xcf\x1d.\xcf\xc9\xf2\x9c\
4\x0d\xfc\xd1\xdc\xe5x\xe7\x8br`\xe7}b\xe6\xdc\
\x96N\x07%\x08\xf7Ng\xf7\xfbl\x17~7\x87s\
\xa0\xafo\xda\xfbn]]\xa3\x81\xe7i\x8ci-\xdb\
\x17\x99\xe9\xce\xee\xff\x8e\x034\xfdxx\x87\x11\x83\x8d\
l\xe8Lwa\x9f:\x8f{\xc8\x8e\x86\xe0|rr\
b\xc66w\xda\x8av\xe7J\x0f\x97\x09U-{\xdf\
A\x84\x1c\x95G\x9a\x13\x87\xae\xaeV\xeb\xf5\xb1\xb1a\
[Y \x83n,\x19{\xe2\x89\xdbz\x12l\xf3\x00\
[\xb7n5\x5c\x8fY\xadg\x9d\xe7E_\x8e\xfa\xb7\
U\xfb\xfa\x969\xe7V\xa4y\x16h>\x112w&\
\xd4\x1c\x91\x7f}\xd8L(\x84L\xa8N\x93\xa1CD\
4\xb26K\xa2\xe8\xd1<\xcb\x7f\xfd\xf3\xbb>\xf9\xb9\
\x9e\xef|\x0f\xbd \xb4\x03\xbf\xf8'\x7fR\xe9\x8b\x97\
n\xb1\x95\xe8\xaf\xc4\xd8U\xddb\x82\xc1\x12q\xaeX\
\xefH\x9a-]AhW\xb6\xaas\x10p\x82\x1ak\
\x83\xb0\xbc\x98\x09\x0cuc\xa3O\xe5Yzo\xde\xcc\
?\xbe\xfdi\xb7\xf3\x96\xado\xe99R\xbc\xc0\xb0\xee\
\x82\x97\xfc\xa6\xc0\x7fU\xb4_\xa43\xa8P)\x9b\x80\
J\x88\x85\xa5\xcb\x97s\xd1E\x17\x82\xb5\xb8\xa0\xc3\x17\
\xba\xd6\x8b\xa6\x1e\x9f\xe7<x\xef6\xf2fJ\xd4\xd2\
\x0d\xf4\xd3\x1f(\xc5\xc3\xc2\xcc\xb8\xd5\x0f\x7f\xbd\x9a9\
\xba\xc2\xcb\x7f\x8bD\x85\x8d\xa6+\xde\x97]\xfe\x1e\xef\
s\xaa\x91err\x92F\xa3A\x10\xb2\x8e\xe9\xeb\xef\
c``\x00k\x03\xd7\xb2\x9e6\x19\x1f\x1f\xa7\xd9l\
29Q'\xcb\x5c\xa1i\x1b\x93\xbb\x9c\xbeZ_\xab\
\xc9JD0&bjj\x0a\x13\x87\xccb\x09\x0f\xc4\
q\x1c\x02H\xdb\xd1\x8d\x7f\x04\x1e\xe7to{\xc3\xb4\
\x87\xf2\x11\x08\xdbG\xf4\x86\xef\xa2\x0b\x94g\xa1\x84\xcb\
\x1diVdF\xf3\xbc\xd0|\x9a\xde\xd9\xdc\x19([\
f?\x1fE7|X\xb2\x88\xf7\xb9\xdb\x9d\xe6\xfe\xfa\
\xc7\xee\xff\xea\xa3p\x94\xe9\xd4\x1e^\x94\xd8z\xeb\xd6\
h\xeb\x0d[\xf3\xbf\xfd\xd2\xdf^\xea#{\xb95\xd1\
\xcfd\xb8K\x5c\xe6$I,^\x8bq\xc7\xfb\x99\x14\
\x91\xc3\xa8O\xa8\xf1G\x17\x84v\x7f/H\xb8i\x84\
\xf1\xb1M\xee\xcf\xd2\xf4\xdd?s\xc3O\xfd\xe3\xe9>\
N=\x9c^\xf4\xca\xf1mH_\xb2\xe4\x1c\x93\xd8\xff\
\xdbX\xbb\xd23=B\x9f\xd3\xf9\xa8e\x7fw\x8c+\
\xeb~\xc8\x07\x89\xa7\xe0\xcf\x8c\xfa\x91\xe1\xa1\xc7\xd24\
\x7f k6\x1f\xc9\x5c\xf6\xf9T\xb8\x93f\xde\xff\xbf\
\xdf\xf5#O\x9e\xee\x03\xd5\xc3\xb1c\xc5\x8a\xcd}\x88\
^\x81J|\xa4\xcf\xaax\x92j\x85\xb5g\xad%\xae\
VH\xf3|Z\xdd\xca\x0b\xe4i\xc6\xceg\x9e\x09~\
\xf3\xddT\x90\xb2\x89\xed\x14!\x5c\xf3e#\x91\x84\x86\
\x1b\x0b\xb9K\x8b\x92s\x1dS\xab\xb1\xe1\xcc5\x9c{\
\xee\xb9\x9cs\xcey\x9cy\xe6Z\x06\x06\x06\xe8\xef\xef\
\xc7&\xe1\x10\xe4YF\xa3\xd1 Ms\x9eyz\x17\
;v\xee\xe0\x81\xfb\xef\xe7\xb1\xc7\x1eg\xfb\xf6'\x99\
\x98\x9a\x22\x89Cf1\xb2\x09\x0ee\xd0V\x89\x93\xa4\
8N\xe5\x16\x99i\xba\x98\xb3\xe9\x96v\x1f\x97c\xd5\
\xe9<Q\x14\xfeC\xed\xf7\x91`\xa4B%Nhf\
)Y\x96\xe1P\xbc\x93\x19\x9d\xf5\x87\x83\x84\x1d*v\
\x18A\xd8g\x84\x01z\xa5\xcey\x8fR\x9b\xf3\xa7_\
\xf6\xd3w\x01w\xfd\xed\xd7>\xf0EUy%\xf0K\
\xc6FU\x83\x9e\xa1\xde\xe3B\xe3\xddQ\x0f\x18\xe2\x0d\
\xc6\x1c\xb9\x9a7\xe3{\x81\xd2\x22^\xbc\xb1\xd6\xac\xd6\
8y\xd9\x9f\xdd\xfag\x1f\xff\x85\x1b~a\x92\xde\xf5\
:o\xd1\x0bB\x03\xe47\xde\xfd7\x036\x8e~\xd9\
D\xd1eJ\x90\xd9;\x95wE\xa7\xf8\xb4\x16~\xce\
&<}\x1a\xc0\xce\xc9\xc9\x89\x0f\xa9\xe7\x07M\x97~\
\x05&&\xff\xf7\xdb\x7fr\x12\xd8{\xba\x0fT\x0f\xc7\
\x07c\x12\x15\x95\x8b\x91B'^Dt\x96\x9aW\xe9\
|\xb3r\xe5JFFG\xc85\x0f\x83\xbdj\xf0\xf1\
\xf6\xa1\x7fdbr\x82\xfd\xfb\x0f\x80\xcb\x83e\xe31\
:l\x9dp\x8c\xea\xb5\xe8\x80\xf5\xa8\xf7\x1c<t\x00\
\xefs\xd6\xaf_\xc7\xe5Wl\xe6e\xd7_\xc79\x1b\
\xcffhx\x10\x9f+\xaam\x97\x9f\xcc+q$x\
\x0f\xce\x87\xa6\x9f\xf5\xeb\xd6\x86\xbf\xa59\xf5F\x9d'\
\x9f|\x92{\xee\xbd\x97o\x7f\xfb;\xdc{\xef\xbd\xec\
\xdb\xb7\x8f(\x89\xa9\xd5\xfaQ\x9f\x13EqG\x10*\
8mg\x88[\x86e\x80\xe9\x0a\xe6Zz\x9a0]\
\x0c\x7f\xc6\xf18>\xd2\x5c\x99A\x96#\x06\xb9\x86\xa0\
\xba$\x88\xc4\xd38\xa3i\x9a2\xb3\xefj\xf6\xed)\
3\xa1\xc5>\xa8\x88T\xa7\x0eN>H\xef\xa1\xdeC\
\x17\xb6\xe7\x0fo\xdfz\xc3\xd6?\xff\xb3\x7f\xfb\x9b\x07\
P\x7f\xa6\x22\xefR\xf4J\x0a\xe9'Njet\xf6\
\xeb_L\x10\xedp\xce\x0fE\x91y\xfb\x90Yx\xeb\
\xd6\xad[\xff\xb1p\xed\xeba\x1e\xa2W\x8e\x07\xfe\xd3\
{?\xb8(\x92dsR\x8d\xde\xef\x91\xc5\xce;\xc4\
\x18\xf12\xb3!\xa3\xbb\x1c\xdf\xce\x84\x1e\xe1\xa1\xd5\xed\
\xe8b[\x0f\xc3\x22\x9f$)\xc2NA\xff\xd19\xf9\
\xca\xfe\x86~\xb3/\xc9\x93?~\xc7\x9b\x0e\x9e\xee\xe3\
\xd3\xc3\x09C\xce<\xef\x8a\x0b\xc5D\xb7\x83&`\xc4\
\x98\xb6\xef\xa2\x16\xcd/^\x15-\xf4cox\xd9\x16\
\xaa}}\x10\x85\xeel\xe7=\xde;4\x0f\xc1\xd6\xb6\
{\xef'\xad\xd71\x18D=\xb6Kg\xb2\x1d\x98\x14\
\xefg\xd8L\x1e}w\xf9l\xcb\x8b4d\xec\x82L\
S\x93\xa5K\x97\xf2\xfa7\xbc\x96\x97\xbf\xfcF\x96.\
^D%\xb2\xd8\xb2\xc4g\x04\x9f;Ld[\x9bX\
nN'5\xd3\xe5\x81\x0fZ\x06\xa8y\xee90v\
\x88'\x1e\x7f\x9c\xaf\x7f\xe3\x1b|\xf5+_\xe3\xf1\xc7\
\x9f\xc0&\x11I\x92\x80\x96^\xf6\xa5\x8e\xea,\xfb\xd1\
Ufl\xd1\x06\xc8g\xfd\xfd\xd1\x1e\x9f\xb92\xcdF\
dN\x0d\xd2\x19\xcdF\xc5\x98\xe0\x05\xea\xf5zk{\
U\x0c\x13\x13\x93-f\xa8J\x9b\xc3+\x94\x8dR\xd1\
,K\x02\xafzO:>v\xfdc\x8f\xddy\x88\x1e\
z\x98\x1d\x02\xf0\xde/\xbew\xb5V\x92\xd7\xa8\xf7\xbf\
d\xc4\x8c\x22,\x91rz\xaa\x87\xe7\xa3t\x97\xe4g\
\x96\xe3\xe7\xfe\xaeQ\x83E4\xb2\x15\xa7\xa2_\xcd\xb2\
\xe6o\xfd\xec\x96w|\xe7t\x1f\x94\x1eN\x0fz\x99\
P \xd1h\x83I\xa2\xb7\xaa\x9a\x85\x0aX\x89\xc4i\
\xd0E\x9cy/\x15\x0f\x86V\x93\x82L\xfbQ\xc2v\
7\x22u<\x80\xbc\xaa\x1ab\x10O5\xa9\xe4\xde\xfb\
\xc7\x5c\xee\xfe\xd9\xa9\xfb\xd6\x83\x8f6\xbf|\xcb\xd6\xb7\
\x94\xee$S\xa7\xfb\xd8\xf4pR \x18\xbbQP\x13\
|M\xba$L\xc4\x90\xe7M$24\x1bM\xce=\
\xff<\x92Z\xad(\xcff\x85tP\x11\xc8\xa1\xec\xda\
\xb9\x8b\xac>\x89-\x1c\xe7\x01|)\xff3#\xba+\
u)\xbb\x82J?;_\xb2\xd5\x12\xd3z\x1f\xe0]\
N\x14\x1b\x9c\xcb\xb1\xa24\xd3\x8c<m\xb2x\xf1b\
^\xf9\xca7\xf0C?\xf4C,\x5c8\xca@_\x95\
\xdc\xfbv\x00Z(\xff\x98NE*3s\xf6\xab\x1a\
44\x0d!\x00\x85\x909]4:\xc2\xa2\xd1K\xb8\
\xf4\x92\x8b\xf8\xa17\xbc\x8e\xcf}\xf6\x0b\xfc\xeb\xe7?\
\xc7S\xcf<M\xb5\xd2\x07b\xdb\x9a\xa8@w\x0a\xb1\
;\xf0kk\xe7\x1f\x9e\x15q\xb4t\x86v\xe6\xb3\x5c\
p\xb1\xedtM\x02D\x88\x8c%\xcb2\xbc\xcfq.\
\xa7\xdeh\xb0`t\x01\x8b\x17/\xa6Z\xad\x92D\x81\
\xf3\xbak\xf7^4k\xd2L=\x93\x8d&q\xa5V\
\xc8s\xf8\x16\x8d@\xf1 \xb6\xd5\x1d_\xee\xa5\x8a\x9c\
)\xd5\xc1\xc5@/\x08\xeda.(\xc0\xceh\xe7\x8e\
\xad\xd7m\xfd\x8b\xf7\xfc\xdb_\xdd'\xb1\xb94m\xa6\
\xbf\xa4\xb0\xb6R\xa9\x94U\x9av\xada\x16\xafy=\
L\xb2\xdd\x88\x9d;\x10\x150b\xc4kfQ\xae1\
b_\x09|\x97^\xf6~^b~gB\x0bG\xa4\
\xdf\xfa\xab\x8f\xbc5\x8a\x92?\xc4\xc8R\x8f\xa2\x828\
\xedn%\x98\x8e\xee\xee\xf7n^\x9e\x9d\xed\x9b\x22*\
\x22\x88\xaa\xdaX4O]\x16%\xf1_\x8b\xe8\xbfe\
\xceo\xfb\xfa\xc3w>~\xdb\xd6\x9e\xc7\xee\x8b\x0e\xeb\
\xd7W\xd6\xd5\x16\xff\x13\x22o\x10/&dA\xa7_\
\x1f\x8d\xb4\x8eM\x22\xd4(\x97]q\x05\xa3\x8bF\x83\
\xa6_\x11\xc4Xk\xa8OL\xe2\xd3\x9c\xedO<A\
\xfd\xd0$\x9d\xce\x9b\xe5\x80\xdfvF\xea\xca\xecu\xeb\
Z\xce\xc8\x8cN\x0fB\xa7{\xaf\x17.N>'\xa9\
\x18&\x0e\x1d\xc4\xe7)\xd7\xbe\xf4\xa5\xbc\xe3\x1d\xef\xe0\
\xfc\xf3\xcf'*\xb2\x9c3\xaf\xfa\xa3k\xe4\xeb\xcc\xa4\
\xcc\xd6\x8d\x9e\xbb\x1cc\x0c\xf5z\x93\x87\x1e|\x88\x7f\
\xf9\xd8\xc7\xf9\xcc\xe7>\x8b1\x11I\xb5\xaf\xadk\xd8\
\x15\x84Z\xe9\x0e\xb6K\xa3\xaa\xe3\xcbt\xce\xd8\x8b\xee\
 \xb4\x5coW\x10\x8aw\xc4qL\xa31\xc5\xc1\x83\
\xfb\xb8\xe4\xd2\x8b\xb8\xe6\x9ak\xb9\xf8\xe2\x8bX\xb7\xf6\
L\x221T\xab5\xa6\xa6&y\xfa\xa9\x1d\xdcq\xe7\
]|\xf6\xf3_b\xdbC\x8f\x226&\xf7\x0e\xa3\x10\
G\x84\xbc\xa7\xb1\xd3z\xe8\xcb`T\x95\x14\xf4\xf1\xf1\
=c\x9bw\xec\xb8\xb37\x89\xed\xe1h \x80\xfe\xc9\
\xe7\xfe\xe2\xa2(6\xaf\x12k\x7fV\x88\x96\x0b\xb4$\
&\xa4\xeb\x86p\xe2Z\xd4\xa1\x19\x0b\xd3\x99\xea\x1b\xdd\
\x88\xc2}XXH\x98\xc7].?\xf2\xb37\xfc\xd8\
\xf7\xe9\x05\xa2\xf3\x0e\xf3:\x13\xfa\x8b\x0b\x16\xc4\xf1\x9f\
\xfd\xd3\x12\xe0\x8d\x085\x1f|\x22N:\x17\xb4\xe4|\
Z\x11\x8d\xe2(C\xcc\xa3\xc6\xea\xb7\xb2f\xf6PS\
\xdd'+\x93\xf5\xdd\xbf\xfd\xae\xb7\xec?\xdd\xc7\xa3\x87\
S\x83\x05,\xac\x00\x0bQ5s\x95y\x8d14\xea\
\x0d\x96\xaeX\xc2\xe2\xc5\x8b\xc9\xb5K\x5c=\xf7\xc46\
b\xdf\xa1\xfdL\x1c\x1a;\xe2 \xdf\x8d\x19\x92as\
\x95\x93[AcG\xb7\xbd\x12\xdc\x90\x5cF\xd6\x80u\
k\xd7\xf2\xd6\xb7\xfd(\xd7]w-\x0bGGft\
n\x97\xdf;^\x94\x0eEe\xe0\xac^\x89\xe3\x18\xe7\
\x1c\x03\x03}l\xda\xb4\x89\x15\xab\xd7p\xf9\x15W\xf0\
w\xef{?\xbbv\xeeF\xa2xV\x1d\xd1\xce\xe3\xdd\
\xf9\x1c=UO\xba\xf6::\xf7?\x94\xd0\x1bS\x13\
\x0c\x0d\x0d\xf1\xb3\xef\xfai\xb6l\xb9\x8eU\xabW\x84\
c^\xe8\xac\x02\xd4\xfa*,X\xb0\x90M\xe7\x9e\xcd\
\x8d[\xae\xe7\xa3\x9f\xfc\x0c\xff\xf2\xf1Oqp|\x12\
\xaf\x0eOL\x14\xc5\xe4~\xae\xf5\x93\x08f\xc9\xd0\x92\
\xc1%;v\xf0\xc4)\xda\xcd\x1e^\x5cP\x80\xfd\x95\
]\x0fn\xbda\xeb=\xef\xf9\xb7\xbf\xbcS\x8cy5\
\xc6\xbc\x09XI\xe1M\xcf\xc9OZ\x95\xde\x83\xabM\
d/\x00\xbe\x7f\xba\x0fD\x0f\xcf=\x9e[\xc9\xda\xe7\
\x19\xae\xfb\xe1w\xac\x895Z\x80\xf0?%\xb6\x83\x14\
\x8eH!\x10-\xb8\x9es}y\x8eLR\x09\xc3t\
\xce\xa71\xe2Md\x9b\xb1\x8d>f\xac\xf9\xbb<m\
\xfeE3\xdd{\xfbc\x9f6\xcf\xbe\xe7w\xdf\xd2\xcb\
X\xbc\x88\xb1b\xd5\x19\x1b\x80w\x80Yd\xc4L\xcb\
\x82\x06\x8e\xb1b\xac\xa0\x22\xac[\xbf\x8e\xd1\x05\x0b\x02\
}C@\x0a\x03\xbd,\xcf\xd0<\xe7\x99'\xb6\x07^\
h\x87Ic\xe7\x95\xd7j\xca9B&\xefHO\x13\
#\x06\xc1\x17\xcd=\x9e<k\x92e)7\xdep=\
\xbf\xf4K\xbf\xc45\xd7\xbc\x84\x81Z\x0d\x83\xe0P\xf2\
<\xc7+\x1de\xf8#\x85y\xc7\xe2\xc1\x19t\x06\xc3\
\xf1R\xac5\x8c\x0c\x0f\xb2n\xddz\xce?\xef|\xf6\
\xee\xdb\xcb3O?\x8dJ`\xb4\x89\xb6\xa7\x92\xa6\xc8\
|\xcep\x849\xd2\xf19\xcaL\xa8tq@C\x83\
!\x1dS\xd9\xa0\x22\xd0\xacO\xb2q\xe3\xd9\xfc\xd7\xff\
\xf6_x\xe5+_\xc6\xd0\xf0`pmj5(J\
\xa0L\x88 \xce\xe1\xf3\x9c\xd1\xd1Q.\xb9\xf8\x22\xd6\
\xac9\x83\xc7\x1f{\x94C\x13\xe3\xc1\xee\xd3F\x87\x15\
\xce\x0f\x81(\x8f\xee\xdd\xb5\xf6nx\xa2'\xd3\xd4\xc3\
Q\xe1\xb6\xf7\xdd\x96\x03\x5c\xben\xf3\x13\x13O\x1e\xfa\
Ru\xf5\xd0W,f\x9f\x0a\x97 $\x9d\x8a\x85*\
*\xe5\xd8\xd4\xfd\x82\x99\x0d\x81\xdd\x98\xe6h\x861\xd6\
D\xcd7\xfe\xc4k\xbf\xf1\x89\xf7}b\x82\x1e\xe6\x15\
\xe6u&T\x5c\x16I\xb5v\x83\xf7\xda\x9f\xa7\x99h\
qgL\x93cj\x957\x8f\xee\xa1\xd4\xf2\xac\x8eL\
\xe8x\x0fve9\xc8C\xa8~-\xcb\xf3\xbfHI\
\x9f\xfd_o\x7fc\xaf\xd3}~@T\xcc\x15\x82,\
\x85`\xe5\x18:sJ\xeee\xf8\x91e9\x95j\x85\
\xd5\xabW#^\x11\xf5h\x87\xb5k\x7f\xb5\xc6S;\
\x9e`rb\x02\x9c'\x8a\x92Y\x9d\xbb\xe6\xc2\x91\x04\
\x7f\xba\x1b\x0b,\xa1\xa3=\xcb\x9b \x10\xdb\x88\xb7\xbe\
\xe5\xcd\xbc\xe5Gof\xc5\xb2E-\x8f\xc7\x90\x1eQ\
b[\xea\x84\x06\xed\xe9#6\xeau\x1f\xa4\xce,e\
!\xa5\xd4\xb9M\xd6\xda\x19\x81Wd\x0c\xe7\x9e\xbd\x91\
\xdf\xfa\x8d\xdf\xe4\x1f\xfe\xe1\xfd|\xec\x13\x9f\xc2#\xc4\
\xb1E]X\x9e-<\xda]\xe1\xe2T\xae\xe7\xc8:\
\x9fG\x08R\xe7\xe2\x80\xb6bO\xc5\xfb\x9c\xc8Z\xc6\
'\x0e\xb1\xe1\xac\x0d\xfc\xd2/\xfd\x02\x17]x\x1e\xde\
\x05\xca\xae\xb1\x9d\xc7\xabc}\x91\x10\xdb\x0ad\x8e\xc8\
(7\x5c{%\xc3\xc3\x83\xfc\xf6\xef\xfe>O\xed\xd8\
I\x14\xd9 \xa4O\x9bV\xe1J\xeaohs4\x8a\
{-\x8c\xff\xd51\x9d\x84\x1ez\x00\x8aN\xf5\xfc\xbd\
_|\xef\xa3;\xbf\xb1\xfd\x7f.\xbfv\xedN1\xe6\
\x87Qn\x14\x11\xf1\xe2\xc5\xca\xf4\xe9\xef\xcc\xfb\xa9+\
)3\xb7\xee\xb0\xa0FU\xf5z\xb5\x95\xb3\x81]\xa7\
{\xff{xn1\xaf3\xa1/y\xe3[\x87\xe3(\
\xf9)\x97\xbb\x0b\x9c\x11Q@\x8b\xe9^\xebaU|\
\xf6\x88\x99\xa5\xf2\xf3\xc6\xaa\xb1\x96\xc8\x1ao\x8dhd\
\xed\x0fT\xe4\xc3x\xf77\xaa\xee\x13<\xfc\x9d\x87\xfe\
\xdf_\xfc\xf7\xbd\xd9\xde<\xc1\xda\xb5k\xab\xb6:\xfc\
\xa7\x22\xb2\x160\xad\xee\xd3V\xa6\xdc\x87\xb8%\x12V\
,_\xce\xf2\x15\xcb1\x16<\xf94\xa9\xa1\xfa\xc4$\
{v\xef\xa61U\xc7\x88\xcc\xce9\xee\xc0\x0c\x1d\xda\
\xae\xbf\xab/\xcc\xcdgy\x89j\x11d9\x5c\x9e\xd1\
?P\xe3g~\xe6]\xbc\xf9\xe6\x1fa\xd1\xa2\x91\xae\
\x1c\xa7\x9fu\xf9\xdd\x9c\xd4\x13Ak_44`i\
H\x8d\x82\x82\x8d,\x03\xfd}l:\xf7<\xfa\xfbk\
\xdc\xfb\x83{\xc9\xd2&\x91\x8d\x82\x9f\xbbWr\x97\xb7\
\xe8\x07-\x91\xf7\x13\xcc\x84\xce\x94\xfe\x9fn\x10\x10Y\
C\x14ELN\x8d\xb3j\xe5*~\xe5\x97\x7f\x89K\
.\xbd\x84<\xcf\xb1V\x90\x19\x5c\xd5\xce\xefK\x98\xa4\
\x88`M\x90\xc2Z\xbch!\xb5Z\x8d{~p/\
\x13\x13\x93\x04\xc7-\x99\xd69\x22\x22\xe5bE\xc4\xd7\
\x16,\x8a\xbe\xb8o\xf7\xf6=\xf4xv=\x1c\x07>\
\xfd\x0f\x9fn\xdev\xdbm\xbe\xf6\xba\xf8\xee\xdaT\xfc\
O\x83}\xa3\x0dD\x06\x04]\x16.\xf8\xb6c\xec\x91\
\x82P\x91\xc3\xbd7\x08\xa6O\x95\xfd\x97\xfc\xe4\x05\xb7\
\xde\xf6\xbe\xdbz\xd9\xfby\x84y\x9d\x09\x8d\x903\x8c\
\xc82\xef=*f\x1a\x1f\xf4X\xc5\xbe\xd5+b\xad\
F\xd6bD\x9c\xc0\x04*\xf7{\xcf\xffQ\xc9\xef\xde\
\xfa\xf6\xd7>\x5c~\xf4t\xefw\x0f\xcf\x1d\xd2d\xe1\
@$f\xc1\x0c1h)\xcb\xcb\xe1\xdf\xea\x95e+\
\x97a#\x8bc\xa6\x93\xdd\xf8\xd8\x18\x93\xe3\xe3X\x04\
Q=\xe9\xec\xac\x19\x8b\x93\xe0\x8648\xd4\xcf\xaf\xff\
\xda\xafr\xfd\xf5\xd7SI\xba\x03\xcb\x0e\x89\x96\x19K\
\xec~\x8e\x1c}P\xda\xe2\x84vgG\x8d\x14\xd2P\
\xbe\xe5\xf2bl\xe0\xcf\x0c\x0d\x0f\xf0\xa3o}\x0b\x0b\
\x17-\xe2=\x7f\xf1\xe7\x1c:8N\x1c\xc7\x88\xb1\xb8\
\xcc\x11G\xcf\xedP\xd7l6\x89cC\x1c\xc5\xbc\xf5\
mo\xe1\xaa\xab\xae(b\xcb\x98\xc3\xf3e}8V\
&\x10!D\x85\xc8(R\xb1\xdcx\xfdU<\xf2\xc8\
\x83\xdc\xf2\xb1\xcf\x84\x80\x5c\x98&\xfd\xa6\xaa*\xa5n\
\xbd\xcaR\x1b\xd9W,\xbd\xf0\xc2G\x9f\xbd\xe7\x9e\xc9\
\xe7t\xe7{xQ\xe1\x96\xb7\xdc\xe2n\xe1\x16\xf7\xee\
O\xfc\xcd\x9f\x0e\xf6G\x9f1\x91n\x15xUg\xe3\
\xd2\x89BQ\xab\xf8\xab\xef\xdbs_\xc9=\xed='\
\xe7\x09N^\xba\xe2\x85\x88\xc8\x9e\x83\xc8\x9a\x5cT\xbc\
w\xe4\xde\xe1\x5cx\xb5\x0f\xcfl\xaf\x99\xd0\xf08P\
Arc\xed=\xc0\xff\xcfy\xfdu\x1dK?uh\
\xc7\xe4S\xb4\xab\x97=\xcc\x1f\xd8Zm\xe0ZQ]\
\x1a\x9a\x92:jPe\xa6\xb0\x08F\xfb\x07\xfb\xe8\x1f\
\xe8's\xd9\xb4\xbf\x97W\xdc\xc4\xa114\x0f\xfd\xd0\
G\xb2\x94<qx\xea\xf5\x09\x8c\x85\x9f\xff\xf9\x7f\xcf\
5\xd7^\x0b\xc0T#8\xc5\xd6\xd3&\xa7\xd3\x11R\
\xc4\x10E1\x9d\xf4Sk\x84\x81\xbe\x84-[\xae\xe3\
?\xfd\xf2\x7fd\xd9\x92ExU\xa2\xd8\x92\xc4\xc9i\
\xd8Febr\x9c\xcb.\xbf\x94\x9bnzY\x11D\
\x032\x8bE\xe2\x1c(\xed2\xc4(>O\xe9\xabT\
x\xe3k_\xc5\xd9\xeb\xd7\x16rM\xdd\xeb\x9cF\xb4\
\xb3\x02\xffq\x84\x91%\xcf\xf9\xce\xf7\xf0\xa2\xc4o\xbe\
\xf1\x9d\xe3?\xff\xf2\x9f\xba\xc7\xe7\xfe\xd7P\xfd\x9fF\
\xcd\xb8\xa8x\xa3F\x8d\x1a\x8c\x1e\x89\x09:\x07\xc4\x89\
j\x8eQ\xdd\xf0\xcaEo\xdc\xb2u\xeb\xd6\xf9\xad\xda\
3\xcf0o3\xa1[\xb6n\x8d$\xb2\x1br\xef\x87\
\xc5\xda\x19\xb6e\xea\x03\xe7\xa5\xa4\xa1\x99\xaer\x99\xb5\
\xe1\xd0)9\x0aj\x8d\x10E\xc6\x1b#\xff\x22\xea?\
z\xdfC\x13\x9f\xb8\x85m9[\xb7\xf6J\x0b\xf3\x14\
k\xd7n\x19\x8c\x94\x97 R\x13)<\xdd\x0b\x02\x8c\
+:\xd6\xbcW\xf2,c\xf5\xa25\xf4\xf7\xd7\x88\x92\
\x84\xf1\xa9\x09\x92$B3%I\xaa\xec\xdd\xbd\x87\x83\
\x07\xc6\xf0y\x10\xa5\xb7\x08\xda\x15\xc8t\x0f\xfese\
\xf2[\x02\xe8\x1d\xdf7J\xe1\xde\x03Y\xda\x08\xde\xef\
\xb5\x98w\xbe\xf3\xa7\xb8\xe1\x86\xeb\x81\xd0\x99\x1fG\x11\
\xde{*Q\xdc\x96Dj\x05\xa33\xb6\xe0\x84\x8e\xdd\
\x5c\x1cQm\x05\xef\xd3I\x99\xc6\x0a\xeaad\xa8\x8f\
\x9b^v#6\x8a\xf8\xe3?\xfa\x13\x0e\x8d\x8f\x11\x15\
\x9d\xf5\xe5\xfe\x97\x9a\xa4'\xb6\x81\xd3ok\xdf\xb1\xbd\
F=Y\xde\xa4\xaf\xaf\xca\x9b\xdf\xfc\xc3\xf4\xf7W\x0b\
\xfe\xe7L\xae\xebL\x94\xdc\xda`\x8dJ$\xa0\x11\xbe\
\xd1 \x89\x0d\xcb\x17/\xe2\x15\xd7_\xcb\xe3\x0f\x7f\x10\
\xafP\xcfS\xa4\xd3}M]\xd8\xb6\xd0\x01\xd7\xef\x8d\
\x19>\xb1\x1d\xed\xa1\x87\xe9\xb0\x8ffO\xed\xdc\xb9\xf3\
\xf7V\x5c{\xc6dl\xe3\xffbl\xb4TL\xbb\x11\
\xcf\x8b\xc7\x1f1\xdd\xd2\xa9kl0\xd6`\xc4,T\
\xd1\xd1\xd3\xbd\x7f=<\xb7\x98\x9f\x99\xd0\xad[\xcd\x15\
\xabW\xd7@Vy\xa3\x16\xda&.\xa5\x03\xcba\x0f\
\x8d\x9a\xe0^\xa3\x1e\xc4\xa8\x88!\xb6FE\xec?\xe6\
\xcd\xec\xbf<sh\xfb\xc7o\xd9\xfa\x96\xb4\x17\x80\xce\
oD}n\x85\x8a\x5c\xa7\xda\xe6^{\xaf\xad\xa6\x92\
2\xdb\x99\xd4*\x8c.\x1aA\x8d\x90\xabk\xf3\x16\x8d\
\xd0\xac7\x18?x\x88,MC\xe7\xb59\x054n\
\xf18\xefI\xb3\x06I\x12\xe1\x5c\xca\xeb_\xff\x1a\xde\
\xf4\xa67P\xabU\x83\x06\xe81\xfaD?\xd7P\xd5\
V`*F\xb9\xfa\xea+\xf9\xf7\xff\xe1g\xa9Tc\
\xbc\x7f\xee\xa5w\xb3\xac\xc1u\xd7_\xc3\x85\x17\x9e\xd7\
\x9a\xb0\x1e\x1b\xa6[\x8aFI\x82\x88\xd0_\xab\xb0\xf9\
\x92\x8bX\xbdl\x19\xf8\x1c\xed\xb8^f\x1c\x13\x91!\
\xc1\xbf\x94\xf9\xae\x07\xdd\xc3I\xc5\xcf\xfd\xdc\xcfe[\
\xb7n\xf5_\xdc\xf7\xaf\xef\x11\x89\xff\x0c1\x8a\xb6\xf3\
\xf2\xe6\xa8\xd9B-+\x8c\x22\x18\xf5*\xa2\xd7\xac\xbb\
z]\xedt\xefc\x0f\xcf\x1d\xe6e\x10z\xf3}\x9b\
D\xec\xf0\x1aQY\xa5\x85\xdf\x9f\x1c\xe3@\xed\xbco\
e6\x8c1\x98(\xfa\xa6\xd7\xf4O~\xfb'\xdf\xf0\
\xf8_\xfe\xdc\xcfe\xa7{\x1f{8\xed\xb0&\x8a\xb6\
\x08\xba\x1a\xda\xa5Rc\x04c\x84\xdc\xa5\x80\xc7\xab2\
88\xc0\x82\x05\x0b\xc2{\x9f\x83Qr\xef\xb0\xd6\x92\
\xa6){\xf6\xec\x09\xcdH\xc6\xb6lc\xf5\x88\xde\xe4\
s@|W@\xd9~\x10\x88(\xf5\xfa$/y\xc9\
U\xbc\xf5\xado#\x8e\xabxu-!\xfa\xd9q\x84\
\x09\xdbq\xc2wlYgG{\xf9\x9ak\xbde\x96\
\xb1V\xab\xf0\x8aW\xbc\x8c\x9f\xf8\x89\x9f\x08\x16\x9f\xe5\
\xd2\xca\x8c\xf4)C8\xbe\x8b\x17/\xe6\xf5\xaf{=\
\xd5j\x95h\xd6\xf2\xfb\xd1S}\x00\xa28\xe8\xa0f\
\xce\xb1p\xc1B.\xbfb3S\xf5\xc9B\xbaj\x8e\
kAU\x04\xb3\x016\xcf\xdb\x8aW\x0f\xa7\x0e\xb7\xbc\
\xe5\x16\x0f|\xd5\xb7\xf9k'\x06\xc1\x82\xac\xae\xa7\xf5\
\x1emm\x1ea^\x06\xa1\x8b\xb7PS\xec2\x15=\
\x0f$\x81\xb6\x9e\xe7\xd1\xa2\xb3\xa4\x16\x19\xe3@\xbe\xfc\
\xc0G\x9b\xf7\x9c\xee}\xeb\xe1\xf9\x81\x95\xe7\x5c1\x22\
\xf0\x9b\xc0\xa2\xf2we\x16\xd4{\xc5\xbbvPT\xed\
\xaf\x12U\x22r\xf5\xe4\xdec\x8c\xc5yO\xb3\xd9d\
rb\x82F\xbdA$\x16\xbc?&Y\xa6#\xa3\x1d\
\x80\xe6y\x13\xd4\xb1d\xe9\x22~\xe2'\x7f\x92\xe5\xcb\
\x97\x91$1\x91\x8d8Y\xcf\x98\xd9\xa0\x85t\xd2I\
_.J\x14Y^\xff\xda\xd7p\xc3\x8d\xd7\x17\x81w\
G z\x8a9\xad\x17^x\x11\x17]t!\xc6X\
r\x7f\xe4u\x95\xc7a\xae\x97\xcbs*\xd5*\xfd\x03\
\x03\xf4\xf5\xf7q\xe1\x85\xe734\xd4O\xb5Z\xf2]\
\xc3\xfe\x89\x99F+\x12D_\xb1nSu\xf9)\xdd\
\xd9\x1e\xe6%\xb6n\xdd*\xcd\xb1\x83\xdb\xb24{\xbc\
\xf8\xd5\x09\xdf\xc8\x22\x5c\xda7:\xf8\xd2\xd3\xbdo=\
<w\x98\x97A(0\xa0\xceoJ\x9bi_\x9e6\
c\xaf:#\x13:\xe3!\xe0\xfd\xb4\x97w\x8e\xdc{\
\xf5\xa1\x99i\xbfs\xf9\xbf\xddr\xcb[N\xdd\xd3\xba\
\x87\x17\x12\xa4/\xea\xbf\x0atTU\xacW\xc5\xfb\xce\
\xec\x9da`\xa0\x9f\xdc\xe5\x88\x08\xabV\xad*\xbe\xe6\
Qr\x10O\x92$T*\x15\x0e\x1e:D\x5cd\x22\
E\x0cb\xc2\xcbJh\x02\xb0\xc1\x89kZ\x96\xf0\xa8\
^&t\x9b[Q\xc4\x04\xd1tk\x0c?\xfa\xe6\x9b\
9\xff\xdcM\xc4\xc6bP\x22c\xa6e\xf2\xda\x99\xc8\
\xe3C\xf7}U\xc2\xe5n\xfa\xabh\x10\xcc\x8a\xd7\x91\
\x82\xb4\xee\x97Q\x8f\xa820P\xe3G\xde\xf4C\x9c\
}\xf69Dq\x8cE[\x9a\x9e\xa23_G\xbd\x1f\
\x18\x14S\xb4#\x1a\xbc\xf3x\xe7\xb1\xc6211\xc9\
\xf5\xd7_KlM\xeb\xf8\xcd\xb5\xdfG^O\x1b\xae\
\x08f+\x95\x98e\xcb\x97\xb0h\xd1\x02\xb2f\xbd(\
\xcb\x17:\xa8\xbeX\x87\x97\xc0k\xf7\xe6\x0c1\xb6\x97\
Y\xea\xe1\xa4c\xeb\xd6\xad\xba\xf3\xce\x9d\x07\xbd\xea\xbd\
\xde;h=C\xcd\xb4\xb1J\xe6l\xc4k\xff\xde\x07\
7k\xb0fM\x9ef\xabO\xf7\xbe\xf5\xf0\xdca\xbe\
\x06\xa1\x13bd5\x22\x91\x1e\xe7\x13\xb5\xcc\x9c\x86;\
\x87\x9dY3\xeb\xb9\x1e\xf5\x10\xb0iSl\xac\xbe\x1e\
\xa4\xd2vw\x0f%\xf4\xf2\x95\xa6\x19\x91\x8d\xe8\xeb\xeb\
gx\xb8\xdd;\xd2\xa9\xafy\xe8\xd0!\xa6\xa6f\xbf\
\xacN4\x18\x0c\x08\xa5c\xa309>\xc6\xc5\x17_\
\xcc\x1b\xde\xf0\x06\xe2\xc4\xce\x88\xc8N\xce\xfaf\xe2\x94\
eB\x8b\xc6\x1e\x1bE\xac[w\x06o\xbe\xf9MD\
Q\x08\xbeOEg\xbf\x18\xc1XC\xb3\xd9\xe4\x8c5\
k\xb8\xf8\xe2\x8b0E\xf0y,\xc7\xa1\xfdj_+\
^}!\xd9\x14\x1a$m\x12\xb3d\xd9b\xd6oX\
K\xee\x9aAs\xb4\x83ba\x11\xe9\xe8\xdb\x8a\xac\xb1\
\xbf\xc3\xfc\x1d\xeb{8u\xd0\xad[\xb7\xe6F\xecg\
P\x5c\xe0\x85\x1e\xffeV\x9a\xc4\xa8\xb2\xf1\xe6\x0f\xdf\
<\xaf5\xcc\xe7\x13\xe6\xe5\xc04>\xd5P\x94EE\
\x00y\xcc|\xd0i\x10\xf1\x08\xf7\xfc\xee\x13\xdf\xbf\xfb\
t\xefW\x0f\xcf\x0f,r\xa3\x15\x90D%4$\xc9\
,\xd1[\x96e4\x9bMFGG\xe8\xeb\xeb\x9b\xb1\
\x0c\x11\xe1\xe0\xa1\x83L\x8e\x8d\x1f\xd76\x1c9\xf36\
\x9d\x17:2:\xc2\x8f\xfe\xe8\xcd\x8c\x8c\x0e\x10\xc7\xc7\
7\xfe\x1f.3y\xb4\xf0\xd2~\x18\xf9\xe3\xba+\xdb\
e\xf7\xce@\xf4\xa5/\xbd\x86\x97\xbc\xe4*\x1a\x8d)\
\xbc\x0f\xba\xace`}2\x82\xe0<\x0b4\xf0\xc9\xf1\
q\xae\xdfr-CCCx_\xf0O\xbdC\xd4\x17\
\xaf\xa3\xc9\xb8z\xa6\xb1b\x8b\x00SDP#$q\
\xc2\xd0\xf0\x00\x1b7\xae'I,\xcd\xb4\xdeq\x12\xcc\
t\xedP\x88\x10\x1d\x80-\xf3r\xac\xef\xe1\xd4C\xf0\
\xdf\xf2\xea\x9f\x80c\xd7\xd7.QN\xbc\x04\x111r\
\xce-o\xb9\xa5WU\x9c'\x98\x97\x03S\xff\xc0@\
\xbf`6\xd1QN+\xcb\xa4\xa65\x80\x1fe\xb6D\
\xc9\xbdj\x8f\x0b\xdaC\x0b#U\xbb^\xd1\x8d\xa8\xce\
y\x7f%IB\x1c\x1bFF\x86Z\xbe\xe8%D\xa1\
19E:YGU\xf1\x1dA\xd2\xa9b2\xbe\xec\
\xc6-\x5c|\xc9\x85\xa7\xe7\x80\x15\xf7\x9f\x97\xf6\xcf\xe3\
\x0b@\xe7\x82\xa7VM\xb8\xe9\xa6\x9b\x18\x18\x18\xe0T\
\x08\x0cT\xab5\xf2f\x83\x81\xc1~.:\xff\x02\x06\
\xfb\x07\x0a=P\xcf\xf4\x15\x1e\xe3\x19\x14\xdf>\xff\xa6\
te\x0b\xbe[\xe7\x9dw.\xb5\xbe>*\x95\xca\xf4\
\xbd\x95\xce\xfc;\x00\xd7.:;\xebu\x1c\xf7pJ\
\xf0L\xe4\x1e\x17\x91\xef\x9f\x8cei\x10\x7f[\xf8\xde\
\xf7\xbe7>\xdd\xfb\xd5\xc3s\x83y\xd95Y3\xf9\
R\xb5\x95D\xbd\xc1y\x87\xba\x90-i\xc3\x17\xb9Q\
\xdf=\x98\xb7`\xac\xc5;\x8f\xd8d\x8fO\xdd\xee\x9e\
\x1cS\x0f%\xbc\xea\x02\x83\xac\x07\x0dn\x8a\xe1wE\
\xa9=\x5c&\xde;\xb0\x96\xc1\x91\xe1\x10\x5chp\xc1\
\x13u\x88\x17\xdcT\x93\xfa\xa1I\xec,|*\xcf\xb1\
\xfb\xed\x96\xd9\xbe2\x0bgm\xe1\xa9\xee<\xc3\xc3\xc3\
\xbc\xf1\x8do$\x9e&\xea>\x97\xfe\xe7\xdc\xcb>\xdc\
\xefD\x844M[\x1e\xf3b#\x5c\x96\xe114\x9b\
\x0d\xf6\x1f\x1c\xa3\xdeh\x00\x86j-ah\xa8\x8fj\
-A\x08\x99J\x0f\x18c\xb1E\xa6e\xae\x9bMZ\
\x01_\xfb\x13a\x19\x8eM\xe7\x9e\xcd\x96-\xd7\xf1\xa9\
O}\x968\x89g\xdf^mo/0\xe7\xfd\xdf\xfa\
\x9e\x18D=\xb9\xcbq\xceq\xf6\xba\xb3Xw\xd6\x99\
3\xce\xd8\xf4\xe5x\xd4{\xac\x0d\xc7;\xcb\x1c*\x9d\
\xdd\xfb\x8a\x16\xaeY\xe5\xf9jm\x9f\x09\x8c\xd6(\xb2\
\x9c\xb5q\x03K\x97/\xe1\x81\x87\x1e#\x89\xfb@:\
\xb3\xc7-%\x7f\x01\x18h\xc6\xd9\xde#_&=\x1c\
\x1f\x04\x90\xcd\x9b7\xdb;\x07\x07u\xd3\xee\xddf\xdb\
\x92%\xe1\x84\xdev\x9b\xe3\xc5nR\xf2\x95'S\x7f\
\xfd\xfa\x87\x9dK\xa9T\xdb\xf7\x95t(y\x08]c\
By\x1f\x97\xa6\x1c\xe1\xb3\x92\xe6M\xbc\xf8\x0d;w\
\xee\xeceB\xe7\x09\xe6e\x10\x8a\x89\xd6\x81]\xa6\xe2\
\xe6\x0a19\xd2\xb8\xa1\x85\xd6\xa3\x89,\xce\xc8wN\
\xf7.\xf5\xf0\xfc\xc0\xfa\xf5\xeb+b\xcc;\xf1\x8c\x1c\
\xeesb`ph\x90\xa1\xa1\xa1\xd0p\xd2q%\x1a\
\x85\xa9Cc\xb8F\x1al:E\x8e\xa9i\xe6h\xa0\
>\xd0\xb7\xd4+W_}5\x1b6n\xc4\xda\x0e\x0b\
\xa2\x93\x0c\x97;\xe28&\xcfs\x8c\x18|\xe6h6\
\x1d\xdf\xfc\xd67\xf9\xc6\xb7\xbe\xcd}\xf7?\xc0\xf8\xf8\
\x04\x1e\xc3\xf0`\x1fW\x5c\xb9\x99\xab\xaf\xbc\x9cK/\
\xbe\x88\xa4\xd0\xc8<\x9e<p\xe9\xae\xae\xea\x19\x19\x1e\
\xe2\xda\xeb\xae\xe5\xeb\xdf\xf8&\x13\x93'S;\xd4P\
\x8d\x12R\xa6\xd8\xb8\xf1l\x16\x8c\x8c\xb4\xd6\x0e\x04\x9f\
\xfb\xcem\x12A$\xc6\xbb\xc2\xb6\x15\x83z\xc1\xf9\x1c\
k\x15SL\x88U;5;\xa6\x9f\x13\x1b\xc7\x0c\x8f\
\x0c\xb2p\xe1B\xf2\xecA\xa2$|d\xb6)\x83\xc0\
\xb0\xd6\xdc(\xb0\xf3$\xee\xf4|\x86l\xd9\xb2\xc5>\
]\xab\xd9\xc5~\xa0\xbfb\xed\xba\xa9\xa9)TU.\
I5\x92\xd1\xfe?\xbf\xa4\xe9\xdem\xc5L\xf9\xab\xdf\
p\xdf]\xdf\x1a{\x02n;\x8c\x96\xd6\x0b\x1b[\xb7\
n\xf5\x7f\xfd\xa5\x0f~S\xf1\x1a\xaa\x1a\xcaq\x92i\
\xb4\xc8\x84\x0e\xaf\xb9\xf6\xac\xab\x80o\xf1b\x0f\xe0{\
\x98\x9fA\xa8A\x96\x82&\xc04\xbf\xf8c^\x8e\xa0\
F\xe412\xf7\xf4\xe9\xde\xa7\x1e\x9e\x1f8\x94\xac\x8a\
G`\x13Bt\xb8\xe13\xcb2\x96-[F\xb5\xaf\
\x8fz\xda\xc4H\xe1\xcaUp\x06\xc7\xc6\xc6\xc8\xf2\x1c\
\x1bG\x181\xc7<\x14\xcf\x96\x89\x9c\xbe~W\xe8Y\
.\xe4\xb5\xaf{\x1dI\x12#BKw\xf2x\xb8]\
:\x8bMJ\xab\xd9 l\x05\x1a\xc5\x1c\x1a\xabs\xe7\
\xf7\xbe\xcf\x07>\xf0O|\xf3\x1b\xb73>9\x85X\
\x8b\xb5!\x8b\xe2\x9c\xe3\xee\xbb\xee\xe5\x1f\xff\xfe\x83\xdc\
\xfc\xe6\x1f\xe6\xc7~\xec\xad\xac^\xb3\x92\xd8\x9a\x16\x9f\
\x13#\xd3\xecK\xf5\x08\x16-\xb1\x09Y\xc7\x0b/<\
\x9fs\xcf9\x97;\xbe{O\xcb5\xc9u\xf9\xd4\x1f\
\x0f\xd24%I\x12\xce=wc\xd0%-\x1d\xb0)\
8\xb1\x1d\x0dg\xea\x0d\xcd\xdc\xd1h\xa4\x8c\x1d\x9a\xa2\
>UG\x8c\xd2?\xd4\xcf\xe0P\x95D<\x96\xe9\x06\
\x01\xbe5J\x15N3\xc6\xd0WK\xd8\xb0a\x03_\
\xbe\xed\xebG81\xa2\x15\x97\xcfK\xea\xd5I\x86\xc0\
\xcdf\xf3\x96\xc6h\xdd\xca\x8a\xa5y\xbc\xca\x88\xfb\xe9\
f3\xd5<k^\xe0\x9c\xdf\xe3=\x1b\xd4c\x10\xfe\
,Uw\x7f\x9c\xf8\xe6\x15\xd7\x0e~\xcc\xebk?3\
\xb5\xff\xf1\xa7\xb7m\xdb\x96\xf1b\x0c\xac\xb2\xa9oH\
RME\xa4\x12\xc4f\x8e\x0de{\x86 \xa8%\xf1\
\xde\xf5\xe8#\xf3\x04\xf3-\x08\x15\xb6n\x15\x11=\x1b\
\xa8\x9c\xf0\xc2\x82\x80\xf8\xfe\xbe\xa7\xee\x9e<\xdd;\xd6\
\xc3\xf3\x022b\xfcj\x90\xe5\xe8\xdcul\x15\x88*\
\x09\x83#\xc38\x97cmQ\xb2\xeahZI\xd3\x14\
#\x12\x02\xd0\x93\x84\xce\xc0\xb4\xbf\xbf\x9f\xfd\xfb\xf7s\
\xd9\xe6\xcb\xd9\xb8aC\xf0aw\x8aRvZ\x9b\xe3\
\x0e\xcc\xca\xe0\xb0\x1d\x18\x1a\xb2,\xc5\xa9\xb0c\xd7n\
>\xf0\xc1\x0f\xf3\xfe\x7f\xfc\x10\xcdfFR\xa918\
\xda\xdfjL\x08\x9f6\x88\xf7LLL\xf1\x17\xef\xfd\
\x1b\x1e{\xec\x09~\xf5?\xfd\x12\xe7\x9c\xb3\x01\x8b\xc1\
k\x86\x1c#!\xa1\x9e\xd6\xa9%5\x06\x06\x07\xb9\xea\
\xaa\xab\xf8\xeew\xee\x09%\xc2B\xd2\xe8\xf8\xf6\xb5\xc3\
\xfa\xd4\x1a\x06\xaa\x83\x5ct\xf1\xc5\x04:O\xb1\xef\xbe\
\xc3j\xb4\xa0\x08{\xe0\xe1\x87\x1e\xe7\xf3\x9f\xfb\x12\xb7\
\xde\xfa\x15v?\xbb\x9bF\xde`\xd5\xaa\x15\xdcx\xe3\
\xb5l\xb9\xe1:.\xbe\xf0|P\x83\xe2\x8bEM\xaf\
Nz\xef1FY\xb7n]\x8b\xb2Q8\xb8\x15\xab\
-*5\x22 j\xa4R\xbd\x0c\xb6<\x0b\xb7=\xf7\
\xf6Q/l\x98-[\xb6\x98fsq\x1c/bY\
\x9e\xe7g\xe6M\xfe\xd4\xa5n\xb8\x9e5\x16\xa8'5\
B\xcdy\x9f\xab\xfa\xb3\xbc\xf3\x0d\x0f5#&\xcf\xf2\
\xfc\xca,c{^\x89\xde\x1d\xd9\xe8\xc7\xa3\x81e_\
<\xe7\x8a\x81?2\x13\x13\xe3/\xb6`\xd4=\xe9\xc6\
\xed\x06\x0e\x02K\xd5k[\x07\xed8 \x88\x18\x91W\
\xbf\xf7\x8b\xef\xfd\xee\xcf\xdd\xf4s\x87N\xf7\xbe\xf5p\
j1\xbf\x82\xd0\xad[\xe5f6E.w\x83j\xac\
\xd5\x82\xa77[\xa3\x82?B\xc7l\xe0e%\xceD\
\xf6\xbe\xff\xa7\xc7\x07\xed!\xc0\xa8\xa5j\xa0/\x94\x5c\
\xad\xb42W\xe5'$\xc8\xa4W\xab\x15\x16.X\x88\
\x97\x90\x89K\xe2\x08\x97\xa5D6f\xdf\xde\xbd!\x08\
5\xc7\x1f\x80v{\xafwgF\xeb\x93\x93T\xe3\x84\
W\xde\xf4\x0a\xe2\xc4\xe0}\xd8\xc6\x22y\x07R\x06\xad\
:cy\xb3\xadKU\xa7e&\xa1\x08FU\xf0\xde\
a\xa2\x98\xed\xcf\xec\xe0w\xde\xfd{|\xfe\x0b\xb7R\
\xad\x0dc\xe2~\x9c\x0a.+\x89\x98`\x11\xbc*V\
\x95J\xa5\x82\xaa\xe3+_\xfd:I\x12\xf1k\xbf\xfe\
\xab\x9c\xb1je\xa1=8\xcb\xba:\xdfw=\x03\xe3\
8dY-\xc2\xa5\x17_\xc2\xa2\x05\x0b\xd8\xb3\xfb@\
(\xf5+-\x13\x80\xa3/\x22\x16\xdcVo@<\x8d\
F\x83\xf5g\xaea\xe5\xb2\xe5\x85CS8v*\x06\
\xaf\xed\x0e\xfc,\xf5|\xe6s\x9f\xe7/\xde\xf3W<\
\xf6\xe8vl\x14\xa8\x06Q$<\xf8\xc0#<\xfa\xd8\
\xc3|\xf9\xd6[\xf9\x99\x9f~'\xafz\xd5\xab0\xd6\
`-\xe0\xa7\xcb0EqD3\xcdY\xbf~=\x95\
J\x05\x97fD6n;i\x89\x05L\xf8\x1a\xa8\x88\
\xbc\xf6\xac\xf3\xdd]\x8f\xde\xcbS\xc7}Q\xcd?\x98\
\x97\xdf|\xf3 M\xae\xc9Rg\xd3I\xf7\xfaf\xd6\
\xbcB\xbd9+m4\xa3\x82\xb6U\xc9\xc3\xb9\x8d\xc2\
\xa17\xfd\x02(>\x89\xacU\xc4\xaf\xc9sGZ\x9f\
\xbaT\xc5\x8f\x1ak/t\xd5\x85\xff\x15\xb6l{1\
M\x08v\xee\xdc\xe9Vm\xd8\xf0\x90\xaa.\x05$\x5c\
\x873i(\x1d\x87\xb6\xf5/\xf5\x1a\xee\x96N\xdd`\
\xe7\x17\xee\xfc\xc6\xce\xe3\x93\x06\xe9\xe1\x05\x85\xf9W\xa2\
\xb9\x0f\x87\x91%'\xba\x18QU1\x18\x9f\xfb\x1e\x81\
\xba\x87\x80M\x9b\xac \xd7 \xa6z\xa4[khh\
\x08\x13\x0b62$\x1d\x0dA>w\xd4\xeb\xf5\xb6\xbc\
\xcfI\x84z\xdfzeY\xceUW]\xc59\xe7\x9c\
\x83\xf82\x08\xf3tg\xdcN\x04i\x9a\x92e\x19\x12\
E\xec?8\xc6\xef\xfd\xfe\x1f\xf2\x85\x7f\xfb2Iu\
\x00OTt\xc1\xb7\xed*[\x15g\xf1\xa8:\xf2<\
#I\x12\x9a\xcd&\x9f\xfb\xdc\xe7\xf8\xd0?}\x88<\
\xf3\x18\xb1G\xee\x18\xeaB\xab\xd1H\x95\xe5\xcb\x97\xb1\
i\xd3&\x9a\xcd&\x00\xd1\x09f\x9b\x8d\x82\xe6\x9e5\
g\xac\x99\xa6\x0d\xeaP\x5c\xf1o5\xc2d\xbd\xc9\xa7\
\xff\xf5\xb3\xfc\xaf\xdfy7O?\xbd\x83\xc1\xc1A\xaa\
\xd5*\x95\xa4\x86\xb5\x09\xb5Z?\xea\x85\xfb\xee\xbb\x9f\
\xdf\xfe\xed\xff\xc5G>\xf2Q2\xa7dNg\xdd]\
c\x0d\xb5Z\x8d\xd1\x05\xa3\xad}\xeb8\xdb\x12\xe8u\
\xa0J\x04\xdc\x18\x99\xe8u\xcc\xc71\xff\xd8!\xaf~\
\xf5\xab+\xaf\xff\xb1\x7f\xb7YS\xf9\xf1\xb1\x89\xa9\xff\
616\xf1\x07S\x8d\xe6;\xd2f\xbe)M\xd3X\
\xc4\xcat\xe9\xb5\xf2\xea\xed\xfc\xa9\x81`\xa3*\x22\x06\
u~\x8d\xf3\xfe\x1a#\xee\xa3\x1b/O/Y\xbf~\
}\x85\x17\xc9\xf9\xd8\xbau\xab\x17\x91\xbb\x00\xf4H\xdc\
\x98\xa3\x80\xa2g,\xbej\xd5\xba\xd3\xbd_=\x9cz\
\xbc(n\x80c\xc1\x9e\xf3\xb6I\x14\xd9B\xe4\xe4\xf8\
\xa0\xc1\x95Y\xc4H\xea\x9c{\xe8t\xefS\x0f\xcf\x0f\
,\x8d\xa2X\x22\xb3\x81P\xdcF\x0f#@\xb9h\xe9\
\x12j\xb5\x1a\xd6\x18\x8c\x0d\x81\x8bEpY\xc6\xc4\xa1\
1\xd49\x8c\xb5EI\xfed\x04\xa3\xd3=\xe3\xfb\xfb\
\xfa\xb8\xfe\xfa\xeb\x19\x1a\x8a\x8b\xbe\x99\x93[\x19T\x0d\
nP\xde{\xc6\xc7&\xf8\xcb\xbf\xfe[>\xfb\xf9/\
PI\xfaI\x92jK\xa3\xd3R\xbc\x8al\xa4\xe01\
\xea1\xd6s\xc9\xa5\x17\xb0e\xcb5l\xd8x&Y\
\x96\xf1\xe1\x0f\xff3\xdf\xb8\xfd[\xa4\xce\x85\x86\x1e\x15\
\xca\xff\x8e\xee\x08\x84\xfd\x8f\xa2\x98\xcd\x9b/#*\xb3\
\xa3\xf6\x04\x86A)\xd5\x0er6m:\x07\x1bIp\
O*\x8eg\xa9{\xdal8\xbe\xf7\xfd{\xf9\xdd\xdf\
\xfbC\xc6'\xea\xc4\x95\x1aj\x84z\xa3\x81Jp`\
s.cpp\x80s\xcf9\x87];w\xf3\x9e\xf7\
\xbc\x87;\xbf{\x17Q\x14\x01\xa6\xeb\x0c\x85I\xca\xc0\
\xc0\x00\xcb\x96\xb5]9;uV\x15\xa7\x85\xde\xa8\x22\
\xba\xc8\xe5\xd9WN\xfa\x89~qBd\xc1\xd2\x8d\xe3\
\x07'~t\xfc\xd0\xc4\xcb\xb3f\xf3\xa2,\xcb\xd6\xe5\
\xcd\xd4\xa8\xc3\xe2\xdb\xc6\x13m\x94\xd3\x84\xe9?U\xd5\
\x12r\x16\x16\xb1\x91sn\xa8\xd9\xccVJ\xea?\x5c\
\x19X\xfc\xaeM\x9b._\xc2\x8b\xe49\xeca/A\
\xc8\xe2\x84\x06,E\x15\xc5Xo\x92\x13YN\x0f/\
\x0c\xcc\xafr<\xb0\x98M\xc6\x1aF2\x7f\xfcJ\x84\
\x02\x22\xaa>\xcf2\xd4j\x8f@\xdd\x03\x005]\xb0\
\x1a\xe5\xa2\xf2\xbd\x88\x88\xaaW\x09hg\xaa\xc430\
\xd0\x87\xb1\x82\xcb\xb3\xc0\xef\xd3\x10\xb6\xe4Y\xc6T}\
\xea\x94\xb8\x13\x95\xeb\x06X\xbal1\x9b/\xbb\x88<\
(E\x9d\x92\xd0$\xaeThN\xa5\xdcy\xf7\x0f\xf8\
\x97\x8f}\x1c\x1bU\x11\x13\x91g\x0e\xa4C\xca\x05\x8f\
z\x871\x8a\xe0\x10\xc9\xf9O\xbf\xf2\xcb\xdc\xf8\xb2\x1b\
\xe8\xab\xd5x\xf4\xd1G\xf9\x93?\xfec\xbe\xf5\xado\
\xf1\x81\x0f\xfc\x13\xe7\x9e{\x0e\xcb\x96/>\xa6mQ\
-\xf8\xae@R\x89X\xbdz%CC\x034\xea\xe9\
\x8cR~\xf9y\x98\xbb\x9dy\xfaWB@\xb2z\xf5\
j\xac\xb1\xa8\xba\x8ee\x84\x0f\x8eON\xf1\xd7\x7f\xfd\
\xb7\xec\xda\xbd\x97\x81\xfeA\x5c!\xc9\x15UbT\x95\
,O\xd9t\xde\xd9\xfc\xfc/\xfc,\x0bGF\xf9\xd8\
\xc7>\xca\x07\xfe\xf1C\xfc\xe9\x9f\xfe)\x1b6\xfe1\
\x8b\x17\x8ct47\xf9\x96\x10\x7f\x7f\xad\xc2\x82\x91\xa1\
i\x13\x8c\xd6q\x0d\x17\x91\x12\xc6+k\x22\xfb\xabl\
\xda\xf4\xf3l\xdb\x96\x9e\xfc\xb3\xfd\x22\xc1\xcd7\xdb\xd7\
\xd8\x81\xcb&\x0e\x8c\xbfcrb\xf2\xedy\x9e%\xa2\
&QW*-\xcdMO\xe9\x9csv\xffYDP\
\xe7\x8dw\xce\x83&x\xb7\xc2\x1b\xf3n\x1bG\xef8\
\xf7\xe2\xab\xffA\xd2\xfc\x9f\xb7m\xfb\xce^B)\xe2\
\x859Qp\xee\x0eM\xac\x171\xc6\xfb|\x9a\xa4\xc7\
\xb1\x8cg\x12\xfa\x93\x96EF\xd6\x00\xf7\xbf`\x8fG\
\x0fG\x85\x17\xc5\x0c\xech\xb1\x05\xcc\x92E\xd1\xa0B\
\xc5*\xb6\x95u\x99\xe5u8(\xa8G\xc5\x98\xa8\xe1\
2wRDz{x\xe1#\x89\xf5ZD\xcf\x04\x15\
\x0d\xd2\x09\xa8\xb1\xa8\x91  nB\x9a\xa0\xd6\xdf\xc7\
\x92\xa5\x0bh\xa6\xe3\x18\x03Q\x14\x9a\x80\x8cB\xb3\xde\
\xc0(X;}~(E7\xb8tu\x85\x1f\x19A\
w\xd2\xe79\xa2\x90D\x96\xb49\xc9\xd5/\xb9\x9c%\
K\x17`E1\x06\xc4h\xc8\xb8\x1aS&r\x0f\xbf\
Ti\xbf\x5c\xa1\xe3\xe9T[/k#\x9ai\x93\xc9\
f\x93\xf7\x7f\xe8CL42$\xa9\xa0\xc6\x82)\xf6\
\xadC\xcb?\x04\xa09h\x93w\xfc\xd4\xdb\xf9\xf1\x9f\
x\x0b\xabV,d\xc1h\x1f\x97_v\x11\xefx\xd7\
;X\xb4d\x19\xdf\xfe\xcew\xf9\xce\x9dw\xe3\x1dX\
\x09\x12GY\x96c\x8aLj\xeb\x1e\x86i/K8\
\xbe\xe5\xcf\xd5k\x96\xb3b\xc5\x12R\xd7$s\xae\xb5\
O\xe1\xa7\x9f\x96Q\x9c\xeb\xb8\x82\xc7\xfb\x9cf\xb3\xc9\
\xe2%\x0b\x19]0\xd2\xe2\x97\x9b\x22\xf8\xcc\xf3\x8c<\
s|\xeb[\xdf\xe2\xfb?\xd8F\xff\xe0\x08\x19\x96\x1c\
\x8b\xd3\xc0\xdb\xcc\xf2&\xfd\xfd\x09\xff\xf1?\xfe</\
\xbd\xeaJ.\xba`\x13?\xf5\xe3?\xc9\xa5\x9b/\xe6\
\xfb\xdf\xbf\x97\x8f\x7f\xec\x134\xb2\x1c\xef%\xec\xb7\x89\
\x88\xc4 ^\xe9\xabF\xacZ\xb1\x84\xbc\xd9\xe8\x08~\
[\xd4\x03mY\x7f\xa2\x15\xaf~\x9cm\xdbz\xf4\xa1\
\xb9p\xf3\xcd\xf6\x15yu\xe1\xc4\xe4\xc4OONN\
\x5c\xd3L\xf3\xfe,\xf7I=\xcd\x02\xb5\x02-\xae\x0d\
O\xdbl/\x04X.\x9f~X[<l\x1f^y\
\x1e\x1c\xb5\x22kLl\xac\x88'R\xa7\x954K/\
h\xa4\xcd\xad\xbe\x92|t\xe3\x05/}\xc5\xd9g\xbf\
t\xe0t\x1f\x86\xe3\xc5\xc4x\xfe\x9d\xb1\xc9\xb1\xfd\xad\
\xfbFM\x90?\x16\xc0\x18\xd2<'s\x0e\xb1\x96\xc8\
F-\x8b\xe2`yk\xb1QT\x8c\x83\x06\xeb\xed\xaa\
f\xe6\x17\xd2\x0b@_\xf4\x98WA\xe8\xc6\xe5\xcb\xc5\
T\xb4\xa6\xaa\x0b\x95\xe3\xf7\xea\x13\x10k\xcaV\x06V\
\x9c\xee\xfd\xea\xe1\xf4c\xf1\xa6-\x03 7\x8a2:\
\xf3\xaf\xd3o\xb3\xa1\xa1\x01\xda\xe5\xf1`\xe7X\x8a\xb0\
\xa7izJ\xbc\xd4\xe3(\xc6\xfb\x9c,o\x12\xc71\
\x97\x5cr\x11qlP\xcdqYz\xd2uH\xbd\xf7\
x\x15\xee\x7f\xf0an\xff\xce\x9dx\x0c\x81\x9aXt\
rw\x05xe\xec{\xe6\x19\xaby\xedk_\x85\x15\
EL\xf1\x92\xa0ez\xe5\x95W\xb2o\xdf~\xbe\xf2\
\x95\xaf\x91\xa6y(6{%\x8e\x8f\xae\xa0\xd3\x99\x8d\
\xa9V\xab,]\xb6\x18\x91\x10|\xb7\xdd\x9a\xc2\xdf\x8f\
dA\xeaUq>\x94\xd1\x15\xc7\x92%K\xa9V\xab\
a=FP\xf5D\x12Q\x8d+L5\x1b|\xfd\x9b\
\xb73Y\xaf\x87&%\x0c\x22\x16\x8f'J\x12\x1a\x8d\
\x06\xaf|\xd5M\x9c\xb7\xe9\x1cb+DQ\xc8T\xbf\
\xfc\x86\x1b\xc19n\xbd\xf5+\xec\xd9\xbd\x0f\xe7\x14\xef\
=i\x1a\xb2\xe7\x82'2\xd0?PC\x8c\x16B\xf7\
mU\x83N\xce\xa2\xaax\xc1\xd4\xd8\xb4\xa9\xe7\xc9=\
;\xe4UT\xd6\xd7\xb3\xfa;\xc7\x0eM\xdd\x9c\xa6\xee\
\x1c\xef\x9d8\xa7x\xd7\xb2ym9=\xabW\xd4\x87\
\xbfy\xe7\xcbC-]\xc1\xe9\x8ciLgrPU\
\xad\xaaX\x94!\x9f\xeb\xa5F\xf4\xfd\xd2'[\xcf\xbd\
\xf0%\xe7s\xec~\x14\xa7\x1dy\xdf\xdeLTw\x1b\
m\xdf?\xde\x87W\x9a\xe6\x80!\xb21\x91D\xe4\xb9\
\xe2\x9d\xa2^\x10'\x90+\xe2\x84\xd8&$\xb6Bl\
\xe2Xr\xbf\xf8\xdd\x9f\xf8\x9b\xc1\xd3\xbd_=\x9cZ\
\xcc\xab 4\xcaG+5\xa3\xcb\x82\xee\xc9\xf1\xef\xbb\
\x82\x1akE\x94\x9d\x93u\xf7\x8d\xd3\xbd_=\x9c~\
Th&\xc0b\x90\xa0?;\xcb\x03(t\x90+\x8b\
\x17\xcf,%\x9b\x22\x85V\xaf\xd7\xdb\xeeF\x05o\xf2\
\xa4\x94\xe6\x8b\xecM\xa3\xd1`\xe3\xc6\xb3\xd9\xb0a#\
\xce+6\x8a\x8an\xee\x93\xab\xa5\xad\xc6b#\xcb\xb7\
\xef\xf86\xfb\xf7\x1d\xa05\xd4\x14\xd9OSpa\x8d\
\xb1\xad}\x07\xb8\xfa\xea\xabY\xbf\xee,l\x14am\
\xf1\x8a\x22\xfa\xfak\xdcp\xe3\xf5\x0c\x8d\x8cr\xc7\x1d\
w\xf2\xf8\xf6'\xb0\x02\xb1=\xbe\x1by``\x803\
\xcf\x0c\xceF\xd6\x1e\xdb\xf3\xbe\xf5\x80u\x0e\xa79\xce\
y\xd6\x9e\xb9\x86\xc1\xc1\xc1 @\xefC\xe69|\x16\
v\xec\xd8\xc1\x03\xf7\xdfO\x14U\x10\x11*\x95\x0a^\
<\xc6X\xbc\xcf\xe9\x1f\xa8q\xcd5\xd72:2\x8c\
s\x19\xcdz\x93\xbe\xbe\x1a/y\xe9KX\xb4x1\
\x0f>\xf8\x10w\xdf}\x0fF\xa2\xd0\xf8\xe4\x1c\xb9s\
\x81Ol,\x0b\x17,\x9c\xbe\x81\xa5]h\xc7K\xc4\
\x19\x8f\xbb\x9dm\xdb^4\x1d\xd9'\x13[\xb6l\xb1\
\xcdf\xba\xa8>\xd9x\xd9T\xbd>\xe4r5\xce\x85\
\x80\xd2X#\xc6\x96\xbac!\x00E\xbc\x84\xdc\xa8\x13\
\xc5\x81xA<bTJj\x84\x1ev6Y\xe6\xe8\
E\xc0\xe0\x5c\x16+:dD~\xd2\xc6\xd1\xcf\x9c\x7f\
\xf9u+Vl\xde\xdc\xc7\x0b\xe8\x19=\xf9\xad\xc9\xe6\
\xd4\xd8\x94\xd3Ve\xc1c4Xa[,\x89\xad`\
\x88\xc8\x9bA\x077\x92\x98\xd8$\xc4\xa6J$\x15\xc4\
'\xf8\xd4\xe03hN5\xe3\x83\xfb\x0f]\xfa\x9bo\
|\xe7\x04'\xc81\xed\xe1\xf9\x8dy\xc5\x09\xad4q\
Te\x85\xa2+N\xe4\xba\x96\xa0z\xe2<\xaeR\xab\
\xb1\x91\xe0\xec\xd0\xc3\xfc\x85\xf4%\xc9Y \xe7\xa8`\
;\x0bH!\x18\x0d\x81\x80\x16*\xceCCC\x00\x18\
_f\xde\xda\xd9\xab4M\x0by\xb0\x93;\xeefY\
\xd6Z\xfe%\x97\x5c\xcc\xd0\xd0P\x91\xc53\xc7\xdah\
>\x0ds5\xc26\xea\x0d\x1a\xa9\xe3\xce\xef\xdeM_\
_\x7f\xf1[\xd3\xfe\xa9\xd3\x9f\xad\xc6Z*\xc6\xb0\xf1\
\xac\x0dA8?\x1c\xbd\xf2(\x02\xb0f\xcd\x1a\x06\x07\
\x06xv\xcfn\xee\xb8\xe3;l\xdc\xb8\x9e\x8a\x854\
w-;\xd0\xa3\x83'\xb6\x96\xa5K\x97\xb6\xd6M~\
\xe4*u\xe7\xbe\xaa\xfaPj\x05\xbc\xcfX\xbad\x09\
}\x95*\xaa\x8a\xf3.d\xb7\x81f3e\xfb\x93O\
\xb3o\xdf\x81\x96T\x95\xf3\x1e\x97\xe7\xd8\xd8\x92\xe7)\
kV.g\xdd\xba3\x00\xa5ZK\xf0Y\x8eW\xcf\
\x99k\xcf\xe4\xac\xf5\x1b\xf9\xf2\x97\xbf\xcc\xddw\x7f\x9f\
k_z5#\xc3\x0962x\x9f!\x12a#\xc3\
\xe0`H\x16\x89\x08\xc6\x08n\x96S\xa2*\xde\xa0\x97\
\xb2i\xd3\x07{\x9c\xd0n\xdcl\xa3Q\xb3a\xaa\xee\
\xde\x9efn\xb3\xcf\x9dq\xa6\x9d\xd1\x9c\x0d\xad\x8cx\
\xe9\x9c7\x93\x22\xd3\xfd\x8b\xc3\xd5\x1a\xc49\x8f\xb5D\
\xaa:bl\xfcs.w/Yh\x87\xbe\xba\xe8\xca\
-\xb7\xdc\xf3\xed\xdbn?\xddG\xe8\xa8\xb0\x98\xea\xf8\
\x81\xf1\xd1%\x0b\x17\xb5\xf4\x8d\x8d\x86`;\x8a*X\
cH\xd3\x94\xc6T\xca\xae\x9dO151\xc5\xfe\xfd\
\x07\x98\x9a\x98@\xbd\x90e\x19\xf5z\x9d<M\x89\x90\
\xfd}\xd5\x81C?\xfe\xb3?\xbel\xe5\xba\x95S\xef\
\xfe\xadw\xf7\xf4B_\xa4\x98WAh\xb3\x825\xce\
gbMC\xbd\xaf\xa1\x88\x18A\xb03\x1e\xa6\x87\xeb\
HVP\x09U\xc2]O>\x95\xdfy\xba\xf7\xab\x87\
\xd3\x0e\xc1\xcaJQFT\xd5\xcc\xf6\xecR\x09\x99\x81\
\xfe\xfe\x81B\xff\xb2\x08L\x09Y\xab,W\xa6\xeaM\
\x0e\x1d\x1a'\xb2\xc1\xd2\xb1\x13~\xc6\x0a\xe7F\xf9\x80\
\xec\xd6\xf9TU\xfaj}\x5cr\xc9%D\xc6`\x8b\
\xdf\xe5\xcea\x8b:aK%i\x0e\xd9\xa2\xf6\xb2\xbb\
~'\xae\xbdQj1\xd6p\xf0\xe0~\x9ey\xe6\x19\
\xe28AL\x82'jiX\xbb\x82\x9b)\xa2\x18/\
T\xabU\x22\xcd\xa9T*X\x09\xc1\xb2\x98\xc2\x19\x89\
\x08\xc4`\xe3\x98(\x8e1\xc6\xb0\xed\x81\x07QU\xea\
\xcd\xbc\xd0\x00U\x0e\x97\xc9\xed\xce&7\xb3\x94\xc5\x8b\
\x17\x92$I\xe8t\xf6\xa5\x94\xd2\xcc\x09\xc0\x8c\xe0\x93\
\xc0?\xf5\xc5\xcfJ\xa5\xc2\xb2e\xcb\xc3:\xbc\xc7(\
8\xaf\xad\xc0\xff\xb1\xc7\x1e\xe3\xd0\xa1C\x88D!K\
\x8a\xc3k\x8e*8\x97\xb1`\xc1\x08\x0b\x17\x8e\x16}\
G\x9e4k $ \xca\xc2\x85\x0bQc\xb9\xf7\xde\
\x1f\x90\xa6)\xf8\x98J%\xa2\x99\x85\xedp\xb9\xa3V\
\xab\x15\xd9l\xc8\xf3\x1c\xb1q\xc7\xf9kyU\x89\xa2\
_\xebeBg\xe2\xa5oh\xf65\x1b\x95-S\xf5\
\xe6OfY\xdeom\x8c\xe0\xa5l\xfe\x82p\xa7\x8a\
\x08\x99\xcf\x02\xb78\x8aX\xbat)K\x97,\xe3\xfe\
\xfb\x1f O\x0f\x1f\xd7w\xd3]\xca\xeb\xd1\x14\xd2\x0e\
Q\xa5\x8a\xaaC\xbc\xda\xac\xd90*\xf1\xa56\x8e\xce\
\xf7\xcd\xc6Oo\xba\xe0\xaa\x1dq$\xf5\xc4\x98[\xa3\
\xc4\xbe\xbfb\xfdR\xa2\xe8\xb6\xdbn{\xde\xe8\x8c\xca\
\xcd7\xdfl\xf6\x1c\x98\xb8ib||\xe5\xba\xb5g\
Id\xc0\xd8\x0aY\xe6\x10\xb1L\x1e\xaa\xf3\xd0C\x0f\
q\xff\xfd\x0fr`\xef\x01\xc6\xf7\x1f$md4\x9b\
\xcd\xc2\x9a\xb8U\x8d\x10U\xd5ZRY000\xfc\
\xa6J\xb5\xef\xef\x9e~\xe8\xe9m\xa7{\x07{8u\
\x98WAhd\xb3\xe5H\xbcZ\xd1\x11\x90\x10L\x9e\
PJT&\xd7\xad0\x1b\x80\xfbN\xf7\xbe\xf5p:\
\xb1\xc5\xa8r\xbd@\x0c\xb3\x97\xe2KT\xab\xd5\x8e\xf2\
\xf7t\xa4i\x8az9%l0_\xf8\x97/^\xbc\
\x98\xa1\xa1!\x22k\x11)\xa4\x94N`\xb9sU\x1c\
\xe3\xa8\xc2\xce\x1d\xbb\x98\x9al\x10G\x15r\xdf\x19\xd4\
\x96\xfe\xd2mXcp\x99c\xfb\xf6'\xa973*\
q\x84\xf3!\x883\xc6`\x80={\xf6P\xaf\xd7I\
\x92\x84\xedOn\xe7\xe0\x811\x96,\x1e>.v\xb7\
A\xe8\xeb\xab\x11E\x11yvt\x0b\xe8\x94\xe4\xf1\x1d\
\x94\x09\xa3J%N\x02\x17\xd4\xfb\xd0hAp\xbb\xca\
\xf3\x06\x93\x93\x93E\xa0^J\xfb\x08q\x9c\xe0}\x86\
\x8d,q\xb5\x82MbD\x844M\xb16\xc2\x88\xa0\
D\xc5\xb9J\xd8\xb9\xe3Y\x0e\x1d:\xc4\x8a\xa5\x038\
\x97\x17|;\x8f*\xc464*\x1d.\x22\xd1P#\
>\x97M\x9b\xa2^&\xb4\x8d-[\xb6Dy\x9a\xbc\
j|\xaa\xfe\xe3\xcdf\xda\xe7]\xe0~\xa2\xe5\xc4\xad\
\xfdY\x11!\x8ec\xce:\xeb,\xae\xbc\xfc\x0a\xce=\
\xe7\x1c\x1ez\xf8Q\xbe\xf7\xbd\xef\xb78\xdd%Z\x19\
\xd2\xf6$\xb0\xd4l\xd5\xc0--~\x16j\x7f\x80B\
\xa91\xeb\xc5\xf8&nj\xb2\x12\x8bT|\xde\x18\x8e\
\x9d\xa8\x89\xe4\x22\xa3\xf2\xef02Y\xb1\xf2\xb1\xb7\xbd\
\xea\x86\xa7\xaa\x95\xf8\x96\xbf\xfb\xc4\x17N\xab\x01\xc1\xab\
o\xbey\x91\x1b\x8c\x07\xef\xbf\xfb\xfew\xf5\x0f\x0c\xd8\
Hc\xac\x0a\x07\xf7\x1c\xe0\xa9\xed\xcf\xf0\xf0C\x8f\xf2\
\xd8cO01Q\xa7^o`\xb1H\x1e\xbcM\x13\
\x02E\xa5k8\x90\xbc!:\xd6\x1c_^\xabf\x7f\
T\xa9U\xffn\xed\x96-\x1fz\xe2\xb6\xdb\x9a\xf4\x1a\
\x95^t\x98WAh,r\x00\xa5&\xe0\xbcH,\
z\xfc\x85H\x0d\x03\xc8\xd8c_\xf4\x0f\x9c\xee\xfd\xea\
\xe14c\xf3\xb8\x08\x83\xa3\xca\xf4R|'\x5c\x11\x9c\
\x0c\x0d\x0dQ\xa9T\xc8\xa9O\xfb\xbb\xb5\x96F\xa3\xd1\
\xd1\xfcrb\xe5\xf8\xee\xe0\xb0|\xbff\xcd\x1a\x16/\
^\x5c4\xcf\x9c\xbaFi\x11x\xea\xa9g\xa87R\
\xbcTB\xf9]Z\x9eL!#*A\xea\xa8\x15|\
\xa1|\xe9K_\xe6%/\xbd\x82\xcb.\xb9\x04\xdb\xc1\
\x17}\xfc\xa9\xa7\xf9\xe4'?\x89X\x83`\xd8\xb9k\
';v\xee`\xd9\xe2\xe1\x22\xb8;\xb6\xed\xb3\xd62\
88D\x9c$\xa4\xcdF\xeb\xfb\xb3\xd1\x0b\xca\xe0s\
\x9a\x04O\xd7g\xfa\xfaj\x18\x11r\xefI\xa2\x08\x08\
\xe7\xbb\xd9l\xb2\x7f\xff\xfe\x19\xcb\x8c\x22K\xd6l \
\x02\xe3\xe3\xe3\xec\xdb\xbf\x87\xbe\xeaR|\xde$\x12C\
\x96\xe7\xe4\xde05\xd5\xc4\x18\xc3\xfe\xfd\xfb\xd9\xb3g\
\x0f\xe7n\x5c\x89s\x19\x22\x16\xe7\x83\xbdj\xa5R\x09\
\xc1t\x1e\xae\x1d3\xf3\xa1\x1e\xe0\xf5\xee^&t\x1a\
\x84\x91e\xab\xdcd\xf6\xcaf\x9a^\xe0\x9d/\xb5=\
\xdbD\x90\x22\xb8\xcc\xd2\x94\x0d\x1b6p\xcd5\xd7p\
\xee\xa6M\x8c\x0e\x0dc\x8d\xe1\xc1\x07\x1f\xc1{7C\
\xcd\xe2\xa87\xa0=a\x15\x0a\x1a\xa9\x90\x12\xe9\x94T\
D1yF\xc5\x80U\x0f\xb9\xb7\xc6\xebBctA\
\x5c\xab\xdd\x8c\xb7\x1e?\xb0\xea\xc7_\xbf%MU\xbf\
\xf1\xe1O\x7f\xe5S\xcf\xe5\xc1\xbb\xfa\xea\xabk\x95\x91\
\x91\x85\x07\xc6\xf6\xff\xe2\xa11\xfb\xb6}\xfb\x0f\xac\x5c\
\xb6T\xe4\x81{\x1ef\xe7\xce\xed<\xf0\xe0\xfd\xec\xdd\
\xbb\x9f<UD,\xea-\x89\xd4\x82\x8c\x7f\xa7\xb3\xe7\
,\xd7j\x14E\xe2\xd2\x8cf=\xbd\xc6;\xb9hX\
\xd8\xb1\xe9\xf2-\xf7l\xfb\xcem\xbb9\x99\xe4\xf5\x1e\
N;\xe6U\x10:\xe9s\xd3\x1f\xc7\x8b\xbc\x86\x8c\xd5\
\xf1dB\xb5\xd5\xd8\xab^T\x9ak\xb7\xb0\x98[\xd8\
u\xba\xf7\xad\x87\xd3\x87\x15\x10\x8b\xca\x06-\xaf%\xf1\
\xc5\xc0\xda\xc5{\x14\xa1Z\xab\x10\xc5\x86<\x9b)\x01\
Tv\xc6\x87@\xe8$s\xf1\xd5\xe0|\xc6\xe2\xc5\x8b\
\x19\x1d\x1a\x9c\x11\x80\xaapR;\xe4]\xae\xec\xdf\x7f\
\x10\xef\x94\x9c,\xf0.\xe9<&\xc1\x13\xbd\xdc\xcb8\
\x8eAa\xc7\xb3;\xf9\xbd\xdf\xfb}^\xf3\xaaWp\
\xce9\xe7\xe0\xd4\xf3\x83m\xf7\xf3\x95\xaf~\x8b\xedO\
>\x831\x15\x9a\xcd:\xf5\xa9&\xbbw\xef\xa6\x99m\
\xa0\x12\x87\xa0\xefX \x122\xa1\xb1\xb18\x9f\x87\x00\
Y\x8f\xbf\x07\xa4\xd3\xf5\xaa\x5c>\x04\xf9\xa8\xceL(\
\xb4\x1b\x9b\xc2\x839c\xd7\xae\x9d<\xb5\xfd\x19\x96,\
\x5c\x00\x1a\x02\xd9\xa9\xc9\x14\xa7\x96\xa7\x9ey\xba\xf5\xd9\
C\x87\x0e\x90e\x19\xd6\x04\x81\xfd<W\x8c1$I\
|4\x9b(b\xe4&\xe0\xb3\xc7|\xb0^\xa4x\xe5\
+o\x1e\x9dj\xfa\x9fn6\x1ao\xf6\xb9\x96\xc4\xe5\
Yo\xbc\xab\xaf\xbe\x9a\x1bo|\x19\xcb\x96-\xa5\xd9\
l\xb6&\x8c\xe3\x13\xe38\xe7\x89\x8f\xb2z\xd1j\xa3\
\x9f\xads^D\x04!R\xc7\xa5\xe7\xac\xe1\xc6\xab/\
\xa4\xa2\x0e\x936A\x9d\x18\xf58\xc9\x01\xa5\xde\xc8V\
x\x15\xf6\x1c\x9a\xfc\x0f\xbb\xf7\x8dMn\x7f\xf6\xe0+\
\xdf\xf2\xca\x97\xfe\x8a\xc4C\x0f\xfc\xf3\xa7?\xfb\xf3\xa7\
\xf2\xb8]s\xd3MoJS\xb7*C\xde0\xbe\xef\
\xe02c\xec9\xe3\x13\xe3V\xbd\xb0w\xf7\x01>\xfd\
\xf1\xcf1>q\x00\xf1\x0ec\xa2\xc0\x0b\xd5\x08#\x1d\
M\x882\xbd\xb2`\xba\xc6\x1e\x9fy\xa2\xa8\x22\xde{\
&\xc7'\x07k\x83\xfd\xef\xaf\xc5\xc6^q\xedM\xff\
\xf9P}\xeak\x0fj\xe31\xee\xbc3;\x95\xfb\xd9\
\xc3s\x83y\x15\x84Fy\xb5?\xaeTD\xf1\x9ay\
/\xa6\x83\xf8yl\xda\x8b\x80\xf7\xc6\xa9\x1b\xff\xfd_\
x\xcb\xb3\xa7{\xbfz8\xbd\xe8\xf3}\xfd*:\xca\
\x8c\x07\x98\x9f\xd6\xf4#\xa2\x8c.\x1a\x22uS\x88\x94\
\xbc\xcbB+\x0f\xe1\xe0\x81\x03\xa1\x04h\x04\xd3\x95\xa4\
o\x85nsd8\xcbg\x9a\x17\x82?\xbdwa\x90\
W\x13\xb8\x97FP\xa7\xacX\xb6\x8c(\x8e\x83_z\
\xd1\x14E\x91\x8d\xe403\xb2\xb9\xca\xee\xd2zz\xb4\
\x83KD1F\x98\x9c\x98$MS\xaa\x03\xc38/\
\xd3\xcan\xb6\xb5\xb2 -\x94;-\xe4\x89*\xec\xd9\
s\x80\xf7\xfd\xed?\x14K381\x98\xa8\x8a\xd7\x0a\
F\x14#\x8ef\xb3\xc1\xbe}\xfb\x8b\x00\xf4\xd8\xc4\xb0\
[\xe7\xadR#I\x22\x9c\xcb1QW\x10\xa9\xed\x84\
\xa1\x14\xc7=l\xee\xdc\x81j\x9e\xb7E\xea\xcbl\x9a\
\x880555\xedsV\x84\xbc\x99\x16\x1cP\xc3\xd8\
\xa1)\xfe\xe1\xfd\xff\xcc\xd4d\xca\xb2\xe5K\xf0\x0e\xea\
S\x0d\xee\xbe\xe7^\x1e~\xecq\x92$\xc1\xbb&\xcd\
f\x90\xd7\xf2\xb9\xc79\x8f5\x16\xac\xc1{O\x14E\
\x88\xcb\x83\x7f\x94\xb4\xb5d[\xa7M\xf0\xaa\xfa\x05N\
\xa6/\xeb\x0b\x1bf\x12\xfb\xda\xc9\xf1\xa9\xd77\x1a\xe9\
 \xdeO\xb3\xe14F\x10\x03\x1e\xcb\xcb_\xfe2n\
\xb8\xe1\x06\x00\x9ay\x861\x86f\x96R\xab\xd5\x98\x9c\
\x18C\x8c\x14\xf6\xac\xa6c\x227\xfb\xfd\xd2\xbez\x82\
\x7f\x97\x88\x0dZ\xbb\x04.1\x02\x11)\x9b7,\xe7\
\x9as\x96a\x9b\x87H\xe8C|\x0e\xe2K\x1bX\x11\
\x11l\x9c\xe8d\xd3W\xf6\x1cL+_\xfc\xe6\x0f\xfa\
\xbe\xf3\xe0\xd3S\x07\xc9\xce\xbf\xe9\xe5\xaf\xb9\xd9D\xf6\
\xe0\xe7?\xf7\xa9\x0d'r\x80^r\xc3\xeb>\x8f\xf7\
K\xd4\xbb8\xcd\xd3UJ\xee\xd5\xfb\xea\xa1\x83\x13q\
\x9ay\xf1.7%\xcd'2\x91`\x0cY##k\
dX*\x08\xb4\xc7\xb1\x92\xa3\xec\x0b}\xdd\xf6\x91\x9e\
c\xed\x1e\xe7R\x00\x89\x22\xc1g\xe9\x92F\x96*\x22\
\xff_\x04_Y\x9fG\xefz\x04v\x12&T\xbd\x12\
\xfd\x0b\x18\xf3*\x085\x96\x05j\xa8\xa8\x9e\x0c\xcd\x1b\
\xf5\x0a\xe37o\xfdp|\xcb\xd6\xb7\xf48V\xf3\x18\
\x22\xf6J\x90\x85\xa0s\xf2A\x834OB\x92D \
\x1e\xdf\x11\xee\x19\x85f\xa3\x81:\xdf\x96d:\xc9\xc3\
j\xb9\xdc\xfe\x81\x81\xa2\xe9\xee\xd4\x8e\xdb.W\xb2<\
\x9b\xb3\xc1\xa9\x1b\xde92\x04\xac\x906s\xfak!\
1\xa5\x04\x7f\xf94\x03\x97{\xd2\xdc\xe1Q\xbc\x07\xef\
\x1dN\x83h\xfd\x09\xc1k(\x11\x1e\xe9s\x1d\x01h\
\xbbAKp\x224]\x16J\x8c\x22\xed\xf2}Gi\
\xdf\xab\xb6\xc3t\x1f2\x98\xa8Rj'\xdc\xfe\xed;\
\xb9\xe7\xde\x07\x18]4B\x12W\x19\x1b\x9b\xe0\xd0\xc1\
Cd\xcd:ei\xbfR\xa9L[\xbfG\x91B\x8b\
\xb1s2\xd2YN.!\xa0\xaa\xe6\x1c\xe03'\xf7\
L\xbf0\xb1e\xcb\x0f\x0dM\xd4\xeboN\x9b\xcd\x8d\
\xce\xb9.\x1bx\x8f\xf3\x8e\xbc\x99q\xee\xf9\xe7q\xfd\
\xf5\xd7\x93\x17\xb2CJ\x11\xc5{\xa5\xd9l295\
\x15\xce\xf3\x89X\xbfj9\x19\x0d\xd7\x8d\xf5\x9e\xc47\
\xa8\xfa)b?AB3\x9c_-\xcf;Tk\x09\
\x99kHdc\xfa\x96\xf4\xf3\xca\xeb.\xadN\xa5T\
o\xbf\x7fG6^\x7f\xd6xS\xed\xbb\xfe\xa5\xaf\x98\
\x1a\x18\xec\xaf\x7f\xe6s\x1f[x4\x9b\xf1\xa3?\xf5\
\xb3\xd9\xeeg\xf7x'&\xaa\x8f5\xb5\xd9p\xa8\xcb\
\xd4\xab\xb3\xea\x826m\xees\x9cw\xa8\x0a\xeaA0\
\x18k\xa4\xbcy\xc4w(`\xc0,\xe5\x95c\xadX\
\x18D\x10\xef\xbc\x82\x11\x11*\x18}y\xc5\xf0\x0f\xe7\
^x\xe5\x7f\xce\xe0\xe9G\xee\xf9\xf6.^\xc8NS\
\xf3\x1c\xf3+\x08\x8dp\xa2\xba\xf8d]\xa9\x06\xf6\xf4\
\x02\xd0y\x0f\xa30l\xd0\xf8p\xd7\x95\x11\xa1\xd6W\
\xa3\xbf\xbf\x8f\xd9b\xc0\xa9\xc9\xc9`\xdfiL\xd0\x82\
\xf4'~\x95\x96\x99V\x11P\x1fx\x90\x0bF\x17 \
\xcfA\x10\x9a;\x17:_\xadi5it\xc2K\xe1\
\x15/\xc1\xfb\xdd\xa9\xa0\xb9\xc7\xa8b\x22C3-\xb5\
\x06\x83\xddf\xbd\xe9\x8a`\x8b\x96'}\xc88\x82\xa2\
\x9c\xe8\xb4R\x0b\xdbT-\xbb\xa1\xbb2\xd1!\xc6\x0b\
\xd9\xae\xe2\xe0\x22Zh!\x02Y3\x0fMJ\x91\xc5\
k\x1e\xf8\xaeG\x5ckI\x01\xf0\x18\x13q\xf0\xc08\
c\xe3\x93\xe4E\xe3Q\x12'\xa8\xf7$I\x8c\xcb\x1c\
}}!\x08\xf5\xde\xe1\x8bD\xb2`Z\xc7B\xc4\xcc\
-\x7f\xac8\xf5\xf9\xc7N\xf9\x89\x7f\x81`\x1c\x175\
\x9b\xe9\x90\xf3y\xa2\xaa\x98.\x8d%\xef=b\xe0\xca\
+\xaf$\x8ab\xa6\xa6&\xc3\xef\x8bO\x19\x0dnX\
\x87\x0e\x1d:)\xe6\x12\xa5\xad\xac\xef0Dh\xb9\x7f\
\x89oU@\xb4\xd4\xd3\xf0\x9e\xbc\x99\xa1\xc6Q\x8d\xab\
\xacX0(?t\xd3U\xe4\xee\xeb\xf1\xdd\x0f?\xc3\
\xa4\xf7Uu\x09\xfb\xf7<\x1bm\xb9\xf6e\xb91\xe2\
%\x0c\x08*\x22\xc6\x0b\xa8\x171\x12d\xe2\x06\x07\x87\
\xb8\xef{\xdf\xc7Zk\xe3\xb8\x82S\x11\xef(\x02\xce\
0\xb9v\x1e\xc5\x1b1\x85+\x9a\x99-\xf0\x96#\xe9\
xtTL:~\xfa\xae\xc9\xaa)&|\xedC+\
\xa2Z\x0a\x16x\xe3\x85\xeb\x04\xf9W\x8b\xde\xb3\xf1\xc2\
+n\x9b\x88\xdd\xef\xed\xb8\xf3\xce&\xbdL\xff\x0b\x0e\
\xf3*\x08E|\x13\xe8;)\x8b\x82L\x85\xfc\xe6\x9b\
?lo\xb9\xe5-\xbd\x0b\x7f\x9eb\xfd\xfa\xf5\xb1\xa0\
\x17\xaaHu\xee\xc7\xbb\xc7\xe3\xa8Tb\xe2$\xc2\xfb\
\xb2\xd4\xdb\xce\x1a4\x1a\x0d\xd4\xcb1\x0b\xa7\x1f-\x8a\
\x07\x09\x03\x03\xfd'\xbe\xb0#\xae\xcb\xe3rO\x96\xe5\
\x87-\x93\x17m \xa8\x0ab\x0c(\xe4^!\x17\x9c\
\xe6\x85l\x8bC\x09\xb6\x87\xbep\x1a\xea~\xb0\x1dO\
P\xdd\xb9]soc\xe7\x83\xb1S\x93\xaat}\xf2\
\x88\x1a<\x90z\x07\xc6b-\xe0\xda\x8dI\xa5v\xe7\
\xe1\x8fW\xe8\xc2\xae\xd5\x06\xc8\x5c\x8eU\xa13c\x94\
g9\x95$\xa6\xaf\xbf\x9f(\x8a\xf1\xb9\x0d\x1d\xf8b\
\xc1Z\xa2\xc8\x16\x99nBw\xfel\xf2\x0a\x22\xa91\
\xf1+\x81??\xe6\x83\xf5\xe2\x83I\x9b\x8d\xf3TY\
\xef\xfd\xecQ{\xb3\xd9\xe4\xcc3\xd7\xb0b\xc5\x0a\xa6\
\xa6&\xdbT\x8b\x92\xd7+B\x9eeLMN\x9e\xf4\
\x8d\xf3\x02N\x222\x13\x81\x89\x104X\xfe\x8aG}\
\xa0\xeb8\xb5\xb8\xc8\xa2\xaa\xa4\xcd\x14I\xfaX\xb2h\
\x88\x1f~\xdd\xcbd\xf8\x1b\xdf\xd3\xbb\x1fyVR\x8d\
\xf0j#\xef=N1m\xbey\x98\x98\x16bib\
\x80\x89\x03\xfbX8\xd8\x8f\xf7\x8e\xdc\xe7D\x08\xb9\xa1\
\x98 \x02X\xa2\xc8\x0a.\xc7y\x83\xd7c\xa3c\x8a\
\x98V\x85\xc0\xab\x82\x98\x0e^\xba\x991\x89,'\xa9\
\x00\xde\x97\xd4\x12/\xaa\xaa\x1a\xe8C\xa2\xe2GDx\
\x09*\x9b\xfbS{\xd9\xd9\x17\x5c\xf1>\x93\xbb\xafg\
\xd9\xa1\xfd\x8f<\xf2HF\x8f\xfb\xfc\x82\xc0\xbc\x0aB\
\xad\xc6\x03.\xccz1m\x0b\xb6\xe3B\x90Ha\xbc\
\x17\x80\xceo<\xf2\xc8*w\xf6\xa5\xecT\x15s\xb8\
g\xbb\x02}\x03\xc1\x16:\xcd3\x8c\x89C\xf6-\x87\
\xdc\xe7LM5\xc9]N\xc5V\x82\xd89]\x95\xac\
N.%!#\x02G\xcf\x85\x14\x11r\xe7\xa9\xd5j\
a9\xc6\xb6\xb2\x16\xb3-\xa3\xfb\xde\xe8\xfeL;\xcc\
)\x1f\x10\xae\xe3\xbb\x10\xc51}\xb5Z\xc8\xee\x16Y\
\x1eE[\x19^o5hm\x9a\x22\xd4\xf3\x02b\xf0\
\xa28\x15\x5c\xden\x5c\xf0\xe2Al\xd0\xb7)\xb6+\
I\x12j\xfd\x83D'\xe2{V\xec\xbf\x11\xc1\x18\x1b\
\xb2\xb1\xe5:\xac\x05\xb5!\xa0v\xae+3\xdd\xd2\xde\
\x0c\xdfWerb\x8a4\xcd\x83%\xa1\xf3 y+\
\x9b\x13\xc7\x09\xcdf\x93j-)\xce[\xc8\xa2\xa2\xae\
u\xc5\xa8\x1a\x5c\x1e2\xa8\xd6\xc6\x88h\xa0\xd19E\
\x10\x16,\x18a\xf9\x92\xa5\xa4\xf5F\xe0\xf7\x122\xdb\
Z(\x0b\x88\x08\xd6Jk\x1f\xba\xa5NA'iL\
~\x98^\x00\xca\xfa\xf5\xaf\x8e\x8da\x19\xde/\xb0\xd6\
\x89\x22\x92g\x9d\xa2\x01\x9e\xc8Z\x16.\x5c\x82\x8d\x84\
f\xb3\x8e\xeb:lqT!\xcf\x1d\x13\xf5\xa9p\xe9\
\x96\xba\x9f\xe5\x12\xa6\xe9\xe8\x1e9\x16\x0a\xf7\xb5\xc5J\
\x06\xc4\x98\xc1\x85D\x0bV\xa3\x13U\xa2\x18\x8c-\x94\
pU\x8b@\xd8\xb4\x1e\xde\x9e\x88\x5c-\x22\x09+\x86\
\x13\xde\xba\xf6,\xb9\xe1PJ#\x17\xb24\xd5<W\
\x9a\xcd\x0c\x17L\xdcQ/\xa2\xda\xe2\x97\x06\xad\xe0<\
\xc3\x15\xd7\xbe\xf3\x9e\xd4\xc1]\xdf\xbb\x8f;\xef\xbd\x0f\
k\x93`\xb7\xe1)\xa80\xd9\x11{(Lk\xf0R\
DJ\xdev\x14\xee%\xa5\x18\xdc:\xe8-~\xe6\xf2\
\x5ck\x09\xe1\xb3%\x1d\x16\x05\xa7\x0eUU#\x12\x81\
F\x027\xe5\x22/!\x8e\xc7\xa2d\xf1g\x17oJ\
~}\xcf\xb6mu\x8e$ \xdc\xc3i\xc7\xbc\x0aB\
\x9d\xe2\xf0\xbaND)(`\xc7/\xd1\x04\x81H\xb4\
u\xaba\xeb\xd6\xdeE>?!\xe7\x5ca\x875\xf7\
\x17\x88\xa89\xd2\x9c\xa6Z\xab\xe2[%\xdd6\x07\xcc\
(\xa4\xf5\x06Pd,\x0b\x8e\xe2\xc9F\x1cE\xd4j\
}!\xf8:\x19\xb4\xe8Y\x8f\x88oe.ld\xa9\
\xd7\x1b\xf4\xc5\xd5Y\xef4/`\xbc\xe2\x90V\x8fR\
\xa4\xb6\xa3\x9e\xe6[\x1c8\x8a \xd6x\x0d\xa5p\xb1\
\x0c\x0e\x9c\x88\xadt\x10\x93\xcf\xf3\x0c_p9\xcb8\
\xc3\x03\xce).o\x06\xde\xa9\xf3E\xf0\xdb~h\x96\
Y\x1a\xd1\xb0\xcf\x9f\xfe\xd7\xcf180\xc8\xf9\xe7\x9d\
\xcb\xd2\xc5\xa3\xa1c\xdd\x18\x92j\x85\x05\x0b\x16\x04\xdd\
O\x17J\xbc\xc6\xb4\x98\x85\xc5\xa6\x94\xd7\xc2\xdc\x11\xf5\
\x8a\x15+I\x92\xa0Ej\x8b\xacg\xeb\x90\x17<P\
\x90\xd05\xefK\xdei\xbb\xef\x12\x951W\xad\xbc`\
, O%\x92\xc5\xbe\xdf9\xfdq\xef\xf3$o9\
eu^\xa0\x06cbF\x86\x87\x83o|\xc1\xbf\x85\
v4#.\xa7\xde\xac\x93\xa6\xe9\xe1\x8dM\xd4\x1fu\
\xb9\xbes)\x03\x0b\x16\xb1x\xcd:lc\x04|\xbd\
s\x81\xd3\xbf\xd4\xea6\x8f\xc3$\xae0\x85Xsf\
\x1f*\x11F\xac\x88X|1\xe6h+\xab\xa8\xf8B\
\x97TD\xc0\x84\xacj\xee\x1d\xb9\x87\xf1\xc9\x06\xb5\xbe\
\x84{\xee\xbf\x8fF\x9eal\x85`\xff\x1a\x928\xee\
\x18\xe62\xaa\xbe\x15\x88\x1acZ\xc7\xb1sb\xdb\xcd\
b\xee\x8cI[\x1c\xeb\x8eR\xbe\xf16\xcc\xe5\xb4E\
\x94\x89QF\x14\x863\xd1\x9f\x1a\x8d\x17\xacZx\xc9\
5\x1fl4\xa3[\x93\x1a#\x0f\xddy\xdb\xc3\xf4J\
\xf5\xcfK\xcc\xab TpY)\x08|\xc2\x8a4\x8a\
\xf3\xe8\xce^\x00:\xaf!\xe2\xd2\x04\x13\xad\x99\xa5\x17\
d\xfa\x07\x8d28\xd8O\x9e\xbb\x22\xdb\x16\x5cz\xb4\
h6h4\xea\xad\x87Y\xb8>O,Hl\x0d\xf0\
\x05w\xd1\x18C\x1c[\x06\x87\xfag\xff\xdc1c\xee\
\xcb\xde\x88`D\x18\x19\x19\xc5\x1e\xb6a\xc3\xe3%t\
\xef\x87Y\xa1'\xf7\x9d\xdb$\x05\xe7\xb3x\xa7\x12\x02\
W`dd\x94U+V\xcc\xd2\x98\xd4\xcd9\x9bc\
\xcd\xde\xd3h4\xa87\x1ax\xef\xc9\xf2\x8c\xdcC\xee\
=\x0e%\xcd\x1c\xdeC\xee\xdb\x1d\xef\xe1\x19\xd6\xee\x80\
\x0e\x81\xa8\xc7\xe0\xf9\xfa\xd7\xbf\xc9\x9d\xdf\xf96\x17\x9e\
\xbf\x89\x97\xdf\xf42\xae}\xe9\xe5\xac9s-\xaa\xca\
\xe8\xe8h+P4\x228\xf5X\xe9\xc8\xbcIh\xbe\
\x9a\xf6\x5c\xef\xca\x14\x9d}\xf6zj\xb5Z\xab\xc1L\
\xbd\x0f%Z\xb4C[vN\xa8B>\xc1\xc4\xc9\xaf\
\x1d\xbf@\xe1\x9d\x8f\xf2\x5cLh\xee\xd6\x19\xf7\x811\
\x86%K\x96\x84\xc0L]\x8b\xd7\x5c\x96\xe3=\x96\xc9\
\xa9)\x1a\x8d\x066:<\x85F\xfd,\x8db\xe5D\
\xa28\x9f\x82\xc1\xa8o\xf1z+q\x12\x96+\x80w\
EW9h\x97\x95\x9a\x17\x13\xacwM\x8e\x8aAH\
\x03\x81\xa5y\x08c\x22\x88\x83,\x925\x11\xdd\x99G\
-\x02S\x8f!\xae\xd6\xc0F`b01\x83C5\
\x86\x06\x13*\x89\x90\xa3E/\x7fyp8\xba\xdc\xa2\
\xf8\x16u\xc5\xb9p\xefD\xb6\xd8\x0e!(w\x14\x13\
\xa5\xee\xe3k\xa5t\xaa\x02\xb4\xf4\x95+\x8f\xa2GK\
\xeei\xd9\x90\xe7\xcb\xfb\x00A\xa9x\xe1U\x22\xe6\xec\
J\x9fy\x1b\xde\x7fx\xd5\xa6\xabwWS\x9f?\xf2\
\xc8\xb7\xc7\xe9U\x03\x9eW\x98WA(FF\x80\x05\
\xfeH\x11\xc3Q@\xc0\x89'9\xc1\xc5\xf4\xf0\x02\xc6\
\xda\xb5[\x12c\x93\xb7\xe6.\xbb(\xb4\xc6\x1c~l\
\xabV\xabEV`\xf6\xab\xcfk\xd7`\x7f\xc2\x98\x1e\
\x00\xc6q\x5cl\xc3)\xd0!\x9d\xbe' \x9e\xc5K\
F\x19\xe8\xab\xe2\x08\xce>\xad\xad\x11?c\xfd*\xe0\
\xd5\x14\xbe1\xd2\xfaLx\x08\xf9\x90Il\x05\x00\x9e\
\xa5\xcb\x16\xb2j\xf5\x8a\xf0\xde{\xcc1\xe4\xf8<\x06\
\xa7J3S\xf2\xcc\xe1Th4R\xbc\x0a\xb9zr\
\xefp\x8ei\xf2Z\xed \xaf(\xa8k\x11\x92\xaa\xe0\
\x10\xe2$!\xf7\x8e\xef\xdcy7?\xb8\xef>>\xfc\
\xe1%\x5c\x7f\xfd\xf5\xbc\xf6\xf5o$\xb2I;\xe3\x04\
X)\x82\xc6\xd6C\xda\x15\x01I\xe7V\xca\xb4-^\
\xb9rePV\x80\xc0\x9f\xf5\xed\xeb\xa4\x5c\xeeaT\
\x15\x04\xd1\xa4\x96U\x06\x81y\x1f\x88VaAS\xcc\
\x19\x90\xcfq\x13x$2\x0c\x0c\x0f\xb5\x02\xd0\x96\x1a\
\x02\xe1\xdc\xab\x84\xee\xf84M\x83\xf6\xa5\xce\xccd\x07\
\x89\xb4\xa3\x89w<\xad\xa8N<\xa29ic\x8c\x83\
\xcf>Is\xdfS$\xd2$\xcf\xb3b\x99]el\
\xca\xac\xa4\xc1i\xe75aZ\xb4\x8dV\xe9\xbcC\xdd\
!p\xabC\x00\xeb\x89 N\xa8T\x07\xe8\x1b\x18\x22\
\xae\x0dAu\x18\xf1\x8d0\xc1+g~\x04\x86\xb6\xe8\
\xcc\xfbw\xc6\x1e\x95\x96\xc1Z\xb6\xfb\x85\xe0\xda!X\
c[6\x9d\xad\x09f\x11\xc7\xb7\xef\xb9\x92*\x04\xe5\
L\xb4=nv\x1c\xd7\xa2iJ\x9dW\x8a\xe3\xedU\
\xc5;\xb5*\xb2\xde\xe4\xfeL1\xe6\x86\xfe\xbe\xbe\xcf\
kU\xb7\x9fu\xe9\x96\xf7<*\xe3Or\xe7\x9d9\
\xbd`\xf4y\x81\xf9\x15\x84\x02Q,\xe4\xb9\xc3\xabL\
\xd3\x5c\xec.\xa9\xcc6s\xed\x84\x871\x13\x99\x9eF\
\xe8<F\xa5\x92\xc5F\x92I\x84\x01Q\x91Ro\xb3\
\xd3\xbb]\x8b\x80\xacV\xab\x11\xc7q\xf0\x0f\xd7\xe0?\
\x9d\xe5\x8e8J\x18\x1b\x9f \xcb\xf3\x10h\xcd\xe1x\
\xd3}\xfd\xcd\xe5\xf5\xd5r\x0c\xb7A\xc0\xdc\xa8A\xd4\
\x93\xbb\x8cJ\xa5B\x1cE\xc4q\x84\xa8\x22\xd2\xf6\x96\
\x9f\x89\xee\x15\xcc\x11\x1c\xb72\x12\x1d\xff\x06\xbcfl\
:o\x03\xa3\xc3\xfd\xec\xde;\x8eM\x12\xbc\x9av\x06\
\xa3\xd8\xdaN\x91\xea\xb0O>h\xad\xf8N\xce\xab!\
\xcf\x1d\xc6\x0aQ$4\x1bS\x5cu\xf5e\x0c\x0eT\
\x00\xc5\x88\x99Y\xcc.\x1f\xb8\x85\x04R\x9eg8\xef\
I\x92\x0a\xb9W\xb6o\xdf\xc9-\x1f\xf9${\x0eL\
\x06\x1e\xa5\x17T\x0c\xb9\x18T,&\x9a\xee\x13\xaf\x94\
\xdd\xfa\x9d\xdb]fE=^\x83M\xa7M,\xb9\x87\
\xc7\xb7\xef\xe6\x91\xf7}\x90/~\xe9\x1b\xacX\xb9\x92\
J\xd2_|\xde\xb5\x1a3\xdae\xf8\xceLk\xd8v\
Sd\xd7\x9ai\x9dU+\x96\xb2j\xd5\x8a\xc2\xe5J\
\xf1\xb9\x12E6\x08$\xaa266N\xee\x1c&\x8e\
\x89\xa2\x18u\x1e+\xa6\xbd\x5c\x11/\xb0/\xa2\x7f\xe2\
$\x5c\xf6/x4\xb2\xf4<\xb0\xfde\xd7ww\xc0\
\xef\x05\xaa\xd5\x0a\x95Z\x15\xe7\xc0\xbb\x99\x99\xe6J$\
\xd4'\xa6@\x0d\xd6\x80\xcf\x1d\xe0Z\xf5^k\x04\xef\
M\x98F\x99\x90\xc5\x070\xc5yq\x1a\xeeq\xb1\x1a\
\x1a\xc9\x8a\xfb't\xc37\x89\x98\x22o\xec!r\x07\
\x89\xa4\x8e\x09\x9a\x99\xa8\xca\x9cZ\xb53h\x953\x8a\
\xcf\x9d\x99PmeQ=\x11>\x8dq\x8d\x98\x89\xa9\
*Qm\x94\x81\x05\xeb\xe8\xb7\x11\x9a\x0bB\x84\xf1\xa6\
5Av\xc7P\xa7Q\xa1\xd5Lemh\xb4jq\
=U\xb1\xc6`\xa3\x88\xb4\x08\xb2\xbd\x94\x01lx>\
\x9b\xe9\xf1f\x07Z\x95\x9e0jx\x11\x91\x88J-\
\xd6f\xb3I\x14E!\xbbj\x8cU\xa4\x0f\xe4\x870\
L\xc6\xc2\xd5\x1bu\xc1?>\xb4y\xf3_\xf6\x02\xd1\
\xe7\x07\xe6U\x10j\x1d\x0b\x8c?9\xdd\xf1V\x8c5\
\xe8\xd4\x89/\xa9\x87\x17*\xe2\x81\xca\x12\xe0\xc7\x04b\
\xe5\xf0\x16\xb0\xd5j5H\x0b9\x17\x02\xa3\x223\xe6\
U\xc9\xf2<\x94\xect\xa6s\xc8\xc9\x81a\xa6C\xed\
\x91\xb3\x19\xc7\x84\xce\xe0R\x82\xac\xd0\x19\xabV\xb1n\
\xedj\xf6\xef\xdf\x86w\x19\xc6\x1a\xbc\x82\x16%x\x7f\
\x14\xabW-\xe8\x04\xd6\x92$\x11SS\x87\xa8Vb\
\xae\xb8\xecR\x04\x02_S\x04cL+L6\xb4w\
\xad\xb5U6\xa6\x16AC\x95\xdbn\xfb:\x7f\xff\xbe\
\x0f\xf0\xbd\xef\xdd\x87\x10\x939_\x04u&<4\xcb\
^\x86\xe2|t\xf2v\xe6>?e \x1c\xdc\xc2C\
\x93\x87\xb0c\xc7\x1e\x1e~\xe4\x09\xfa\x07\x86\x8a\xfd\x09\
\xa5E\xe7[\x0f\xd1\xce\x1f\xad\xe3\x17Y\x1b\x02Kc\
Y\xb2d\x09\x8b\x17/n\xf1\xe9Bf\xab\x98\xe8\xf8\
\xc0m=\xfcAD\x10\xc6'l~T\xd6J/j\
l\xde\x1c#r\x95s~\xf4p\x14\x86\xbeZ\x0d{\
\x18'*\xe7\x1c\x8dF\x1d\xe7\xfda9\xa1\xc7\x0c\xf1\
\x18\xef1>\xc3\xe6\x0d\xd4O\x12I\x13\xefC\x10\xea\
\x0f\x13\x84\x1eQWC:&U%'\xb4\x08Bs\
/\xa8\x8bQ\x17\x91\xa5\x0d\xd2\xca\x10\x9aOa\xd4c\
\x89\xc8i\xf32\xd5\xfbb\x02;7\x82\xae\xa9\xb4\xb8\
\x9e\xd6X\xd4H)X[\xec\x82\xe0\xbc\xa7b\x04-\
&]AQ\xa2\xbd?\x91\xb4\x15Df,\x9f\x8e\xc9\
j\xd5\x14MU\x9981a\x9ah(\xb8\xbc*&\
h\xae\x0d\xaa\xb5\x97\x8b\xc8\xa6\xb3\xcd\x02'W\xbc\xec\
\xcb\x0f\xdc\xf1\xa5\x87N\xde\xc9\xeb\xe1x0\xaf\x82P\
5\xa4\xa0'\xac\xeb)\xaa\x1a\xc7\xf1#\xaa\xae7\x8b\
\x9a\xc7\xf0\x12/4`D\x8c\x14e\xf69\x9fF\x03\
\x03}!P\xf2.\xb8\x0cymeM\x1b\x8dF\xf8\
\xfdI\xd8\xa6r\x13\xb4\xe3\xfd\xb4\xe1\xfb0\x1d\xf1\xc7\
\xb6\xa2\xb9i\x03\x22\x06\x03\xd8Hx\xc5+_\xceW\
\xbf~;\xb5\xbe\x11\x8a\xc7J(\xe7\x89\x9d#\xa0+\
\xb76\xe4KZ\x81\xb9W$\xcf\xd0,\xe3\xaa\x97^\
\xc59g\x9fC\xe6\x1d\xd6\x1alY\xb6/\xcf\x0b\xed\
\x90\xb0\x84z\xd8\xfe\xec\x1e>\xf4\xe1\x8f\xf0/\x1f\xfd\
\x14\xfb\x0fN\x22\x92\x90\xb9\x9c\xc8F\xe4BG\x966\
\x947C\x00Zh\xf8\xf8\x8220\xedhv\xdb\x0e\
v4.I\x02\x16L$\xad\x00tV\xa8\x99\xf5X\
z\xef\xf1>\xa3ZM8\xfb\xec\xf5,\x5c\xb4\x00c\
\x82\xeb\x96H\xe0\xae\x1a\x1b\xba\xf7\x83\xbc\x97\x9f\xad+\
\xbe}N`\xd8\x8cGu\xe6;\xee\x1cTw\x99\xae\
\xf4^\x92N\x8aD7\x86\x86\x86BVY\x08\xc1S\
\xd7P\xef\x9cc||\x02\xef\x1d\xe68|\xe3;)\
\x14\x86\x90E7\xf8\xc2\xf1\xca\xe0}\x86\xf39\xe2r\
\x9cq\x85\xca\x04\xc5\xcc\xed8);Rf\xddK\xde\
9\x04y\xa4<,\xdbd\xa8\xb7x\x0f\xf5\x89g\xf1\
\xd9\x18\x86\x1c\xd5\x1c1\x09\xf8\x82\xb3*\x1an(9\
\xfa\xed\x08\x09g)\xc4\xfe\x95(\x8a\xb8\xe8\xa2\x0b\xd9\
t\xc1\x05$q\xdcnt\xea\xea\xbao\xd9|\x16\xf7\
\x96\xe9\xa4\x9eL\xff$Y\x96\x11\xc7\x96;\xbf\xf3]\
\xbe{\xfb\xb7[&\xb9\xa2\x9dGL\x0d\xc8\x80\x15\xf3\
\xbfT\xcd_\x9d}\xf6K\x7f\xfb\xc1\x07\xbf1y\xfc\
\x07\xb5\x87\x13\xc5\xbc\x0aBEu\x148a\xa1D\x15\
\x11kM\xe2\x9d\x1b?\xdd\xfb\xd4\xc3\xe9\x83\x88\xbbH\
\xc4\x9e\x8d\x1e\xd9t\xbcR\xa9`\x8d!wy\xe8\xf0\
.\xc4\x9e\xbdS\xd2\xf4T\xfb\x1dtp\xce\x9e\xbb\xa3\
Cb\x85k_z5\xe7\x9fw6\x0f>\xb2\x1dk\
l\x91\xb1\x9cy\xb8:\xb3Re\x09\xbe\x93'\x97D\
\x06\xe7\x9a\x88\xe6\xbc\xee5\xaf\x0e\x0dV\x1aD\xbc\x9d\
z\xac1\xad\x22a\xc8c\x9a65\x01\xb8\xfb\xee{\
\xf9\xcb\xbf\xfak\xbet\xebWH\xaa\x03\x88\xa9!b\
\x89m\x84\x98Pn\xf5\xeaP\x01Q-\x84\xc2s,\
9F=\x90\x05I\x8c\xeeM/\xdcn\x94\xa2\x03Y\
\xa3\x96>h\x90\xbe\xd1#\xf3U\xd5\xcch\x93\x9c\xaa\
O`\xadep\xa0\x9f3\xd7\xad\xc3\x8a\xe25G\x15\
\xa6\xa6\x9a$\xb5j\xeb\xb8\xa5i\x1a\x82\x94\xc3\xadB\
\xc4\xd8\xa1t\x08h<\xc7\x17\xc2\xf3\x0ak/f@\
`\x8d\x88NK\x1c\xb6e\x94B\xee\xacV\xeb#\x8a\
,\xcey\x8c\x11\xba\xfa\x81\xc8\xf3\x9cf\xb3\x89w\xfe\
(R\x90sC5\xb8\xa7u+\x1e\xa9\xf3\xedf\x1b\
\x97\x83\xcb\x8a\xe0\xb1\x0c\xc2\x02\x97\xf8\xd8V\x16~H\
\x07\xa7R\xd4\x14\xd9I\x01\x9f\x81\xb1x\x15\x9a\x93\xfb\
 \xafc|\x06\xdaaG\xeb\xcbL\xec\xb1:\x1f\x85\
\x00\xb4\xbc\xcf\xab}5^\xfd\xda\xd7\xb2n\xc3zL\
d\x83\x8ehY\xbd\xd0N\x8aJ\x99U5\xb36\xe0\
\xb5\xde\xab)\xecj\x95\xc1\xc1A\xbe\xf3\xedo#Z\
\xf8\x9b\x96\xbe\xbb\xc5\x1e\x17\xc4\x9fA\xc5\xff\xaa\x19\x1d\
X|\xf6\x95\xaf\xfc\xc4\x83\xdf\xfe\xfc\xa7\x8ey\xa7z\
8)\x98WAhl\xad5\xd6f\xea\x1c\xc7Z\x8a\
\xf4.\x88O\x1bc0\x883I\xf4\xe4\x81g\xcd\xd3\
\xa7{\x9fz8=X\xb1ys\x9f\x88\xb9 \xcb\xd2\
\xc89\x8f\xb1F\xba\x03\xa9$Ihf\x0d\x8c\xb5\x0c\
\x0e\x0e\x86\xf2\xaa\x08\xe5\xf3\xc3\x1a\x8bf9\x8d\xc6\xec\
qAg\xa6\xb0\xbbtmfi\xec\xe9\x84\xed\xe8$\
\x85\xa0\xab\x19'\x096\xaep4\x98\x99i8\xfc\xfb\
\x99,\xb1\x8c\xdc\xe5\xacZ\xb5\x8c\x1f\xf9\x917\xf0{\
\x7f\xf0'\x88U\xbc\xcf\x11[\x09\xcf\x84i\xb1\xbb\xb4\
\xf6S\x0b\x7f\xe9\xe0=\xedQ\xf5LLN\xe2}\x93\
\x8b.<\x97K.\xb9\x88\xb8\x90iR\x14+\x06\x17\
\x94\x9b0@N\xe0\xf1\x19+\x1c<0\xc5g>\xfb\
9\xfe\xf6\xef\xff\x91'\xb6?M\xdf\xc0\x08\x98\x84<\
\xf3\xadF\x0eu\x0e\xf1\x0e\xe7\xf3P\x9c4\x80\xcf\x10\
m\x22n\x92JEh\xd4\x0f\x10'BR\x94\xec#\
\x89H\x9b\x1e\xa7\x16\x1b\xf7\x93\xe6\x16\xd1\x1a&\xaa`\
m\x8dz\xa3\x81\xb1\xa6P\x07\xe8\x90\xc5)\xcb\x87\xe5\
y\xa3|\xc0\xcf6\x1eyV\xae\x5c\xce\xb2%\x8b\x88\
\xe3\x08\x97\xa5\xf8X\xa8T\xe2V\xfd\xdeF\x96\x83\x07\
\x0f\xa2\xaaDqL\xee \x8a\x22\xf0\x9d\xdd\xf7\xa2\xa2\
\xea\xebqs\xbesB\x85\x834\xf2\x117%\x98\xb6\
E.3\xfb\x87\x86\x86F\x10\xb18\x97\x92e~\x86\
\x94\x8a8arb*L4\x5cN$\xd3#\xd1\xd0\
\xcc\x14\x82=\xf5mG\xaf\xd6\x181\xcb\xe96\x0a\xb6\
P\x96\xc0y\xf2\xb4A\x8c\xc7\xa5Y\xd1\xd2S\x04\x8d\
@\xb8\xca;\xd6W\xba,u\xf76\xcc\x92\xe9\x95i\
\x0dS\xe5\xe4%\xac\xd7\xbb\x1c\xa7B\xac\x0dH\xc7Q\
\x9fR6\x1a\x86O\x15\x9d\xe9G\xa8\x01v\xaas\xa0\
\xc2l\xd4\x87J_\xadU\x09\x12kg\x97e\xea\x10\
\xd8\xf7\xd3\x96\xd1\xc5-/\xd7\xe7\xa0\xda\xdfG\xff\xe0\
 \x8d\xa9)\x9c\xcb\xa8\xc4I\x18\x8b\x9bM\xf2,\x13\
\xe7=\xb5Jl\xd5\x8b\xe6\xce\xbd\xbd\x92\xc4\x1b\xd7m\
~\xf9m\x8f\xdd\xf9oc\xf48\xa2\xcf9\xe6U\x10\
\xaah,*'\x81\x17\xa5F\xc1\xee\xfa\xdaD~\xe2\
\xcb\xea\xe1\x85\x88\x01\x06\xfb\x1c~\x1100\xe3\x8fj\
PB\xf6DU\x88\x22K\xad\x18p\x8d5\xad\xc0\xc3\
yG\x9e\xe7\xe4\xcdt\xdaC\xeeTpCU\x95<\
\xcbh4\x1a\x0c\x0f\xf6q\xf4:+\xc7\x0bCdB\
'\xf7k^\xf5\x0a\xbe\xfe\xad\xdb\xf9\xfa7\xbeK\x1c\
\x0f!\xc6\x92\xe6~\xdah_f?\xd0\x92\x93\xd9\x16\
\xb6W\xf5\xc4QD\x12[~\xe2\xedoe\xd5\x8ae\
\xa1\x11\x16\xdf\xe2IBG\x00\xaa\xa0N\xf8\xc1\xfd\x8f\
\xf2w\xef\xfb\x07>\xf3\xd9\xcf\x057\xa38\x09]\xba\
\xaa!\xd8-\x8e\xb5\xc5`MN,\x19\xea\xeah:\
\xc1@\xa2Tm\xca\xca%\x03l<k\x19K\x97\x9c\
\xc3\x92\xa5#\x0c\x0f\x8f \x22\xec\xdfw\x80}\x07&\
y\xe2\x89g\xd9\xfe\xccAv\xec\xad36\x91\xd2L\
-\xca\x00\x915\xa8\xb1a\x1db\x0b}\xc6c\x93\xe9\
\x14\xf5\x5cr\xd1E\xa1\x04:\x8b\xe0\xb9\xaa\xe2rO\
\xbd>\xd5\x11L\xf9\xd0\xf44\xed\x83\x08\xc8\x81\x91\xfa\
\xe0\xd0\x0e\x98\xcf<v\xa9\x8e\xb0\xcc)\x03\xda%%\
\xd02#\x08\x1a\xd2\x0c\x0e\x0e\x86\xc4\x83\x84\x89\x84\xcf\
\xa7\x0f\xf5\xaaJ\x9a\x85\x0a\x86\xc8\xb1\x9d\xd7\xee\xe5\x88\
v\xab;\x14\x93\xb0\x82\x8f\xdc\xae\x1d\xf8\x8e\xe0\xb5\xfb\
z(tLu\xd6_Oo\x00d\xba\xb9\x04\x80\x11\
\x8b X\x81\x88\x0cp\x18q y\xa0\x0f1\xd7z\
O\x1car\xe6\x8e\xc0\xaa?\x1c<`\xa7\x8d\xa16\
\xb28\xe7\x82U\xf1\xe2E\xdc|\xf3\xcd\xec|\xfa\x19\
\xb9\xf5\xd6[\xf5\xc0\xfe\xfd\xa8\x11\xd4\xab\xa8\x127\xd3\
\xf4\x8aJl\x7f\xed\xcc+_\xf6\xa7\x8f\x7f\xfbK\xbd\
f\xe3\xe7\x18\xf3*\x08\x05\xa9\xce:\x9a\x1f\xf3b\xc8\
\x15y\xf4\x96\xf3\xb6)\xb7\x9c\xee}\xea\xe1t J\
*\x9e\xdc\x8f\xe8a\x1aEs\x97\xe3U\x89\xe3\x84j\
5\x94O\xc5\x14\x99\x01\xc2\x83/\xcd2\x9a\xcd\xe6I\
\xdb.\x99\x91\x09)\xbc\xe3\xb3P\xb6\x1d\x1f\x1fg\xf9\
\xe2\x05\xa7\xe0\x88tq%\xf3\x0c\x1b\xc58\x9f\xb2x\
\xc9(\xbf\xf6+\xbf\xcc\x13O\xfe\x06\xdb\x9f\xda\x83\x8d\
\x04C2-\xf31\xed9'\xd2\xb6IT\x88\xd4\x93\
\xe6S\xbc\xf6\xa6W\xf1\xbaW\xbf\x02q9*\x8a\xb5\
\x16\xd1\x96wT\xab\xd5\xaa>\xd5\xe0\x0b\x9f\xff\x0a\x7f\
\xf9\xde\xbf\xe1\x89'\x9e\x0c\x99\xcbJ\x08b\xf3\xe2a\
\xe7m\xd0\xda\xb4\x80\xf59\xfd\xb1\xa3Q\xdf\x87\xe1 \
#\x039W^\xb0\x96+/9\x8b\x0b\xceY\xc5@\
M\xa9F9NS\xa0\x81\x88\xe0\xd6\xd4\x90x!^\
\xceg\xca\xf5\xf1\xd0\xa3\x07\xf8\xee\x0f\xb6\xf3\xb5\xdb\xef\
\xe3\xa9]\xbb\x91d\x10$F\xd5\xe2\xbc\x05\x8d\x8a\x92\
k\xc8\x98\x19\x13\xb2\xa2\xa5\xc5\xe6\x8cD\x91\xf3T\xfb\
\xfaCW\xbc\x9f9\xd7\x0d|FH\xd3\x94\xb1\xb1\xb1\
\x10\x8c\xcfU&\x15\x14\xd5\xfe\xb1\xb1\xe6\xa1Sp\xe2\
_PP\xc9R\xd5h\x94YT\xfa\xc4\x08\xae0C\
\x18\x1d\x1dm\x7fg\x96G\x86Wer2\xc4\xf3\xd6\
\x98\x19\xd1\x9f\xe9\xea\x8e?\x92T\x93\x18\x09\xd5\x84.\
\x13\x84@\x05i\x07\xa5\xed/L\xdf\xa6N\xa7\x8ci\
e\xecr{g\x93\x8f\xa2]a\xb1\x05?\xb6\x14\x0b\
0\x85\xfem\xa9\xfe\x10^Zl\xc7\xb1\xf1A\xe7\x82\
\xd1\x8e\xc6\x22?\xbd\xb5sF\x06\xf7\x08\x13s\xa1\xfd\
wCQe\xf2\x8a\xc4\x96Z\xb5J\xadZ\x95K6\
_\xca\xd0\xd0\x00\x1f\xfb\xd8Ge||BKu\x04\
U\xb1 \xbfR\x91\xf8n\xe0c\xf4\xb2\xa1\xcf)\xe6\
U\x10\xea\x90\x8aA\x06Nt9\x0aV\xd1\xd1\x13]\
N\x0f/X\x88\x8a\xae\x10\xd1\x01\xf5\xb3\xa4A\x8ar\
\x95\xf7\x1e\xaf\x19Q\x14\x06DSv\xb8P\xce\xfe=\
.\xcf\xc9\xb2\x0c\xdbA,\xd3BV\xe8dfC]\
\xe1\x10T\xaf\x9f\xac\xde\x94#dR\xad\xc5\xe5M\xc4\
\xc6Xc\xd8\xb0\xf1L~\xed?\xfd_\xfc\x8f\xff\xf1\
{\xec\xd8\xb1\x8f\x81\xc1Em\xd6\xa6\x1a\xb4{Y\x05\
\x09O\xf0x<\x17]p.?\xf3\xae\x7fGd \
\x89,\xce\xe5\xad\xe3H\xe1\xdf\x9e\xe5\xca\x8egw\xf1\
\xc1\x0f~\x88[>\xfc\x09\xc6\xc6\xebA\x95\xc0Zl\
d\xc9\xb2\xd0\x84\x94\xb9,8\x17\x01\xb1\xe6\xc4\xd4\xf1\
\xf5}\x8cV\xc6\xb9\xec\xc2Uly\xc99\x5c\xb4~\
1\x03q\x03\xd7|\x8a\x9a:\xb2\xa9\x09\x06+\x15\xc4\
\x1a\x1aYJ%Jh4\x04L?\xfd\xf1\x22\xae\xb9\
b\x1d\x97n^\xcf\xeb_{-\xb7\xdf\xf90\x1f\xff\
\xec\xad<\xbds\x0c\xa7\x16\xf5\x16c\xfb@\x93\x82\x92\
\x16\xb5\xf4A\xe7\xbc\xc0\xc4\xb2\xfe\xccu\xd4\x92\x0a\x95\
J%\x04\x05Z4\xae H\xa1\x1a\x90\xe7\x9e\xa9\xa9\
&*\x06\xef\xe78\x1fAxaouq4\xc0\xd3\
\xcc\xdb\xe6\xa4M\x9b6E\x88\xbd\xc6\x0b\xcb\xbbc\xc2\
n\x1b\xca$I\xc2d\xc3\xe58\xe7\x89\xcc\xcc .\
+\xecR\x03\xdf\xf18o\xd6NJ\x8a\xce\xd2\x09.\
!|l\x07\xa0\x9d\xcdpm7\xa6\xce\xf6C?\xad\
\xf1h\xae\xf5\x86q\xa6\x1cc\xb40=\x10)\xee\xb8\
\xcc\x81\xd7\xd0\x94\xa4\x8a\x8a\xc7k\xe0K\xfbc\x12i\
:\x0ax\x05#G\xad\x981\x1bf\x8c\x95>\xd0\xe7\
\xd4{\xa6\xa6\xa6\x98\xacO\x11%\x09+\xceX-/\
\xbb\xe9&n\xbd\xf5V\x0e\x1c<\x885\x06\xf5*\x08\
\x15\xf1\xfcg6o\xfeTO\xba\xe9\xb9\xc5\xfc\x09B\
\xb7n5Nu\xc8zor\xaf\x1d\xde\xb6\x01\xbek\
T\x9a!\xbbQ\x08\xffz\x81\xc8D\x19\xb9<\xdas\
K\x9a\xbfH\xd4\xc6\x19~\x1d0\xa7\x8fr\x92$\xe4\
\xcd\x8c\x81\x81>\xfa\xfb\xab\xa5\x02&\x22B\xa5\x12|\
\x0e\x0e\xec=0\xe7:\x8ee@n[5O\xef2\
\x15_6Z\xd4H\xb3)\xf6\xee\xddK\xee9\x0e\xcf\
\xf5\xee/\xb4\xbb\xcfCWv\xbb|^\xe4yC\xf7\
6 \xea\x88\xad\xe5\xfa\xeb\xae\xe4\xf7~\xf7\xff\xe6\x8f\
\xfe\xf8=|\xf7\xcem\x0c\x0e/!\xb2\xa5?;x\
\xef\x829\x8cx\x22\x1b\x82\xaeFs\x8a\x8b/\xdc\xc4\
o\xfe\xc6/\xb3\xee\xac5DV\xc8\xf3f\xc8\x94x\
\xc5D\x09Y\xa6\x88\x11\xee\xb8\xe3n\xfe\xf4\xcf\xde\xc3\
\x1d\xdf\xbd\x8b\xb86\x84\xa9\xf6\x93b\xc0A\x8c%k\
\xa6$\xb5\x98\x10\xd2\xe5\x18I\x89\xed\x04U=\xc8\xba\
5\x11\xaf\xb9\xfej\xae\xbax\x15\xfd\xd1\x04\xda|\x18\
\x93\xd5\xa9\xc6J\xe4\xa1/\x89I\xd3\x83\xa44\x89\x93\
*\xde7\xa9\x9a\x88\x5cR\x5c^\xe7\xe0\x8e\xfd\xf4\x8f\
\xac\xe1\xbc\xb5kY\xbf\xfa2n\xba\xfe\x0a\xbe\xf5\xdd\
\xfb\xf9\xdc\x17\xbf\xce\xf7\xef}\x98\x89z\x93\xbe\xfeQ\
\xa2\xa8\x8fF=\x03\x12,6(K\x8a/2\xe4\xa6\
uLE<\xfb\xf6\x1d`\xd7\xae],[<\x8c\xcf\
\x9b\x08\x06M\x15\xac\xc5\xd8*$1\xe2\x95C\x07C\
\x7f\xa4\xf7\x0e\xa4(KJ\xbb-KQ\x15\x95\xc5\x8c\
\xa7'/\xe5\xfe\x02\xc4\x18\xc3\x0355\xfb\xbd\xaa\x15\
T:\xd5,DL+;8\xd0?\xd0\xe2p\xab\xd7\
Y%\x98\xf2,4&\x19kh6\x9b$Q7\xcb\
\xcb\x17\x13\x8e\xf0\xef\x90a\xf4-\xbd\xd0\x82\xc1\xc9\xcc\
\x89\x5cyOI\xab\x11\xc7\xab\xb62\x9d!\xe8\xf4\x81\
\x9b\xa9\xcc\xca\xb5,}\x0ftZv\xb6\xebse{\
N\xe7\xf6\x02N\x0a_\xf6\xa2\x1b?\x920\x81\xa6t\
w\xf3\xc1\xe9M\xac\x1c\xb6|\xae\xceO[\xab\xfa\xb0\
\xcd\x8e\xb6>\xb7\xa3p\x8e+\x94Z\xcb\xf1.\xf8p\
v\xcf\x12|\x97\xd3\xf0\xf4\x95;\xef\x8aFOO\xa5\
\x12S\xa9T\x88\xc4\xe0\xbc\xe2\x9cc\xff\x81\x03\xa8U\
\x92J\x85\xf5\xe7\x9fK\xd2\xd7\xcf\x9d\xdf\xbe\x83\xed\x8f\
?A3o\xe2\xc1F\xc6n\xdc\xc4\xe8\x95\x5c\xfa\xca\
]\xdb\xee\xfa\xfc#'~\xc5\xf5p4\x98?A(\
\xa0H\xf5xgZ\xd3\x96#\x1a\x8b\xfa%\x14\xf7\xfa\
\xe9\xde\xaf\x1e\x9es\x88\x8a\xbe\x11\xa5\xc2a\x86b-\
l\xf8\xcaR\xbc\x11iyP\x97\x0f\x8f,\xcb\x82u\
\xdd)\x9e\xce4\x9bM\xbc:\xf6\xee\xdd{L\xeeB\
\xc7\x03\x9d\xc5\x13\xb7\xd1\x9c\xa2\x9aD\x5c{\xcd\xe5,\
]\xf6\xdf\xf9\xfb\xbf\xff\x08\x9f\xf9\xf4\xe7\xd8\xbd\xfb\x00\
\x03\xfd\x83X\x1b\x82r\x97;\x9a\xcdz\xc1C\xf3\xbc\
\xfeu\xaf\xe2\xe7~\xe6\x9d\x9c{\xf6z\xfa\xaa\x11\xea\
r\x1c\x1e\xa3\x16\xe7\xc3\x03\xb3\xde\xc8\xf9\xca\xd7n\xe7\
\x0f\xfe\xf7\x1f\xf2\xe8\x13OS\xeb\x1f$\xd7\xd2\x0a\xb3\
\xbd\xb3\x95$\xc2h\x93,\x1b\xc3\xe8$\x11\x13,\x18\
Ly\xf9K\xcf\xe5\xc6\xab\xced\xf1`\xc6\xa0\xee\xa4\
\xb1\xef\x19\x06\xaaB,\x1e\x93\x07aq'96\xb1\
\xd4*\x09i^G\x8c\xc5Kh\x0f\xb3$X?N\
\xe3\xd0\x14\x9a\xedg`\xf8L\xd6,Z\xc1\xb2W_\
\xce\xe6\x8b7\xf2\xad\xef>\xc0\xbf|\xf2\xcb<\xf0\xf0\
S\xd8\xca q\xd4\x1f\x0cv\x880ZH\x80\xb7\x02\
\xd0\xb0\xbd\xb5Z\x1f{\xf6\xec\xe1\xa3\x1f\xfd(\xb1y\
\x03\x1b\xcfZ\x09\xd4\xc8\xb2,d\xe5\xd4A\xda\xa4\xd1\
h055\x19L\x10\xbc\xc0l6\xa9!)\xb6\xdd\
\x0f\xe7'1}\xf5\xc2C\xad\xcf\x8eXo\x7f\xc8\x93\
\xcfp\xba\xeb,\xb9W\xabU\xac\xb5\xb8\x82\x07\x1a&\
\x08\xd3?\x9f\xa6iP\xba0\xf6\x08\x9c\xd0\xb6\xc2C\
\xfb}\xf7\xe7gR)\xbcsh\xae8\xa7\xe0\xda\xea\
\x16\xaa.pE\x0b\xe9\xf8\xd0\xfct\xa4N\xf9\x99\xc1\
\xae\xef\xf4\xc3\x0dKn\xdf\xb7\xe2\x09\xcd\xbb]K\xe9\
\xf8Ja\x91y\xc2\xf0\x12\x9a\xb8$\x9a.-w\x22\
H\x92\xa4\x95\xc9\xb6\xc6\xe2\x0a\xf9\xb24\xcfI\xbd\xa3\
\x91e\xacZ\xbdJ\x16/Z\xc4\xf7\xef\xfa\x9e\xdes\
\xd7]4\xa7\xea8\xe7\x07\xc5\xd8_\x11\xc3\xc7\x81G\
O\xd2\xe6\xf4p\x04\xcc\x9b \xf4\xe6\xfb6\x89Y\xa9\
'G\xacY%\xf7\xaa\x8f\xd3\xbbH\xe71$F\xe6\
\x96\xfbRU\x9c\x0b\xd2A}\xfd}\xb3\xfc=\xc8\x0b\
5\x1a\x8d\x13\xd7\xec<J\xa8z\x9e|\xf2I\x5c\xd1\
9~l8\x8c.\xe8\x1c\xcd\x10\xe1\x8f\xe1{\xb1\x15\
bc\xc8U\xd9\xb0\xeeL\xfe\xf3o\xfdG~\xf8M\
\xaf\xe3\x9b\xdf\xb8\x9d\xdb\xef\xf8.\xbbv\xed\xa6^\xaf\
\x13G\x15FF\xcf\xe0\xdcs\xcf\xe6\xfak_\xca\x15\
\x97mf\xe1\xc2\x91`u\xe9\x82f\xa1%\xb8\x12E\
Q\xc2\xde\xfd\x87\xf8\xa7\x7f\xbe\x85\xbf\x7f\xff\x07\xd8\x7f\
p\x8c\xd1\x91\x11\x1aY^\xf0\xe9\xa0|\x00\xab\xcb0\
&%\xcf'\x19\xaaLQu{9\xef\xcc!\xde\xf8\
\xea\x97\xb0~U\x95\xc1\xe8 \xda\xd8\x03\xae\xc1p\xa4\
\xf8\xd4\xd3L\x1d\xf5q\xcf\xeeg\x0f\xd2\xcc\x1d\xc3\xa3\
\xc3,Z\xd5Om\xc8\xe2\xa3,t\x09\x8bGh2\
P\xe9\xa7\xd1\xdcGzh\x82}\x93\x07Y\xb0\x22#\
\xae\xd6\xd9\xb0n)\xab\xce\xb8\x9e\xcb\xae\xdc\xccW\xbf\
z\x17\x1f\xfa\xe7\x8fs\xe0\xd0!\xb0\xfdxb\xbcD\
\x18\xa2\x82\xb3g\x0ai\xa9\xd0lT\x89\x0d\x07\x0f\x8e\
\xf1\x81\x0f~\x88\xedO<\xca\x8f\xbd\xfdf\xd6\x9f\xb9\
\x96\xa94c\xa0/\xc2k\x93\xa9\xc68\x07\xc7\x0f\xce\
*\x1e\xae\xedZ\xad\x82\x0e<6u\xd2\xb8\x18/H\
\x18\xa7\x0d\x90\x07EeF\xad\xda9O\x1c\xc7dY\
\xca\xe0\xe0 q\x1c\xd3\xccfJ\xa7\x95\xf7j\xa3\xd1\
 \xcbB\x90\x1aY\xdb\xca\xfcu~.\xe8\xb1\x97\x01\
\xe0\x1c~\xaa\xd2\x9exL\xdb\x1e\xef\xf1\xde\xa3\xce\x87\
\xa6\x9d\xa2AI\xd5\x15\x8dE\xa5\xe8<\xcc\x1e\xd8v\
\xc23C\xe0\xbe\x8b\xe7\xeaM\x9b#\xea\xf1\x85Nm\
X\xb7\xf3\x81\x12\xe3|\x08\x88\x9d\x0f\xa2\xb9\x87K\xe8\
\x1cixi7\xd2M\x17\x9doqT\x8frLl\
\x8d\x9d\xa5A\x9a\x11*\x95\x0a\xb5$\x06\xf1\xc4q\x84\
w\x8e\x89\x89\x09\x88-\x18%\x8ec\x1a\xe3S\xd4*\
U\xd6\xaf?\x8b\x91\x81A\xbev\xdbm\xd4\xa7\xea\xa8\
\xf7\xaf\x13\xecw\xe9%\x98\x9e3\xcc\x9b \x14\x00\xa1\
6\xb3u\xf48\x16#*Nu\xe1\xcd7\x7f\xd8\xde\
r\xcb[\x8eQ\xac\xad\x87\x17:\xd6_y\xe5\x00\xa2\
W\x08\xc4\x10\xb4\xe8\xb4\xab1\xa1,\x95\x99\xd8P\xad\
\xd6f,\xc3\x17\xd2#i\x9a\x86R z\x8c\xbd\xd3\
\xc7\x00\x09\x0fX\xdf\xcc\xd9\xb9s'S\xcd:\x83}\
}'\xb6>\xdf.\xfbk\xc1\x11S\xdf\xce\xfaH\xf1\
P+c\xa3\xb8\x10\xf46E\xf7\xf6p\x7f\xcc\xe6K\
\xce\xe5\xd2\x8b7\xf13\xef\xfc\x09\xea\x8d\x94f#C\
\x22C_\xad\x8f\xbeZ\x05UGd\x0cy:\x85\x89\
b\x1c\x85\xde\xa0\x08\xc6D<\xb1\xfd\x19\xfe\xfc\xbd\x7f\
\xc5\xbf|\xec\x93\x18\x9b\x80X&'\x1bTjU|\
^\xba\x08\xe5X\xcd\xb1~\x12m\x1c 1\x87X\xb9\
\xa4\xc6\x0f\xbd\xec\x0a\xae\xbc`\x19\xfd\xf1\x04\x91\xdb\x81\
\x9d\xda\x0f\xbeA$\x10IL\xee\x0c{\x9f\x9d\xe4\xe1\
\x07\x9e\xe5\x99\xa7\x1b\x0c\x0fG\xec\xed\x1fcl\xbc\x9f\
\xe5\xebF\x19^<\x80\x9a\x1cc\x02\xf5\xa0Y?@\
$U\xac6\x98\x9c\x9cd\xcfS\x0d\xfa\x17\xafc\xb4\
\x02\xb1\x1bb\xcd\xe2\x01~\xec\xe6\x9b\xb8\xfe%\x17\xf3\
\xb1\x8f}\x91\x8f~\xfaK\xe4T\x10\x12T\x93\xf0\x13\
\x8a*c\xd0\xa6\xb4I\x0c^\x99\xac7\xf9\xd7/\xdc\
\xca#\x8f=\xce\x8f\xde\xfcfn\xdcr\x0d\xd5\x81\x1a\
\xce\xe74\xd2&\xf5z\xbd\xd3\xde\xbb}\xdaED\x83\
w\xac\x00\xdbV1<\xf04\xec?U\x97\xd9\xf3\x1d\
Fm\xbfZ\xbd\x0c7\xf3\xb9\xe7}\x9b_Y\xadV\
\xc9]G\x16t\x16\xa4i\xda\xe2%\x1bkp\xee\xe4\
\x952\x8c\x1a$\xf8W\x86m*\xdc\xd4\x82r~Y\
\xd6'\xd8~\xce\xb1\x8c\x19e\xfa\xae\xf7\x9d1^H\
~\x06\xc5\x88p\xbfj!1\xd5\x0e\x10\xbb9\xaf\xaa\
G`\xc1\x1e\xc3\x1cW;\xb3\xb2epZR{\xcc\
\xf1M\xd0m\x12#b\x88\xa2\x08\x87\xf2\xe4\x13O2\
2>J\x5c\xadP\xadViN\xd51\x08\x16\xc3\xf8\
\xa1\x83DI\x02Su\xbcz\xb1&~\xd7\xda\xb5[\
\xfe\xe8\x89'n\x9b\xd7\x9a\xba\xcf\x15\xe6K\x10*\xcb\
\xae\xdd\x15y\xb7\xa2\xdfD\xda\xf6\xf4\xee\xfc\xc0Q\xc6\
\xa6\xea\x15o43\xc2\x93\xbd\x00t~\xa2O\x87\x17\
\xba\xcc\x99\xdcy3\x97\xeb\x8a\x14V\x92q\x1c\xb1p\
\xc1\x82\xd6\xd4\xa7\xa5\x17X\x8c\xba\xcdf\xb3\xd5\x91\x1a\
:<K}\xbd\xc3o\x83?B-\xacE\xd4/]\
R\x9cC\x9d\xe3\x99gv\xb1k\xe7.\x86\xcfZG\
\xd1\xb6[\x94\xb7\xe7rQ\xeaz\xb8\x96\xd2.\xa5\xb0\
t\xee\x82\x0dz\xee\xda\xdc9\xf5\xb8|z\x16\xc9H\
g\xe6\xc4\x15\x0f\xb8P\xce\xaeV\x0d\x95\xa4\x0aC\xed\
\x8c\xb1)\x8d\xcd\xbc#\x89\xdb>\xe9>\x0f\x1c\xaf\xfb\
\x1fx\x84?\xfe?\x7f\xc6\xd7\xbe\xf6M\x92j\x0d\x91\
\x888\x06\xd4\xe0\xb2\xac8\x9eA\xf7S\xf2Ij\x1c\
bt`\x92\xeb.[\xcb5\x97\xaf\xe2\x8c\x15P\xd1\
\xc7\xb1y\x83\xc8\xa7D\x92a\xac\x96\xabdr\xb2\xc9\
3O\x1f`\xf2\xa0b\xbda\xef\xce\x9c\xa1\x859\x1b\
7\xad\xc5\xa8\x05/\xa1\xb3\xdd\x85lh\xa2\x06hb\
$\xc6T\x94\xb1\xc6\x0e&\xf7\xa6D\xa4\x0c.8\x8b\
J\xb2\x18o`\xe3\xea!~\xfe]o\xe6\xa2\x0b\xcf\
\xe6c\x9f\xfc\x02w\xdc\xf5\x00\xd5\xca\x08\xb9B.\x11\
\xa2\x8211D\x11\xde\xe7\x80\xc1\xd8\x0a}\xd5*\x0f\
=\xfa\x14\xff\xdf\x9f\xff5\xdf\xff\xc1\xbd\xbc\xeb\x9d?\
\xce\xda\xb5g\xf2\xe4\xd3\xbb881\x19J\xfc\x22X\
m\xf3\xeb\xcaL\xa8\x88z\xf5zy\x16M\xcekN\
\xa87Z\xf3^w\x1a+\xc6\xfb\xe9\xb4\x98$)\xe8\
 .g`p\xb0\xd0\xf6l[Hv\xdf\x19\x13\x93\
\x134\x9bM*\x95\x0ai\x9au\xd8KR,\xd7\x17\
A\xa4o)\x19@y\x8f\x05\x87$\xd4\xa0\xa1\xfe\xdd\
\xfa^\xd9\xe8T\xca\xb4\x95\xaf\x96l[\xf1}T[\
\xf6\x9b\xc5\x1a\xa7\xad\x7f\xc6\x9d<#&\xed\xe8\xa6/\
\xc7\x9e\x8e/\xb7\x92\xe8bH\x92\x98\x86\x17\x8c\x0f\x0a\
\x14\xd6\x86F\xc0\xce\xe1b\xe6x4s|\xf2\xde\xa3\
\x1d\xc7\xa94t\xf0\xdeaL\xd4\xb5]\xb3\x07\xa3\xed\
1\xcaO[\x8fHA\x83W%\xaaUX\xb0x\x01\
\xfeaO#KI$\xe1\xa9\xa7\x9ea\xfb3;\x88\
\xe3\xa8\xb5\xddF!OSi\xd6\x1b\xb84\xd3(\xb2\
d)\xd6z]\xb4`\xe5\xe0\xc5\xa3\xa3\xaf~\xf4\xee\
\xbb?\xbb\xe7$\x5cz=\x1c\x06\xf3%\x08\xa5Y\xa9\
\xf8X\xd0#y|\x1f\x0d\xbcwU5l\xe8eB\
\xe7'\xd4;\xc9\xd5/l\x99ut=\xd0 \x0c\x8a\
\xde\xe7Tk}s.\xc7e\x19\xa2\x8ax=\x99\xbd\
\xa6\xb3\x22\xb2\x11\x99\xb5\xec\xde\xfd,\xbbv\xeda\xc3\
Y\xebZ\x0f\x9d`\x15x\xb4;\x1fl&\xcb\x06\x09\
\xc4\x97b\x00m\xed\xc1i\xfc\xb7\xd6\x11\x99.\xbe\xaf\
\xc1c(\xa0\xf4\xb6o\xbb\xa6\x08\xb4\xac\xfc\xd4\x07a\
\xf14wL\xd6\x9b|\xfes_\xe2}\xef\xbf\x85\xed\
O\xee N\xfa\x10k\x83iU\x87\xcf\xbb\xd1&\xde\
M\x10K\xc6@4\xce\xd9+\xaa\xbc\xf6\x86+\xb9\xf8\
\xdc\x05\xf4\xc7\x870~\x17V\xa6B\x96T\xda28\
!0\xf0\x181L\x8eO\x91\xa6B\xb3\xe1q\x1e\xfa\
\xfa*,\x5c4\x84\xed\xcf\x82\xa4\xcc\xb4\xec\xb5\x0fA\
\xb6\xa4\x18r\xfak\x11\x8dl/\x13{r4k2\
\xb4`\x1dQ%#2\xc3\xf8J\xc4+_v)\x97\
\x5c\xbc\x89\xcf\xfc\xeb\xad|\xec\x93\xff\xc6\x93O\xef\xa6\
\xd2\xb7\x00\xb5\x15\xc4*YGfM\xc5\xd2\xc8!J\
\x06\x98\xa8;\xbe\xf0\xa5\xaf\xf1\xd8\x93O\xf0\xf6\xb7\xbd\
\x8d'\x9fy\x96<\x17\xa2\xd8bL<]oVD\
\xbcw\x85]\xbd|w8^P{\x16&O\xf1\xa5\
\xf6\xbcE\xe6\xa5\x1e\xa1\xd7*bg\x0b\x92T=\xd6\
F\xf4\xf5\xd5\x8e\xb8\xacN\x1aM\xf7\xe4\xcd@\xa1w\
{t(\x13\x9c\xed/\x04\xcb\xd60q\x0c%\xf9\xb6\
\xf5dh\xf0\x11\xdf\x9dF\x99\xc3Ih\x96?K)\
\x90[\xbe\x97\xf0\x81\xd6\xbd':\x8d#\xdb\xca\x88\x1a\
AM\xb0\x19=)\x84\xd0\xd9\xb6\xb7\xabL\x7f\xbcT\
\xa5\xf3\xce;\x8f{\xef\xfd\x01i\xd3\x91\xa6)i\xb3\
\x9d\xb5\xc6\x08Y\x96\x06#\x09\xafh3\xc3\xe7N\xaa\
6V+B\x9a\xe7\x031\xfc\x0e\xd6\xffg`/G\
\x7f*{8\x0e\xcc\x97 T\x0f\xec\x1c\x95\x81\xe5\xd2\
\x0f\xad\xa4\xd3\xf1-H\x15\xf1\xd2\x00\x1e\xeb\x05\xa0\xf3\
\x12\x92'\xea\xb4\xa9\xa5,\xe5\x1c\xf08\x97388\
X\xcc\xe2g\xaa/4\x1a\x0d\x9c\xf3x\xed4\x99<\
5\x98\xaaO\x11E\x86\xc9\x89I\x1ey\xe4\x11\xae\xbe\
\xf22\x8c\x91Y\x9a\x94\xba\xf9e\xa5\x8cR\xf9^\x8b\
`/+\xca\x82e\xd9]\xdb\xc1\xa7\x96e\xf7\xf6\x83\
\xac[\xd2\xc5t\x1e\x0f-{g\xdaU~-\xb2\x1a\
\xce+\xb9W\xe2J\xc2\x03\x8f<\xca\xdf\xfc\xdd\xdf\xf3\
\xa5/~\x8d,\x15\xac\xad\x82\x85\xc0\x02\x08\x8e/\xa1\
\xb9\xa2Al\x1b\x88\xdb\xcb\xe2j\x9dW_s6\xaf\
\xbev#\x0b\xfa\x1ah\xfe4\xd6O\x12\xeb\x14VS\
T\x82\x03\x8c/\x22\xe9\xd2s\xde&1}CU\x0e\
\x1d\xa8\xa3\x11$\x11\x9c\x7f\xf1Z\xaa\x83J\xca\x14\x88\
-\xfc\xb6K.[\xb9\x1c\xc1\x8b\xc1\x8a\x90XO\xd6\
\xdcCc\x9f\xa396\xc1\xe2\x95\x19fX\x10\x1f\x11\
9X\xb1\xa8\x9f\x7f\xf7\xe3\xaf\xe1\xca+.\xe2\x9f\xfe\
\xf9_\xf9\xf2W\xbeC\xa3\x91R\xe9\x1f!\x93\x0c\x8f\
m\xc99\x19\x11\xbcQ\xf0\x8ez\xd6\xe0\xc1G\x9e\xe6\
\xdd\xff\xfb\xcf\xb0q\x8dJu\x08c\x92b;\xcas\
\x08!\x00U\x0a\xb3\xefK\xa6\x9em\xce\xdb\x00\x14 \
6\xac\xf6\x9el\xb6fBk-y\x1e8\x84C\x83\
C\xe1\xda\x15\xe8\xbe\xc5\xcbl\xff\xc4D\xfbPF\x91\
E\xf3\xa3+\xc7w\xaf9\x8c\x0dm\xb7\xb0V\x03\x92\
\xf3x\x17\x1a\x84\x02U\xa0\xbc\xd4\x0a\xc7\xa2\xd2K\xbe\
\xbd\xe4\xe9\xeb\xf1sg&C\xeeuz\xf7z\xc9\x09\
Uhy\xd5;\xe7\x82b\x85\xfa\xe3\x96N\x9a\x0bG\
\x0c.[c\xc7\xe1=Q\xed4.\xb4\xb6\xd8v\x17\
\x5c|>\x07\xc7_\xc3w\xbf}\x07\x07\x0f\x8e\x85c\
\xa9\x1e\xdf\xe1\xded\x8cE\xbc\x0b\xe3\x87\xb1\x9a5S\
\x22\x83x\xe7\xc9\xd1k=\xbc\x82\xcd\x9b\xef\xe6\xce;\
3z8e\x98/A(\xcb\x16\xec\x12\x95\x15*\xe1\
q\xa9'\x12\x88\xa2T\x9c\xf7+\xe8\x91\x97\xe7%b\
\xb1\x17yt\xe1\xe1XQ\xa5\xbcJ\xe8\x8co\x0b=\
\x97\x101\xa4i6\xab\x1f\xf2\xa9@\x92$\xc4qL\
\x9a\xa6\xdc{\xef\x0f\xc8\xb27\x13'A_\xd0\xd2\xad\
\xd3\xe9\xa6e::\xc7y-\x82M\xd1\x9ci\x0e.\
\xd3\x1e\x06G\xf3@ngA\x83\x97\xb5\x00\x1e#\xe0\
\xc5`L\x84w\xa1;8s\xc2\x07?\xfc\xcf|\xf0\
\x9f>\xc2cO<I\x12\xf7\x11U\x12\xd2\xa6\xa7Z\
\xad\x85\xac\x8d\xf3\x089VS\x22\xc6\x88\xb2\x9dlZ\
;\xc8\xebo\xb8\x98\x8b\xcf\x1ab(\xda\x8d4\x0e\xe0\
\x99$N \xf2\x19b\x14O\x90\x88\xd1\xa2\xdb\xb8\xdc\
\xb6\xa8bXy\xc6b\x0e\xec\x7f\x92$\x85\xb3\xcf[\
\xc0\xe8\xf2\x1aDMpyG\xc6\xa68.\xb4ys\
\xa2\x8e\xdc;\xacF\xc4\x91\xc5\xeb!\x9a\x0d\xc7\x9e]\
J\xb59\xc9\xf0\xa2u\xa1\x0c\xe9Rb\xa9\xb1a\xed\
0\xbf\xf1+\xefd\xd3y\x1by\xff\x07>\xc6\x9e\xfd\
\xfb\xb0I_\xd1Re\x0a\xba\x86A=\x18\x1b\xd1W\
\x19\xc6\xb9\x14\xe7\x0d\xcd\xa9l\x9a\xb4S\xbb\x8b\xdaw\
r\xfa\xc4\x18\x1e5\xa3\xb6:\x9fuB\xd5SEX\
y\xb8\x11\xdb\xda\xa8\xe5n\xa6J\x90\x22RmM\xa2\
J)\xa7z\xbdm<e\x8c\xc5\x1d\x87\xbc\x85/&\
Z\x9d\xe4\xce\x96L\x91\x97@\xf9\xf0\x8aq\xda\xba\xbd\
\xb4\x98\xf8\x89\xd7\xaef\xa3\xae\x9d\xf2\xdd5\xbf\xe9\xf7\
s\xe7\xd8\x15h\xa6m\x8e\xb7\xe9\x10\xa4\xf7]\xc2\x1d\
\xaa\x8a7'\xef\xa1W\xeeW\xe9\xe8>\xbbV\xa8\xe9\
\x88\xde\xa5\x08P\x0f\xafS\x5c\xab\xf5\xb1e\xcbu\x5c\
\xb1\xf92\xf6\xef\xdf\x87HhPr\x0e\xb2\xc2\xb0B\
\x14\xf2\xb4A6\xd5\xe0\xd3\x9f\xf8\xa4\xec|\xe6\x19\xcd\
\xbd'\xb6\x96\xdce\x91\x11\xf9O\x9bd\xf8\x9bl\xda\
\xf4\xf5m\xdb\xb6\xa5\xf4pJ0_\x82PiV*\
\xb6&\x06\x13\x86\x93#\x06\xa0sq\xee\x02-Gs\
L\xf40\xbd\x00t^\xa2QO\x0f\x18cK\x13v\
\x99-\x90t(\x0e\xc7\xe0P\x0dor\x8cj\x91m\
+u\x00arb\x824M\x89\xad=uWR\xb1\
>c\x82\x1cT\x1cU\xf8\xc1=\xf7\xf3\xec\xb3\xbbX\
\xb7v5\x9e\x9c\x9c&A\xd1\xb3C&\xa8\xc3\xd6O\
K\xe7\x94V\xe6\xb3\x9d\xe5l7`w\xa0\xd58\xd1\
)\xc4]\xfc\xe8rZieRQ\x88\x0c\xeas\xf2\
\x5c\x11;@dj\xdc\xff\xf0\xc3\xfc\xd5\xdf\xff\x03_\
\xf8\xe2\xadx\x0cQ<\x10\xf8h^B7\xb3\xcb\x89\
L\xb8\xaf#m`\xdd.\x86\xe2}\xbc\xea\xda\xb5\xbc\
\xfa\xfaM\x0cW&\xa9\xe8\x0eL>F$M\xc0#\
\xceQ\xd67E|h\xae\x92\xb6I\x00x\xe2*,\
\x5c1\xc0\xd5#g\x93\xa6)#\x0b\x87@2r\xcd\
\x03\x7f\xcd\x95\xc42):\xf1M!\xb5\x14\x8eI\x5c\
H\xeexr\xc0\x91T O\x9fa|\xcf$\xf5\xf1\
=,;\xf3B\xac\x0c\x83\xcf\xa8\x98\x1aR1\xfc\xf0\
\xeb\xaf\xe7\xb2\xcd\x9b\xf8\x87\x0f|\x92/\xdf\xf6=R\
/A\x8eIL\xb0556\x04\xe6\x04]\xd1f\x9e\
\x05'\xa6Yd\x99TD1\x12J\xb9H\xae\x9e~\
c\xa3y=^y\x913\xca\xb1\xbf\xd4\x08\xed\xcc\xc8\
EQL\x14ET*\x95\xd6\xefr\x97a\x8d\xc1H\
D\x96\x05\x99.\x80\xb1\xb1\x83\xc4\xb1\x05B\xb0\x1fE\
\xed\x8c\x9dh\xd0\xad,\xff-H\xc1\xfd,\x9f+J\
w\xbf\x8d\x16\x8eIN\xc0y\x13\xce\xab\x8f\xb0\xde`\
\xbd\x09\xa5\xf9\x22\xdb\xae\x80q\xb3\xa8Rt\xc0\x88\x99\
3D3\x1d4Tiq\xb5\xcb(8\xe4\x1e\xcbo\
\xab\x80\xd7@\x93q(\xce\x04'\xb8\xa8\xab\x11\xeeh\
\xbb\xd9\xdb\x07\xc9\x17\xeb(~J\x08\xf3\xb5\xe4\xbfF\
a+\x9c\x0aF,\x87\xc6\xc6\x00\x18\x19\x19\x09\xdb\xaa\
%\x07][\xfb\xd4\x0a^\x8dA5'\x8e#\x86\x17\
\x0c1<:R\xecK\xd8b\x87\xa2\xb9\xc7\x8a\xe03\
G\x9e\xa6|\xf3\xeb_\xe7\x99\xa7\x9e\xc6\x96\xc9\x01R\
\xd4e\xfd&\x8a\xdf\x17\xf7/\xfa1\xe0\xeb\x9cr!\
\xbd\xf9\x89\xf9\x11\x84n\xdd*\xe9\xce\xc4\xb3\xaa\xfd\x9c\
8\x91L\xa8\xa8D\xa2\xb2\x9c^&t\x1eb\x8b\xc5\
\xea\x05\xea\xd5B\xab\xf9CTU\xa5\xab\xc6\x94$\x09\
Q%\x22\xf0\x05\xdb\x97\x89Q\xf0\x99#\xcb\xb3\xe7T\
\x9e\x09\x82\x13\xcfT\xbd\xce\xed\xb7\x7f\x9b3\xd6\xae\xc0\
\xf9&\x89\x89\xf1\xa4\x84\x0ch\x14\x1cR:8a\xad\
\xd2\xba\xfa\x90A\xe9\xf8\x9b/\x1b$:\xd6%\xdaU\
\x0e\xec\x0c<\xb5\x1d\x88\x96\x1d\xbe\x81c\xeap\xa9\xa2\
V\x89\x93>\x1a\x0d\xc7\xc3\x8f?\xca\xff\xfb;\xef\xe6\
\xce\xbb\xee!\xae\xf4Okj\xf0\xa5\xdb\x8bx\xf0)\
\x15\x9ba\x9b\xcf\xb2x\xf0\x10o\xba\xe9B\xae\xbfh\
\x11C\xc9^\xc8\x0e`\x99\x22\x8a3l\xf1\xa02\xc1\
\xce\xaa\x95\xcd4\x05\xdf\xae\xd5|l\x94\xcc7\x90\xd8\
P\x1b\x82\x1a\x11N&\xc26w\x0d\x1b\xda\xaa\xab\xb4\
\x85\xc8\x83\xa3Q\x91\xb5\x12\xc5HF\xee\x15C\x8e\xa0\
\xe4S);\x1ei\xb0d\xc5\xb9D\x83K\x11\xef\x88\
\xc4\x90\xa9a\xfd\x19\xa3\xfc\xd6\xaf\xbd\x93M\x9b\xbe\xc5\
?\xfe\xd3\xa7\xd9\xb3w\x0c+\xfd\x18[\xc5\xa9'N\
\xc2\x90\xedZG\xbc\xd0\x98,3h\xc5$A\x8ci\
9\x9az\xd4\x0a\x1c\xa8!/\x05>\xf3\x9c\x5cp\xcf\
C\x18\xcf2\x0c\xc3s\x0d\xd8!\x98\x8c0\x85\xe5\xa3\
\x97`\xbf\x09\xe1:/\x9bc\xb2,\xa7^\xaf\xcf\x90\
\x19:\x1exUT\x1c\x16\x1b\xd6'ES\x99@8\
\xb7Q\xf1\x0a\x95\x82V\x1c4\xc7:\xcb;\xed\x88\xe3\
J\xeb\xeb\xd2\x0aJ\xc3\xfa\x05\x91\x08!.D\xefm\
\xd1(U41\x9e\xa4\xaa\xcd\x91\xdc\xe0\xf2,#\xae\
\xd6\xb0\x12\xb1k\xe7\x1en\xbd\xf5V\xbc\xf7\x5cw\xdd\
\xf5\x9c\xb1ze+\x98/\xc7\x8f\xd6n\x05\x95~\xbc\
\x0a\xed0\xdc\xe11(\x0e0\xa8\xd7p\xffh\x98&\
\x96\x9d\xfe\x22\x22\xc6\x18\x9cC\x8dzr\xf5\x91\xf7\xf9\
\x22\xf5\xf2G\xeb/\xbc\xf2\x8d\x8f\xdc\xf3\xed\x1d\xf4\x02\
\xd1\x93\x8eS,[\xfd<\xc1\xd6\xad:\xb8 N\x14\
\x09\x92:'R\x8a\x07\x10\xcd\xc5kO\xccv\x9eB\
<\x0b)'p\x1a2\xa13\xe1\xe9\xeb\xaf\xd2\xd77\
{cR\xeer\xb2F\x13k\xcdsR\x8e\xd7\xe2!\
S>h\xee\xb8\xe3\x0e&'\xa6\x88M\x08\x92Ei\
\x89`SXD\x1a\xf5\x18r\x90\xbc\x08<\x8b\xa6\x88\
\x8e\x97\xc1\x87\xc1]\x1d\xeas\xd4\xe7\xa1\xab\xbb\xf3\xe5\
\xda/\xefs\xd4e\xa8\xcbB\xf3\x85fh\x9e\xb7$\
n\xd4[\x1a\xf5\x9c\xef\xdfs?\xbf\xfe\x9b\xff\x85\xbb\
\xef\xfe>QT\x99\xe1}]fY#\xcdI\x18\xc3\
6\x1f\xe7\x9cU9\xbf\xf0\xb6\xab\xb8\xf1\xe2\x85\x0c\x98\
\xbd\xd8t\x0f\x03qJ\xac\x0d\x22\xcd\x0b\xebK\x83x\
\x83\x8a\x99\xb3EQU\x11\xa3\x18\xab\xd8\x08l\x04\xc6\
J\x10\xd0/\xb4Ag\xbcf9\xde\xe5\xc5\x12\xb2>\
9B\x8a\xf1u\xac\x8c\x91N=\xcd\xeeg\xbe\xc7\xe4\
\x9e\x871\xf9~D\xc7\xb0:\x8e\xea\x04}})\xaf\
\x7f\xfd\x95\xfc\xc1\xef\xff*\xd7o\xb9\x90\xfe~\xc5\xbb\
:^S\xbc\xcf\xf0\xe2\xb1\x84LY\xab\x14\xaf\x06\xf5\
\x1e\xa73=\xb8\x83\xd9\x9b\xbc>\xcd\xdd=\xa7\xfcB\
{\xfe\xc2\xaaP\x9d6\x93\xe9\xfc\xa3\x0d\xb6\xa7\x95J\
\x858.r3\x9d\xc1M\xa1\x82\xa1\xeai4\x1a4\
\x1a\x8d\x10\xac\x1e'\x9d\xc6w\xfc\x1f:\xb2x\xc5\xf9\
\xcc\xc5\x90\x19C&\x11\x8e\x04G\x82'\xc1S\x05M\
\xf0D\xe4\xb3\xbc|\xf1\xd2\xc3\xbc\xfc\x1c\xaf\xf0\xb7\x18\
\xd5\xb0.4A\xd4\x10\xf9\xb2K\xdf\x84W\x91+=\
\x15(\x03}\x9b\xc4\xa81\xec;p\x90\xdb\xbe\xfa\x15\
v>\xbb\x87\xbd\xfb\x0f\xf2o\xb7~\x89=\xfb\xf6\x86\
\x0cn\xc7q\xf7\xad\xcc\xae\xa1\x919r\xcf\xb4\x97\xf7\
A\xdf\xd4\xf9\x1c\xe7\xf3p\x1f\xf9\xbc\xc5}\x9d\xb6\x0d\
\x22\x12h\x17\x8asy%M\xd3\xb3#+\xbf\xbfv\
\xd3\xe5K8\x12I\xb5\x87c\xc6\xfc\xc8\x84\x02\xe3\xfb\
\xb3\xb4V\xd3\xb1\x22Gs\x82\x9cP\x89\x10\xd6\xd3\xcb\
\x84\xce7\xc8Y\x97\xfb\xe5\xaaf\xb3\xa8\xd4\x8et\xea\
\x938)\xa4_f\x06).wd\x99/4B\xc3\
 x\xa4\xec\xc0\x91d\x99\x0e\xff\xd9\x8e\x01\x1b\xc3\xfd\
\x0f>\xc4c\x8f?\xc6\xc5\x17\x9cO\xe6\xa6\xb0R\x0e\
\xc4\xa6\xc8l\x96<4i7i\xa8/\xeae\xed\xee\
w!\xc8\xcf8\x97O{,\xcd\xe6]\xddj\xca-\
\xb8fF\x8b\xb6z\x0c\xde+I\xb5\x9fF\xd3\xb1o\
\xff\x18\x7f\xf0\x87\x7f\xc2\xbd\xf7?H_u\x18\x1bW\
hf!\x8bA\xab\x84\x97\x13kJ\xc2\x18U\xf6r\
\xe3U+y\xf5\xb5\xeb9c\xa4\x8e\x9b|\x0a\xcd'\
\x88*\x8a5\x0a\xce\x85\x8c\x96\xa5\xb8\xeb\x0f\xcf'\x0b\
\xc2\xef9\xde\x0b\xbe\x83+73\xbbt\xe4\x07\xb1)\
\xb2-\xe1\xd9\x9a\x834\x00O_\xec\xc8\x9b{8\xf0\
l\xca\xf8\xa1\x03,^~\x0e\xf1\xc0b$\x8f\xa87\
'HL?g\xae\x1d\xe27\x7f\xf5]|\xf6\x0b\xdf\
\xe4\xc3\x1f\xf9<O\xef:\x88\x12c\xb4\x8a\x9a\x84\xce\
\xe1\xbb\xc5\x01\x9deTS\x15\x83\xa8\x8fc\xb9\x06\xf8\
\x10\xf3p\xccZ\xbf~}$\xb0QE\xfbf\xdb{\
_\xc8)\xc5qLd\xa3\xa0\xf1+2-\xdbi\x8c\
\xc1k\xa9\xed;\xf3\xf7%J\xe9$-\xef\x97\xd9 \
\x9dRgE\x5c\xa3\x81z\xa1\x18r\x13\xd1\xb0U0\
\x03d6h\xf1\xb6J\xce\x02r\x18\x87$/sg\
B\xcb\xacg\xab\xdc\xde\xeaL,\x96g\x0c\x99Ih\
\xca\x10\xb94B\x16\xb6E\xd39u\x97M)\xd7T\
n\xbf\xf7\x1e\x9f\xa5|\xf3\xf6o\xf1\xcc\xee=\xd4\x06\
\xfbqYN\xbd\x91r\xc7w\xef\xe4\xa6\x97\xddHd\
\x0c*\xae\xc8\xd2\xb6\xe94\xe3\x93S\x0c\xf4\x0f\x14\x13\
\xd7\x926\x94w\x9d\xef\xc0\xd3\xf7N\x8b\x7f\xcf\x84\xaa\
\x06a~\xa8\xe5\x8eW\x0cT+\xff\xe7\xccs_\xf2\
\x1b\x8f\xdf\xff\xcd'O\xd9\x81\x98\x87\x987A\xe8\xe8\
P\xbf\xa80\x90f\xb3[\xd7\xa9\x1e>\xcb\xde\xa9#\
\xaa\xea\x9b\xb9\x97'\x99\x87\x83\xf9\xfc\xc6\x16\x1b5}\
D\xa2\x17\x22D\xd3dOZz-\x85\x07s\x9e3\
\xbah!\x91\xb5\xad\x92O\x80\xe2\x15r\xe7h4\xea\
\xb84\x10\xe1\xb5\xf8\xbd\xe9\x08zJ\x1cK\xf09'\
\xd4\xb4\xf4\x0a\xc5\x18\xc6'\xeb|\xf7\xae\xef\xb1i\xd3\
F\x22k\x838\xa6\xb4;n\xa5E\xe2\xf4\xed\x92\x97\
/\xd2\xa5\xbeh\xb2\x0a\x8a\xfcx\xef\x8a\xd2]\xe7\xad\
\xa539k\xadl\x8f\xc7\xb4\xba\x8fC\x93A\x1c\xc7\
LM5\xc84\xe6C\x1f\xf9$\xf7m{\x88jm\
\x90\x1cC\x9e\xb9i\x09,\x83\xc7J\x13\xd3\xdc\xcd\xe2\
\xfeI^w\xddz^~\xf9j\xfa\xf5Y\xa2\xc9C\
\xd4\x08J\x00&\xf7\xf8<\x07c\x8b\xe6#Em\x8e\
\x03\x22o\xb1v\xb6&\x88N\xaek\x9b\xbb\xe7\x99\xae\
\xe7XN?\xdb\x0d#]\xbbZ\xfe\xbe\xd0\x8a\x97\x22\
\x10\x15\xcd\x0bZ@(\x10z\xf5d\x8d:\xdb\x1f\xdd\
\xc7\xc8\xc2\xb5\x8c.Y\xcb`e!HN\xe6\x9b\xc4\
\x83\x86\x9b\xdf\xb4\x85\x8d\xeb\xd7\xf0\x17\x7f\xfdA\x1ex\
\xf8)0\xc1Y\x09cH\xe2\x84\xfaT\x13km\xa1\
M\x1b6l\xe6x&+Pv2O\xc7\xacG\x86\
\x87\xfdF5{\xcak\xd4\xcc\xe2]\x1bE1\xb5Z\
\x0d[\xf0;\xf3\xbc\x1d\xb8\xc46\xc1\x88`\xa3\x88\xfd\
\x07\xf6\x93\xe7\x0e\xe7\xf2\xc3\x96\xbd[\xd6\xf1t\xd2S\
\x8a\x0b\xa7$JP6\x09\x15\x0d\x8cjp\x92\xb0k\
<c*\x1af\x0a\x8f\xa1\xd2\xd6\x19\xd6\xd0\x90\xe4\xba\
f\xac\x9drQ*\xed\xe7U\xf7\xf5]~\xad\xa4\xb2\
\xe84rj\xe0G\xe7$dZ\xe3\xc9}O\x90\xba\
\x18\xa4\x0cD]\x11,\x825\xe6\xb0Y\x9cV\x90^\
\xe8\xa1Z\x1bln\x0df\xceN\xfb\xc8\x06'4c\
\x04[M\xf8\xc1}\xf7\xf3\xd4\xaeg\x89\xab\x152\xa7\
\xc4\x95*\xb1\x15\xb6?\xf3\x0c\xf7\xdc\xbb\x8dK.\xbe\
\x00\x8f\xa2\xde\x13G1N\x1d{\x0e\x8cs\xd7]\xdf\
#\xb21\x9b7_\xc6@_\x15\xef2|\x19\xb3\xcb\
\xec\xcfy\xafJ\x9eg \xa6\xa8\xf2\xa8\x88\x88Z\x0c\
\xa2\x88\x17\x1dj6\x9b\xd7T+\xc9\xcf\xb0i\xd3\xff\
\xa4\xd7\xa8t\xd20o\x82\xd0\xc9\xfe\x03\xf9\x88.\x19\
\x139\xf1'\xbaB\xd5\xa0kN\xf7>\xf5\xf0\xdc\xe2\
\xac\x0b\xd3\x05&\xa9\xfc\xa2\xc0\xd2\xdc{\xd3\xc9{\xec\
\xe6\x84FqL___\x08 ez\xe72\x18\xd2\
4o9\xa1\xa8\xd7\xb6\xd0\xfba0]\x87T\x8e\xfa\
\xb3\xb3\xc1{\xc7\xd7\xbfy;\xaf}\xed+Y\xb8\xa0\
\x1f\xab\x8aQE}\x1e\x82I\xd5\x96\xee\xa7P\xf2'\
;\x02R\xe7Q\xf2\x82\x13\xa9\xd3\xf7\xae\xcc\x04\xcd\xd8\
\xa8\xce\xed\xf3\xad\xe5\xa9\x18\xc4\x04.\xde\xc3\x0f>\xc1\
'?\xf5Yr\x09\xe5\xc12;\xd4>~\xa1\x0b^\
\xb2\x09\xceZ5\xca[^~%\x17\xae\xb1\xf4\xeb\x0e\
\xaaz\x80X\xa7\x0a\x91\xfa\xa8x\xd0\x06\x19\x16\xcd\x8b\
@Q\x04c\xb4\x08\xfa\xcd\xe1\xbb;:0\xeb\xf1n\
IR\xcd\x91\x11-\x1a\xd1\x0c\x1e\xa1\xd01-l\x11\
\xad\xf7\xa8\xa4\x18u\x08\xc1\x8et\xff\xae)\xea\x87v\
\xb3h\xf9\x06\x92\x85k\x88\xc90\xda\x04_\xe1\xd2\x0b\
\xcf\xe0\xbf\xfd\xd6\xcf\xf3\xb7\xef\xffg\xbe\xfc\xb5\xef\xa0\
\xa2X\x1b\xd1hL\x10\xc5\xc9\xac\x93h\x91\xa0\xf8X\
\xecy\xac\xe8o\xc0\x96\xaf\xc3m9\xf3\x0c\xeb\x0fE\
5\x86\x19\x10/f.U\x0b\x11!I\x92\xf65\xdd\
m\xed\xe9=\xc6+SSSm\xb7$\xd3\xa6\xd3\xb4\
\x7f\xd2\xca\x82\xb6\xf5/\xbb\xd76[0T\x94\xe2\x89\
\xf8\xf2\xed\xf7\xf0\x83{\x1f\xd0\x9a\xcfp\xcd\x06b4\
\xf0\xce\xb1\xa2*\xda\x15=v\x04}\xed\xf7\xb3\x05{\
\xedIf\xb1\xfe\xd6b\x8a\xea\x84\x18rc\xc85f\
\xdfx\xca\xa1T\xb01\xed\xa4\x7f\x8b\x82\x22'e:\
\x13\xc4\xea\x15[\x1c_0D\x91\xe5\x89\xa7\x9e\xe1\xfb\
\xf7\xdd\x87S\xa8\xd6\xfaISG\xe6r\xbcWbk\
y\xf4\xf1'X\xbal)\xabW,\xc5\xbb\x8cz\x9a\
\x91\xb9\x9cm\xdb\x1e`\xf7\x9e\x03\x18c\xf8\xfe\x0f\xee\
\xe5\xa2\x0b\xce'\x89\x03\xfd\xc6tq\xd9\x85\xb6\x8aI\
\xe7\xf8+R\xde\xab\x85\xe3\x18\xe0\xbd\xb7*f\xa9f\
\xe9\x8f\x9f\x93\x0c\x9b\x07\xe0\xff\x01\xe6\xdd}t*0\
_\x82P=\xb0sT\x86W\xe9\xd0\xc9Y\x9a\xe4\xaa\
\xdc\x7f\xbaw\xaa\x87\xe7\x16\x112\xaa\xea7`L\x05\
Z\x83T\xeb\xef\x22\xad\xfc!\x95J\x85\xd1\xd1\xd1\xf6\
\x03\xad\x8bI\x945\x9a-\x9e\x99\xd7\x99A\xe8I\xc9\
~\x1e\x066\xae\xf0\xd0\x83\x8f\xf0\xd0\xc3\x0fs\xf9e\
\x17\x10\x1a\xac=\x9ds\xb4\xd6\x83J\x1dE\xdb7\xed\
\xc6\x88\xbc\x95\x09U-\x82\xe9\xe2\xbb\x8e\x0e\xc9\x97Y\
\xe0;\xca\xf9*\x1e\xaf\x11BN\x9e[>\xfb\xd9\xcf\
\xb3\xfd\xe9]D\x95\xc1\xc2G\xbd\xf0T\xef\xc8`\x18\
<\xcb\x86\x87x\xdb\x9b^\xce\x85k3\xa2\xc9\x87\x90\
,G\xc8\x8b\xc0\xd0\xe3%\x0b9\xd6NC\x81<P\
\x0b\xb4\xc8\xc0\x06\xca\xc0\xe1J\xf3\xed\xacM\xa7DO\
X\xe0\xcc\xcf\x96\xfb\x04\x1d\xcdW\x00>j\x05\x09F\
\x8a\xdec1\x81\x83+\x1e4\xa7&\x0d\xaa\x89\x92\xa7\
\xbb\xd8\xf5\xe4\x01\x16\xd4\xf7\x12\xf7/\xa5\xd2\xbf\x8c\x9a\
\x1d\xc2\x19\xc3Yg\x8c\xf0\xcb\xff\xd7\xdb8\xe3\xac\xe5\
\xfc\xc3\x87>\xcfTs\x0cLT<P;#\x85p\
\xbc$\x5cX\xc5i2\x09\xc6\x0d\xac]K\xf4\xc4\x13\
\xf3\xef\xe1\xd9h\x98\xacoHW!jf\x0b\x9e\xca\
\x06\xa4j\xb5\x1al*#mig\x1ao\xc0(\x99\
\xcb1\x18\x0e\x1d:P|\xe7xy\x91\x9d^\xf2\x9d\
\x15\xb6\xd0K\x96\x13s \x85\xfd\xcf\xa6\x984#2\
\x06o\xbc\xfaPoP\xa3\x06\x91\xc2\xde\xab}\xedv\
\x05\xa5sg\xe7MA\x81A|G\xb0\x1a:\xfd1\
a\x89b\x954\x8b\x90J\x8d\x8c(d\xdf\x9d\x03|\
AW9\xb1\xb6\x8a\xd9&\xc9y\x96a\xe3\x0a\xe3\x13\
u\xb6=\xf0 \x07\xc7&Q\x0c\x99S\xc6''\xf0\
yN\x14\x19\x06\xfb\x0780v\x88;\xef\xba\x8b\x05\
#[\x18\xe8\x1f@\xbc\xe7\xe1m\xdbx\xf4\xf1\xc7\xb0\
q\x05\xe7\x84G\x1f}\x92\xa1\xa1!\xce\xd9\xb8!\xe8\
\xadvt\xf4{\xe7\x11,\xde\xbb\x96\x92\xc1\x5c\xdb\xd7\
\xc1\x07\x16\xaffE\x9e\xe5?r\xe6\x85\x97\xbd\xef\xf1\
{\xbe\xfb\x10\xf3\xb4\xb2p21_\x82P\xf6\xb0\xcd\
\x9f\xa9\x17Np\x12\xbc\xe3U\xb0\x189\x93\x1e't\
^A\xa2h#p\xb6/\xbad:]=:\xb3\xa0\
\xaaJd\x85\xfe\x81Z\xc8&J\x90\x13\xf1\xbem\xdf\
\x97\xa6)\xea\x15+\xe6\x94\x07\x9c3\xa0\x86(\x8e\x99\
\x98\x9a\xe4\xab_\xf9\x1a\x97\x5c\xb4\x89J\xc5\x14\xe5C\
W\x94\xe2M+\xe8T\xcd\x11\xedpI\x82\xa2\x1b\x5c\
[z\xdey\x07\xb9\xdf(A\x80\xbfU\x81\xec\xb6\xfe\
,7\xa3\xec\xb8\x87F\xbd\xce\xae}\xfb\xf9\xee\x9d\xdf\
\x0f\x01\x95&\xad\x00t\xb6\xed\x1f\x9b\x98\xe4\x8b_\xfe\
\x1a\xf9\x95K\xb8\xe8\xaca4\xafc\xd4\xa3\x18,)\
\xb6\xd0:lK\xef\xe7!\x18\xcb<x\xc1&\x82z\
\x09\xee0\x22A\x22F}Gf\xe8H\xc3Dwv\
{\xeec=\xdb\xf2\x8c\x96\xbcXA\xc9@SDS\
b\xb1\x88K8\xb0\xf3\x01*\x03\xfb\xa8\x0d\xedg`\
t5\xf1\x80\xe2\x5c\x83E#\x09?\xfaC728\
0\xcc\x07>\xfc\xaf\xec\xdc=F\x9cD\xb8\x5c\xf1E\
#I\xe8\x106\xa8\xf1\x22\xe5\xc5\xa5\x08b.\xaf\x8c\
\xe4?\xb2~\xfd\xfa\x8f<\xf2\xc8#\xf3\xc9\xc2\xd3T\
\x16\xc5\x97\x88\xc8y\xeaeV\x95\xcbR\xff\xb3\xcc\x84\
N+R\x97B\xee\xde\xe3\xbd\xa3>\xd5\xe8\x0a@O\
\xec\x91RZr\x96Z\xbdJD.\x96\xa46\xa2j\
\x1bRwNU\x9cx\x89\xbc\x80 V\x8d\x0f\x17\x96\
\x18mOf\xbd\xd72{\xd7\x9d\xb9\xefV\xeeh\x15\
\x00L\xd9u\xdf\xf9\x1e\x9ayFR\xa9\xe23%\xb2\
&\xe8\xa0v\xaaZ\x9c$t6v\xa5\xeaI\x0c\xdc\
\xf7\xf0\x03<\xfa\xe4S\xc1\xba6\xf7di\x93\x89\x89\
)\xf2<\xa5\xafR\xa5Z\xcd1&a\xd7\x9e\xbd\xdc\
\xfb\xc0C\x5cq\xc5\xe5<\xb3s'\xf7=\xf4\x10N\
\x85\xfaT\x83\xac\xee\xe8\xeb\xef\xe3\xe1\xc7\x1eg``\
\x80eK\x17\xb6x\xb0^K9\xba\xeek@\x8aI\
f\xa7\x9es\xeb\xb8\x85\x1a\x90\xf7V\x85\xb3\x92(\xf9\
\xd7\x8d\xe7]\xf1\xc3\xbe\xb9\xff\x81yv/\x9dt\xcc\
\x97 T.\x1e\xbeh\x00\xcc\xb0\x8dDL\xddIW\
5\xa3\xd5\x957\x17\xda\xa2\xd4\xc1\xc8E\x9d\xebqB\
\xe7\x17\x04\xcc\x0d\x0a#\xde\x81\x88\xe9\x18\xd6\x83n\xa3\
\xaakq\xbdF\x17\x0e\xa1\x9a\x81\x11*\xd5*Y\x16\
\xc6\xa9\xe0\x7f\xee\x18+t\xefZ\x01\xa8\xce\xce\xe1*\
\xbf3\xe3wG2\x1c9b\xa6\xc2\xd0\xd77\xc0\x1d\
w|\x97G\x1fy\x05\xe7\x9f{&\xde\xe5Xq!\
\xd3\xd1a\x1b)EP\xd9\x1e\x9c=8\x9d\xa6%j\
h\x13\xfc\x9d*V\xa4=\xccw\x97\x8aK\x9eeK\
\xa8Z\x89c\xc3\xa1C\x87\xd8\xbe\xfd\x19\x22\xdb\x878\
[p\xdf|\xd1h\x11\xd6\x12\xd6\x1e1\x9e\xc6\xdc\xbe\
m\x17\x0f?\xf18\x9b\xd6\xf6\xb1e\xf3\x1a\xce]\xbd\
\x8c\x91\xca\x08I>FV?@_E\xf0>#'\
\xc3bB\x83\x92\x02\xce\xe3\xbc@\xe2Q'\x88\x15\x92\
$B\x0d-\xc9z/\xbe\xf5p\x0f;\x18R\xd9\xad\
\xb8\xba\xf5$.e\x99\xa6\xbfo\xa5\xbeK\xe9\xa4b\
\xb9\xaex'\xe5\xf1)J\xf4-\xefkrb\xab$\
\x1e\xb2\xc9\x9dL\xd4\xf7S\x9f\xd8\xc5\xc2\x15g\x93\x99\
\x11\x88G\xe8\x93\x01\xde\xfe\xc6k8s\xe5\x12\xfe\xfc\
o\xff\x99\xfb\x1f\xda\x89\xd7>\xc4\x086\xae\x14\x96\x9f\
\x85t\x13\x0e#\x16/\x22\xe0\x22\xac\xf9\x1fvh\xe5\
\x0ax\xe4\x0f\x98'\xe3\xd7\xaaUWW\x8c\x98>A\
\xaa\x08\x22\xb3\x0c\xf6%\xd71I\x12ldC\xc7\xb4\
og\xed\xd5(\x91\xc44\xa6\x9a\x1c<t\x88\xe9A\
L!\x1c\xdf*\xc7\xbb\xa2\xe1\xb0m\xb4S6\xcf\x94\
B\xeb\xda\xe14\xa6\xde\xab\xa3\x81\x88\x05\x0b\x22\xa2\xc6\
EY\xee\xf3L\x88&\x8c\x8d\x06\xd4\xc8\x98E\x9d\xaa\
L!,\xf7\x92O\x8a\xb2\xd0\x8b\xb1a\xebP\x8ci\
\x99\x8fu\xeb\xf1j\xf7\xb9.&*\x856Q\xab\x12\
S~\xab\x1aW\x83`>J\x96\xa7A+UC\x0c\
\x8c)2\xfb\x87\x19bL\xc7\xfdP:\x88\x15J\xa0\
-e\x80\xa9\xc9\x09\x16.X\x08@\xea=Q\x7f\x1f\
\x8f\xef\xda\xc1\x03O?\x89\x8bB*\xb7R\xeb\xe7\xc0\
\xde}\xa4.e\xa0\xbf\x0f\xa30>>\x89\x0cY\xaa\
\xd5\x84\x87\x9f|\x0a\x1fE<\xb3\xe3\x19&R\x877\
\x96\xedO?\x8d\xc5\xb22Y\xce\xbe\xbd\x07\xb8\xe7\xde\
m\xd4\xfa.a\xa0\xaf\x82\xd50\x06HA\x03R\xd5\
\xb6?\xbdH\x88\x03|;8V-\x9aG[\x94#\
#\xa8\x8a6\xb23\xa2\xc8~\x84d\xf1[\xe0\x91\xbb\
O\xf75\xfeB\xc6|\x09B9x\xe8`cq\xff\
\xe8\x98Q\xa3\xa5\xba\xd8\xf1.K\xc0\x8a\xd83\xe8e\
B\xe7\x0dV\xad\xba\xba\x8ap\x9d\xa8\x1dfFgj\
\xbbs4\x04-\xc2\xe0`\x1fqlQ#E7m\
\xf8\x9cz!M\x9b4\x9b\xed\xc9\xf3\xd1\xf0AO6\
\xbc\x0b\xd9\xd9\xa9\xc9\x06\xb7\xdf~\x07\x1b\xd6\xad\xa2\x12\
\x15]\xa4\x22\xa8\xf7m\x9e\x19\xae\xe0\x87\x96%\xe6`\
\x1b\xe8\xba\xbaJ[\x99a\x1f\xf8t\xa1+\x5cfd\
B\xcb\xc7w9\xf8\x07\xf9u\xc7\xc4\xd8A\xc6\xc7&\
\xf02H\xc4\xf4\x1b\xab\x15t{\xc1\xab\x85\xa8\x06j\
\xd9]7\x8c\xdf\x7f\x88\x07\x1e\xfe\x16\x17\x9f\xb3\x84\xcb\
\xcf]\xc9\xc5g\xaf`x`\x11\xe3\x8d\xbdT+\x90\
N\x1d\xa0\x1ay\x8c\xcf\xc2>8\x8f\xf3A\x9bQ\xe2\
B\x5c\x1c\x8f\xb1\x06c\xa4\xd5],\xe8\x11\x83\xfd\xe3\
<\xfat\x0e?F\xcb\xeb\xa6\xa8\x92\x0bDE\x13S\
.u\xd2\xa9I\x9ey\xfc\x10\x83\x0b\xcf\xa0op\x15\
\x95x\x11\xa6\x99s\xd5E+\x19\xfd\x95\x9f\xe6\x0f\xfe\
\xcf\xfb\xb8\xeb\x9e'\x89k!#\x1aGU2G\xa9\
\x1f\xda\xe2\xb5\xa9\x1ak\x84\xd5\x18\xf7\xab\x9b6m\xfa\
?\xf3\xc5\x05&\x1a\xca\x87\xad\xa9\xfe\x04h<\xd7\xb0\
\xdf\xc9\xeb\xcc\xb2\x1c\x13\x97\x1a\xb2\xc5\xc4\xa7P\xb2h\
\xd4\x1bdi:\xed{Ao\xe5\xc4\x1e\x03a\xfd\x0e\
U\x9b\x22\xb2\x1b\xd1O\xe0\xad\xcf\x1d\x7f\xf3\xe0\xbd_\
\x9a&\xad\xb5\xe9\x92-\x1f\xf2\xea\xff\xd4b~\x16e\
@`\x0b\xc2~`\xb9*\x13\x02#*\xecDe\x91\
\x0a\xfbQ\x06AS\x11FU\xc5\x8b\xa8Am\x8a\xd1\
\xa4\x98\xfe\xa8\x17\xe3\xa4\x08;Q\x1a\x88\xd9\x8dh\xbf\
\xc0RD\x8c\xf3\xb9\xf5\xde\x85\x90\xd5\x1c\xdbM\xd1\xaa\
\x05\x94\x04\x82\x8e\xaf\x07S\x8f\xd0\x85\xdeL\x9b<\xb6\
\xe3)\xf6O\x8e!&\x01\x15&\xa6&\x19\x9b\x9c`\
\xf1\xd2%\xac[\xbb\x96'\x1f{\x82\xb1\xb11\x0e\xec\
?\xc0\xe2\xc5\x8b\x99l\xd4\xb9\xef\x81\x07C7\xbd\xf3\
\xec\xde\xbb\x8f\xc9\xc9\x09p\x81\xdf\xbbx\xf1B\xf6\xec\
\xdf\xc7=\xf7\xde\xcbK\xaf\xbc\x02\xd4\x93\x17\x93g[\
TwT\x15\xafa\x12\xed[2uG:_\xde\xe4\
9g\x8a\xb8\xf7\x9f\xb5\xe9ru\x96_|\xe2\x07\xdf\
\xf9\xca\x09]\x04\xf3\x14\xf3&\x08]\xb8\xbc2\x00\x8c\
\xa8\x84\xe2\xdb\x09\x0d\x19\xa2\x1e\xe1)z\x01\xe8\xbcA\
\xb5\xba\xc7{]\xb5S\xf0\x17\xcd\xf6w\xef<H\x90\
k\x111,Z\xb4\xa8\xc5\xf7\xccsG\x14\x85R\x8f\
S\xa5\xd1h\x90\xa7)B!\x0emdFU\xf7T\
k\x87\xaa*\x1e\xa1^O\xf9\xda\xd7\xbe\xc9\x8d\xd7]\
\xcd\xc6\xb3V\xa3>\x0b\x99K\xf1\xad\xab[:l\xfc\
\x8a\xbd\xc5k\xce\x8c\x1e\xbf\x8e&\x8c\xe0u]\x94\xb7\
gi\x9a)-\x0b\x8b\xa7\x1aF=Y\xde$K\x1b\
D\xd5A\x9c\xe4\xa8\x98\x96m\xa0\x09\xde\x00\x88\xf8\xc2\
\x81Fp\xc4x\x1df\x8a\x1a9\xc3\xdcz\xefA\xee\
x\xe0^6\xae~\x9ak/9\x8bMg,g\xc4\
\xe6\x88\x13\x88\x9a\xc4\xd2 \xf69\x22)\xf8\x1c\x9ff\
\x88\xc6\xd8(dI\xd5*\xc6X\xacU\xb0\x06gB\
\x86\xb3\xcc\xdctJ\xdf\xe8,\x9c\xbecA\xf7\xbcc\
\xfas\xdd\x83IC\xa7\xae\x01C\x8a\xc51\xb1/\xa5\
9\xb9\x9f\xd1\x85g\x10\xd5\x96!R\xe7\xbcu+\xf8\
\x7f~\xfd]\xfc\xf5\xfb?\xc3\xad_\xbf\x1bC\x1fY\
\x16!$!\xd3\xe3\xb5%SPL\x90\x8cb\xea\xfb\
\xa2(\x06\xe6E\x10\x9a$}\xab\x014\xa4'\xa7\x1f\
\xf7\xe2\xc0\xe7yN\x92$$\xb5\x84$\x89C@\xd2\
\xf1\xb9\xdc;\x22\x11\xea\x93u\x9a\xf5p\xd8Z\x93.\
#\x88\x97c\xbeg\xb5\xa3k\xc9{\x87\x18\xd3\xc0\xf1\
I\xcd\xfd\xfb'\xf65n\x1b\x1c\xac\x8e8\xf7\xec\xbe\
\xee\xefm\xbb\xfb\xb6\xb7\x02\x9c}\xe1uI61y\
g<\xd8\xf76\x9fg_\x89l\xf2k*\xfa\xb7 \
\xbf\xa1\x9e?\xc6\xe8/{\xe7\xfe\x975\xf6Z\x97\xbb\
\xcf\xd8\xc8\xfe\x8e\xa8~^\xe1\xad\x8a~PT\xde\xa6\
\xc2\x17\x0c\xacT\xf5_\x01\xaeF\xf4\x83x\xb3\xd0\x19\
\xf7\x03Q{\x91zwH\xc5\xfe\xa4\xaa\xbeIU\x17\
w\xe7T\xe5H\x1d\x92s\xef{K\xb7\xd8\x09\x10[\
\x9ex\xea\x09\x1e\x7f\xf2I\x8c1DQB\x9a\xe6\xd4\
\xd3:\xb5\x81\x1ak\xce\x5cM\xff`?+\xceXI\
\xfaX\x93\xfaD\x83}\xfb\xf7188H__\x1f\
\xaaJ\xbd^g\xfc\xd0\x18\xb5Z\x8df\xb3\xc9\xde\x03\
{0\xb1\xb0pt\x84]\xbbvr\xff\x83\x0f\xb0i\
\xc3\x86@\x03\x02\x14\x13\xfem\xa4%\xc7%\x12\xba\xfe\
\xdd4N\xa8G\xc4\x88\xaaj\xa7(\x81\x86\x98}\xa3\
\xf3\x92\x03\xff\xb2\xee\x82\xcd)F\xbf\xac\xd6oz\xfc\
\xae\xef]A\xafq\xe9\xa80_\x82PM\x9b{\xc7\
\xab\xb53&$\x14\x12\x0d'\x90\x09U\xb0\xe2Y}\
\xbaw\xaa\x87\xe7\x0c\x22\xb5e+\x11.\x9a\x8dSV\
\xce\xa6\xcb\xe1X\x22C\x94$x\xef\xc8\x9d+\x04\xe9\
=\xc6\x04\xb1\xeb,s\xa8\xd7P\xa2\x93\x90\x11|\xee\
s\xa1a\xbb+\x95~v\xee\xd8\xcd\xddw\xff\x80\xd5\
\xcb\x97\x90$\x0e\x83C\x9dk\xcf\xd4\xc4#\xea\xda\xc1\
\xa4x\xc4\xbbi\xe5x\x98~C\x99\xe2\x17Eoi\
\xeb{a\xc5\xa6p\xcd,3\xa1\xc15\xa6\x1aG$\
I\x84\x97\x1c\xc4\x16\x01h\x07/T<\xc6\x17\xe2\xef\
\x12<\xe6\x95\x88\x9c\x84\xdc% U\x9c\xf5|\x7f\xfb\
\x04\xf7=v\x07k\x16W\xb9\xec\xbc5l>{9\
\xabk1U?Ad&\x89i :\x81\xf1)\x9a\
*\xa8\xc5\x8a\x86\xa7\xa1\x0d\x9cQcLQ\x8e\x0d2\
M\xd34\x07\xcb\xf3|\x12\xe7\x09\xd3y\xc1\xae\xd8\xe5\
`\x08\x10c\x88\x8a\xf8)\x9fj\xf2\xec\xe4\x01\xaa\xb5\
\xa5,X\xba\x01\xd5:\xab\x16-\xe2W\xfe\xc3\x9b\x89\
\xd4\xf3\xe9\x7f\xfb6\xd8\x11\xac\x8dP5E\x19^J\
]\x03\x14+(\xcb\x16\xc4\x8b\xce~\x16\xbe\xc7\x11I\
\xad/h\x08\x9b6\xc5\xc6\xe8O*\x5c\x81vXK\
u\xa1\x14\xab\x1f\x1b\x1bc\xe7\x8e\x9d\xad\xc9F\xc9\x07\
\x1d\x19\x18Ac\x98\x98\x98djrjV\xab\xd4\x13\
\x84S\xf5\x8f\xe6S\xe6\x97\x9c{fl\xc7\x8e'\x9a\
\xc0\xd4\xe1\xbe\xf0\xe0=_\xfdr\xf1\xcf\xbf(~\xbe\
\xb3\xf8\xf9\xc6\xe2\xe7\xad\x00l\xdat7\xdb\xb6\xa5g\
\x9f\xfd\xd2\x9fz\xf0\xc1oL\xae\xbf\xf0\xca\xcf<r\
\xcf\xb7w\x02\x7f\xd5\xb5\xc8\x8f\x14\x9fO\xf8\xfe\xb6\x0c\
\xd8\x0d\xe8\xaaUW\x7f\xaf6\x94\xbf\x171\x7fd\xac\
\xb9FUO\xe8\xf9Y\xc2\x0b\xe4xR\xa3\x1c8\xb8\
\x9f\x07\x1f~8\xc8K\xd9\x88(\x8a\x18\x1f\x9f$\xcb\
3\xce:\xeb,\xfa\x07\x07\xa9g)\xff\x7f\xf6\xfe<\
\xce\xae\xeb\xba\xefD\xbfk\xefs\xce\xbd\xb7&\x14\x0a\
(\xcc\x00A\x12$\xc0y\x00GQ\x94(Q\xb3c\
IvB\xc5\xb1\x1dG\xee8V;\xb6\xd3\x9d\xbc\xf4\
\x1b\xf2\xf9\xf4\xa7\x99\xd7\x9f\x97t\xbf\x97\xee~\x1dw\
\xa7\x1d\xe7u'\x9d\x97\xf7^\x22&\x91l\xc9\x92\x07\
\xc9\xa6\xad\x81\xb4H\x8a\x12\x07p\x02A\x10\x04A\x0c\
\x05\x14j\xba\xc39{\xef\xf5\xfe\xd8\xe7\xdc\xa9\xaa\x00\
\x90 \x05\x92\xc0\xe2\xe7\x12Uu\xcf=\xf7\xec}\xf6\
\xd9{\xed\xb5~\xeb\xf7Kj\x19\x1b\xb6n\xe1\xd0\xfe\
\x83\xf8\x92\xb3\xb5\x22\x8b:q\xec8\xaa\xca\x86M\x9b\
\xa8\xd7\xeb\x1c:\xf4*\xa7fO\x92%\x96\xe0j\xbc\
\xfc\xf2+\x8c\x8d\x8c\xb2m\xdb\x96rC\x19\x89W\xab\
4\xbc\x96\x5c\xc0FWfa\x8dx\xdb!q8\x15\
\x8bj\x8aP+\xbc\x17\x13\xf4\xaf\x04#v\xfb\xed7\
\xbd4\xb1n\xcd\xf1\x8f~\xfc\xa3o4\xdb\x9d\x09\x8a\
\xf6_\xb1G\x96\x16~\xe7w~\xa78\xa7\xce\xb9\x88\
\xecbqB%q\x9b\x0cPC\xc5\xac\x14\x09\xd5\xa1\
j\xde3\xa6\x1cT\x9c\xa0\x87.t\xa3.\xd9O\xcc\
\x8c5f\x17\xcaz4\xb2\xf0\xf5\xaf\xdcU\x0a>\xcf\
;X\x0b\x1b\xd6o\x8cU\xb6\xc6`+L\xa0\x07\x82\
\x92X\xcb\xe9\xd3\xa7\x09\xa1\xc4M\xa9)\xab\xea\xdft\
\x14e\xe0\xf77\x1f\x90\x88\x18\xb6\xe0\x15\x83\xe1\xe1?\
\xfds>v\xdf=\xd4j)\xde\xe5\x98n\xc5h(\
\x9d\xcf\xfe\xdf\x894Ig\x89\xfcT\xc4\xf4\xd5\xe7\xba\
\xe9wuh\xb9t\x04\x13Jl\x9aPod$&\
\x10\x0c\xe4\x04\xe2\xf4\x14\x17{c\x0c\xbep8\xda\xe0\
\x1d\x92$Q_\xda\xc4\x08\x94\xd8\x0ckkx\x0d\xa8\
\x1d\xc1\xdb1^\x9a]\xe2\xe0w\x0e\xf3\xbdgOp\
\xe5\xa6\x06w\xdcp\x19\xd7^\xbe\x931\xb3D#\x9c\
\xc6\xb7O\x91%\x90wrL\xe8P\xb3\x8a\x9a\x80$\
\x82j\x0dIcz^\xc5\x94No\x80\xb2(9\x04\
-\x8b\xaf\xde\xda}X\xed\xa8n\xaa2TQ\xe2H\
'%\xe4\x08\x8e\x94\x04+9\xae\xd5\xe4\xc4\xe1S4\
&\xb61>y%\xebj\xdb\xf8\xdb_\xfc\x0c\x09\xca\
\xb7\xfe\xfc)\x9a\xde\xe2\xa9cm\x82s\xaa\x22\x01\x11\
K\x00A\x8c\xa8\x84\xdb\xae\xd9{\xef\x1b\xcf=\xf1\x9d\
7\xde\xe4\xc0y\xef\xd8\xb5\xd7\xa6\x00j\x92\xcb@\xb7\
\xa2`\xed\xca\x13{\xc5z\xb0\xef\xe9}\xec{z\x1f\
i=\x1dx\xbfV\xcb\x18\x1d\x19\xa5\xddn\x03D\x99\
\xcd\xf0\x16v!jJ\x99\xda\x01Z\x8d \x22G\xf1\
\xf2+\xfb_\xfe\xfe\x0ce\xe9\xc1\xdb\xd6\x0f%\xec\xe2\
\x85\x17\xbe\xb7\x00\xb0\xff\xa9\xbf8|.\xc7S>\xf4\
\x87\x0f?\xd2\x06\x9e\xba\xfa\xea\xbb\x7fQR}\xd0\xc0\
\xcf\x87\x10\x1a\xf1\xd2W\x95\x1d;\xe3W\xb4\x8b\x9c\xc5\
\xe6\x12-W \x99\xe5\x95\xc3\xaf1\xbb8O\xa1J\
\x08BG\xdb,\xb5\x97\x18_3\xc6\xfa\x0d\xeb\xe8\xb4\
\x8b\xf8\xd0\xd4\x12&\xd7O1{\xea4Ks\xf3\x04\
\x1fX\x5cX\xc09\xc5\xab0\xb5a#\x1b\xb7m\x03\
\xefX\xdfis\xe4\xf0!fff\xc86m\xa2\xd9\
\xcey\xe1\xe5\x03\x8cOMR\xab\xa5\x04\xe7\xc8J\xd8\
M\xe1=\xdey\xbch\x17F\xb4\x1a\x89V\xbf\x85n\
\xe5a\xfcw\xa9\xd3\xce\xacX\x1a\xe3\xf5\x1d\xd7\xdfz\
\xdd\x8e+\xae\xba\xdcw\xbc7'O\x9d\xfa\xc7\xf3\xe3\
s\xff\xec\xbe\x07\xef{\xf6\xe1\x07\x1f\xf6o\xeb\xfd}\
\x8f\xdb\xc5\x22A%\xf5\xbb\xaf\xd3\xad\xe3\x9b?'V\
v\x17\xce\xd9\xb3\xad\x16g$!\x8e\xff<\xfe\xe8\xd7\
\xbf\xfc\xd8\x85n\xd8%{\xe7m\xdb\xb6\xbb\xeb\xd9X\
\xfa\x7fA\xe4\x96XJ\xdd\x95\x09/- &b\x8a\
\x9cs\x5c\xb9\xebJ\xd6\xae[C/\x0dZ\x15-\x18\
\xf2\x220s\xe2\x04y\xb3\x8d e\x05\xf8[p\x22\
\x87\xe9W\x86\xaba\xcf\xfay\xe9\x12E\x18\x023\xc7\
\x8fr\xfdu{\xd8\xb9s3E\xbeX:\xc8\xbeT\
v\xd1Rq\xc4Q\xa9\x15\x11\x22OhO\xcfz\xf0\
%\xddB\xa6\x88u\x8b\xf1\xcex\xbcj H\x85\x06\
\x8bz\xf4^\xa1\xe3\xe0[\xdf~\x84\xd9\xb9&\xc6\xd6\
P\xb1\x88Z\x04\x89\x13\x95\xcfY79J\xd0\x16\x12\
r\x92D16\xb6#:X12\x1a\xc4R\x98\x14\
g\xea\xe4\x8cp\xba\xa9\x1c;\xd9\xe4\xc9}\x07y\xe1\
\xe0Qf\x17\x0bj\x8d\xb54\xc67\xa0\xc9\x18\x85O\
Hk\xa3\x88I\x09!\x22\xe3\x82XB\x84\xbeRR\
\xe3\xa0Z\xd2\x1d\x05\x85\x8a0\xa7\x8fl\xe3\xcd\xdc\xc3\
\xe1c\xbb\xa9\xdd\x0a\xb0.\x11\x0a\x10\xbfCKH\x84\
F\xceQ\xf1Xq\x88vp\xf9\x22K\x8b\xb3HP\
&F\x1b\xdcp\xc3\xf5\x9c\x98\x99\xe1\xa5\x03\x07\xb1\xb5\
:y' F\xc4\x98x6\x15\x84\xf8\xeb6\x91t\
\xcb\x89#\x07\xfe\xf8|\x9e\x8dw\xb3\xed\xdcz\xdd\xf8\
z3\xb6\xd3\x1a\x1eDd\x0c\x10#\xab9\xa1\x83\x7f\
\xf6\xc1\xe3}|9\xe7\xe8tr\x96\x96\x96h\xb5\xdb\
%\xaf\xa4\xe9\x163-;\x17Z\x8a<\x84U\xce_\
\x96\xb1U\x1c]*\x85 \x7f\xea[\xee\x7f\x9b\x9d}\
\xa3}\xa1\xfbm\x15\xd3\x93'\x0f\xb7\xd6Lm|\xd2\
\x18\xbbU\x84k\x01\xb3Z:~\xb0P\xcf`lW\
\xae\x8c `k5n\xbb\xfb\x03L\xae\x9f\xe2\xd5\xa3\
\xc7x\xe9\xd0\x01Z\x85\xc3\xab\x90f\x19\xadN\x0e\xc1\
s\xf9\xae\xab\xe2= \xe2G]9cdi\xc6\xec\
\xec,\xc1{\x9c\x8b\xaf\x91\xf1Q6\xed\xd8\x8e\xa4\x06\
E\x19\x1f\x1f\xc7\x17\x05s\xa7O#B\xe4\xd3\x05\x16\
\x9bKl\xd8\xb8\x11\x91\x18\x14\xf0y\xc1s\xcf<\xcb\
\x89c\xc7Hm\x82\x15ACQ\x16c\xf6CY\xc0\
\xc4&wY\xaa\x84X\x04V\xb8\x1c\xa7\x01\xb1\xc2\xc8\
xC>\xf1\xd3\x1f\xe7\xb6\xbb\xef0I#3\xf5\x91\
\xba\x14.\xbf\xb5\xc8\x8b\xfb\xd7'[\xbf}\xdb}\x1f\
(\x1e\xff\xf6w\xdf\xad\xf7\xf9'n\x17\x87v<\xe8\
\xf4\xb3\xd7\xaa\xa2\xee\xac\xd2H\xe7h\x82\x1e\xe4\xd2n\
\xe6\xa2\xb0\xfat2&\x88g k\xde_-N\x04\
\xf5\x19\xa5\xd1h\xb0n\xdd\x14\xb6\x8f\xfa\xa4\x92\x03\xb4\
\xc6\x92\xe79\xcdf\xb3\xa2u\xea\xe2\xa2.\xa4U)\
\xef\xaf\x7f\xedk\x91\xab\xcf\xd8\x18\xe9\xc4\x95\xf0g\x87\
\xa1\xd4^\xef:\x92ETYZ\xe5\xa5Z\xbe(J\
g\xb3\x88\x11P-\xb5\xe8\xfb\x88\xe7\x0d\x0e\xa5`\xcd\
\xe487\xde|]\xd4h\xc7`\x82)5\xab\xa1\x96\
&\xa4\xa2\x5c\xb6e\x8a{o\xbf\x81\xd1\xa4E\xe2\xe6\
\x09\xed9p-T=A\x02A\x02^b\x05\xbd\x98\
:&\x9d$\xa9o$4v\xb0\x98n\xe3G\x87\x0d\
\xff\xe1\xbbG\xf9G\xff\xf2\xfb\xfc\xf3\xaf\xbc\xc0\x9f\xfc\
\xb8\xcd\xeb\xad-t\xb2]\xb4\xec6\xdaf\x03M\xd6\
\xd0.R\xf2\x22\xa1S\x18\x5c\x1b\xf2\x96\xc7u\x02\x9a\
\x83\xe6\x01\xf5Z6!B.E\x07\x7f>\xdb\xcb\x0c\
\xbd\xba\xe7\xa0\xef\xef\xc3\x0e\xbd\x04\x10\x87Q\x87\x10\xb0\
\xea\x107\x07\xad#4g\x9ff\xe6\xc8\xa34\xe4U\
~\xe5\x97>\xcc\xad\xb7l%o\x9d@|\x8bD\x96\
\x0b\xc2\x8a\xb2\x03\xf4\xcf/\xec\xc8{g\xcd\xba0\x9e\
X\xbd\x9es.\x1a\x00\x00\x80\x00IDAT\x1dd\
4\xa6\xe2\x97\x9b\x88\x19\xd8Ht\xcdk\xf7U\xf1\xb3\
\x87\x22 \x01ji\xbd{\x981\xd2\xc5\x95\x0eZ(\
9i\xc3@\xa5\xba\x96\xd6\xfd\xfe8\x8a^\xf3N\xff\
\xc1\x81\x03O\xcc_\xe8>;\x8b\xb9\x03\xfb\x9e8\x84\
\xf2eU}\xad\xaf9\x03m:\x17\x8b\xb9\x95\xc0\xec\
\xe2\x22/\xbe\xf22\xa7\x17\x9bx\x03&Mh\x179\
\xedv\x9b\xe9M\x9bHS\x83I\x13\x5cp\x14\xea(\
p\x14\x1a0#)\xe3\xd3\x93\x84\x14Z.\xc7\xd6\x13\
6_\xbe\x9dt\xbc\x86\x13\x17\x93(\x12\xd8\xbae+\
\x13\x13\x134\x9b-\xe6\xe6\xe6h\xe7\x05\xc7\x8e\xcf\xf0\
\xca\xab\x07\x91$!w\x91\xc1\xc4i\x88A\x84P\xe0\
Cq\xc6\xeb\x06\xb0\x88$\x1a\xa5'DDlb%\
\xcb\x12\xc6\xc6\xc6\xe4C\x1f\xb9\x8f\xebn\xbaA\x9c\x09\
\xe4ZH!\x9e\xf1\xc9qY\xbfq\xdd\xae\xf1\x89\xd1\
\x7f82>\xf6\xf6\xf0\x95\xbfO\xecb\x89\x84r\xdd\
u\x0f\x98\xb5W\xda\x8f\x8b5\xb78\xe7\x92\xf3\x8c\x84\
*\x98\x1f>z\xdb5\x7f\xc1\xc3\x0f_rD\xdf\xdf\
f6n\xb8\xe2r5|\x09\xd8R\x95\x86\xea\x00E\
O\xac\xef\xd6\xe0\x99Z\xbf\x96m\xdb\xb6\x90d\xa6<\
F\xc8\xf3\x02[\x8e\xa7\x85\xb9\x05N\xcd\xcc\xc4\xc5\xad\
\x8c\xb0\x01\x987\x0b\xb1z;\x22\xa1D*'A1\
\x1289;\xc3-7_\xcf\xda\xb5c\x88\x16\x18u\
e\xf3\x1ch\xac`\x8f\xa9a\x8f\x06_j\xde\x873\
\xbc\xfa#\xa5U\x06*\xbe\xca\xd8\x22\x12EM\x09\x80\
5\x19\xa7N-\xf0\xe4\x8f\x9e\xc5\x07KozR\xbc\
+H\xad\xa7\xb9t\x92\x0f\xdcu#{\xaf\xbb\x8c\xe6\
\xec\xeb\xcc\xce\x1c\xc5\xaa#\xb5R\x02\xbd}\xa9\xd6\x14\
\x95\x96\xac\xcd06\xa5\x99{\xbci\xd0\xa1F\xd2X\
K\xc758>\xdb\xe6\xc5C3<\xf7\xf2\x11\x0e\x1c\
9\xc1B\xc7\x92\x8dOCm\x02gF(\xa8\xe1B\
\x86\xd3\x04\xe7\x04\xefMD\x17\xf8\xf82\x1a\x0bRD\
\xc0`b_\xaa\xf4~\xee\xfe\xa7\xdd;\xdd}\x0dG\
B\xfb\xef\x9b@\xe57V\xf4\x1b\xd2\xbdW\xf1_\xa3\
\x86\x10\x1c\xeas\xbc\xcf!\x14H\xe807w\x12\x9b\
X&\xd7O\xf3\xec\xf3/\xb10\xdfFlM\x82H\
\xd9'\xf1\x0cF\xb4\xa3\xca'g\xde8\xf0\xff\xe4\xfd\
\xb7\x996\xbbw\xdf3fF\xd3\xff\x0e1\xbf\x08\xba\
\x8e\xd8\xe72\xecp\xae\xaa\xb1^\x16\x18V/\xef\x03\
\xd6Z \xe2\x10#\x86T+\xbd\x86\x01S\x14Q?\
\x18\xef\xd0\xee\xd8\x17\xd5P\x95\x8a\xab@\x1b\xf8\x17R\
\x9c\xfe\xfa\xa9S\xa7\xde\x13\x85,\xf5\xb5[f\xb2\x84\
[D\xd8M\x05\xff\x1e\xe6!\xad\xb8\x86cobL\
\x847\x84\x12\xcb\xed\x8dp\xcb\xedwpji\x81\xfd\
\x87\x0ea\xeb)\xce\x05\x8c\xb5,-\xb6h\x8c\x8e0\
\xbda\x03\x18)\x95\x92B\x993Q\x94@'/\xc8\
\x92\x94S\xa7N12\xd2`\xe3\x96-LLN\x92\
\x87\x02\x17<\xbe\x88\xcao\x89\xb54\x1a\x0d\x16[M\
\x16\x96\x16Ij\x19I-\xa5\xddi2\xd2\xa83Z\
\x1f\xc1\xe79\xcf=\xf3,\xc7\xdf8\x1a\xa9\xa8\x00\xd4\
\xad\x18\x09\xed'\xbf\xd3\x18\x09\x15\x15\x8f\xf3\x85\x8e\x8c\
7d\xef\x9d\xb7\xf1\xc1\x8f~\x10\x9f:\xb2\xd1\x94\x22\
\x148\xe7$M\xa3\x83\xdaH\xd2\xdd!\xf8\x1d\x1b\xd2\
\x89\xff\xb8o\xdf\xbe\xf7\xdbs\xf7\x96\xecbqBe\
\xc3\x17\xae3[\xc67= Fnt\xce\x9b\xb3\xeb\
\x1e\x0e\xbe\x06\x0e\x17-D\xe5\x7f{\xf4\xef\xff\xda\xbe\
\x0b\xdd\xb0K\xf6\xce\xdb\xe4\xb6\x1d7#\xf2\x0b\x0a\x13\
\x8a\x8a\xf6!\x8a}Y^\x13\x82#\x84\x82\xad;6\
1\xbdi\xaa;\xffZ\x89*9\x22\x16cRN\x1c\
=\xc6\xec\xc9\x93Q9\xa7,\x15\x81H\x98\xde?\xe4\
\xba<|\xe5kx\xb0\x0e;5g\x1c\xaf+\x98\x94\
`\x80\xf8\xdd\x91\x9e\xa8\xddY\x22\x19\xa9q\xdb\xed\xb7\
b\xb5\x8d\xc5\xc5\xc8f)AX\x1d+\x1a\x08\xbe\x88\
\xb9\xea2\xedh\xbb\xe9\xe3\xfeW\xe8\xfb\xb9\xffz\x0d\
\xc6\x0b\xe2\x03AzD\xf8\x891\x8c\x8d\x8f\xf1\xc4\xe3\
Orbf\x0e[\xabQ\xf8\x1cI\xe2u\x16>\xa7\
\xf0\x1d\x9a\xb3G\xf9\xd8\xde]\xdc\xb1g+\x1b&,\
\xad\xd9\xa3,\x9c<NB\xc0HtE\xa3\x83\x10=\
\x84\x00\xd8$E\xc4\x22\x92\x10\xbcAl\x0d\x97\x8e\xd0\
\x96\x06\xa7s\xc3\xa1\x13\x1d\x9ey\xe5\x04?|\xf18\
/\x1dY`\xb6\x9d\xd0\xd4\x064\xd6#\xc9\x18\xf5\xd1\
5\xa06\x16/\x05Cj3|\x11\xca\xe6\x1b\x82\x8f\
?WCC0Qy\xc7+!D\xa7=\xaaK\x95\
\x91\xe4P\xa9P\x85n\xfa6RB\x95\xfd\xec#\xf5\
\x8f\x96\xed\x08>\xa0\x9e\xf8w\x1fS\xf3\x91\x976\x9e\
\xaf\x9e&\xe0\x1d6\x14\xb4\xdbMj\x8d\x14Ey\xf1\
\xe5\xd75\x90\x12l\x82/\xfb&\x96\xfc\x07Q\xf5\xaf\
\x9d<z\xf0\xb7y\x9f\xd9\xae;\xef\x1c\x17S\xbf\xc2\
Z\xf3\xf7\x8c\xb0S\x10cL\x22\x83\xd0\x89j\x1f\xd6\
{hT=>8\x82z\x82/\xfb=\x04\xbc\xf7=\
yG#$I\x82\xd70\xf0\x00j\x04J\xc7\xee-\
\xf1\xc3Z\x029\x000\x01%(\xf8X\xd8g\xac\x8a\
\xb1m\x11\xfbo}S\xff\xe1\xcb/?\xbbt\xa1\xfb\
\xed\x5cma\xc3\x1a\xbfAj\xebA?&\xaa\x89\x94\
\xfa\xedB\x85W\xd1\xb2h\x10\x08\x06U!IR\xb0\
id\xb5\x10\x83Z\xcb\xd6+wr\xe4\xf4,mu\
\xa8\x0a&\xc9\x98\x9f_ \xb1\x19[\xb6l\xc1\xab\xe2\
}\xc4\x92\xe7y\x11\x9f\x01\x17_\x06C\x96\xa5\x080\
1\xb9\x86\xc6h\x03\xe7c\x0a=fo\x22\x04\xca\xe3\
\xb1\xb5\x94\xb4\x911\xb7\xb8@c\xb4\xc1\xf8\xf88\x12\
<\x16\xc3\xc6\xe9\xf5Xcx\xe6\xc7Oq\xfc\x8d#\
X1\x11\xe7}\x06'T\x89B\x1b*\xbd\xcd\xb4\xda\
 \x13Sk\xf8\xf0\xa7\xeecr\xf3$j\x1cX\x1f\
9X\x8d\xc1\xab#M\x13\xb2Z&\x88\xb9j\xf2\xea\
\xda\x7f\xf3\xf0C\x0f\xfb\xb7\xd2\xff\xef7\xbbX\x0a\x93\
t\xfa\xd9k\xd5l\xad\xe2\x16\xe7m\xa9\xb5f\xcf\x03\
\x0f|\xd9>\xf4\xd0\x17.\x0d\xa4\xf7\xb1m\xbc\xf1\xc6\
\x11\xab\xfc\x86\x0a\xebW=H\x02Ib\x08FX\xb7\
a-63]8X,^\x88C\xce\xe7\x05\xedf\
k\xe5\xf4\xdf\x854\x8dQ[\xc9\xea\xec{\xee%\x8e\
\x1e\x9fa\xfbZCP\x8f\x09=\x0dy-+\xe4\x03\
\x94)\xf7>g<\x9c;\xca\xc5h@\x82A\xf0H\
\x88\x11V\x9f\x07$\x85\x1d[\xd6\xf1\xe1\x0f\xde\xc2\xb3\
/}\x8d\x22OI\x93:\xc6\x0am\xef0I\x86\x1a\
\xe1\xe0\xe17x\xec\x07O\xf0S\x1f\xba\x99\x0f\xef\xdd\
\xcd5\xdb\xd7\xf2\xc2\x81\xd7y\xea\xb9\xc3\xbcx\xe4\x10\
\xf5\xda\x14.\x19\xa3\x90:R\xca\x10\xfa\x12\xc4kL\
\xc4\x85\xb9rq\x09&`t\x8c$\x0d\xb4}\x87\xb9\
\x85%\x8e7\x1d\x8f\xbf\xf0\x02\x8d\xb4`\xeb\xf4\x04W\
l\x9dd\xe7\xe6q\xb6\xado\xb0uz\x07\x13\x0d\xa5\
pK$6\x8f\x9b\x8f\xa2\x03ZD\xc8\x82\x0dqg\
/\xa1$(\xf71&\xa4@%\x04P\xbe\x1f\x00)\
\x95w\x96\x17B\xf4\x8b\x17\x18\x0cI\xf7g\x00\x17\xd1\
i\xa8M0\x18\xf2B\xf1\x1a\x08\xea\x11\xc9\xb1\xa6`\
\xcf\xd5\x97\xd3\xa8\xbf \xbe\x80\xa0^\xb5\x8aF+F\
%8\x945p\x9f}\x9fi\xc9K\xc3\x8c}\xd4'\
|I\xe1\x8a\xa8\x88{\xf69\xbf\x8aZ&6.\x89\
\x22\xb6\xef=\x8d\xe4\xf5C\xc7\xae\x96\x81\xae6\x91j\
\x22E\x9bh9\x0f\x0c\xf28)\x81\x85\x10\xdc\x7fs\
\xe0\xc0\x0f\x17.t\xa7\xbd)\xdb\xb7\xcf\x85\x1bn;\
,\xc8)`3\xe7\x90x\x89\x94p\xa1\xc4m+I\
\x96\xd1\x5cZ\x22'\x90\xd8\x8c\xdcy\xf2V\x9bzR\
gbb\x22n\x22\xfb\xcej\x96\x9d\xcf\x01\x19ck\
&Hl,\x123%\xb0\x08\x11\x82)9pJ\xda\
\xfc\xdah\x83-\xdb\xb71\xb9f\x0d\xf5ZJ\xddF\
\xfa\xb7V\xb3\xc5Dc\xb4{\xbf\x84\x08\xaf\x08e\xd5\
<\xcb0\xfb%E[\x09\xc1\x90\x107#\x89Mp\
\xbe IS\x5c\x91#&\x80J\x17\xe3\x1d\x15\xf3\x1c\
\x06\xab\x8d\xd1\xba\xaf\xd9\xcb>\x09|\xedB\xdf\xcaw\
\x83],N('\xae\xdb';\xb99};<P\
\x89k\xee\xc1K\x0e\xe8\xfb\xded\xdc\xae\x19Q\x98\x14\
H\x06\x96\x9c.\xce+\xfe\xb5\xe3;\x8c\x8f\x8f0=\
=\x8d1\x86PV\x93\x9b\xb2\xf2;\xa8R\xe4\x05\x0b\
\x0b\x0bqB\xd3A\xd5\xa3\x0b\x03\x0b\x0d\xddk\x88\x94\
\x9e\x96\x17^x\x89\xe7\x9f{\x81\xad\x1f\xb8.\xae\x97\
\xd2\xc3$\x8a*^Bob\xedw\x9bt\xf8\xcc+\
[E\xeb\x1f\xa4\xc2\x8cF\xbdwcA\x12\x87\xf3M\
~\xfa\xa7?\xc6\xa3O\xbc\xc0\x93\xcf\x1cB}\x86H\
\xac\xe07\xc6\xe25P\x84:\xdfzt\x1f\x8dT\xb9\
\xf7\x96m\x5c\xb1\xb1\xc6U\x1b7s\xfb\xd5#<\xf7\
\xcai\x9ex\xf6\x0d^\x9bi\xb2\x18FikFH\
\xc6Q[\xc7K\xd2]X|\xc9;\x8af\x14\x02\xd6\
&\x04)@Fi[\x0f\xc9:<9/\x9dj\xf3\
\xf2\x89&\xf5\x1f\x9d\xa4a=\xeb'G\x98\x9e\xcc\xb8\
n\xf7&\xd6O\xd5\xd9\xb4a\x92\xcc\xe4d\x89#3\
9\x89u$\x14h\xd1B}\x841X\xf1\x98\x12c\
\x1b\x11\xb8\x01\xb0]5\x1e\x00\xedjx\x97\xe3\xa1\xab\
\x1e\x1a\x0b\xae\x82I\x22\xce\x15\xdb\xfd\x9bW\xf0A\x08\
*\xa8\xd4\xca6\xd6\xc9Y\xc3|\xb3\xc6\xe17\x16h\
\xb5\xd0\xa6s\x98z\xff]\x10\x15\xa5\x0e\xcc\xc2\xfb+\
\x1a\xb3\xf1\xc6\x1bG\x14\xf9\x00\xaa\x97\xf5i\xa6\xb2|\
D\xf6k\xb6G\xe7\xbd+!\xa9\x06\xfa\xd5\x8e\x8ct\
\x9d\x90\xc8K_\xc2=\xce`1\xea\xae EL\x87\
8\x8f\x06\xd1\xaa`'8\xef\x80?9P\xcc\xbf\xc6\
\xea\x8f\xcb\xbb\xd5\xc2\x0bO?\xfe\xbb\xd7\xdcp\xdb?\
\x01\x9cBd!\x88r\xa1+Ne>\x04T\x0c\x98\
\x98.\xb0\xd6\xd0n\xb7\xd1Z\x0aA\xb1%\xbez|\
t\x9c\x91\xd1\x11\x0a_t\x9f\x87X\x08\xd6/(P\
2\xf7\x06G\x92D\xa7Q\x09e\xe4\xb2w\xcf\xfa\xad\
6Rgd\xb4A\xbd^\xc7\x22\x8cd)\x99Ih\
\xe5\x1dF\xb2\x1a\xc6X\x12\xb11s\xa5\x80\xb1X\xf5\
]\xea\xb4aA\x91 \x11\xaf^\xedU\x8a\xa2M\xbb\
\xd9\xe1\x87\x8f>\xce\x07>z\x0f\xa3kR$\x08A\
C\x9cFI0D\xcd+\x94G\xbe\xb3\xf8\x8do\x5c\
\xe8\x9b\xf8n\xb1\x8b\xc6\x09\x9d~\xf6Ze\x0b\xf3z\
\xbe\xd2\x16D\x9eP$\xec\xe2\xc1\x07\x0d\x0f>\xf8^\
\x9b@.\xd99\xda\xce\x9d;kF\xe4\x0b\xc0\x1e\xd5\
\x955\xa7\xa3\x05\xd2$ezz\x9a4Mq>2\
\x9c\x0c\x10\x1b\x07\xa5p\x8ev\xbb\xd4\x9d~\x97\xa1\x81\
|\x08\xe5\xc4\x9d\xf2\xd8c?\xe2\xa3w__.\xc6\
\xa1\xe2\x97\x8a\x0ec\x9f\x03:\xa0h4Lq\xc6j\
\x12\xa4\xf4\x11\xe1\xf7\xf0\xa365\x80\xc3\x8a\xb0q\xdd\
\x18\xbf\xf8W\x7f\x9a\x03/\xff6\xa7\x16\x960\x92\x90\
\xa6\x09\xb9\xf3\x80\x05;FK\x03\x7f\xf4\xdd\x1f\xb3a\
\xdcp\xef-[\xb0\xedy\xb6\x8e\x17\xec\xbc\xe32\xee\
\xbc\xeer\xf6\xbd2\xcb\xbeWfx\xe6\xc0qf\xda\
\x0b\x18\xc6\xf1\xa6\x81J\x8d\xa0\x19H\x8dPE\x17\xd5\
\xd0\xea(V,\x89\x8c\xe0\x82C\x0c\x14\x06\x0c\x1eC\
NNN\x8b\xc0\xdc\xac\xe3\xc0\xc9%\x1e}\xeei\xb2\
\xc4\xb1nM\x8d\xcd\x1b&\xd8\xbca\x8c\xcd\xd3\xe3l\
\xdc8IM,\xeb\xc6'\xc9$\x90Y\x10\xcd\xb1\x1a\
\x0b\xb0\xaa\xa2\xac\xd0\x95x\xad:\x86e\xcaR\x8a!\
x\x83\x8a!\xad\x8d\xc6t\xba&\x04\x0cbj\xb4\x9c\
\xa3\xd9rt\x8a\xc0B\xab`~\xa1\xcd\x89\xd9\x19f\
\x17\x0e\xf3\xd2\xe1\x05^x\xf94j6 \xd4\xd0`\
c\xb4[\xba7*\x07.\x83\xbd\x09<\xf1~\xe1.\
\xb4\xebG\xd6\xdd,\x22\x7fU\xd1mpnd\xeab\
\xa0h\xe5\xd4\x1b\x0d\xc6\xc7\xc6h\x8c\x8c\xb0v\xedZ\
\xfa\x1d\xd5\x9333,..\xb1\xb0\xb0@\x08\x01\x93\
\xc0\x99\xebzc\xb1\x9fHRF\xedbT\xbc\xfa\x8c\
\xaa\xc9\x03\xe1?\xb0\x7f\xff{\xb6\xefU\xe4eA7\
\xa3\xb1\x0c\xe8\xac\xfd\xac\x1e\x0dQ\x9a\xd49\x07A\xc9\
$R\xa4%6a,\xa91V\xaf\xa1E\x81\x84\xd0\
\xe3]\xa67\x97\x0e\xd6\x15;D\x0c\xa1\xc8\xbb\xefw\
\xab\xd8e0\x82\x99f\x19\xd6\x18\xac\xb14j5\x12\
#\x8c\xa6u\x0cP\xb4;\x98\xf3\x9a\x8f\x0dY\x9a\xe1\
r\xcf\x8f\x1f\xff\x11\xaa\x9e\xcf|\xfe\x93\xd1\xb9V\xd3\
\xa5\xb2\xb3F\x02\xc2\x0b\xc1\xbb\xff\xe9\xa1/<\xf4\xbe\
\xda\xfc\x9d\x8f],N\xa8p\x1dV\x84Z\xf5\x87\xf3\
\xe1Y\x14\xf0i\x96\xbc\xce\x83\x0f\xbe\xcb\x5c\x89K\xf6\
vZ\xb6\xe1\xf2\xdd\xe2\xc2\x88\xc2\x04hd\xe6(\xc7\
M\x95\xde\xd5\x12\x08\xe8\xbdc\xfb\xf6\xedXk\xf1\xc1\
\xc44\x0d%FP\xa1\x9ef\x9c\x98;\x1a?[\x14\
X\x93\x0e\x04j\x8c\xbd0\xb1\xd0\x9eE\x0cUbS\
\x9e\xfc\xd13\x1c=~\x8a\xcb6\x8e\xa1!\x8f,2\
\xbeS:\x8fe\x9a8\xf8\x9e\xf8\xfb\x8a\xa7\x93\x95\x97\
h\x81A\xf2\xfa\xf8\xb3\xd1@\xa0\xc0\xa2 \x09\x1f\xbc\
\xebz~\xfe\x81O\xf1/\xfe\xd5W\xc8\x0bAu\x84\
\xac\xd6\xc09\xa1\x9d\xe7\xd4\xd3\xb5,\xb4r\xbe\xf5\xfd\
\x17\xa9'\xca\x1d{&Iu\x06\xdb\x9eam(\xf8\
\xd0u\x93\xdc|\xd5v^=\xbe\x9e}\xaf\xce\xf2\xf8\
\x8b\xc7ym\xe6$\x85\xafC\xba\x96BF\xb1\xc9h\
\x94\x0cT\x8b\x91\x14#\xb6\xdc\xa2\x9a\x18Y\x09\xf1g\
k\xb3\x18\x81%D(\x81\x99\xc0\xd8\xb5\xe48ZK\
\x8e#\xaf\xe4\x84\xfdsd\xe9,\xf5\xec\x10\x99\x0dl\
\x99\xac\xb1\xa6\x91059\xce\xc4H\xc6\xe4\x9aQ\xea\
Y\xcah#%\xcd\x12FF\xd2eNg/ f\
\xc8\xf3\x82\xdcy\x8a\x5c\xc9]`\xa1\x95\xd3\xec\xb4\x99\
_\xea\xd0l\x17\x9c\x9e\xeb\xd0\xcc=\xf3\xad\x0e\xed\x8e\
gn\xa9C\xbb\xe3\xb5S\xa8x\xea\x04\xea\x04\xbfA\
\x95\x09\x8c\xcd\x08\x1a\xefG\x14\x02\x10\xd5\x18\x92z\x08\
\x9ex\xdf\xa4\xe2\xf7\xdcq\xff\xa4\xc1\xdc\x13B\xd8\x10\
\x9fW\xdb\x95\x22+\x5cN\xadV\xa3\xf0\x0e\xe7=\x89\
\xb5,5\x9b\x8c\x8f\x8d\xb3s\xe7vn\xbd\xf5V\xb6\
o\xdf\xce\xf6\xed\xdbQU\x1a#\x0d\x12\x9b\x91$)\
\xde;\xe6\xe7\x17Y\x5c\x5c\xe4\x85\xe7_\xe0\x99g\x9f\
\xe5\xe9\xa7\x9fB\xc4\xe0\x8a\xe8CJj\x09>VX\
\xab\x8f\xfa\xe4\xf1\x99\x8e\xce\xa8\x91\xa8\xc2S\xc95 \
2c\xda\xf9wy\xefEA\xbb\x16T_Eu/\
\x22u\xd5!\x81\xdb\xa1\xe9L\xb5,\xc4,a*\xea\
\x1d\xcd\xf996\xad\xbf\x8czV\xc3bq\x81(\xa9\
\x1b%\x15\xba{\xb4a1\x8f\x9e\xa3Y\x8aJ\x982\
*\xd9\x17\xfd\xcc\x1a\x8d\x81\xe3\xad1\xdd\xebHC`\
\xac6J\x82P4\xdb,h\x87\xe6\xe2\x22\xf54C\
]\xde\xa3K\x93\xae\xda\xc62\xeb9\xbd\x96\xc8\x84\x90\
b\x09hG\xf9\xd1c?f\xfd\xbaI\xee\xfe\xd0\xdd\
\x9a%\x82\x17\x05+*\xf0\xa3\xa5f\xf3\xaf\xe8\xc2\xec\
\xb1\x0b}\xef\xdeMv\xb18\xa1z\x82}a\xa7\xde\
\x9c\xcb\xf2\x99\xff\xcd\x9fL\x11\x09f\xc7\x03\x0f|\xd9\
\x5cJ\xc9\xbfOm\xef\xde4\x11sU0\xe1/i\
X]s\xba\xb2\xd1\x91Q\xb2,+\x95\x93J\xbc\x90\
$\xdd%\xc6\x17\x05\xa7O\xcfb\x14\xbc\x9a\xc1L\xe1\
\x05\xb7\xaa6_\x11R\xe6\xe7\x17x\xf6\x99\xe7\xd8\xb6\
\xf16\xacjL#\x8b+\x8f\x8c\xa6\xa2\xe8\x19$\x83\
\xf4L\x18Q)\xa3\xa8\x1aQb1\xdajJ\x09\x00\
\xc5h\x0b\xa3\x81\x07>\xffq^\xdc\x7f\x90?x\xf8\
\xb1X\xd8\x10\xea\xf1\x1aMF\x8e\xa5Q\x9f\xe6\xf5\xd3\
\xa7\xf8\xfa\x9f=O#\xdd\xc3MWNa\xda\xc7\xa9\
\xdb\x1c\xebg\xc8\xb2\x845;\xc6\xb9l\xc3&>\xf6\
\xc1\x1bx\xfa\xc0q\x9ez\xf1\x10/\xbe:\xc3ls\
\x96\xdc\x8d\x12l\x03\x93M\xe0\xb4\x86\x0f\xa6T\xcf6\
\xd0\xd5\x90/\xd3\xde\x9a\x0e\x5c\xbf\xa1\x81\x100\xe2 \
8\xc4\x14,\xf9\x02mz,9\xc7\xe7;$\xa1\x89\
\xfa9\xd4;\x1a5\x8b\x15\x8f\x18\x8f\xb1\x90$\xbd\x0a\
\xf8\xe5\x9d\x17\x1d\x97\xe0\xc1\xb9@\xe1\x95\xc2\x07\xbc\x0a\
\x85\x8fN\xb3\x92\x11L\x8aJJ0u\x94q\x82\x18\
\x09R:=!AIA2 \x89)\xe7\xae\x0b\xa4\
\x22\x12^R\x95\x16\xbd\x02\xfc\xf7\xb4\xed\xdcy_=\
3|I\xe1g\xd5Km\xf8y\xcd\xb2\x0c\x88\xce(\
@\xa31\xc6m\xb7\xdd\xce\xbd\xf7~\x80\xdd{\xf60\
\xd2h0\xc8\x1f/\xf8R\x8f\x5cD\x98\x9c\x9c`j\
j\x1d\xdb\xb7\xef\xe0\xa3\xf7\xdf\xc7s\xcf=\xc7W\xbf\
\xfaU\x9e{\xee9\x8c\xb5h\xd1\xd3\x9e\x8f\x9f\x8f\xb8\
\xf0\xaaJ\x5cD0\xa2ez7 \xb0\xf4^\xeft\
U}\xd2 \x9f-\xf3 g\x98\xd0B\x89'\x8fu\
KF\x02\xbe\x93\xb3\xff\xb9\x178=?Gct\x14\
\x83%x\x8d\x05t:\x88\x07\x8d\xa2\x10\x83\x81\xa3\xea\
gcL\x9cs\xb5\x972\x0f\xe5\xe7\xfb\x8f/\x8a\xa2\
\x0b\xb7\xb06\xc1\xe5yT\x22\xd3\x80U\x98y\xe3\x18\
E\x9ec4\x90\x18y\x93\x0fD\xccl\x19\x88Z&\
\x85\xe3/\xbe\xf3(\x89M\xe4\xa6;o\xd5\xda\xd8(\
\xadv{\xc1\x07\xf7\xaf\xff\xee\xa7\x7f\xf9 \x17\x0a}\
\xf5.\xb5\x8b\xc5\x09\xe5a\x08\xb7\xc7\xc7\xe0\xedq\x1a\
E\xe7\x1ez\xe8\x0b\xef\xd9]\xec%;\xb3m\x81\x14\
t\xa7\xaa\x5c9\x88\xde\x5c\xd96n\x9af\xcd\xe4x\
w\xd7\x1dB\xe9\x8c\x96\x13c\xbb\xdd\xe2\xe4\xc9S}\
\x04\x1f\xef>\x8bd\xec\x82\x18\xcb\x8f\x9f~\x96O|\
t/>\x14\x84\x8a\x02\x88Pf\xde@\xdd\x99#\xa1\
gR\x1c\xd3\xbe\xe0OLUE?(\xf6\xb2\xc3(\
\x8c$\x86\xdaT\x83\xbf\xf9\xcb?\xcb\xab\xaf\x1f\xe1\xc5\
W\xe7\xd0PV\xd1\xda\x84\x22$$v\x9c\x05\xe0\xa5\
\x13o\xf0\xff\xfb\xa3}\xe4\xf7_\xcbmW\xae\xa5\x9e\
$\xe0\x97\xb0\xaeE\x22mj6Ae\x89\x8d{F\
\xf9\xf0u\xd7\xf1\xc6\xa9\x0eO=\x7f\x8c\xfd\x87\xe7x\
\xf1\xd5#\xcc.\x1d\xc3'Sx\xea\x04i\xe0\xb0\x04\
\xd2\x98\xa7\xed\x93\x0f\xd5\xbe\xc2\xa0\xbe\x18W\xdcl\x18\
C\xf0).\x14\xa83\xf8\xfa\x04\x22%\x19\xbfq,\
h@\xca(\x99\xe6}\x05J+\xac\xdd\xfd\x05\x11\x1a\
\xa4,m\x02k\xa2J\x941I\xa9\x0b/\xb8\x00\xde\
K\xbc6-\xab\xb2c\xd8)\x22\x17\x08\xb1\x82\xde\x08\
\x06A\x8dQ\x14\xe7\x09\x8f\xab\xf0\x8fx\x0fG\xe2\xfa\
\xbbld\x9aI\x15>\x1e\x82\xde\x10\xb5\xbecj!\
\xc4\xca$:\x9d\x0eI\x12\x9d\xf1k\xf6\x5c\xc3\xe7>\
\xff9\xae\xbf\xfe\x06T\x03\x9dN\x8b\xc2\x99eN\xa8\
\x06!\x94\x9b\xa9\xa0J\xf0\x1dD\x0c\xd6\x1an\xbc\xf1\
Fv\xef\xde\xcdW\xbe\xf2U~\xff\xf7\xbfN\xab\x93\
GG\xd3\x1al?rGMd\x830\xd1\xa1\x8d)\
y\xab\x8a\x9f}\xe5\x95\xda\xa9\x0b\xddq\xe7c/=\
\xf3\xc4o\x03\xbf\xbd\xfb\x86\xbd9%\xa0D{\xc0\xcd\
\x08\x85(\xb3'\xaa\x15\xac\xc7 j\xb1\x04\xe6\x8e\x1f\
\xe7\xe4\x89c\xa5\x8c\xaf\xc1\xab\x10l\x9ce\xfa\xf7\xb7\
\xda\xe7\x84V\x18\xcd\x0a\xfe#F\xd0\x10\x11\xba\xd2\x87\
\xab\xee:\xa4UJ_bM\x98\x06%\xb5\x09E\xe1\
\xb1\x08V\x03\x16!1\x02D\x89\xe5sI\x8aV\xd7\
\xa7}\x90\x01\xd4`\x82\xa0\x92\xb08\xbb\xc4\xf7\x1e\xfe\
.\x13Sk\xd9\xb8y\xd3\xf1\xdc\x86\xbf\xfe\xf2\x89\xf0\
p\xd5\xa4\x0b}\xef\xdeMv\xd18\xa1\x00\x828)\
eb\x8c\x9e\x07I\xb8`@v\xfe\xea?\xff\xe7\xc9\
\xef|\xe9K\xefYL\xcf%[\xd5d\x5c&\xb6\xa3\
\xfc\x0d\x11\xdd\xb8*\x8a\xb8\x9bN\xf6l\xda\xb8\x91Z\
\xad\x86S\xd7\xcb6\x97\x9a\xc4!(\xf3\xf3\xf31\xe5\
\xa4\x8e$Iy{$\x13\xfa\xaf\x85\xf3\x9f\xda\xd4\x10\
\xa7\x84\x84\x17_x\x99\xe3'f\x99\x9a\x80Lz\xd8\
\xcdX\xa0DYTt\xa6H\xe8\xd0\xe5\xf5\xcf\xec\x03\
EY}\x0b\x7f\x17'\xaa\x11/\x96Xv]\xb6\x96\
_\xfd\x9b?\xcb?\xfcG\xff\x82\x85\xf6\x02$5\x92\
\xc4\xe2\x9d\xb0T@\x92\x8eRkl\xe6\xc0\xe9#<\
\xf4\xedgYlm\xe7\xeek70*\xd0\xd0%\xea\
\xb6@\xb4\x09y\x13#\x8b\x14~\x96l\xac\xc1\xf6\xdb\
6\xb3x\xd3N\x8e\x9e\xce\xd9\xf7\xca\xc9\x88\x1d\x9d\x9b\
gf\xee$\x85\xd4)h\xe0%A\xc5\xe2%\x89\xaf\
H\x02\xd5-JQ-k\xdfC\xe5\xc0\x1bT\xeb`\
\xeb\xb4\x0a\xca\x88o\xac\x9e\xd5\xa0\x88\xd1\x01\xd8\x85v\
'\xa0\xca\x11\xed'5\x0f\x80A\x93\x9ef\xbd%\x16\
\xc8X\x04\xf5R.\xca\xd2\x8d*CToAB\xd7\
\x19\x08\xe585\xd8\xd8\xc3\xc18\x11/\xbe\x93\xfc\x93\
\x97\xf7=\xfc\x9ev\x82*\xdb\xbd\xfb\x9e1c\xcd\x7f\
\x1a\x82~@U\xd3\xd8\xea\x9e#\x0f\x90\xa5)>\x04\
>\xf2\x91\x8f\xf2\xb9\xcf}\x8eu\xeb\xa6\xc8\xf3\xbc\x14\
U\xd0\xae\x1c\xe72\xd3^\x1a\xd7\xd8\x08\xd3h\xb5\x1d\
EQ\xe0\xbc\xe73\x9f\xf94\xeb\xd7\xaf\xe3\xdf\xff\xc7\
\xafr\xe2\xc4\x898\xceW\x89\x09\x8a\x11L\xb0\x04\x02\
\x82\x9cd\xd7\x9ca\xff\x85\xee\xbd\xf37E\x5c\xe4/\
+\xdb\x19\x958z\xef\x97?\x06U\x08\x01cb\xbf\
6\x92:\xcdN\x9b\xc4\x1a\x8cX|Y=\xdf-\x06\
\xea\xe2@\xbb\x15J}\xe7,a<bQ\xd3\x97>\
\xef\xbf\xae>\x074\xfe\x00j\x14k,5\x1b\x83\x05\
\x15'E=M\xc8s\x89\x8c\xcfga\xfaX1\x01\
\xa4\x95\xfa\x5c<cb\x12\x16\x16\xda\xfa\xc8\xf7\x1e+\
.\xbf\xfa\xf2\x07\x97\x9e?\xfc'\xd7]w\xdd%\xe7\
s\x05\xbbh\x9c\xd0\x07\x9e\xbdV\xcc\xd68Sw\x05\
\xb8\x86\x0b\x03\xfal\x19\xf9w\x90\xeea\xd6\xda\xb6\x91\
\xe4\xf0\xef|\xe9K\xef\x1b<\xd5%\x1b0\x93Z\xb9\
\xc3\x07\xdd\xa1\x8a\x8d*m\xe5b_F\xf8\x5c'G\
\x8cb3\xcb\xc4\xc4\x04\x1b7m\xc0\x85@\x08\x1e\x1f\
*nP)I\xaf\x95\x93'O\xc5\x82\x065\xa5Z\
\xdfP\xb5\xe5Y\xea\xe5\x86\xab3\x97M\x84\xc3\x84\xd9\
g\xd3u\x97\xa1c\xab\xe3\xd5\x10\x5c\xc2\xe9\xb9\x9cW\
\x0f\x1ee\xe3\xad\x97\xa1\xae\x89h^V\xb5\xc76\xa8\
\xfa\x81\xe7gY{\x96m\xf0\x860\xd8\xab^^\xb9\
\xe8\x8b\xc3\xe5\xf3\xd4m\xc2\xc7\xee\xb9\x86\xd9_\xfd+\
\xfc/\xff\xeb\x7fd\xbe\xe5\x22i\xbc\xb1\x98z\x86\x17\
KN@\x92M\x1c\x98?\xc1\x97\xff\xf4\x00\xc7\xe7\x1c\
?}\xf7n\x8c\x99\xc5\xdaEF\xd3\x02|\x8e\xe6\x05\
\x89\x0d\x18-\x08\xa6EM2&\xd7\xd6\xb9b\xdd\x14\
\x9f\xbe\xeb\x0a^?\xd5d\xdfK\xafs\xe0\x8d9^\
?9\xc7\xf1\xf96\x85\xa6t\x0a\xc1\x9bqB2B\
N\x1a+\xeb\xd5ti||\xe9\x1cj\x9f\xfaN(\
#\xbc\x95\xc3\x1ak\xd1\x1c\xa1\xcc\xc3\xa8\xc4\xa9\xd7\x94\
\xa9\xf7\xae\x03\xde\x87\x16\x0a}\xb8\xb8\xa0\x11+\x97\x84\
\xc86)\x92`*\xb6\xec>\xa7GQ\x8d\x82\x0a\xa5\
\xea\x14\xdd\x958\x88\xe2U\xf45\xd4<*\xf9\xe1\xf7\
bU\xf6\xca#f\xa46%AnR%A=F\
\x22\xe9n\xb5Q*\x9c'\x98\xc0]w\xde\xc5\x03\x0f\
<@\xadVca\xa1'N\xb4\x92\x84\xaa\x88\xe0\x5c\
Q\xde;\x83I\x12Z\xedV\x8c\xba\x99\xaaH.\xda\
\x8d\xb7\xdcL\xe1\x95/\x7f\xf9\xcb,,,\x94\xca\xbe\
\xe5=\x95*\x92j\xa2\x0c\xad(6\xb2\xef\x16\xef\xe5\
\xa2\xa4~\x13\x09\xaa}\x99\x8f\xb8\xc7\x0c\xa5\xa8\x87)\
\xa3\x96J\xf01%\x8f\x1a,\x82\xf3\x8e\xa4\x84,E\
\xc1\x0c\xc1\x84\xb0,\x95\xde\x1d\xc2\xfd\xe3\xbc\xbb\x8b\xed\
m\xf2\xfa\xa7\x181\xd2K\xd4TJd\xa6|^\xbc\
#1\x11\x16Q\xcday\xd1\xeen\xaac\xda>\x16\
j&&>\xe3\xdd\xc8k\xf9\xbf*\x88\xd5\xfdJ#\
\x88\x9a.\xe4\xc5\xd8:hAs\xb1\x1d~\xf0\xfc\x93\
\xfff\xdfC\x0f\x87\x87\x1ez\xe8B\xdf\xaaw\xa5]\
,d\xf5\xec\xfb\xc2ur\xcf\xf8\xa6\x8f#r\x97\xf3\
\xdep\x96\xa0\xfb2'\xb4\xef\xf7HX\x9c\x1e\xb8\xe6\
\xd3\xf7\xfe\xd1\x13_\xff\xfa\xfbb\x22\xbfd=\xbbz\
\xef}\xeb\x10\xf9;A\xf5\x96\x92ud\x19]\xbc\x18\
C\x9aZ\x82\x06\xb6\xef\xd8\xc2\xf6\xcb\xb6\x97\x84\xf51\
yjM\xc4\x81Y\xb1\xb4\x97:\xbc\xfe\xda\xeb\x14E\
AU\xaes\xae\xca-\xab\xbd\x7f\xbeI\xfd\xee\xf7w\
\x83\x04\xd5$\x1b\xf9;\x0d9\xbb\xaf\xdc\xce\xe5\x97\xad\
\xc3\xd0\xee\xa6\xe3\xbb\x13z\x08\x03:\x94\x1a\xa2&|\
\xf5\x12\xd1rR\x7f\xab\xaf\xa8[o\xd4c4p\xd5\
\x15\xbbXZ\x9a\xe7\xc9'\x9e\xc0\xda\x14\x92\x1aj\x12\
\x82\x08A\x0cH\x0a\xb6F\xc7'\x1c~c\x96\xb9\xb9\
y\xa6\xd6M\xb3f\xdd:\x0a\xaf$b\xcbHLA\
*\xd1\x11M\xc8IhQ\xd3\x16\xa9.1jsv\
_>\xcd\x0d\xbb\xb7r\xf5\xceivm_\xcb\xf4\xb8\
\xd0\xb0\x1d\xdc\xe2IB\xeb\x14\xda\x9e#\x0bMR)\
\xb0\xa1\x8d\x09-\xc4\xb7i\xd4\x12\x0c\x81\x10\x0a4x\
l7R\x13_RV\xb6\x0b\xb6\x94Z1\xa0\xb6\x07\
\xcf\x90\xea\x1eH\xd7CW\xd3#\xcb\xee\x8f:\xc7\xd1\
hJ\xdd\xea\xea\xafqQ\x1dR\xd5\xe8S\xe2\x92B\
`)\x18\xff\x0b>\xf7\xff\xe1\xe5\x17~<\x0b\xef\xf9\
\xb4\xa0\x5c\xb1\xf7ckFR\xf9\xc7\x01\xeeW\xf5\xa3\
\xb1\x7fz\xcf\xab\x12\x9d\x8a\xcb\xaf\xd8\xc9\xcf\xfd\xdc\xcf\
1>6J^\x14%\xf7m\xe9\x1cU\x9bG\x1fU\
\x8eB\xf0\x84\xe0c\xd1\x0bD9G\xef\xbb\xd4jP\
r\xb2\x97B\x02\xaa\xca\xb6m\xdbi\xb5Z<\xf3\xcc\
3\xd4k\xf5\x9e\x88D\x9f\xb2\x9a\xc4\xb4H\xfc,\xe1\
\xd9\xd33G\xbe\xc2\xfb`#\xb0nz\xeb\x7f\x89\xc4\
\x80\x96\x94\xd6w\x8bz\x1b\xdc^\xdd]\xb7\xef*\xb1\
\x8bJ\xb8\x81\x12\xb6\x12!@\xae\xfb\x92*\x9d\xaf+\
+\xb5i\xa9.\xdfSf\x1b\x14\xcf0\x02\x15\x91~\
\x0cV\x07\x06\xe5Az\x8eoEx?\x88\x09\xe8\xb6\
\xa6\xfb\xaf\xf6\xad\x0a\x22\xa6\x9c\x0b!H$\xc9\x0f\x12\
\xd8\xb4cK\x98\x9a\x98\x9aY\xb37\xfd\xe1\x1bO\xbc\
\xd1\xfb\xb2K\xd6\xb5\x8b&\x12\xca\x83\x0f*\xbf\xf3U\
\xcf\xdbR\x98$\x0a\xbap)\x12\xfa\xbe4S\xb7\xd9\
x\xa1\xf9\xb6\xd5\xf4\xa6!:\x99E\xd1\xc1f\xc2\x95\
W^Y\xf2\x0c\xfa\xd2\xf1\x14\x12\x9bt\x95V\xe6\xe6\
\xe6h.5\x81\x1e6\xe9\xddh]\x9eD\xa0\xd3\xe9\
p\xe0\xe0+t\xf2\xab\xb0\x89\xc7x\x17u\xb0IJ\
E\x12\x96\xe1\xb6\x06\xcfu>\xe8\xd7^\xda\x1fM\x80\
\x0e\x19\xca_\xfb\xec\xbd\xb8\xa59\xbe\xf6\x87\x8f\xb1\xa4\
\xa3\x14\x9a\x12HP\x81\x8e7\x88\xafc\xd3QZL\
\xf2\x9d\x17Np\xe0\xd8\xd3|\xe4\xf6\xcb\xb8\xf3\xdaM\
L%-\xc6\xcc\x22\x09K\xf8\xd0)\x8b\x82\x02\x09\x0e\
p\x18\xdf\xc2b0\xc5\x12\xe2`\xd7D\x9d\xcb\xc6\x0c\
w]\xb1\x85V\xbe\x8d\xd9%ev\xb1\xe0\xd0\xeb'\
y\xed\xd8i^;q\x92\xc5\x5cXj\x07\x9aN1\
\x9d1,5\x8c3\x04\xb5\xa8\xa4\x91\xcf\xd3d\xf1\x1a\
1D\x84f\xa9RUF>C\x1fC\x00\xa6\x17\x99\
\x09%\x8b@/a_:\xb5\xdd\xff\x87\xe8|\xaft\
\x1b\xf1}z\x9f\xa2\x88\xa8\xa8y=\xa0\xff\xc5~\xd3\
\xfc>\xfb\x9e\xe8\xad\xd4\xefa\xdb\xb5kW\x96ev\
:xw=\xaak\xa1G\xc9$\x12\xa3\xf5\x1a\x94\x89\
\x89\x09>\xf3\x99\xcf066\xc6\xe2\xd2R\xc4l\xaf\
\xf8\x0cV\x8c\x17\x10\xbc'\x84\xa2\x8b\xf3\x8c\xd4\x91\x16\
cltZ\xfd\xf0\xe7\x0d\xf7\xdf\x7f?\xaf\xbcr\x80\
\xe7\x9e}\x8eZ\x12\xe9\x80\x06o\x8cj\xe9\x1f\x0b*\
{`\xaf\xc0\x13\x17\xba\x1b\xcf\xdbD\xd4j)\xc7\xa0\
\xe5niEj,\x09\xa5\x9c\x94\x12\x86R%\xc3\x8b\
\xb2\xaa\x0ef*\x07#\xad\xcbl\xd9\x9c*C\xf15\
\x11DL\x8c\x86jX\xf1\x1c\xbd1\x11\xce\xea&\xf4\
.\xbfTg\xaa\x22\xde\x94\x9b\xc7\x14\xae\xbe\xe6j>\
t\xff\x87\xb3\xe33\xc7\xfe\xc1\x96\xe6&\x7f\xc5\x03W\
\xfc\xf6C\x0f=\xf4\xbe(\x04|;\xed\xe2qB\x01\
\xd0\xf6\xdbQ\x96,\x11\x9e\xb5\xeb\x8b\xff\xf2_\xd6\xfe\
\xd5/\xffr\xfb|\xcfw\xc9\xde=v\xed\xb5\xd7&\
\x92r\x87v\xf4*\xad\xc0\xf5+\x98\xf3\x1ec-\x1b\
7M3>>2P\x15\x0f%\x1e4\xc4h`\xb3\
\x19\x15\xf9\x22\xc9\xfb\xbb\x7f\xfe\x09\x18\x5c\x118v\xec\
\x04y\xc7Q3\x01B@J\x9d!\x85X|1\x90\
\xd2\x1f\xdc\x8fI0g\xc5\x5c\xaf\xca\xcd'Ut\xc4\
\x80z\x0cJ&\x05\x93\x8d\x82\xbf\xfc\xa9;1!\xf0\
\xbb\xdf~\x96\x96\x0aH\x1d\xaf\x19\xd8\x0c\x9b\x8d\x92\x17\
\x1e\x9b\xd5\xe9\xa8rpq\x9e\x7f\xfb\xed}\xbcp\xf0\
\x18\x9f\xb8\xe3\x1a\xae\xde\xbc\x89\x89d\x09\xab\xf3\xb1\x02\
\x9f\x1c\xc1aC\x00-H\x8cP\x14mL^\x90\x86\
\x94\xbaIpZ\xa3!\x19k\xd7\x8c\xe0&Rn\xd8\
\xb6\x91\x90\x5c\xc9|\x0e3\xf3m\x8e\xcd,0;\x9f\
s\xfc\xd4\x12s\xcd\xc0\xcc\xe9&\x0b\x8bM\x9a\xb9\xd2\
q)\xed\x22\xc1\x99\x06N\xc6\x22\xcfg\x90\xb2hK\
\x97\xb7\x99\x12\xee@\xc0j(#\xc1U\xa4\xc7\xf7M\
]\x09BV:\xb4\xd5\x8b\xf8\xaf\xb8\xbe\xa8M\x88)\
I5\xb9\x11\xfd\x17\xcdN\xfb\xcf\xf8\xf1\x13\x8e\xf7\xc9\
\x22\x98\xad\xdd\xbe\xab\x86\xfefG\xfd\x0d\xdd\x8a\xb9\x15\
\xec\x96[n\xe1\xea\xab\xaf\xa6(b\xa6\x02V\xd84\
\x05\xe5\xf0\xe1#\xbc\xf8\xe2\x8b\x1c>|\x98\xc5\xc5E\
\x00\xa6\xa7\xa7\xd9q\xd9v\xae\xbcj\x17\xd3\xd3\xd31\
*\xea\x5c\x89\x01\xee=\xf3\xde\x17Xk\xf9\xf8'>\
\xc1\xeb\xaf\xbdN\xdeZ\x22x\x1f%>\x83\x8f1i\
\x11\x11cT\x83\x17\x94\x89\xa9]s\x8dS\xfby\xcf\
\xa7\xe4\x15k\xaa\x98|\xff|\xa9+\x14.v)\xee\
\xbc\x1b\xd8\xc4\x0e\x172j\x18\x9c)\xfboW(\x8f\
\xd7\x15\xce\xdb=\x9f\xf48Y\xcb\xeb\x8a\x01\x00zp\
\xd5\xe1\xf9\xa7\xdf1xs\x0fH\xc4 \x07\xa9T}\
\x1d\x97_y\x05\xf7\x7f\xea\xa3\xb2fz\xad6\xd6\x8e\
l8z\xf4\xe8?\x1e\xfb\xe0\xe8\xc9Oo\xda\xf4\x15\
\xd8\xcf7\x7f\xeb\x9b\x9dw\xfe\xce\xbc7\xecbqB\
\xe5\x81\x07\xbe\x5c\x95\xb5: \x19\xde\x09\x9b\x15pA\
+\xfd^n\xf7L\xbb\x15\xd2zX3\x01\x5crB\
\xdfG\xd6ln0\x13c\xe1>UY{\xa6\xa9\xc8\
\x85\xa8u\xbem\xdb6\x92$\xa5\xe3\xdat\xd3@\x0a\
\x04\xc5\xa8!\xa8p\xf2\xc4\xa98\x09B\xc4\xf1q\xf6\
\x1c\x9c9Kz\xfe\xfc\xa3\xa9\xd5x\x0e\xb1\x82X\xfb\
#\xa1\x8a\xd8\x84\xa3\xc7gXl\xb6\x19\xad\x85.n\
'>>\x91\x1f\xf1LW\x18\xceBB\xd1\x85-\xae\
\xd2\x9eX=\x1e\x1dQ\xa31\x80R\xa3\xcd\x98,\xf2\
\x97>|3\x1a,\xdf\xf8\xb3\xa7\xd0\xbcA\xa8M\x92\
\x93\xe04`S\xe8\x10\xb0\xe9\x18\xb9f8\xd3\xe0\x91\
\x03\x8b\xec?\xfc#n\xde\xb5\x8e\xfb\xf6\xee\xe0\xf2\xf5\
\xd3\x8c\xd8%\x12\xb7H=\xf1\xb4\xf2\x05\xc0aQ\xc4\
\x18F\xea\x15\x1d\x93#!\xe0\xb4\x89/\x16\xe2:k\
\x84P$\xac%cb,\xe1\x8a\xf1:\x811r\xbf\
\x96\x22$\xcc7\x1d\x8b-\x87\x97:\xc7\xe7\x0bN4\
S^>\xda\xe4\xb9\x83\xf3,\xb4;\x14d\xa8d\xc4\
H\xa6`\xd4\x02RbECI\xf7\xd3&\xb5\x05\xa1\
\xb3\x04\xda\xc6\xfb\x0e\xb5zJ\x92&\xd4\xea\xe3\x14\xce\
\xd3\xca=h\x0dLZ\xa6;-\xaa\xbed\xcd\x8aU\
\xc4\x8a\x86\x04\xe9\xa0\xf2\xbc+\xfc\xd7_\x7f\xfe\x07\xa7\
y\x9f8\xa0\x00\xc6\xd8;\xf3\x22\x5c\x17\xbcd\x91\x88\
B*^p|\x19\xc5l\x8c4\xb8\xeb\xae;\xe9t\
\xe2\x9a\x1f$2W\xb8\xc2\xd3\x18i\x90\xe79\x9dN\
\x87\xef\x7f\xff\xfb<\xfa\xc8\x0f\x98\x9b\x9b\xc3yW\x16\
\x92\x09\x07\x0e\x1e\xe2\xd1\x1f\xfc\x805k\xd6\xf0\x91\x8f\
~\x84\xbb\xee\xbc\x8bZ\xadF\xee\x0b\x9c\x8f\xa9\xfb\xca\
\x19\xb56a\xeb\xf6-\x5c\xb5g\x17?|\xf4\x07\xd4\
k\xb5e\xd7\x1c#e\x82\x85\x0dc\xd2X\x7f\x0a\xe6\
\xdfD\x93\xdf\x95fl*\xc1WP\x9c\x0aS\xd2_\
d7\x98\x85\x8e\xe4\x0da\xc0\xe9\x93a\x02\x12Y}\
\x93*\x12\xb7eC+\xf6\xd0\xc7\x07\xdf5H\x17\xe5\
\xa3\x04lb\x07\xbe\xbf\xdf\x1f8\x13>\xbf\x07\xae(\
\xcf[bC\xd3\xd4\xd2\x09\x0e[\xb7\xac\x9b\xde\xc4\x9d\
\x1f\xbe\x83\xda\x9a:\xb9\xb6!U\xd6mX;vz\
.\xf9o\xaf\xd9c\xb2\xff\xfe\xc4o\xfd\x9b\x0bs\xa7\
\xde\x9dv\xb18\xa1\xfa\xd0C_\xf0\xff\xa7O|\xb5\
\x15\xb5\xc3\xde\x16[?\x22l\x06\x8e_\xe8\xc6]\xb2\
\xb7\xc9\xf6\xeeM\xc7\xb3\xf4NW\xb8\x8f\xa8\x86\xf4L\
\x87\xa6i\xca\xd8\xd8\x08Sk\xa7V\xa4#\xf2\xce\x91\
&\x19s'N\xb1\xb4\xb8t\x86B\x9cw\xab\x19Z\
y\x11\x17o\x8d\x8b\xa9\xd1@(\x17\x07-\x1d\xc4\xb7\
jg\xee\x8f\xd0u\xd6\xab\xd4X\xf0\x8eF\x0a\xa3\xf5\
\xc0\xc2\xdci>\xfb\xd1\x1b\x99\x9ah\xf0\xef\xbe\xf9\x08\
3\xad\x02S\x9bBu\x04E\xf0XTS\x82$\x88\
4\xf02\xcei\xe3\xf8\xb3\xa7\x8e\xf2\xd4\x0b\x87\xb8\xf5\
\xaain\xbdf3\x97MO\xb0fD\xc8\xb2Q\xac\
_,e;\x1dF<\xd6uJJ\x19\x0f\xaaX\x0a\
L,\x87\xa7\x8a>*\x09\x8e\x0cO\x86\xd5\x1a\x99d\
\x8c\x8cg\xb0v\x8c\xc2\x8c\xb3\xfd\xb2)\xdeXJ0\
c\xf3<\xb5\xff/\xd0R6T\xe9K\xc1\x97Nv\
f-\xce\xb5Q\xd7A\xc2\x02Sc\xc2\xde\xbb\xaeb\
\xd7\x95\xdb\xd98\xbd\x96\x91\xd1:\x8d\x91q&\xa76\
\xf2\xc4S\xfb\xf9\xa7\xbf\xfd\xe5x\x0dj\xbb\xc5O\xb1\
\x80\xae\xb7\x1a\xc7\xfa\x0e=\xad\x9a\xff\xc5\x5c\x98{\x95\
\xf7\x01\xfe\xb0\xb2m\xdb\xeenh\xd0;5\xe8-\x83\
\xe8\xbchI\x92R\x149W_u\x15\xeb\xd7\xaf\xc7\
\x85\x18\xa9\xefR\xf8XC\xab\xd9\xa2p\x05\xdf\xfc\xc6\
\x1f\xf2\xc3\x1f\xfe\x90V\xbbE\x96fX\xb5\xa5v\x83\
\x96\xba\xf1\xca\xdc\xdc\x02\xbf\xff\xfb\xbf\xcf\xeb\xaf\xbf\xce\
'?\xf9I&&\xd7\x0c|_\x05\xb31\xc6\xb2k\
\xd7.~\xfc\xf8\x0f\xf1\xcec3[:\xb4\xfd\xc7\x1a\
\x80,\xb1\xd9\x17\x80\xff\x07\xe5\xa8z\xaf\xd9\x8d\xb7}\
x\x16a\xac\xd3)\xba\x9d\xdf/\xe8\xb1\xdaF\xd9D\
g\x95\x81\xe18P)y\xf6y\xa5W\x02\xd4\xfd\xd0\
\xd0\x11v\xf0\xfc\xc3[\xe6\xa0+\x96\x85T\xecfo\
v\xba\xeet:H#az\xeb&>\xf4\xb1{\x99\
\xde:E0\x8e\xdc;D\x12\x92F\xca\xbad\xcd\x96\
\x19W\xfcw\x7fw\xfa\x1f\xce\x1e~\xe0\x99o<\xf4\
\xd0%\xd5$\xb8x\x9c\xd0h\xaa\x0b\x12w\x9e\xeb\xcf\
\xfbT 4\xddk\x17\xbaI\x97\xec\xed\xb3\x9b\xcd\xd4\
u>\xf8\x8f\x85\x10.\xe3,\xb5?EQ\xb0y\xf3\
f\xd6\xacY\x13\xa3\x82U\x91\x0e\x94\x91\xbbX\x98t\
\xec\xe81\xf2<\xefFE\xe4-\xf3\x82\xfd$-V\
\xf2..-\xb1\xd4nBOh\xac\x8cN\xf4;Q\
\xab\xd8\xd9E\xfc\x86~\xefM\xfb&\x0aS\x12\xa3\x85\
\xbd\xef\x93,eb\xbcF{\xd1Q\xe4\xc7\xf9\xc4]\
\xdb\xc9\xea\x81\xff\xef7\xbe\xc7\xc9\xb6\xd0RG`\x04\
\xc5\xe0$-\xaf7\xe0\xbd0_8j\xe9\x16\xde\xe8\
\xcc\xf2\x87O/\xf0\xbd}3\x5c\xb5c\x92kwN\
s\xd3\xd5[\xd8\xb4v\x8aD\x17\xd0\xd0\xc6\xb8\x05j\
\xde\x93\x96\xd7\xd0\x8b]\x97\xbc\x1aj\x90\x90\xc4\x0c\xb0\
$\x04M\xf1\x92\xa2I\x1d\x92:\x1d\x1a\x9c\x9a\x87\xe7\
_;\xc4\xf7\x9f9\xc4\x8bG\x16Y\x0a\xe3\x04\x9b\x22\
iBp=\xa6T\xa3`5 \xae\x85\xe6\xa7Hd\
\x9e\xdbn\xd9\xc1/\xfd\xdcG\xd8\xb5s\x1dS\x13\x0d\
2\x9b\x00\x86V;\xb21\x1c\xdc_`i\xe3\xa5\xde\
\xbd\x0f\x91\x92)\xd2@\x95\x1b\x84\xa0\x1a\x96\x14\xbe/\
\xca?\x9fy\xe1\x85&\xef\xa3(\xe8\xda\xb5\xb6\x1e\xd0\
\xeb\x94\x90\xc1r\x0c\xa2\x11\xa1\xd5js\xe5\x95Wb\
\x8c\xc5\xe7y\x8f*H \x91\x04k-\x8f>\xfa\x03\
\x9e|\xf2IB\x00CB\x08`m\x8a+\x1c>\xf4\
U\xd2\x00\xedV\xce\xe3\x8f\xfd\x90\x0d\xd3\x9b\xb8\xe7C\
\xf7\x0c\xc1oLY\xccd\xb9f\xcf5\xac]7\xc5\
\x89\xa3\xc70\x89\x8d\xd1sB\xc4\xa9\x96\xa3H\x95D\
\x85On\xdau\xcb\xffzt\xff\x93'y\x0fm\x10\
\xee\xfc\xc0\xfd_\xcf\xbd\xbf:/\xdc\xa8*\xb6\xde\xa8\
\xd3i\x17x\xef\xd0\x98\x83/y\xaa\xaal\x06\xdd\x7f\
\x07\xa3\x9b\xfd\xe5\xee\xc3\xf3\xc1\x99\xe0<a\xf8\xd3\xcb\
\x84\x8d\x86?\xbal\xb6\x09\x02\xd6\xf6\xff\xa1t\x9a\xab\
B\xc1\xd5nG\xf9\xad:xL\xd6\xa8cF,\x1f\
\xb8\xf7n\xb6\x5c\xb6\x15G\x9b\x8e\xb61I\x82\x1aO\
J\x82sj\xa6\xa7\xd7O\x9d>u\xea\x1f?\xf4\xd0\
C_\x7f\xe7\xef\xd4{\xc3.*'T\x83,\x1a\xa3\
\xd9y\x9f'\x12\xa1\x8d\xc8X\xb6\x07\xf8\xfe\x85n\xd7\
%;\x7f\xbbb\xef\xc7\xd6h\xc2\xcfz\xa7?\x8bj\
\x86,_\xd8\xfa1`ij\xd9\xbec3\x8a\xa7p\
\x1dL:8\x0b\x06\x1fXh-1{z\xae\xab\xd6\
\xf2n\xb2n%\xe8\xaa~\x89\xa1\xd3)(\xdaeD\
P\x1dZ\xaa&E\xea\x19-\xf1\x8a\xcb-Tq\xa9\
3D4V\xfc\xd6jR/+\x90c!C\xc9\x91\
i\x01\xf5d\x0d\xcb\xd8D\x8d\x99\xc3\xaf\x93\xfb\x19\xee\
\xbea\x03\xeb\xa7?\xc9\xbf\xfb\xc6\xa3\xbc\xf8\xda\x09r\
\xbf\x86\xdcL\xe0\xc5\x10HJ\xc2y\x83\xb3)\xc1g\
\x88I\xb1\x8c3\xd7:\xc9\xdc\x81\x9c}\x07\xf7\xf3\xed\
\x1f\xbc\xc4\x15\x9b\xc7\xb8j\xe7z\xae\xbc|\x03\xe3I\
\xca\xda\xfa\x1a\xac\xe6e\x15m\x88r\xa2TU\xb5\x06\
#\x09\x81\x8cB2\x9c\xa9\xb3\xe4\x13\x9am\xc3\xabG\
O\xf2\xd2\xc1\x97x\xfa\xa5\x93\xcc\xbb:\xf3\xaeF+\
4(\xb0\x88Mb\xf0\xc5D\x0a\x18\xab\x01\x91\x80\xa5\
\x8d)fY\xd7h\xf2S\x9f\xba\x8bO\xdd\x7f\x13\xd3\
S\x8e\x119Fh\x02Y\x0dW(\xb5l\x02_\x14\
\xe0\x170\xe4\xf4\xcb\x9f\x0a\xa6,\x0a1\xdd\x15Y\x90\
%\xf5\xfc\xbf}\xdb\x1d\xe4=\x1am[\xc5\x8c\xaf'\
w\xe2\xfd\xb5\xaa\xc6\x0eW7\x03\xb4\xdam&&&\
\xd8\xb4i3\xad\xbc\x13\xe3f\x157\xb4\xc6\x0a\xe8\xb9\
\xb9\xd3<\xf9\xe4\x93\xf8\xe0\xf1>\xa6\xdf\x8bJ\x86s\
(J\xe6\x9c#\xcb2B\x08<\xf2\xc8#\xec\xbe\xf6\
\x1a\xd6\xaf\x9f\x1a\xf8N\xef\x03\xcey\xc6\xc7\xc7\xd9\xbe\
}\x07\xa7O\xcd\x22U\x85\xbd\xd7\x95\x02o\xf7\x8e\xa4\
\xe6\x81+\xae\xd8\xfb\xf5\x03\x07\x9e8\xcc\x85sD\xe5\
\xd3\x9f\xfetV\xb7\xf5=\x1d\xd7\xf9\xd5N\xa7s[\
\xab\xe3\xa6D\x98\x0c\xca\x22\x98\xb5\xc0\xa2\x08\xeb5\x82\
ik\xe2\x0a\xeaI$\xbdu\xbe\xc0Z$f z\
\xc5\x8d]\x7ft\x85f\x9dm\x8f\x1a\x0b\xf6\xce\x14\x11\
\xed\xa3X|\x0b\xb5\xc6\xaa\x91\x15\xc1\xf4\xc9y\xbe\xf9\
\x93\xf4\xf8}\xf3<g\xcb\xb6\xadLOO\xa3\xaa\xe4\
E\x1e\xe5N4\xd0nu0\xd9(Y\x96\x89\xba\x10\
\xd6LNN\xff\xb7\xff\xe1_l\xfd?\xfd\xe5\xbfu\
\xf8m\xba\x7f\xefi\xbb\xa8\x9cP+I\xb0br\x8b\
\x03\x0do\x99\xac>\x84\x80\x04_s\xbeh\xbc\xb53\
\x5c\xb2w\x9b\xd5jaR\x0b{\x95\x06\xd9\xda+\xc5\
\xec\xa3\xe5\xb2\x06\xef\x22\x07\xa8\xaag\xdbe\x9bY3\
9J\xadf\xf1\xdd9\xb0\x179\xa9g\xa3\xcc\x1c9\
L\xab\xd9\xc2X\x13\x11\xeb\xf4\xd2\x81\xf6,\xa8\x90\xb3\
\xa5\xef\xfd[-\xfaY\xc1\xe2\xc21\xf4y\x89\x93\xfc\
\xfc\xc9Y\x8c_\x8bH\x01e\x0d\x85\xaa\x81\xc2\x0f&\
\xbb\xfa\xa3B\xddv\xae\xdcFe\x15E\xa5\x8ap]\
\xc1\x97\x91\x06-#\xa1*\x12\xe9Z\xacerz=\
\xbe\xbd\xc4\xe9\x99\x19L8\xce5\x9bF\xf8\xcf\x7f\xfe\
^\xbe\xf6\xed\x1f\xf3\xf0\x0f^a\xae\xd5F\xeb\x9b!\
\x1d\xc3\xa9\xa2*\xa5\x14`\x12\x19\x0cIHF,9\
\x1d\xf2\xe0Yh\xe5\x1c\xdc7\xc7w\x9e\xdf\xcf\x9a\x91\
\x97Y;f\xd8\xb1i\x0dSk\x1aL\xaf\x9bbj\
|\x82z\x96b\xb5(\xab\xd4\x0d\x81\x94\xa5\xa6cv\
\xae\xcd\x5c\xbb\xcd\x8b\x87Npbn\x89\xe3\xb3K8\
\xdb\xc0'\xeb\xf0\xd4Q\xc9\x086C\xbc\x895\xed.\
\xf2\x1aZ\x11\x8c:\xac_\xc0\x84Sl\x9fV\xbe\xf0\
\xb9\x0fq\xff\xbd\xd7QO\x96H\xa4E\x82\xc7\xa8\xc1\
8\x8f\xf5\x06)\x9ax\x93\xb00wr\xe0\xdeE\xaa\
\x82R\x1d^\x13@\xb0\xc1\xfb\xa0:\xa7\xca\xf1\x03\x07\
\x9eX<\xf7\xd1\xf0\xee\xb7m\xdb\xee\xae\xa9\xca5*\
f4\x10D$jS\x0d\x14\xca\x09\xac\x9b^\xc7\xd4\
\xd4\x1a \xf4E5K\xe7\xc6\x06^~y?\xa7N\
\xcct3\x17JO\xe1L\xbb\x91\xb1rL\x9a\x04\xe7\
\xe2\xcf33\xa78\xf8\xf2\x01\xa6\xa7\xd6\x81\x8f\x05/\
]\xe7\x15\xa1\xd3)\xd8\xb6m\x07?\xf8\x8b\xc7\x18\x1b\
\xaf\x95\x9b\xd7\x8a\xba\xcc\x08J\xac\x92W\x91\xa0\xfa\x7f\
\xd7\x84\x1c\xae\xfd\xd7\xb0\xaf\xe0\x02D\xab\x7f\xe6\xfe\x9f\
\x99\xf2R\xfc\xc6\xfc\xe9\x13?\xdfl\xe5\xdb\xd5\xb9,\
\x04W\xf2|2\xa5A\x04\x98\xe8\xc7J\xc6\xa0\xa1\x88\
XK\x9ae\x04\x9b\x92\xda\x94f\xcbQ\xab\xd5)\xf2\
\x9cj\x9b\xdb\xbb/\xb1\xffD\x97\xefO\x87\xa7C\xd3\
\xfd\x92h~\x88@\xde\x9a\xa4\xef\xbc\x82\x1a\x1d\xb8_\
v\xd81\x1dJ\xf7\xc7\x8c\x81\xc7W\xc4\xbdo\xd2\x17\
\xd0\x92I-H\xf9\xb3\xb5\x9c<y\x92\x83/\x1f\xe0\
\xea\x1b\xae\xc6`\xb0\x9ah\x00\xac/\xd0\x00\xb9\xcbU\
\x82v\x8c\x95?\xfb/>\xff\xb7^\xffI\xdf\xe7w\
\xab]TN(\x12\x93.\xe7u\x8aH?\xa6\x16&\
C\xb0\xdby\x9fh/_\xe4f\xb3\x90\xdc\xe54\xdc\
.\xe8\xe8J7\xb3(\x5c\xa4v\xf1\x05\x22\xb0i\xf3\
z\x8c\xf1\xf8\xb0Rq\xabaqa\x89S\xa7N\xc7\
\x891,\x07\xca_h\xab*W\xd5\xac\x1e\x09\xad\x08\
\xb7E=A\x0a\x8c\x16\xc4\x08DL\xf9\x0e<I\xc3\
\xe905\x04Y=\xf8\xb6\xba(I\xc4\x8b\x89H\x04\
\xfd\xf7\xf4\xce{\xe7\x16ab\xed$\xa1h\x91\xb7\xe7\
\xd1\xbc\xc5\xe6q\xc3/}\xfeN\xae\xbab\x1b\xbf\xfb\
\x07Or\xe0\xe8kx\xb7\x96\xc4\xd6Hj\xe3\xb4\x8a\
\x00D\xb9\xcb\xa0\x09\xaa\x19`\xf0\xa2\x88\x8caG'\
)\xc2\x12\xed\xbc\xc9\xa9S\x05/\xbc1KbN\x92\
\xa5\xaf\x93\x09\x8c6jXuQ\xba4\x08.\x18\xda\
N\xc9\x0bhy\x8b\xad\xad\xc1\x9b1B\xba\x16/\xb5\
\x08\x070\x16\xd1\xb2\xb0*\x89\x9b\x17\xa1d\x19pm\
\xac\x9f'\xd1Y\xee\xb8y;\x7f\xfdg\xef\xe5\x9a\xcb\
\xd7b\xdd\x0c\x0d)\x10-0*\x88&\xa0I\xe9\xfc\
\xc6\xef\x97.\x8f!\xfd\xd2\xb0\xa2\x04EM\x5c\xe1%\
\x18\x81\xfaiYx\x86\xf7W\x14\x94\xd1i\xb3V\x90\
\xbf\xecU\x07\xd6\xaf\xfej\xec\x10<\xf5z\x1dIW\
Z\xe2\x02\x9dN\x87\x93\xa7N\xe2|\xc5:08\x8d\
G\xdcf`\xb5\x00\xd9\xe1\xc3\x87\xb9\xe5\x96[\xba\xa4\
\xf6\xc3\xbc\xbf\xf5z=R;\x95\xc4\xe7FL\xaf\x22\
_\xac`\xd1D\x9c\x84\x10\x1a\x18\xfe\xc9e\xd74~\
(r\xfb\x91\x83\xfb\x1e;\xceO(\x22\xfa\xe9O\x7f\
z\x22\x09\xc9v\xa3\x8b\xff\xaa=?s\xfd\x98/\xb2\
u#F\x12#\xe4\xf9\xf2\x88p?\x05h\x08\x01\x11\
K\xab\xd3\xe1\xe4\xd2,\x1d\x19!\x19\x99d\xa4\x9e\x11\
\x10\xac\xa4\x04S\x10By_\xa4\x9f\xf3\x96R\xc1\xab\
\xff\xe6\xbd9\x9e\xe4\x18\xd1\xae\xa8\x91\xca\x7fK\xcd\x8d\
\xb3\xe2\xef%\xf0vP\xa4\xf7#\x91U\x03E\xbb\xe0\
\xb1G\x1eetl\x84\xcbv\xed\xc0\x13diqI\
\xb3,C]\x08&\xa6\x93\x1e.\x5c\xf8\xa7\x5c\xf2\x19\
\xbavQ9\xa1\x8a,\x8aj\xeb\xfc\xce\x81\x1a\x8d\x8c\
o\x88\xa6\x5c\x1aL\xefy\xbb\xf6\xdakmp:\x19\
BhhY\xe5\xd1K\xc5\xf7R\x9e\x8a\x22&\xb0~\
\xfdZ\xb6n\xdd\x8c1\x96\xa2\xc8\x01\xb0\xa5\xd3\x16b\
j\x94\x85\x85yN\x9f>\xdd-X\xb0\xe7\x22H\xfc\
.\xb2X\xe2\xb2|-\xecbB%\x9ca\xe4\xf7\xa4\
&\xdf\xf4\xf7V\x11PJ\xcfi\xb8\x80\x81\x18%\xcd\
&\xd73Z\x14\xf8\xd9\x02\x1b\x96\xf0\xed\xe3d\xb5&\
\x1f\xbd}\x9a\xab/\xfb(_\xfb\xf6\xd3\xfc\xc5S\xaf\
1\xb7\x94P\xf8q,cx2\x5c\xb9B%!^\
\xa7\xab\x88\xa5\xf1$\xa6N\x9ad\x14\x04\x92l\x1dy\
\xf0\xb4\x0a\x87\xba\x02\x93\x07\xach7F\xae\x98\xc8\xd3\
iS4IQ\x9bEu\x18\xc9PbTM\xcb\xda\
\x07\x95\xe8x\x1a\x0dX\x1c\xa9\xb6\xb1n\x96\xf5\x13\x81\
\x9f\xfd\x99\xfb\xf8\xf0={\x98\xa87\xc9\xecI\xb2\xb4\
\xe4d%DM\xfa\xd5\xfa\xa9\x8f] \x8e1\xaf\xd1\
\x11\xaaxhEUM+\x0bc5\xe0}\x15\x09M\
L}\xb7\x0a\xa3\xc4(\xe8\x8a\xc78\xe7i4FH\
\xac\xed:\x7f\xfd~\x8e\xb1\x86\xc5\xc5EB\xf0Q@\
`\x15\xab\xce?<\xd4ggg\xe3\xdfU\xf1>\x90\
$\x83N\xe8\xc8\xf8(b-\x85wX\x11BWN\
>`1Xc\x22\x97\xacxQe\xcc\x06\xfd=E\
\xff\x87+\xae\xb9\xf3\xf7\x0e<\xf7\x17\x07x\x077\x0e\
\xf7\xdc\xf3\xd9\xf1\xfa:F|\x11\xee\x08\xcd\xf9\xbf\x93\
\xda\xe6\xcd\xbf\xf0\xe9\xdb\xec\xce\xf5u&2\x91\xbc9\
\xaf`\x85\xae\xfaV_\xbf\x95\xfd\xe1\xd4!XZ\x1d\
\xe1\xc4\x12<\xf4G\x8f\xf3\xd2\x89\x13Hm\x1d9)\
)\x8a\x8a\xc5\x99*\x8a\x19Y \xca\xb3\x0c\xf0~\xc6\
{s\xe6\xf9q9[\x88YF\xe3\x14\xef\x95\xc0[\
I\xad\x9f\xb3\x0d\xe2\x84\xabo\xca\x92\x14\x17\x1c'\x8e\
\x9e\xe2\x91\xef>\x02\x09\xba\xfd\xf2\x1dd6\x8d\x98\xe4\
\xc2\xe5A\xe5/\x8c\xe9\xfc\xad\x99\xc5\xf6\xdc;x\x81\
\xef9\xbb\xa8\x9cP\x09A0\xf6\xbc\xdb\xac\xb1\x0c\xb5\
\xa6\xc2\xda\x07\x1e\xfcr\xf6\xd0\x83_\xc8/t\xdb.\
\xd9[6\x93\x8co\xd8\xe0\x03w\x03\xeb\xca\xbb\xbbl\
3m\x8d\x89\xd8'\x03\xdb\xb7o\xa5VKK\x9d\xe1\
\x0a\x8f\x16\xcahH\x9c\x9c\xe6\xe7\xe7\xc9\xf3<\xca\xc7\
\xb9\xf0\xa6\xd3=\xef\x0a+\x89\xd4\xb5O\xa9$\xd29\
\x99\xb3\xa4\xfb\xab\xf6\x9e\x01\x13\xba\xe2B\x11\xba\x02&\
q\xed[\xdd\x91\x0d\xce121\x85\x86\x16.o\x92\
\x18\xd00\x8f[h\xb2u\xcd\x14\xbf\xf2\x85\xbb\xb9\xe7\
\x8ek\xf9\xf6\x9f\xfd\x98G\x9f<HS\xc7(\x18A\
M\x82'#\x84H\x1c\x1f\x22u'N=&\xc9(\
Hp\x1d\x17\xb1|j\xa2\xe3i\xc1\x88R\x10\xca\xcd\
D\xa9\xeb\x0e\xa5v\xbbA\x88jH\xb1X) \xe2\
K\x1a\x1aA*\xc7\x93\x9cT\x9b\xd4u\x91\x8f|h\
\x0f\x9f\xfe\xe8^.\xdb1J\x9a.1V+\x10\xdf\
\xa2\xd3\xea\xd0\xc8b!X(\xd7T\xe9/\x98\xa0\xc7\
q\x99\x18\x8b\xeb_\xd8\x07:\x18\x15\x11\x9b\xb6\x8f/\
]\xe8a\xf4v\xda\x8e\x1b>\xb8V\xc5\xff\x03\xaf\xb2\
\xbb\xe4~\x8c\x80\x0d?8VB\xf0\xd4j5l\x92\
\xe0\xddrM\x91v\xabMb\x13\x8c\x89N\xaa\x06J\
\xee\xcf\xb2\x80hh\x03f\xc4\xe0\x83\xc7\x9a\xa8\x92f\
\x13K\x92$\xb1*\xda\xc8\xb2\xe3\x1b\xf5FOq\x09\
b\xf4\xba<o\xac\x891\x22>\xa85\x16\x1f\xbcQ\
a\x8b5\xe6\x1f)\xfc\xec\x15\xd7\x7f\xe0\x1f\xe5\xa7\xf5\
O\x0e\x1f~\xa4\xc7\xfb\xf66\xda\xc8\xda\xec\x0e\xd7\x0a\
w\xb6\x9as\x7f\xc3\xe6\xad\xed\x97m\xaa\xdbkw\xac\
\x975f\x96q:H\xd2\x11\xbc\xa0\xa56f\xaf\xda\
\xbd\xd7F_\xf2\xd6J}\x94\xcb\xa6\xa7\xd0\x8f\xde\xc8\
\xff\xfe\xb5\xefr`\xe1$R[K\xdc\x96[\x12\xb1\
\xddL\xb8\xf6m\xeb\x87\xe18\xb2\x12<\xa9/go\
\xed\x00\xa1R\xbc\x06\x09]\x0c\xaa\xf6m\xc8~2s\
\xed\xe0\xfdv\x1d\x87\xcd,F\x03\xaf\xbfvD\x1fy\
\xf8{L\x8c\x8f2\xb1n-E\xd0\x82`\xfe?\xb4\
\x8a\xffc\xeb\xa5\x93sc?\x89\xcb{\x0f\xd9E\xe5\
\x84z\xe7\x17\x8c\xb5\xcd\x95\xde;\x1bo\xe8\xb0Y+\
\x13b\x92\xb1\x87\x1e\xfc\xcb\x97\x1c\xd0\xf7\xb8\xb9\x90\xae\
'\xf8+\x80Ui\x99T=ij\x18\x19\xaf\xb3q\
\xcb4AcZ\xdet\xbd1\x83\xb5)!x\x96\x96\
Z\x9c8v\x0c\x09\x8a\x94\xce\xca\xbb\xcd\xaaE\xa0\x8c\
\xa2\x11\xe9~\x94\x10b\x1c\x0f\x1b\xf0.\x90$e\x85\
x\xa9\xff\xac\xf8\xf2\xb83\x07jT\x18N\xd8\x0f~\
\xffJ\x8b\x8e\xf8\xee\x02\xa2+D@{\xf7\x22j\x1d\
\x19#4&\xd6@(8=s\x14\xeb=\xa9\x01\xf1\
s\xe4\x9as\xc3\xf6\x06\x97?p\x1b\x1f\xbes\x17_\
\xfd\xc3\x1f\xf0\xec\x81\xd7q\xb2\x06\xc7\x18m\xb5`\xb2\
\xe8N\x1a\xa1.\x96\xe0]L\xcfJ\x85\xad4\xf8\x92\
\x95\xc9\x84\x80\x94j9\x22\x16\xd1\xf89#DMp\
c\x01\x83\xf3\x0e\xc4\xc5t:\x0e\xf5\x8a\xd56\x89.\
R\x93\x05n\xbbn\x1b\xf7\xdf{;7\xee\xde\xc2\xc4\
X`$[\xc0$\x8a\x169\x82PO\xeb\xa8\x82\xcd\
\x12\x061x\x8a/\x1c\xb6VF\xd6\xa9da\x13|\
0H\x85\x81+\xd5\xba\x5c\x1e\x82`\x8e\xc2d\x9d\xf7\
\x0d\x97\xf1}\xc9D=\x8c\xe5\xb9\xbbQ\x92\xac\xa6\x1a\
\xa2\xe3\xaf\x8aT\x0a9\xddB\xb6\x04c\x0d\xa1T-\
\x1bvL\xc6\xc7\xc7\xb1\x89%\x84\x02k34D\xf6\
\x83j\x5cJ\xb7\x08\xda\x0cD\xfd\x8d5\xb8\xdca\x8d\
\xa5\xddn\x91f\x19\xae\xe5b\xe0\xb0\xcf\xd2,\x8d\xe7\
\xefs\x8e\xbb\x11Y\x0dxg\x00\x89\xc5d\x92D\x81\
\x1f\x91TD\xee\x14\xf4\x9f\x8d\xac\x93\xdf\xbd|\xea\x9e\
\xffY\xe7_\x7f\xf5\xe0\xc1\x83\x1d\xdeNg\xd4\xb9\x0d\
\x9d<\x7f\xa0\xdd\xeelM\x8bN=\x04#F[$\
\xa1\x85\x91\x0e\x89v\x80\xbeg\xb1O:V5*\x99\
\xc5i\xcf\xe0]\x1b\x0d-n\xda9\xcd\xc7\xef\xba\x9a\
\xaf~\xef%Nt\x16\x91d\x0c'\x82\x10\x95\xa3\x82\
\x10\x9f\x1fV\xde\x9a\x0eoJ\xa3\x03\xdf;r R\
*q\xbbWAQ\x82\x0f\xf8\x10\x0b\x8d\xe2g\xe5M\
S\xe2-\x8b\xa8\x9f\x93#[\xaa\xba\x95\xf2\xb8\xea \
%Qk-\xc7^?\xaa\x8f?\xf2\x18w\xddwo\
\xf0\x86?\xf0r\xec\xd7\x9f\xfd\xea\xb3\xfe\xa1\x87\x1ez\
\xcf\xb0 \xfc\xa4\xec\xa2rB1\xb6\x81H\xed|N\
!\x15xHp\xa8\x98K\x91\xd0\xf7\xb4\xc9\x8d7~\
b=\xf0\x7fv\xb0Wu\xb5R\xb5\x18\x11t\xde\xb3\
e\xcbe\x8cO\x8c\xa2\xea\x96e}\x9c+P\xe0\xc4\
\x89\x13\xb4Z\xad\xee\xd6\xdf\x9a\xb7\x8b\x9a\xf6'k\xb5\
zJ\xad\x9e\x96\x8e\xa7\x8fj<\x94\x85Ig]\x13\
{Rv+\x99\xae\xe4`\xae\xe8x\x96\xc5\x0cC\x91\
\x93\xa0\x0e\x0f\xd84et\xcd$\x9awh-.\x80\
/\xc0\xb7\xc8\xb4\x03a\x894mp\xeb\xaeqvl\
\xbe\x9f\x17\x0f\x9e\xe6\xdb\xdf\x7f\x96\x17\x0e\xcep\xda\x1b\
\xbc\x19\xc5a\xe9\x14\x10L\x8a\x11\x8b\x11\x1bQ\x08\x12\
@\x07ib4(\xc1\x98\x92'5\x92\x06\xc4\xc5\xcb\
\xe1\x8b\x9cz\xbdNb\xa1\x937\xb1\xd2$\x95\x0e5\
\x09d\xda\xe6\xfa\xab\xa6\xb9\xf7\xf6\xbd\xdc}\xebNR\
\xbbD#;E\xcd\x1a\x12\x93B\x88P\x8fja_\
\xd6-C\x91PBU\xa9/C\xbdU\xe1A\xb5\xdc\
\x5c\xb0\xc1\xb9\xc6\xfbF\x99\xe5\x9a\x0f\x98\xad\xea\xec\xff\
UL\xb1N5\x88`eYD\xbd\xc4\x09fY\x86\
+\x8b\x85\xacM\x08ay4t\xf3\xa6\xcd\xd4j5\
\x82\x87\x10\xfb\x0bk\x0d\xbe?\xaaZ\x8e\xe1n\x14\xd4\
\x07Z\xad\x16\xa3\xa3\xa3X\x9b\xe0\x0a\x177eC\xd7\
\xd1j\xb6\xf0.\xea\xcf\x0f\x0b3\xf4[\x15\xc9\xd5^\
\xb8\xd1\x00\xdb\x81_\xcd\xc4~R\xd7l\xff\xb7W\xdd\
\xb0\xed\x7foy\x7f\xfa\xf0\xbeG\xe6x\x1b\xd2\xf4\x9d\
Nq\x7f^\xb8u\xde\xfbz\xa2\x15\xad\x9c\xc7\xe2\xe2\
K\x1d\xf4\x099u\x9d\xd0\xb2XKt@\x8b\x88L\
\x03Vj\xdc{\xc3VN\xcc5\xf9\xf6\xe3/\x93\xab\
\xc1H\x83\xa0QI\xc8\x01>\xe4]N\xdb\xc4&\x83\
~\xde\xd0\xcc\xabaP\xf1(Iz\x90\x89n$5\
\x00\xa5\xacj%\xd3\x19\xc2O\xca\xc7[\xa1\xe2?\xa8\
\x8a@\xaa\xa6\x9d\xda\x91[\x08f\xf7\xd1\xc3o|6\
\x9b\x1c\xff\xbf\xfd\x93\xbf\xf5\xe0\x05):{/\xd8E\
\xe5\x84\xaaw'\xd1\xe4\xbc0\xa1\xbd\x93\x91\x08Z\xbf\
\xe4\x80\xbe\xa7\xcdP\x97O9W\xdc\xa0\x12\xc90\xbb\
 3\x1dt\xa2\x02\x9e\xf1\xf1\x11v\xec\xb8\x8c,K\
\xe9t\xf2\x81\xd3\xa8\x0b\xd8,\xa5\xdd\xcey\xe3\xc8\xb1\
HP\x8d\x9c5\xa2~\xc1\x1a^Uv\x9e\x01?5\
:2\xc2\xc8\xc8h\xfcE<\x91D\x1e\x96\x09\xc7\x0f\
\x9b\xbeuLh\xb4\xe1\xca\xd6~\x8e\xce\xde1Z\xa5\
\xef\xd3\x1acS\xd3\x18kY\x9c;M\xc8;\xd8\xe0\
\xb1\xe2\xb0R\x90\x9a\x16\xdb\xc6F\xd9|\xf3Zn\xbf\
\xf1\xa3\xbcpp\x86\xef\xffh?\xcf\x1d8\xc6K\xaf\
\xcc\x10\xb4\x86g\x94 5\x924C%!\x94m\xe8\
5\xd3t/-@,\x16R\x22m\x95\xe6$\xea\xf0\
\xcdE\xc0\x91\x86&\xd6\xcd05\x0a{\xaf\xbd\x82;\
o\xbd\x95[\xaf\xdfA\xdd\xb6H\xe4\x18\xd6:\xea\xb5\
\x14\x9b\xa5`\x8b\x88\x99+\xebbDl7\x0diD\
V\xed\xc5$\xb1\xb8r\x93S\x15\xc0\x947\x86\x8a\xe3\
J\x0c/\xbc\x9dc\xe6\xc2\xda}IZp\xa3#\xdc\
eDL\xcf\x13\x1bv\xda\xe3\xe6ADYXX$\
\xcf\x0b\xb2ly\x82#\xcbR\xb6n\xdd\xc2\xc4\xc4\x04\
33\xa706-\xa5gK\xae\xd5\xe1B\xbb\xd2\xd9\
)\x8a\x82\x91\x91\x11\xae\xb8\xe2\x0a\x80R\xc2s\xf9\xb3\
0??OQ\x14\x91\x9e\xadt\x96\x06\xcd\x0c\x9d\x7f\
\xb8\xc05d\x0a\xbb\x04\xf9\xbbb\xe4gF\x8c\xf9\xfd\
\xabo\xba\xf7+n\xa1\xf9\xc2\x81\x03O\xccs\x1e\x0e\
M\xa7\xdd\xf9p'/\xa6}\x91Kf\xe2\xee\xcej\
|\x19S\xc9\x0b\xd3\xa5`\xeb\xa9\x05\x86H\xe9&\xf4\
\xe1\xc5-\x89\x06Bk\x96\xf5\xb5u|\xee\x9e=,\
\x9e\x9e\xe5\xf1\x17O\xb1\x10\x96\xc8\xea\x0dl\x9a\xd0v\
!\x16\x05\x96\xfc\x9f\x1aZ\x03\x90\x9e\xe5\x99\x91\xa1\xfe\
\xe9\xa3\x03\x89\xd9\xa5z\x84\xc1\x88\x05|\x17\xfa\x80\x04\
\xf0\xef\x84#\x1a\x1d\xf0.\xbb\xc9\xb0^\x93\x8f\xfe\xb5\
\x15\xe3\x08\xe6\xcbO=\xfa\x9d\xfd\xbb\xb7l\xd9\xdf~\
\xe9\xe87\xe7\xb7\x18{>\xf7\xeb\xfdn\x17\x95\x13\x1a\
\x0c\xb9\xa0\xe7\xbd\x93T\x81`p\x04\xec\x17\x1f\xfc\x97\
\xf5\x7f\xf5\xe0%\xfd\xf8\xf7\x9e\xdd\x97\x5c{\xa7\xbd\xda\
\x07\xff\x80\xaa\xeeRU\xb3\xac\xcaA+}\xf4H\xaf\
2==\xcd\xda\xa9\xb58\xb7\xbc\x22\xdey\x8f\xf5\x19\
3\xc7fh/\xb5K.\xc9w\xa7\x03Z\x99\xd1\xe8\
\xc8-\x8b\xffJ@\xc8\xa9\xd7\x85F\xcd\x12\xe3\x18%\
A}\xcf\xc7Y\xfd\xc4\xd2\x93\xdb|\xd3&+DB\
\x87\xb2\xa91\x12Sj\xadk\x09\x9di\x8c\xd0\x00\x0a\
\xf5,\xcd\xe6X\xf5Q\xef^:X\xb5x]\xc2\xfa\
9\xeaR\xe7\xfa\xcbF\xb8z\xe7^N\xcc{\x0e\x1c\
\x9a\xe5\x87\xfb^\xe5\xf9\x97\x8f1\xbb\xb0\xc8\xe2|\x0b\
\x92Q<u\x02Y\x9f\x13X\xa9$ES\x8d\x8a,\
6\xe4\x88\xe4$\xdaBC\x9b5\xe3u6\xad\x1b\xe1\
\xee\x9b\xef\xe0\xc6\xdd[\xd9\xb9y\x1dV\x97H\xc21\
\x1a\x89\xa7pM\xea#5R\x9b\x92\x98\xa8\xef\xde\xe3\
[5\xab\xf4\xc19t[\xe4\xfcA\xcb0\xa91x\
\x0d\xb2\xe3\xf0\xe1G\xde\xf3\x9b\xe4\xdd\xbb\xef\x19\x1f_\
\x9f}\xb0]\xb8\xffE\x9d\xdf \x92 g\xa9d\xf1\
>\xb0\xb0\xb0@\xab\xd5\x06SF\xcb\xaa\xbe\xd2\xa8p\
\xb3i\xf3f\xae\xbc\xf2JN\x9e<\x05\x84\x9e\xea\x91\
DJ\xaf~K\x92\xa4\xcb\x13<==\xcd\xc6M\x1b\
\x09!\x90$\x09y\x1e\xbb\xb8\x92\xfa\x04h6\x9b]\
nQ\x09\xb1\xce\xa7\x9fg\xb8\xdf*\x1cj\xa96\x14\
i\xa8K\xf9K\x851\xe0:\x90\xabD\xf8\xa5t|\
\xf4O\xaf\xbe\xe9C_k\x87\xf0G\x87\x9e\xfe\xeei\
\xde\x82s\xd3q\xc5\x0e\xaf\xc1\xbaXCI\xccZD\
L\xb3\x88\x05I#\xfc\xa3\x1c\x87U$4\xba\xa0=\
\x87\x14\xc0\x137M\xf5z\x86\xcb\x17YW\xb3<\xf0\
\xc9;Y\xb7\xf15~\xf8\xfcA\xe6\x17\xe7)\xbc\xd2\
\xc8R\x02\xa6+Xh\xcc`1\x98\x19\xca\x16%\xb6\
\x1e\xbf\xb3\xec.\xdf7\xe7:Ih\xfb\x82\x22X\x5c\
0\xa53\x1a\x1dhHQ-\xd0w\xc4\x11=\xb3\x95\
\xce{K\xd1?\x02\xfcC\x0f=\x14\xbb\xa8?\xac|\
\xc9\x96\xd9E\xe5\x84\xaa\x97<w\xc5Lj\x12\x9c\xef\
\x94\x99\x8fh\xcb\xd3}\x83\x9f\x1dt(\x02Vl\x22\
\x89\x8e\xfe\xab\x07\x7f\xf9}\x93\xee\xba\x98\xec\xda\xbd\xc9\
\x16\xa3\xf2\x0b>\xb8\xbd\x8a.\x0b\x95T\x0bFV\xab\
\xd1\xc9\x1d\xe3\xa3\xe3\x5c\xb1\xeb\xca.\xc9q\x17;\xa6\
Uz\x09\x8a\x22\xe7\xd8\xebG\x10\x17\xb0g\xa1\x009\
_\x19\xcf\xb39x\xab\x01\x0b\xb4\xab\x13\xdf\xe3\xc7S\
U|Yp\x84\x04\x0c\x0e\x09K\x5c\xbe};k'\
k\x04?\x8f\x11O\xc9\xc6\x08\xaa1\x10rFy\xbd\
\xc1E`E^\xd0\x15/\xb0\xbaN\xbf\xd2\x9f{}\
WQ\xc5H\x88\xcck\x80I\x13\x1a\xeb\xa6Ij\x19\
\xad\xd9c\x14\x9d&\xa2Qv\xd3`\x90\xa0\xd4\xc5\x11\
hQO\x16\x18\x9d\xc8\xd8~}\x83{\xae\xbf\x95\xc5\
6\xbcqt\x8e\x97^9\xc4\xe1\xe3\x0b\xec\x7fm\x81\
\x85N\x8bV\xb3C\xa7SD\x8e\xc8\xb2\xbd*\x90d\
)##)\x93\xe3)c\x0d\xd8\xb6q#\x97m[\
\xc7\xd5Wmcj,e2\x85\x8c\x02\xf4(\xc1\x95\
r\xa0\xc1096\xca\xc8h\x83\xc2D\xa7\xc5T4\
K\xf4\xb4\x99\xa0\x87Q\xd7\xb2RK\xc4POk\xe4\
\x0c\x16i$bqR\x15\xc0\xa8\x0a\xbd\xa2\x1a5\xfc\
p\xd7\xae]\xc9\xfe\xfd\xfb\xdf\xd3\x14McS\x8d\x9d\
\x1d\x17~\xc3\xfb\xb0I\xd5\x189C~\xbb\xeb\xe4$\
\x09\xa7\xe6\xe6\x99\x9f\x9fg\xed\xfa\xb5\xb1\x80\xa8\xef3\
\xc1\x15\xa8w|\xf0\x83\xf7r\xfc\xf8q\x0e\x1e|\x8d\
\x10\x1c&Mp\xce\x95NM\xc9x\x11\x02\x18%\xef\
t0\xc6p\xcf\x87\xeealt\xac\x1b\x05\x15\x11p\
\xf1\xee\xa9\x8fEK\xcf>\xfd4\xa9\xb1\xe5\xb3\xa6\x14\
\xed\x0e\xd6&\xdd\xaap\xa7\x8e4\x8d\xd3N\xf0\x8a\xd8\
n\xc41B\x0c\xc4\x8a\xf6B\xac\x02\xa1\x86\xb2I\x84\
/\x18\xf8H#I\xbe\xb6\xeb\xa6{~\xcb\xb69T\
\x14mSr\xc1\x9e\xd3}\xeet\x8a\xd4$)\xf5\xda\
\x08\xf8\x05\x00\xda\xdeS\xa4\x09\x1d\xefh\xa4)\xce\xdb\
\xee\x1c\xd2\xa5s[1k\x12\xfb\xdb\x05\xc1\xa4\x86D\
:l\x9c\x18\xe1s\x1f\xbd\x89\xfb\xef\xbd\x85f\xa7M\
\xcb\xe5\xd8\xb4\xd6\xa3UZ\xf6i\xc8\xd2(\xe8\xa1F\
\xa8$q\xc1\x94\xbfG\xb6\x0e#\x86fg\x89\xd3\x8b\
\x8e?\xfa\xce\x8fx\xea\xc5\xd71f\x02\xb1\xf5\xa1\x86\
\xc7H\xf8\xdbe=\xd2}\xe9\xce\xbb\xfdg\xef\xaa\x95\
\x81\xda\xa0\xad\xa2\xd5z\xfam\xfb\xf2\x8b\xc0.*'\
\x14C\x8b\x10\x82\x0e\x81\x9e\xdf\xca\x89TPU\xad\xff\
\xe6?\xfd\xf2\xfa\xdf\xfa;_8q\xa1\x9bv\xc9\xce\
\xdd\xae\xbd\xf6\xdaL\x90\xbf\x16\xbc\xfb%U6\xacz\
\xa0\x04\x0a\xd7\xc1y\xcf\xc6-;h4z2\x89\x83\
\xe3'\xa6C\xe7N\xcd\xb14\xbf\x14w\xe1\xf6\xfcy\
\xe8\xdey\xab\xa8\x96\xfaH\xf9\x15D\x1c\x866\x1b\xd7\
\x8f\x91\xa5\x81\xd4\x0eV\xc6\x0a\xa1\x8b\xedZ\xb5\xeb\x96\
}\xd5\x9bY\x14\xc2\x19iV\x14\xcaHU\x9fb\x90\
\x08N\x03\x88!\x1d\x1f%\xf81:\x0b\x8e\xa2(\xb0\
\x08>8\xac\x86H\x10\xaf\x06\x91N\x8c\xcc\x90\xe05\
\xa5\x91\xd6X\xbf3\xe3\xa6]{\xf0v\x8cc\xb3\x05\
\x8bmh6\x97h\xb7r\x96\x96J\xd9\xc7r\x11\x1d\
[3Fc\xd4\xb2v\xbc\xce\xf8\x8809n\xc1-\
F\xd9O\x9d'u\x1e\xf5\x05\xc1\x07\xd4\x0ab\x0di\
\x96D\xeeJ\x93\xd2#\xfe\xef\x93+\xd5\xd57\x0f\x86\
X\xf1\x8d\x8d\xba\xe8\xdd~\xae\xf8T+\x85/\xad\xe2\
\xd4&\x11\xd5\x0f\xbe\x97\x1d\xd0\xdb?\xf4\x89\xedX{\
E\xbb\xd9\xfem\xef\xc2\x0e\x14#bJ\xde\xc93\x7f\
\xd6\x87\x80k\xb5\xd8\x7f\xe0e\xae\xbcj\x17\xb9\xe4\x0c\
H\xc3\x1a\x83\xf3\x9e\xa9\xa9\xb5|\xfa\xd3\x9f\xe6\xcf\xff\
\xfc;<\xfb\xecst\xf2<*#i\xe8\x16\x15\xd9\
\xc4\xd2\xee\xc4X\xc3]w\xdd\xc5u\xd7]WrR\
\xf6\xce\xe7\xbcC\xc4\x90e)\xa7O\x9f\xe6\xe4\xc9S\
\xdd\xe8\xab\x88P\xab\xd5\xf0!t\xa3\xa5F$:\xc6\
\x22]gt\xd8\xfa#\xa3ZEF\x95\xc4\xc3\xe6\x04\
\xfde+\xc9\xcf\xcb\x08\xcf\xa4:\xf6\xd5=7\x7f\xf0\
\x07\x82M\x09\xe1\xe4sO}\xe7\x87+\x9d\xef\x9a\x1b\
\xefnAT\x0c\x94`0\xa2\x02\x86\x02\x8bO\xc7`\
$\x01-pI\x1ck*\xa5\xfcpu=D\xe8G\
\x84;\x94\xcea\xe9$\xf6\x07i\x82\xd4\x19M\x1aL\
J\x86\xaf\x22\xa7\x02X3plufkc\x04\xb6\
\xb7\x193\xa4\xc9h\x199\x8dsT\x92\x1a\x5c\xa7\x83\
/&\xe8h\xc6\x9a5k8\xf2\xffz\x88\x13\x8b\x8e\
$I\xf1\xae\xc4\x90j\xa5\x18\xd6/\x19\xfa\x133\xf1\
\xa2\xb9%\xb9\x0ex\x86K)\xf8s\xb2\x8b\xca\x09\xcd\
\xd5\x15\x89\x98Y\xd5\xb7ap\x06\x15\x04\xfb[\xa7\xf6\
\x9d<\xff\x93]\xb2\x9f\xac\xad\x19\x0b\xea\xaeTe\xba\
\xf2*\x96Ktz\x04C\x9e\x17\xac];\xc1\xb6m\
[\xa8\xd7\xeb,\x1f;qb\xb5\x08\x07\x0e\x1c\xc0\x18\
s\x06)\xcc\x0bo\xd5N>\x94\xa9\xb6\x08W\x8b\xd5\
\xa4B\x88\xc5G\xd2a\xb4a\xb9|\xe7f\xb2T\x08\
y\x8e5q1\xa8\x02\x0coc\xa0a\x05\xeb\x11[\
\x9f\xd1\xca6\xc4\xa8G\xc4\xf2\x05\x1f\x93\x86\xb5\xd1\x09\
\xc4\x1al\xb3Mp9\xa1\xc8\xf1.\xcap\x1a\x0d\x18\
o1x\x82x\x0c\x05A\xdbD\x8eM\x8bu)[\
F\x13\x18I\x90u\x09q\x9aL\xa2\x8a\x13\x95\xa3\x98\
c\x0c\x18\xbb\x149@\xdb\x0e+\x1e\xa5@\x9dG\x83\
`0q\xe15\x96$\xabQ\x1f\x19\x03\x9b\x96Q\x9b\
\x95q\xb3v\x88\x7f\xb0w\x8c\xa5p9\x18O\x96%\
12d,^\xfb\xb8,U\xb5\x12E\x10Qc\x84\
\xe2\xdako_\xbfo\xdfcG\xdf\xc9\xbb\xf5\x0e\x98\
\xd9\xb5kW\xear\xfeR\xc0\xfd\x9a5\xe9UN;\
]\xba \x19\x90t\x5c\x85A!\x04B\x08\xec\xdb\xb7\
\x8f;\xef\xba\x8b\xd1\x91\x06y\xd1\x1et\x9e|\xe4\x13\
\xdd\xb2e\x0b\x9f\xfb\xfc\xe7\xb8\xf5\xd6[y\xe2\xc9\x1f\
\xf2\xc6\xd17XZl\xd1)\x1d\xcfZ\xad\xc6\xc6\xcd\
\x1b\xb9\xf9\xe6\x9b\xb9\xf9\xe6\x9b\xa8\xd5j\xb4\x97\x06\x13\
`\x89M(\x5c\x811u\x9e|\xf2IN\x9d<I\
\x96e\xddHi\xe4\x14v\x18k\xa8\xd7\xebd\xb5\x06\
\xedv\x9bN\xa7\x83\x0b\x1e3\xb4i\xad~\xab\xe6%\
cL\x7fd\x14\x8dL\x1e\x89`\xf6*\xe1\x1aU\x96\
\xd0`\x15=\xbc\xe7\xa6{\xd7\xa8\x16\xdfT\x95\x93\xe0\
\xec\x8bO?\xf6_\x95\x9f\xca\xa8\xdc\xf7Ho\xa4N\
\x8c\xe4&\xa3>\xbd\x95\xd1IK=\x89\xef\x8d\xd6\xd3\
\xea\xfb\xab[\x12\xff_e\x80dh\x93\xdd7}*\
\xa0I\x16\xa3\xbe&:\xac\xa1/\xe2\xdf\xfd\xb7\xab\xd3\
\xde\xcd\xa5\x97\xe7I\xe2\xa5\x8a\x01\xeb\x01\x07y\x0b\xd4\
Q\xcc\x9e\xe4\xe8\x899\xb6l\x5c\xc3\x8e\xad\xeb9\xf1\
\xc2l\x94\xc8\xc4\x94\x9en56\xde\xfe\xbdW\xff\xa6\
\xa3\xeb0\x97\x7f,\xefs0\x12\x1a*\xc9\xf8;v\
\x11\xefC\xbb\xa8\x9cP\xcdC\x1a2\x9ar\x9eQ\xaa\
X!/\x1e\x98\xfa{\xebo\xdc\xf5\xdf\xc3\x8b\x17\xba\
m\x97\xec\x5c\xed\xbe\xc4\x8f\x84\x0f\x9a\xa07\x82\xa4\xb0\
\xdc\x01\xadL\xd5\x93$\xc2\x96\xad[Y\xb3f\x0dy\
\xd1&M\xfb\xc7N\xc5\xe3bx\xe3\x8d\xa3,\xce-\
\x92%\x19\x8dFF\x91\xbf\xb7\xa0x\x11R\xe818\
\x0c\x8e\xf1\xb1\x8c\xad\x9b\xd7c\xd5\xd1n7\xa97J\
\xa5\xa4\xb2j\xfc\xccd\xf5o\xc7\x05\x9d}\xa3X\x11\
\xe7\x07 I\x04\x1f@\xa2\xcc\x12\xc1Z\xea\xe3\x93\xa4\
\xf5\x0e\xf9\xd2\x12Ek\x09\x08\xf8\x22\x1fr\xa6=\x02\
d\xb5\x88\x83s!.b\x09}\x0bm_\x0a\xb1\x1b\
\xa9\xb4\x8a\xa8`\x82`\x8c\xe2\x83#M\x0d!8:\
\xce\x13B\x8a\x98\x0c\x9bX0\x96\xb1\xb11\xd4f\x04\
L\x19\xb1=[,y\xd0\x82zb\xfdRA\x92\xea\
\xb2\xc2\x88\x98\x82\x0c\xbdH\xa8\x18A\xc3\x95>\xc8{\
\x0e\x8fv\xcd\x9d\x1f\xba\xb2f\xea\xbfZx\xf77\xbd\
\x0f\x13}\xb8\xa9U\xc9\xe9\xa1\x920-\xb1\x97\xc6\xd0\
\xa8\xd58qb\x86g\x9fy\x96;\xee\xb8m\x00\x8f\
\xe9\x9d'M\x13\x9c+\xe8t\x22\x15\xd9\x95\xbb.\xe7\
\xf2+/caq\x91\xc5\xc5&\xcd\xa5\x08\xf5\x1f\x19\
\xad\xb3f\xedd7j\xd9l\xb6\xe2\x06\xa3\xcf\xda\xed\
6\xb5Z\x8d\xd3\xa7gy\xf2\xc9'\x07\xa2\xa0\x00\x85\
+\xf0\xde\x91e#\x8c\x8d\x8e\xf1\x89O}\x9a\x13'\
N\xf0\xf2\xcb/\xf3\xea\xa1C\xe7\xa4]>\x88\x19-\
\x15\x09\xd0TU\xd7\x882\x11\xe1\x18\xbaN\xa3\xfe\xe8\
\xdf\x14A\x10a\xf7Mw\xfe\x03\xd1\xb2\x9cP\x03\xc6\
X\xa9\x88\xdd\xb5,2\x9f\xda0\xcd\xda\x8d#\x90%\
\xe0\xcb\xb9\xabz\x06\xb5\xd4\xd9\xach\xd9TcfC\
\xb5\xef\xfd\xaao#,AL\xccf\x04ux\x1f\xce\
\xdc\xbe\xa1\x14}P!\x84\x14O\x88\x9beq\x8c\xd5\
R|{\x11\xdf\x9a\xa3!\x05\xd6+\x99(\x04GV\
Oh\xe7\xaew\xae3\xc2\x84\x86\x98&\x86\xc7O\xaf\
\xb3\xcfx/\xfa\x8e\x95~f\x03Q\xa9a\xf4\xa3\xeb\
w\xef\xfe\xb73/\xbc\xb0p\xd6\x9bz\xc9..'\
\x14\xf5\x1d\xc1\xac\xa8\x1e\xa2C\xe9\xc2\xe5\x18\xd1>\xce\
>\xd0\x145Fdl>=\xf1\xca\x85n\xd6%;\
w\xdb\xb5\xeb\xb05~\xcb4p5\xa8\xac69z\
\x9fc%ar\xcd\x1a.\xbbl\x1bi\x1a\x8b\x94b\
Ey\x00/\xd4j\x19\xea<y\xbb\xe0\xd8\xb1\xe3t\
\xf1Q\xc5 \xbd\x08\xbc\xfd\x91C9\xcb$\xb9*\x04\
\xd3vw\xf0q\x91)\xd7\x19c\x0c\xa9Q\x5c\xa7C\
\x92:\xae\xbab\x0b\xdb6M\xe1\x8bS\xd4\x92\x185\
\x1c6\xc5wy\x18\x87\xaf\xc7\xcaY\xd2\xf5g\xb9\xfe\
*1w\xc6c*\xeeF\x09\x04G)\x89I\xe4\x0e\
4)^\xc1&\x86\xb1\x89\x1ay\x92\x10\xb2\x1a\x9d\xf6\
\x22\xae\xd3\xa6(+\xfd\x8d\x89\xb1\xc7P\xc4\x93eC\
\x8eg$\x8c\xef\xd1\xfbt1a\x1a\xd9\x0f\x04\x1b\x0b\
\xa0B\x94\xed\x0b&`l\x94\x0756!KS\xb2\
\xc6(j\xa4\xac\xae-)q$VxU\xe3\xaf\x17\
\xcd,\xf1\x9c\xa1,\x84\x92\x00\xf8ra\xb7\x88\x06F\
\x1bu\xc4\x80\x09DF\x86\x5c(\xd9L\xd1\xb2:\xc2\
\x0b(\xd2\xd4Z\xe3F\xe0a\xde\x0b\xa9\xc1\xfb\xeeK\
n<\x95\xd5\x84\xf0\x97;\x9d\xce\xcf\xa8\xea\x9a\xeeP\
\xe8>O\xb1\x19\x85k\x93$)!\x04\x8a\xa2 M\
S\x8c1]\xbf\xc8\x1a\x83\xf7\x1e\x03\xfc\xc5#\x8fp\
\xdd5\xbb\x19\x1d\x1b\xa1\xb9\xb4DV\x8b\xba\xe3\xbe\xbc\
\xad\xb6\xc4c\xba\xa2 \x084\x1a\x0dFFF\xe8\x7f\
\x86\xf3<\x07U\x8aNNbL\xf7{\xab\xb1\x9f\xa4\
\x09i\x96\xf1\xe8\x9f\xfe)'N\x9c M\x06S\xec\
\x8a!\xc9\xea\xb4\xf2\x82\x9b.\xbf\x82Z\xad\xc6\xd5W\
_\xcd\xe5W\x5c\xc1\xc9\x99\x19\x9e}\xf6Y\x0e\x1f>\
\xcc\xc2\xc2B\xa4u*S\xf4\x9dN\x87Z\xad\xd6\xa3\
\xe5*s\xd9\xd2\xf7<Zk1j\xab\xd8\x88\x15\x11\
\xed\xe4\xae\x1e\xa7*1\x88\xa8EL\xe1\x1cI\x92`\
\x8c\xd1\xa0\x22\x8ab5F\xef\xe7O\x1feT!\xc3\
cBA(zc^\xcb\xb9b@\x16\xb5\xe4\x0a\xee\
=\xfbU\xa1\x92v\xf1\xdc\xaa~\x00^\xb2\x12\x05Y\
\xfcl\xefo\x15\x0eW\x89\x98\xd4`\xe3w\xe6\xa2\xa4\
\x02i\xe1\x10o\xc8\xd4\xa0\xae\x8dh h\x848\xa8\
/\xb39\x84\xd2\x89\x5ci\x8e\x91\xc1\x7f\xb5\x92V-\
\xffV\x15c\xf5\xb5\xb5zF\xfb}\x00\xd3\x97}\xe8\
?\xce9\xd2\x97\x9f\xfa\x8b\xbf\xf6\x8e=#\xefC\xbb\
\xa8\x9cP\x93\xa9We\xce\xf4F\xce[*_\x16\x90\
\xa0AE\xcd\xf4\x98Y\xbf\x17x\xf4B\xb7\xed\x92\x9d\
\x93\x99ll\xdb5\x88\xfe=\xafL\x10'\xd0\x15\xc7\
@\x92\xa6\xa8z\xb6n\x8b\x5c\x82\xd1B\xe9$\x18\x92\
$\xa1h\x17\x18\x85c\xc7N\xd0lv0&A\x83\
\xe0Cx\xd7W\xc6W\xa6RVu\xaa\xa7\xf09i\
&\x84\xa2\xc9\x9e\xdd;I\xa4@B\x81\x11_.\x82\
\x1a\x9d\x1c|YV\xdb\xaf\xe23\xe8\xe3\xf8!2{\
c\x96G\xeeV\xb7\xb3GAE)\x1d4\x22\xcf\xa6\
\x0c~\xae+\xfb\x19+\xc6I\xea\x0dB\x92\x90d\x19\
.o\xd3\xc9[\x04WP\x14Qs\xa8f\xcb\xe4\xe0\
pAbE\x03U\xb2\x08\x08\xd5w\x09\x1aCM\xf1\
@\x1b\xab\x84\x0d\xa0\xc6\x90HFRK\xc9j\x91\xa2\
\xc6\xd1\x83@\x9c\xb5FKM\x8f-\xbd\xdb\xe0\x10\x0b\
k\xc436>B\x92&\x84v@\xbdG%\x19,\
\x94(\xf5\x05\x04]\xa3\x22\xeb\xb9\xf6\xda\x94}\xfb\xde\
\xf5\xa1\xf9[\xdb\xc9U\xc5\x98\xfc\x8a\x0f\xfa\xb7\xbc\xf7\
\xa3UOU\x95\xff\xa1\xcf1\xb06aaq\x81\x9b\
o\xba\x99\xcd\x9b7\xf1\x9d\xef|\xb7[`'\x22\xdd\
>\x0e>p\xe2\xc4\x09\xfe\xe4O\xff\x94\xcf|\xfa\xd3\
\x8c\x8c\x8e\x12B\x11\x8b\x8d$\xac\x1a5\x8b|\x93=\
\x8a\x22#\xb2\x8c\x0b\xb4\xbc6\xac\xb1\x88\x1a^z\xe9\
E\x1e\xfb\xc1\x0fV\x16b 2h\x8c\x8e\x8c\xb0}\
\xc7\x0e\xac\xb5x\xefI\xacezz\x9a\x8f\x7f\xe2\x13\
\xcc\x9e:\xc5\x93O>\xc9\xa1C\x87(\x8a\xa2\xeb\x80\
\xc6\x0d\xcf\xb9\x98\x8a\x88\x04\xd5\xe8Yu\xe9<U\xa5\
\xba\xf6Xde%\x94o\x86\xb2\x10\xb1\xb9x\x8a\x8e\
\x0d\x04mc||\xde\xbbn\x7f\xa9\xfd\x1e4\xf4\xa5\
\xe3\xe3\xfb\xbd\x88\xaf\x96\xfd\xd4+*\xd4>\xd2\xa9\xee\
\x86q\x00\xd2bz\xcf\x0f\x94\x0ae}Y\x07 \x04\
Sj\xb4[R\x0cV\x1dV\x93\xf8o\x08\x11\xef=\
x\xe7x\xabX\xd0X_\xd4\xdd\xd9\x9e\xf1\xd8\xbe\xb1\
P\xce\x06\xddG0\xe5\x92\xbd)\xbb\xa8\x9c\xd0\xc4e\
\xaa\x89\x1c;\xdf\xf3(h\xf0\x011\x92K\xe8\xec\xbf\
\xd0\xed\xbad\xe7f[\xf6\xee\xad\x03\x9fB\xe5\xb2\x01\
j\x84\x15,\x84\xc0\xf8\xf8([\xb6l%IM\xe4\
\x83\xec\xbd[\xee\xa0=KK\x1d^y\xe5\x15\xf2V\
N\x92d\x10\xa4,>\xb8\xd0\xad=\xb3U\xd9\xb3H\
\xc9R6I\xa3\xbe\xf9\xa6\x8dS\xdcx\xedU\x18\xc9\
\xd1\x10q\x94:\xec\x9dI\xc0\x84\xf8\xc1\x151\xb0C\
sxX\xc9\xb9[\xbd\xf7\xcf\xb1\x11\xa1{\xbc\x96\xd7\
\xd4}K{g\xd22F*6\xc3&)&\xcbH\
]\x0d\xd7i\x13\xf26Z\x148\x88|\x87\xe5\xd5\x0d\
\xc3\x01\x04\xbaE\x12\x01pV\xc0\xd8\xc8\xab(\x16\x13\
L\x99\xc1\x8b\x941\xa6V#\xab70i\x86C{\
\x9e\xe1\xb2k_\xb9\xbf\x967U\xc1D\x09\xd5\xf1\xf1\
q\xb24#,\x05\x02\x9eP\xdd\xc3\xfe\x1e\x94\xd2U\
\x16\xfd/\xb6\xcd\xaf\xf9\xfa\xe1s\x1d\x18\x17\xc6\xcc\xf5\
w}lw[\xc3?\x08\x9d\xf0!\x11\xc6\x5c\xa8X\
\x01DP\xdf\xdd(U~U\xe1\x0a>x\xcf\xdd\xfc\
\x8d/~\x11\x11a\xdf\xbeg\x989y\x12Wx\x92\
4%\xe0\xbb\x1b\xc1\xe0\x03O<\xfe\x04\x9b6n\xe4\
\xb6\xdbo\xa5(\xdc\x90\x0c\xe4P_k\x8c\xe6u\xf1\
\xdfj\x969\xa0\x1a\x14[\xd2\x0ceY\xca\xec\xcci\
\xbe\xf9\x8do2{\xfat\xe4\x06\x1d\xb2Rb\x94+\
\xaf\xbc\x92uSSHb\xf1\xc4\x08^V\xab\x93\xe7\
m&\xd7M\xf2\xb1O~\x8c\x99\x933\xec\x7f\xfeE\
\xf6\xef\xdf\xcf\xc9S'#KG7\xb2Z9I=\
\x8c\xa8\xf4\x15\xb4\x99\xee\xbc\xd6u\xc3Wlc f\
v\x22 \xde\x91\xe0\xb0\xe4dt0R \xc9\xf2\x0d\
\xe6\xa0\x82W\xe9h\x86Ju\xad\xfa\xfe\xde\xe6\xb0[\
\xc2\xd9WGV\xf5\xba\xd5\xd8\xaf\x83\xce\xde`\xc1p\
\xdc\xe6F\xf7\xce\x90`KI\x5c$`\x15\x92`\x86\
\x80\x97\x15\xa6\xdd\xf5\xd7Z\xaeho&3\xd5C?\
\x9c\xf1\x98\xf2~\xe8\xbb|\xe6\x7f\xf7\xd9E\xe5\x84.\
\xcd\xcf\xce\x8e\xaf\x9b:o\xb2z)\xc9&\x82r\xa5\
\xd1\x91\xbd\xc0\x1f^\xe8\xb6]\xb23\xdb\xae]\xbbj\
u\x99\xbc'\xe0\xef\x0f\xaauX\x1d`VM\xa1;\
/\xbf\x8c\x895cx\x9f\x97\xf2\x8c\xbd\x94\x92\x12\x8b\
`\xde8r\x84v\xbbMb\x22\x8f`\xf0\x95ZM\
8k\xca\xf9B\x9a\xf4\xc1\xb8*\xdeM\x9b\x80\x86%\
v\xed\xbc\x8c\xf1z \x14\x8bd\xe2\xbb\xea%q\xe1\
\xa9\xdc\xb4\xc8\x93\x19y.\x07'\xe8pN\xcd>\x1b\
\xcf\xe8\xca\xd7<h\x83\x15\xfb\xfd\xbe\xb0\xe9k\x9b\xaa\
F\xea\x9e\xc8\xa4\x82\xd8\x04c\x85,IHj12\
Z4\xdb\xa8\xd2'I\x18[\xd9\xfb\x1e\xd3\xbd\xe4\x10\
S\xdd]\xcdx\x10\xc4FJ\x99X9l\xa85\x1a\
$IV\xa6'\x155U\xd4m5)\xd2*\x0aS\
\xc5pM\xf7\xfa\xab>1\x04\x10\x8f\x84@\x9a(!\
8\xbc\xf8\xb8\xe8W\xaa\x95\x95xv\xfcZ+B\xbd\
\xbe.\xdd\xc3a~\xc4\xbb+%/\xbb\xee\xfc\xf4\xf8\
\x1aw\xdc\xc9\xe8\xe6\xfb\xda\x9d\xf6_-\xf2\xe2\xe7\xbc\
\x0b&IS4\x08\x22%]Q\xb9K\x8a?G\x97\
\xe3g\x7f\xf6s\xfc\xe5\xbf\xf2\xb3LLL\x80\x1a\xee\
\xfe\xc0\x9d|\xe5+_\xc5\x07%!\xe2{\x03\xbd\xb4\
i\x9e;\xbe\xf5\xado\x91\xa4\x96\x1b\xae\xbf\xfe\x8c=\
!\x22Q\xbe\xb5wsV<\xce\x07Ob\x13\x8e\x1f\
=\xc67\xbf\xf1\x87\x1c?~\x9c\x91FcU\x87\xa5\
J\xc1\xabjtb\x93(\x03\xdbj\xb5h4b\xc4\
3/r\xd6\xaf[\xcf\xd4\x9dk\xd9s\xcd5\xbc\xf8\
\xe2\x0b\xbc\xf8\xc2\x8b,.,\xact\x9d1x\x1fS\
s\xcb\xbeT\xbb\xe3\x89R\x08A\xbaS\x9eT\xb4C\
!@P\xd4;\xc4\xe5@\x1b\xd5\x02\x93\xd8>\x7f\xaa\
R\xe8\xea\x83\x8f\xf4\x8f\xe3\xbeoV#](\x8d\xed\
\x87X\x86\xeas\xe5\xef\xe5\xfc\xa1\x03\xeei\x97\xb8\xb4\
<\x03\xd8>\xc1\xf9\xc4\x9aX\xc4U\x06\x1b\xc5\xc8\xe0\
\x1c+\xe7\x1a\x05\xed\x93\x03-\xb5\xe7{\x05\xa5\xe5s\
\xb7l~\xea\xeb\xcb\x95GM5^\xf5\xcako\x0f\
\xdd\x0f\x09\xed8\xf9\x98\xc3\xc6\xd0\x00\xf9\xa1\x889\xe8\
E\x7f\xc7;\x92$\xf7\x07\xe6\xb2\x85pb\xdf\x866\
{\x17\x84'\x9e\x08;w\xde\x97\x1e<\xf8pq\xed\
\xb5\xd7\xda\xe6\x86\x0df\x04\x92}\xd0\xde\xbb\xb0 O\
<\xf1\x84\xe3\xdd\xf5\x1c\x9f\xb7]TNhN\x16\xd4\
s\xc2\x85\x10\xac1\xf6LU\xcca\x88\xa7P\x06\xab\
\xffTE\xa4f\xb26!\xbc\xd7*O/F\x13;\
\xbeq\x9d\x0b\xc5\x07\xc4\xeb^#b\x82\x0eN3\x81\
8\x11y\x15\xday\x8b\x8d\x9b\xd6\xb1u\xfb\x16\xf0>\
\x92\xba\x0f8\x091\x0a2\xbf0\xcf\xe1\xd7\x0f\xf7W\
'\xc7\x82\x13\x11Dm\xf7\xcc+\xd9\xdb\xb9S\x7f+\
\x9f\xb7\x22h\xe9\xb9\x88\x04\x8aN\x13\x9b\x16\xd4\x926\
\xf7\xdes#\xa3I\x87:\xad\x92\x1f4\x16-\xf5;\
z\xc1\xe7\x11S\x09]\xae\xd17c\xc3\x18\xec\x01\xb2\
j\x0d\xcb\xe4\xf7\x8c1C\xa9<\x06\x9c\xd5~%\xa5\
x\x8e\x9e\x03\xd9\xbd6\xedQm\x1b\x0c\x98\x04\x93%\
di\x1d\xdf\x08\xf8\xa2\xa0\xd3i\xa1.`|\x18\x00\
\x0c\xa8\xe9\x9dO$.\x88\xa6\xa4\x95\xb16Al\x12\
\xb1\x816\xebV\x02;u\x88\xd8.\xd7\xe1@\xa4\xf6\
l\x14C>\x8f\x948\xfd\x1a:\x04|\xbe\xc0\xf4\x9a\
M\xac\x19\xcd\xd0\xd0\x02;\x86\xd3\xde\x82\x1f\x18\xc0\xa9\
\x09\xc8U\xd6\xeag\x80\x1f\xbd\xa9\x1b\xf4\xce\x9a\x85\xfb\
\xa4\xae\xee\xea<\x99\xfc\x8c_Z\xfa\xa5\xe0\xc3FQ\
\xb1\x89\xb1\x84\x22\x88\x95\x04k-E\x11)\xd2FF\
j,.\xb6\x98\x5c;\xc1\x17\xbf\xf8\x8b|\xe23\x1f\
\xa3VO):\xb1\x8f?\xf6\xf1\xfby\xf4\xd1Gy\
\xed\xd0\xeb\x91\xb2\xca\xc7\xc1\xe9\xcb\xbe\x0f\xc1q\xfa\xf4\
<\x7f\xf0\xcd?di\xb1\xc9\xed\xb7\xdf\x81\xb5\x91\xca\
\xc9\x1a\x83\x0f\x81\x10|\xf7Y\xee\xf2\xfc\x96\xf7]B\
\xe4_\x0d!\x8e\xa7z\xad\x86\x86\x8cW_=\xc8\xef\
\xfd\xde\xefq\xfc\x8d\x13\xa5\x82\xf8 \xac\xa3r\x82\xdb\
E\x9b\xeb\xae\xbe\x8e\xf5\xd3S\xb1\x18\x5c\x14\xa3!F\
B\xb3\xb4;F\x13\x9b\x10B\xc0i\xc1\xc4\xe48w\
\xdc}\x07\xd7^\xbb\x87C\x87\x0e\xf1\xfc\xf3\xcfs\xfc\
\xf8\xf1\xb2\xf0\xaa\xb7t\xab\x0f]9\xe9P\x8aD\x88\
\xf4\x15\x12I@\x8cH\xf0\xf19\x0d\x85bT\xb1(\
&(\xc6\x07\xea6\x89\xceh\xc8\x11S\xe0]\xc6[\
)\xee\x96\xd07\xf4\x06\xdf\xe9\x8e\xcf\xf2\xaa\xe3?\x95\
sZNX\xd2}VcfA\xbb\xd7\x10(\xdc\xa0\
\xf2\xbc124o\x94\x91T\xd3O\xf16\x18\x98\xec\
r~V_S\xfe\xa8Bo#\xc9 %\x9d\x06\xc5\
\xd8\xf4\x8c\xcc\xcf\xde\x0d\xaaKU\x8d\x16\x91\x061x\
q\xa5F\x87\xe3\xa7\x14Qc\xe4\x97\xac5Pgf\
R\xb3l\xdd\x0d\xfa/\xf1k>.7\xdf\xff]\x15\
>r\xd3\xa6O\xfdcQ\xb9\xdbv\xe4I\xd0\x0f_\
K\xf8_\x19\x99\xf8K{\xef\xbd\xec\x7fi\x8c\xa4\x1b\
\xbe\xfb\x87\xff\xee\xc7\xf4I\x87\xbc\x97\xed\xa2rB\xd7\
N\x8c\x8aQ=\xe9\xcd\xf9\xdd8\xab\x88U\x09\xa86\
lb\xae\x03~|\xa1\xdbv\xc9V\xb7]\xbbve\
\xc6$\x9f\x13\xe4\xd7\x82\x84\x89a-\xeej3\x12\x04\
\x5cp\xd4\xea)\xdbwl\xa5^\xaf\xe3\x82\xc3\xf9\x82\
\xcc\xc6G\xc5\x94\x13]ki\x89W\x0f\x1d\xc2\xfb@\
\x92X\xd4\x952w\xef\xf6<|ej\xca\x14s\xec\
\x01k\x03\x8d\xcc\xb3\xfb\xf2-\xec\xdc:A*\x8bX\
u\x08eE|\xd7\x99\x0bC\xd1\xc2\xe5\x16y+\xcf\
\x16\x91\x18Jo.sb\x87\xd2\xe1\xda\x03\x04t\xd3\
\x8f\xfd83\x1d>o\xef_\xe9?\xff\xc0u\xc5\xe8\
K\x10\x13#?\xc6\x92%\x06\x9f;\xac+\x06\x1cy\
W\xf4\xf8aU\x04\x8b!IR\xac\x894L\x22q\
|t\x09\xbe\xfb\xa2\xa6\x83\xedY\x0d\x83\xd8\xdb\xe0t\
\xafS\xe3x\x93.\xdc\x00\xd0\x80\x15\xc7\xf4\xdaq\xd0\
\xc5\xa8\x89n\xd2\xbes\xc7*\xf9\xbe\xeeJ\x8d\xf2\x0b\
;n\xf8\xe0?;\xf4\xf4wg\xdf\xf48y\xfb\xcd\
\xde\xf2\x81\xcfl\xf3\xbe\xf8\xbc\xf3\xee\xd7\xbc\x0b[\xbc\
\x0f\xa3\x80\x18#x\x1f\xa3\xc0\xa1\x8cD:\xef1F\
\x99=}\x8a\xabv]\xc1o\xfc\xe6\xdf\xe6\xd6\xbd7\
\xa2\xd6\xe3\x8a\x0eb\x0c\x8b\x8b\x0b@\xe0\x83\x1f\xbc\x97\
\xff\xf8\x1f\xbe\x12\xb9aM\x82\x86\x88\x076\xd6v\x0b\
\x85\x96\x16[\xfc\xf1\x1f\x7f\x9b#G\x8ep\xdf}\xf7\
\xb1~\xfdz:y\x0bcl$\x93'rd\x86\xb2\
\xa2\xdb\x13a8\xf5\xacA\xa7U\xa0\x1a\xa8\xd5j,\
\xcc\xcf\xf3\xf4\xd3\xcf\xf0\xc8#\xdfgff\x96D\x06\
\x97\xd2aL\xf8\xe8\xc8(\xbbv]E\x96f\xb4\xdb\
m\xd2z\x8a\x98\xb8\x81\x19\x96g\xed\xe2L\x8d\x90\xd8\
\x84\xa9\xe9\xf5\xac[\xb7\x8e\xcb/\xbf\x82#G^\xe7\
\xa9\xa7\x9e\xe2\xf0\x91\xa3\xf18$\x16\xe5\xc4g\xb2\xc2\
'\x92\x88\xc1I\xe8\xee\x9b{s^\xe5d\xc5\x08\xa0\
\x84\xb2\xd2=(x\x8fW\x87EQq]\xe2\xff\x9f\
\x8c\x95\x85\x80\xbe\x07\xb1\x89\x9d\xd1\xdbT\xc6G8)\
\xb3P\x1eO\xc0\x97\xc5\x91\xfd\x85FgbG\xea1\
^\xf4\x0a\x02+\x0a)\xad\x9cw\x86\xc8\xe8E\xcf\xda\
\x17&I\xba\x84Se\xffj/E\x1f)\xc3\x0cH\
\xb9\xf9\x16T\xcau\x88q0\x12\x94\x7f\x10<\xc6\x08\
\xb7\x8aH\x9aw\xf2\x7f\xebE\x0ch\x0e\x92%\xc6|\
\xb1\xe3;b\x13\xffk\xad\x96o\xdfu\xff\x03\x7f\xbf\
\xed\x8b?\xfc\xd1\xc3_\x9d\xe3=\xee\x88^TN\xa8\
K\x8e\x06\xa3\x9b\xe6D\x99Sa\xdd\xf9\x9cKc\xda\
+\xf7\xc8%\x1a\x86\xf7\x82)W!:\xa5\xa5\xf7U\
!\xf8T\x22N/\x94\xbbn\xe7Zl\xbb\xec\x0a6\
o\xdd\x8aI,\xce\x07\xacIA\xfb\x12Ej\x98=\
y\x82\x93'\x8e\xc5\x89\x5cm\xc9\xb3\xc9{f:0\
U\xf5\xb7\xc6\xc8A\xbd\x96\x92&M\xee\xbc\xf5j\xd6\
N$\x88w+\xa8\x8e\x84U~^\xa5\xe1gpD\
e\xd8\xe9\x5c\xa9\xdf\xfa>\xef\x87\x22\xa7\xfd\x91D]\
\xd1)\x1eVlZ\xed\xc6\x94\x8b\x8e\x8f\x15\xe8\xa9I\
0i\x8c|V\x14P\x00\x22\xbeW\x19o\x84$\x89\
\x91:1f QW\x8d%\xb3\xcau\xbcy\x1bZ\
\x8c\xcb\xc2\x8b-\x9b\xd7Ax\x85\xa0\x1d\xc4\xd4\x19\x8e\
<u\x8bBT\x8d\x8a\x5c>f\x92/\xec\xba\xf1\xbe\
\xdf\xdf\xff\xd4\xc3op\xe1\xf8\x0b\xed\xde;?v7\
R|\xb1\xed\x8a\xf5\xde\xeb.\xef\x9c\xa9\x16\xfe\x10z\
=\x97e\x09\x9dN\x07#\x82s\x05w\xdf\xf3\x01~\
\xfd\xd7\x7f\x8d\xad\xdb6\xe2U\xf1\x1d\x87HB\xbb\xdd\
\xe6\x8d#Gi\xb6\x1d\xd7\xdft\x03/\xbd|\x80'\
\x7f\xf8cBYL\x04e\xd5rpxW\xe2E\x0b\
\xe5\x87?\xfc\x11\xfb\xf7\x1f\xe0\xa6\x9bn\xe0\xba\xeb\xae\
c\xfd\xfa\xf5$IB\x92$`\x0cY\x1aS\xe5\x1d\
\x17\x8b\x98\x82\x8f\x94NG\x8f\x1e\xe5\xc0\x81\x03<\xf5\
\xd4\xb3\x1c?~\x1c_Js\x1a\xedO\xf1FE\xb5\
\xd0\x97\xd2\xbf\xea\xea\xab\xd8\xb2e3\xaa\xca\xc8\xe8H\
\xc4JT\x0eh\x99A\xe91\xb2\xc4T}\xdc\x1e;\
\xbc\x07!alb\x8ck\xa6\xaec\xe7\x15W03\
3\xc3K/\xbd\xc4\xcb/\xbd\xc4\xc2\xe2\x22\x89$\x04\
\xe9)\xfaT\x8e\xec\x00\xac`\xd8\xfa\x9e\xaf\x10B\x8c\
\x0a\x07\xf0\x84r'y\xfeN\xe80$iU\x88R\
\x19y\x94!\xf9\xce\x1ev\xba\xc4\x0f\xa9 x\x14\xdf\
u\xa4+j\xae~\x0b\xbd\xae\x1c\xba\xa0\x12\xa3\xdaG\
\xd3\x18\xa4\xaa.\xea!\xd5\x87\xe2\x99\xe7\x0412\x03\
\x95X\xe5\xecY5\xb8\xdc(\xf4\xb1\x93\x0c\x86\x8c\x15\
\xabx\x82\x92EA\x06\x97\x94\xd7R\x07\x08Ib\xf0\
 \xceM\x19\x11\xd7\x18\x0d\xff\xb55\xf2\xf1\x9d\xf7\xdd\
\xf7\x1b#\xc7\xa7\xc3\xbe}\x0f\xbd\xeb\x0b\x0fW\xb3\x8b\
\xca\x09\xadL\x91\xa2\x82\xfa\x0b\x9c\xc3\xf0\x1a\xb4\xd0\xdb\
\xf2\x8c\xa2\xba\xe7\x81\x07\xbe\xfc\x8d\x87\x1e\xfa\xc2%b\
\xdaw\xa3\xed\xdd\x9b6\xec\xe4\xa7\x9d\xf7\x9f\xd0(\xf8\
\x1dA\xe4A\xcb\x85ZK\x1a\x1e\xc5\xa3\xa4\xf5\x94\xcd\
\xdb6\x90\xd4\x13\x9a\x9d&\xa3\x8d\x11\x00\xd4\x17\xdd\x14\
\xaf\xa8\xe1\xd5W_%\xf8@\x9a&x\xe7\xcf*\xd3\
\xf9\xee23\x10\x11\xb0\xea0\xdab\xf3\xba\x11\xee\xda\
{\x0d5\xd3\xc1\x86\x1e\xfe3.\x04\xc3\xce\xd0Y\xec\
M\xea\x9f/\xa7H\x1b,\x85\xd238\xad\xd1\xd7Z\
\xe52*G\xa4J\xfb\xadP\xf5\xaa\xa1?Z\x1a1\
\xbd\x92\xd8\xbe\xd4\x22\xddH\xf8\x10,g\xc0b\x1a~\
\x95\xf6\xe9P\x84\xf6\x8cx\xe1\xfe\xfe\xae>R\xe1R\
\x03\x82cjr\x04\xa3\x1d\xd4\xe7\x98$\x80\xd8\xeeg\
\xb4b}\x10\xa9\x00\xb15D\xfe\xc7L\xf8/w\xdf\
\xfa\xc1\xff2\xcf\x8bo\xe8\xe2\xb1\xb9\x83\x07\x0fv\xf8\
\x89l\x9b\xeeK\xf6\xee]\x90\x90\xac\xfdl\x11\xc2\x17\
\x8b\xc5\xe2\x13\x1eI\x00\x89j9\x22\xbe\xa4\xfa\xa2\xc4\
\xe5\xb5\xdam\xbc\x8f\xeaE\x9f\xff\xec\xe7\xf8\xc5_\xfa\
\x05&\xd7N\x90\xe7m\x92$\x8e\xdf\xc5\xc5%\xde8\
r\x94V;\xc7\x07Cb3\xee\xbf\xff\xe3\x1c~\xed\
\x08\xc7\x8f\x9e\xc0X\x1b\xcfY\x12\xd7'i\x8aw\x8e\
z\xa3NQ(\x8b\x8bK|\xef{\x8f\xf2\xd8c?\
dbb\x9c-[\xb6\xb0q\xe3F\x12\x9b0:6\
\x86w\x8ev\x91\xe3\x9ccv\xe6$G\xde8\xc2\xb1\
\xa3\xc7\xbaU\xebi\x9a`\x8d\xc1X\xd3\xa5\xf8\x8a\xb6\
\xdcy\xdb\xbcy\x0bk\xd6\xac!\xf8@\xe1\x8a\x01\x07\
\xd4\x1aC0}\xf8f\x91r\x03\x18\xc7\x88\xf7\x01k\
\xe2\xf5w:\x1d\x8c5l\xdf\xb1\x9d\x1d\x97\xed\xe0\xce\
\xdbo\xe7\x85\x17_\xe4\xe9\x1f=\xcd\xdc\xdc\x1c\xfd\xcb\
\xd9\x00L\xa8\x1cL\x95\xd3\x16D\xaaz\xc48\xe2\xca\
\xfe\x0f\x1a\xb0.\x94k\x9c?o\x5c{\xf5\xcdIR\
B\x7f\xce\xc2\xd1\xa9\xa5\xd3,\xdd\xf1\xdc\x97A\xa8\xa2\
\xba\xa2\xcb\xe0F\x22\xa5T\xa7\x11\xce\xa6E\xa3\xc6\xc4\
\xa0\x81D\x9e\xd4*{\x15T\xe9\x83\xa0\xc6o=\xc7\
\xa7\xc3{\xb7\xe2\xcen\x10\xb3\xda\xff\xfb\xb08J/\
r*\xa2\x82\x185\xe5\xef\xc6\x18\x09\xbd\x0e\x12\xa7\x9a\
J\xdbnL\x13\xfb\xb3S\xd9\xc4\xc3~S\xebO\xd9\
\xc7\xeb\xe7u\xa3.\xa0]TN\xe8\xd3\xa7N\xf9[\
\xc7\xa7\x8fKj\xe6P6\x9a\xbe\x9c\xc9\xf0\x22wV\
\x1eC\x11\xb0\x92\x8b\x98\xd3\x97\x1c\xd0w\xad\x99\x9d~\
|\xd4\xc3G\xbc\xd7m\x94\xcf7\xd5\xe4Ct\x1c\x82\
\x0448\xb0\xb0e\xc7V\xa6\xa6\xa7\xc0x\xd2\xd4\x92\
\xbbN\x19!+)U$\xe1\xc5\x17_$o\xe5\xa4\
6\x85\x107\xb7\xabc0K\xa5\x91~l\xdf\x10\x9d\
\xd0[\xb1\xf3[\x1c\x041\x16U\x07EN-\x0b\xa4\
,q\xf7\xed\xb7\xb3i]\x82vNF\x15 \xadJ\
\xb4J\xb9\xc1~\x82\xfa\x81Jt]V!\x1f\xbc\x0e\
\x1e3\x8c\x01\xed\x8b\xda\xc4+\x1a\xb4\x18\xf9<s\x1f\
\x0d/\x10\xfd\xc5V\xbdk\x1b\xec\xaf\x9e3\xda\xfbp\
U\xb3Tq\x0b\x0a\xa5\xf3\x22t\xd7\x8a\x81\xfe\xeeF\
\xbd\x86p=}<-\xbdH\xcc\xca\x03#\x0cGv\
{y\xd3\xaa\x9a\x0a!\x10\xca(o\xe1\x5c\xc4\xba\x99\
\x14c\x94\xed\x9b\xd7SO\x1c\x92Z:\xea\x09^\x09\
\x12\xaf\xa7\xe7|H\x1f\xf2Y2D7\x09\xe6\x7f\xcc\
j\xf5\xbfgj;\xff\xc7\xab\xd7^\xfe\xd8lG_\
6\xc9)=\xf6\xd4SM\xde!\x87\xf4\xda\xdbY\xbf\
T\x8c^!!\xff\xaf}\xd0\xcd!\x90\xaa\xfa\xc1\xc2\
@\x091ei\x0d\x1a\x02\xed\xf6\x12\xe3\xe3\xa3|\xe9\
K_\xe2c\x1f\xff(\xf5\x91\x18=\xacT\x88N\x9d\
\x9ecvv\x8ef'\xa7pJ\xa7\xdd&\xb1\x19c\
cc|\xf6\xb3\x9f\xe5\x7f\xff\xd7\xff:\xaa\x11\x15\x05\
#\xa3\xa3$$\x10 \xb5\x19>\x8f\xb0\x19-\x1d\x91\
<w\x9c:y\x9aS'O\xf3\xcc\xd3\xfb\xce\xf8l\
\xa9J\xac~\x0f\xb1\xb8\x88\x92/\xb3\xdf\xf1\xac>\x9f\
\xf4\xc9q\xfe\xe8\xc9\x1f\xa3*\xec\xd9\xbd\x9bZ\xadN\
\x9aZZ\xed6iZnn\xb4*h\x8c\xfc\xb3\x15\
\xd6Q5\x90\xda\x04\x0d\xe0\xf3\x82Db\x81\x5cQD\
\x0d\x82\xb1\xb11n\xb9\xf9\x16v\xef\xda\xcd\x1f\xfe\xe1\
\x1fr\xe8\xe0+\xd4\xd3\x14_\x04|\xf0\x03\xebZ\xdc\
\x9c\x94s^u\xc5\xe53\xeaC\xa4\xfb\x22\x84\x18e\
\xac\xd4\xc8\x866mr\x8e)\xfa\xe1>T\xbf\xbc\xc2\
\xbe\xdfz\xed-\x8b\x83\xba\x13j\xff\x1c\xe0\xe2#R\
J\xde\xae\xe4 \xc6\xbaQ\x83\x0d=,\xf8\xe0\x064\
 jb\xb6\xa2\xa2\x9b\xc2\x82\x11\x84\xc8\x15\x9b{\x87\
\x19\x8a\x02\x8b\x19\xe4\x0f\x0d:\x88\x01\xd5\xa1\x89'\xb1\
gv\xad\xc2rOy\x80\xc04IL\xefw\x1f#\
\xd5I\x92\x88\xaa\xea\xd8\xd8\x18\xea\xc38\xc8b\xde\xf6\
O\xb8\xd0n\x9f\xd3My\x97\xdaE\xe5\x84N?{\
\xad.\xeee~,fW+\x9d\x87\xb7\xc6\x15*\x06\
\xef}\xdd\x1an\xe5\xc1\x07\x0d\x0f>\xf8\x13\x17\xaa\xbd\
dg\xb6]7\xde\xb7%3\xf6\x97\x14\xfd\x22\xaac\
\xfd\xef\x852\x12\x1a\xca\xed\xb5G\xa9\xd73\xae\xbc\xea\
\x0a\x92R\xba.\x08\xdd\xc9(r\xe0Yfgg9\
yr\xf6M\x17\xe2\xf4[)\xeas\xd6\xe2\x94w\xce\
\x02\x1e\x87JA\x9a\x14\xe4\xad\x19\xf6\xec\x9e\xe4\xce[\
\xafF\xfd\x02\xc1/\x91\xe0\xfb\xf0X\xf49\x94\xd5~\
k8\xca2dgJ\xc5s.\x11\x867\xef\x80\xbe\
\xdd6p\x7f\x96\xdd\xab7\x97\xaa\xec/\x8e\x8a\x1f\x7f\
\x937_\x02t\x19\x09\x1c\xe3c)\xd3\xeb'xm\
6'\xde\x13)\xb1k\xbd\x02\x8f>e\x9d\xaaA\x06\
\xcc\x98\x12\xaeE\xcc?\xb5F\xf2\xe9\xba\xbc\xa8L\xfd\
\xee\xda[>z@\x09/\xa9a1\xcc\x1d~e\xff\
\xfe\xfd\x8e\xb7\x9e\xb67\x1bo\xbc\xb1\xb16\xaf\xd7\x19\
\xad\xef\x05\xfe\xaeX\xb9I\x83\xd9X\xd1\xe8\x0f[\xf0\
\x01\xe7=\xbe\xd3\xa1p\x05;w\xee\xe0\xd7~\xed\xd7\
\xb8\xf9\x96[HS\x137L\xc1\xd0\xeet\x98_Z\
`vn\x8e\xa2\xf0\xe4\x85\xa7\xdd\xec\x10<\xe4y\x8b\
,K\xd9y\xf9\xe5|\xfes\x9f\xe3\xab\xbf\xfb\xbb\xb1\
HP\xce^\xbfQ9Gf\xa8\xcbVvHWg\
9X\xcdN\xcf\xcd\xf1'\xdf\xfe6O?\xf5\x14W\
^y%\x97\xed\xdc\xc1\xe6M\x9b\xa2N\xbd\x0f\xf8P\
\x91\xbbJ\xe9\xe8\x9de\xfc\x97QT\xe7\x22fuj\
\xedZ\xea\xf5:\xc1{\x0a\x22;G7U\xdd\x07\x16\
\xd1\xa0h\x08=\x99\xcc\xea|\xe5fG\xfa\x8a\x0d\xe3\
8\x1a\x1a\x86\xbc\xb5y\xebl\xf3\xe5`!\xa2/\x19\
\xf4z\x91P\x11\xdb\xc3\x98\xa8\x9eu\xfeX\xe9\xfb\xba\
\x1ba\x09(\x06/\x91QIEq\xde\x91\xa5\x19W\
\xed\xd9\xcd\xf8\xd8\x18\xce\x0f~\xc7\xd9`\x05\xfdN\xa8\
\x02\xe9\x0a4]\xfd\x96\x9d\xe5}U?P\x88\x99$\
V\x82j\x09?9\x22\xc7\x8f\x1eSAlV\xab\xfd\
\x8a\xc9\xb3\xff\xe1\xcd\xdf\x91w\x8f]TN\xe8C\xd7\
\xed\xd3\xfb\xda,\xdd\xda\xb8nF\x90\xab\xdf\x9a\xfb\x19\
\xad\x9dw\x98\x18\x1fu6\xcb\xde\xb8\xe4\x80\xbe\xfbl\
\xcb\xde\xbd#\x99r=\x84\xfb50F\xc9P\xd2\x8d\
V\xf5\xa7s\x05\xbc+\xb8\xf2\xcakX39\x8eI\
\x84\xc2\xb9\x81\x14\xbbwJ\xd1)x\xfd\xf57h-\
6\xcf\xc83\xf8\xae\xb2>`?\x94\x8b\x97@N\x8e\
\x95\x02\x91&S\x13\xf0\xe1{\xaeg\xe3\xba\x04\xd1E\
\x12\x1bPW\xc4\x08hw\xa7?H\x7f\x22}t-\
\xe5\x17\xac\xf0\xe5}\x8fE\xffj\xd6\x17\xf0[v\xb9\
FV\xd0M_\xa9]o\xf6\xef\xc3\x8b\x06C\xbfW\
\xc5i\xba\xe2yd\xd5_\xa2\x99U\xce\xf7\x96MB\
\x0f\x0f7\x5c\xdc$\x81uSc\xec\xd8\xbe\x81\xd7N\
\x9e\x02\xf1(\x16Q\xc1\x9bH\x22^5\xb7\x1bm\x1c\
D7H\x88X\xb3\x9a\x18\xbdE\x91\xeb\x05\x9a\xa8\x04\
\x81\xa5tb\xfb\xa1kn\xdd\xf6\xcf\x1c\xe1)\xdbl\
\x1fo\xa6Yh\xf9\xa48\xd1X\xe8\xec\x9a\x9b3\xfb\
\xf7\xef\xf7p\x1f\xf0\xb0\xc2}\xc2\xde\x05\xd9v,K\
\x98\xa0Qo\xc8Z\xab\xe9\x87\xc4\x87#:\x22?\x83\
\xca/\xba uAL\x8c\xed\x9a\xc8Q\xae\xf1>K\
\xd9\xc6\xc2\x15Xc)\x5c\xc1\xad7\xdd\xc8\xdf\xfd\xbb\
\xff\x19W\xef\xbe\x9a\xa5V\xabt\x1a\x94V\xb3\xc5\xe9\
\x85y\x16\x16\x96hw:\xf8\x00y\xeeiu\x22n\
SDHk)6K\xb8\xfd\x8e\xdby\xfe\x85\xe7\xf9\
\xd1\x13?\x8cQ\xf7n\xb5{5\xa6\xaa\xa5o\xf8F\
\xaf\x5c\xd5\xbd|,\x0e\xd2\x17-\xbb}\xc3\x0ab\xc6\
`\xd2\x94S\xb3\xb3\x9c|\xec1\x1e{\xfcq.\xdf\
\xb9\x93\xcbv\xeed\xc7\xf6\xed\xac[?\x15\x0b\xddl\
\x82\xf79\xceW\xce\xd7\xea\xf3\x8c)S\xea\xaaQ6\
\xd6\x88b\xac\x8d\x91\xd9\x92\x06\xea\x5c\xac_\x05\xcch\
\xa4*\xea\x8e\xe7e\x19\xc2(\xd6p\xb6D\xccye\
j\xfa\xa9\xcc\xba\xdd_\xd2s\xa9,\xc3\x83Fj<\
\xdf\xc5\xb5\xaa\xfa\xbe*\xfb\xde<UA\x1fz\xcey\
\x0c4\x04\x8d\x91\xcb\xbf\xf1\x9f\xfc2w\xdey'&\
\xb1\x91\xfb\xf7\x8cN\xe8P\xd5}\xdf\xb1\xbe;g\xae\
\xe0\x08\x0f\xf3\xcd\xae\x96)\xe9sB\xab\xefO\x12\x8b\
\xaa\xca\xb1\xe3\xc7\xf9\xd7\xff\xdb\xbf\xe4\xe0\xc1\x83m\x8c\
<#\xa3\xf6\x1d\xd8\x82\xff\xe4\xec\xa2rBy\xf0A\
\xe5\xc1\x07\x01Z}\xa1\x85\xb7dVD]\xe1\x13\x91\
p=\xef\x13\xaa\x84\xf7\x91\xc9D\x18\xbbIE\xfe\xbe\
*\xf7\xa8\x0e\xc2\xca\x03\x80\x91\x81\x14\xf2\xdauS\xec\
\xd8\xb1\x0dk-\x9d\xa2\xb3,\xfd\xea\x9cg~~\x91\
\x13\xc7ObMr^w\xfb\xdcx4\xdf\xee\x1e\xe9\
S\x87\x91\x80jA-q\xd0\x9c\xe5\xb2\xcb\xd7q\xf3\
\x9e\xadd\xb2D(\x16H\x8d+5\xe2\xab\x0f{\xfa\
\x12\xcd\xb1K\xce\x12\x0e\x91\xe1t\xd3\x9b\xe8\xafX\xc3\
\x1bV]\xf6\xdf\x1d6H\x17\xf3\xb6\x9ds\x05\xa8F\
\x8f\xfa\xdb\x828\x0c\x8e5c\x96\x8d\xeb\xc6\xd0p\x04\
(\x10I\xf1\x12\xe5\x07#?\xe6\xe0\x99E$r\x1c\
H\x94\xd5\xa1B\xd7E\x9e.\xabD\xee\x5cD\xa6\x82\
\xb0\xdd(w$\x9a\x08\xa3\xa3/\x8d\xc1\x9a1\xf4\xd0\
z\xc6\xb601\xf6\xe45{\xb7\xed\x16\xd5\xef)\x1f\
\xbe\x06\xf4\x11\x18\xfb\xb8l\xe05\x85\xdbPQ\x11\xdd\
\xe8\x0cA\x83\xa4\x94qt1\x86\x18\x94\x5c\x99\xf8;\
\xf8\x80/r~\xea\xa7>\xc3\xcf\xff\xc2_c\xcb\x96\
\x8d\xd1\x990J\x9ad,\xb5[\xcc\x9e>\xcd\xdc|\
T]\x0e*,-.\xb0\xd8l\xe3\xbc\xa3(\x1c\xa3\
##\xd82\x05\xfe\xc8#\x8f\xf0\xdcs\xcf\x93$i\
\x1c\xf7\x17\x98\xb2\xd7\x97\xe9\xe1\x88!\x8d\xcb\xce\xab\xaf\
\xbe\xca\x81W^\xa1V\xab\xb1\xf3\xb2\xcb\xb8\xfc\x8a+\
\xb8j\xd7.F\xc7\x1a\xe0<\xe7\x8a\xab\x16\x91nd\
\xad\xd3\xe9\x90\xd8\xe8@Ez\xa3pv\xb2u\x89|\
\xbf=U\xa3\x12\x9f\xb2\xca\xf7\x1b=\xb7h\xe8j\xd1\
\xcas+\xf2\x19\xfa\x83\xbe=\xf3f72,\xbd\xdf\
Ua\xd3\x8e\xcd\xdcr\xcb-\xb4[\xad($\xe0\x87\
\xe1C\x15nt8\x0d_\xa5\xfc\x97_\xdcJ\xd7;\
\x0c\x11\xa8\xa8\xa0\x86\x0fM\x86\x82\x1cB\xdctx\x1f\
X;9\xc9\xde\xdbo\xe7\xf4\xfc\xdc\xc9z-\xbb\x95\
v\xf1'\xe7\xdf3\x17\xce..'\x14\xf4\xe1\x07\x1f\
\xf4\xb7\xfe\xd3\x87N\x9b\xc4\xaaw\xae;1\xf4\xd8\xc8\
\xa2\xc9Y\x16\x18\x11/\xe0C\xadf:\x17\xbaQ\x97\
l\xd0v\xee\xbc\xaf\x86\x91\xfb\x08\xba\xd7\xab\xa6U\xa1\
F\x99p+\xf1@\x82%\x16\x09$\xa9\xe1\x86\x1bo\
$M3\x8a\xdcG\x0eIJ\x00\xbc\x11$\xc4\xc8h\
\x94\xd3\x8b;\xeeFV\x1b\xf8\xce\xee\x94\xd5Mc\x0d\
9\x12+LHgJ!\x9fu\x92?\xc7\x09y\x10\
\xd3Ua7\x03\xe3\x99A\xf2y\xd6\x8ct\xf8\xe9\x8f\
\xdf\xcc\xfa\x89\x80-\x160\xd2\x81\xe0\x22-Pw\xc2\
\xf5+\x9cW\xf1\xbe?\xe57t\xfd\x1a\xba\x98\xd2\xd5\
.\xb7\xf4N\x86>\xd7\xfb\xbc\xf6\x15k\xf4\xd30\xad\
\xd47\xd5\xf3:\xdc\xa7\xbdc\xcf\xd6a\xda\xfb\x1e`\
Yu\xfd\x8a\xf3\xc10\xdd\xd3\xb9\xdc\x90\xb0\xe2u\xd2\
\x9f\xae/\xa3\xa0\x03\xccS\xa6,\xd4\xf0\x1d\x82_d\
td\x92\xcb\xb7\xaf\xa3\x91B\xdei#\xb6\x1e\x9d\x83\
\xaa\x88\xb8Z\xe4`@Q\xa7\x92\xc0T\x10\xd5\xdeU\
t7]\x8a\x89\xc7k\xad\xbc\xc8\xeb\xca\x0b\xd8Z6\
s\x07\x8a`\xd8S~\xf4\x03D\x18\xe3M\xbd\xde\x16\
\x10\xb1e\x9f\x89\x88\x1d\x88\xe5*\x0a\xc1\x97\xfa\xe3\x0e\
\x97\xb7\x19\x19\x1d\xe1\xe7\x1ex\x80_\xf8\xf9\xbf\x1a9\
XS\xc1\xf9\x02\x08,5\x97x\xfd\x8d7\xf0.:\
T\x8b\xad&\x9dv\xc1\xe2b\x8bf\xa7M\x92\xa5\x8c\
\x8d\x8e3>>\x8e\x88\xf0\xad?\xfa\x13\xbe\xfd\xc7\x7f\
\x5c\x16\x9fTq\x0630 \xbc\xebD\x870j\xa9\
\x97\xd4P\xf4=\xa8\xa6\xdb\x94\xfe\xdbS\xfd\xa1\x1a\xb6\
\xcb\x8b\x7f\x86\xfa\xb34[9\xc2J\xd48\x97(u\
`\x8c%\x14\x8e\x17_z\x89\xe7\x9f\x7f\x91\xc7\xa7\xa7\
\xd9\xb5\xeb\x0a\xf6\x5c\xb3\x8b\xc9\xc9I\x8c\xb1\x117*\
\x01\xef\xe25\xfa\xe0\x97\x0dg\xe7:\x14.'\xcbR\
\xac\xb1\xf8\xa2\x83\x96\x15\xd9\xd2\x97\xfd\x91\x92\x7f\xc0\x88\
\x10|\xec\xcfz\xbd\x1e\xa9\xc6(\xc7\x8d\x10\xc3\x83\xa2\
\xcb#\x9ae\xf1\x8ew\xc3\x85\x84C\xed\xed\xa7\xea\x5c\
\xf6\x0cTE|\x83\x8c\x02\xdd\xa1\xae\xbe\x14\x81\x08\xbd\
\x1bP\x0e2J\x99\x88\xde\xb1\xbd\xd3\xae\xe8\xa4J\xa0\
\x7f\xe2\xf0\xa1\xa4>Kz\xf1\xa7\xbc\xc8\x19k\x8cb\
\x11\xda\xb9G*\xfcj\x7fM\xd1*X\xf3^q\xfb\
P\x843\xe8\xc0\xe7uh=X\x969\xe9~O\xec\
\x93\x92v\x14cM\xb9\xa1\x00\xaf\x91\xcb\xb4\xdd\xca\x99\
Z7%\x1b6n\x9aQ\x0d\xfffdj\xf4=\x8d\
\x09}w\x05\x17~R\x16d\xa6'<}\x1e\xa7\xd1\
@\xf0a\xf3o\xfe\xd3od\xe7{\xaeK\xf6\xb6\x99\
d\xeb\xd8)\xaa\x9f\x0e\xaa\x13e\xd1ao\x11,\x7f\
\xf2!tiP6o\xdc\xc8\xf4\xda\xa9\xee\x04\xd0\x85\
\x0e\xa9A\x83\xe0\x0a\xcf\xd17\x8e\xd1\x5cja\x8d\xa5\
^\xaf_\xe86\x9e\xbb\xad\xa0\x22g\x08\xb8\xce\x12\xe2\
\xe6\xb9\xf5\xba\xed\xdcx\xcdVRmb\xc9\x11\x1c\x12\
\xfa$J\xdf\xe2cb\xceV\xa2z6\x1b\x22\xa2\xef\
w\xda\xde\x09\xfc\xe7\xbb\xc6\xce\xd6\xdf\xa5\xd6w\xc8\xe7\
\xd9\xb1i\x92\x91\x9ab\xc5\xb3\x12|\xd3\xb0Z_U\
|\xa2\xf1\xb9\x18V\x0e[y\x03T\xf2\xe3\xa8\x9a\xee\
\xbf\xd5\xabzo\xe0pS*\xf4\xd8\x15\xcfV9\xa0\
H`tl\x8c/\xfd\xca\xaf\xf0\xc5/\xfe\x0dD\xa4\
[PcD\xe8t:\xbcq$:\xa0\x1d\x17Xl\
5Y\x98_bi\xa9E\x9a&\xa4I\xc2hc\x84\
5k&\x11\x11\xfe\xe0\x0f\xfe\x80o}\xfb[g\xec\
\xc2*\xf0\x00\x91\x13\xd4\xb9\xc8\xff\x19\xbc\xc7;\x87w\
n\xd9g*>Ic\xcc A\xfa*\x16\xca\x8a\xfc\
\xeau6s\x85'\xcb2fggy\xe4\x91G\xf8\
\xf2\xbf\xfb\xf7\xfc\xf1\x1f\x7f\x8b\x83\x07_!\xcfs\xd2\
$}G\x14\xd8*g(\xb5\xc99W\x82w\xe9\xe8\
\xcet\xce\xa0\xcbR\xe6\xdd\x0dk(\xf9I}T\xff\
\xaa\xf0\xa8\xd5+\x8e\x8fP\x89\xc7Gv\x03\x8d?\xab\
\x86U\x8b\x9b\xce\xc9\xceQU\xf3\xadF]+\xd0\xd2\
\x99>\x7f\xae\xfd\xbc\xda\xb5\x04\x81\x89\x89\x09\xac\xb5\xbb\
\xd6\xacY\xfbS\x8d\xa9\xc6\xe4[\xef\x90\x0bo\x17[\
$\x14@M\x22\xaf\x89\x91&\x9e\xb7\xec<\x8a\x08F\
\xc5\xa8\xd7\x8d\x13\xa3z\x03\xf0\xf8\x85n\xd8%\x03\xf6\
\xeeMl\x08\x1bTe\x9d\x9e!g\x1cBA\xe1<\
\xf5F\x9d\xab\xae\xba\xba\xe4{,%)\xc5\xc4\xc9\xcf\
\x00A\x999y\x92\xe3\xc7\x8f\xc7\xc5\xc0dX\x93\x12\
\xc2{\x88\x96M{\x0b\x8c\x18\xb08$\xe4\xac\x9f\xa8\
s\xffGn\xa3VsH\xc7\xd1M\xfc\x0a\x80+U\
\xa2\xcaS\x0cO\xfc\xe7K\xdd\xa2\xc3\xb9\x87\xea\xb4\xfd\
\x8b\xc4\x9bpd\x87/\xe7,\x8b\xcdrl\xd6\xf0u\
\x0c\x9f\x7f\xe8\xfde\x1c\x8a\xc3)\xf4\xb3\xb1m\x9c\xcf\
\xfe?\x10|\x87\xad[\xd63\xbd~\x9c\xe3\xf3\x1d*\
|\xdb\x9b\xb5\xd5\x1c\xd1\xaa\xaa~\x90:\xa6G\xbe]\
}\xa6\xfa\xfb\xb2~_\xb1\xba9n\x80\x14\x8f\xd3\x9c\
\xbc\xc8\xb9z\xd7\x15\xfc\xea\xaf\xfe*w\xdd~GL\
+\xd7kDu\x9c\x9c\xb9\xb9\xd3\x9c<5G\x9e\xe7\
\x041\xb4\xdbm\x16\x97\x9at:\x1d\x8a\xc2\x93$\x09\
\x8d\x91\x11\xc6\xc7\xc79ub\x86?\xf9\xf6\xb7y\xf2\
\xc9\x1f\x95\x9b\xcb\xd2-\xaeX0\xca\xf1f\xba\x91\xcc\
X\xa4\xe3+rt\x09=\x82\xf9\x01y\xd5\xd50\xa2\
g\xb6\xae\xb6\xba\xaa\x8a\xd8\x12\x0c\xb1\xfayj\xb5Z\
\xe9\xb0*I\x92\xb0\xd4\x5c\xe2\x99g\x9e\xe6\xc5\x17_\
`\xc3\x86\x0d\xec\xd9\xb3\x87+\xaf\xbc\x92F\xa3A\x96\
e8u\xcb\xc6\xecY\xee3H\xa9\xe9d\x0c%<\
>\xf6\x89\xc6\xea\xf4^\x8a8V\xd1\xc7\xb4\xfc\xf2s\
\x85\xf2C\xfd-x\xb3\x8eUo\xa7O\x17\xe39p\
\xbd:\x08\xc7\x09%\x9c(HBXa\xc3\xd5sr\
\xfb\xd5\xed\xca\xcfv\xdb5\xd8\xefb\x0c\x84\xd5\x0b\x90\
\xceT\x98\xb8\x8c\x9em\xe8\x0f\xcb1\xe2C\xf7c\x95\
n\xe9\x17\x0a>\x93\x15\x85c\xe3\xa6\x8d\xff\xae\xe5\x8a\
\xdfj\x9c?\x19\xf1\x05\xb5\x8b\xd1\x09\x051\x0b\x18\xbc\
\x11\xc1\x0f\xcb\xe7\x9c\x83U\x91\x19\x8d\xbb\xf9\xad^\xc3\
\xe6\x0b\xdd\xa4K\x16m\x8f\xb5\x13B\xfa)\xef\xdc\x15\
\xb0|q\x8d\x16\x10Q\x8a\xbc\xcd\xe5\x97\xefbjj\
\x0dN{\xd1\x0f\xd1\xaa \x5c(\x9c\xe7\xe8\xebGi\
/u\xa8\xa5\x19\xde)./8\x87`\xc8\xbb\xc0\x0c\
 \xb1\xd8\xa0\x94\xe9\xb3!`%\xc7\xb2\xc8\x9d{w\
s\xf9eS\x18\x9d\xc7\xe0\xder\xd4\xf3\xed\xb4\xee\xc2\
\xfa&\xaeE\xde\xf4\x13\xfc\x16\xaek\x98\xc7\xb4{\xbd\
\xe7F\xed\xb6\xfc\xb8\xf3\xb8\x18\xf1\x18\x1c\x13\xe3\x19\x1b\
\xd7\x8f\xf1\xf4K\xb3\x90T\x9b\x08\x13\x9d\x07\xe9\xa3\xb8\
:\x0fL\xe4J\xcfO\xbf3*\xe7\x1a\x9e\xab\xee\xa7\
D\xe9kU\xcf\x07\xee\xb9\x83\xff\xec7\xff\x0e\xdb\xb6\
n\xc5u<I\x228\x170F9~l\x86\xc5\xe6\
\x12y\x11\x1d\xd0\xc5f\x9b\xf9\xb9E:E\x8e1\x09\
##\x19i\x9616:\xc6\xab\xaf\xbe\xcaW\xbf\xfa\
{\x1c<x\x10c\x0cI%\xb5\xd9\x97*\x1f\xe6\xa7\
\x9c\x9aZ\x17\xe51\x9d#\x04G^\x0cn*#j\
\xa1\xf7\x90\x8f\x8f\x8f\x0f\xbc???\x7f\xc6\xe6\x86\xd0\
\x03\x15\xaa\x06\x15\xc9\xfa\xcf\xbd\xac\xcf*hK\xf5\xdd\
\x91\x8a*B\x7f^}\xf5U^{\xed5\xbe\xfb\xdd\
\xefq\xddu\xd7\xb1{\xf7\xd5L\xad_OVK8\
+)\xe6[2\x839\x13&\x14 \x98\xa1M\x8f,\
\xfb\xe9\x8c\x98P\xedw\x0c\x87\x9c4\xe9Q\x93\xf5\x8e\
\x8f)o\xd1\xc8\x00\xd1-H\xea\xc2\x81\xce\xc4\xd6q\
\xe6\x22\xb2s)\x22<\xefBC\xde\xdc#\xb8\x1a?\
Bu\x1di\x9ah\xde\xe9\xdc?92\xf2\xb5<\xcb\
\x9e8\xef\x8b\xbb\x80vQ:\xa1i\x92\x1c\x96$\xe9\
\x04\xaf\x08\xee\x9c\xc6F\xff\x22T1\x99\x11T]\xbb\
3*j\xb6\x5c\xe86]2\x00\x8c\xb8\x89\xab0\xfa\
y\x15\x9bU\xc4\xe3\x9e\xde\x0e\x9f2Ba\x05\xa6\xd6\
M\xb1g\xcf\xd5P\xe2\x1f+\xdc\x94\x02\x99\xad\xa1\xaa\
\xcc\x1c;Jsa1\xf2\x17j\x85\xe3z/\xd4\xa1\
\x95\x13o\x88\x05X\xc6{j\x99!\xf86\xde\x9df\
\xe7\xd6\x11>r\xef\xf5d\xb2\x84\x16\x8b\xa0.F\x1f\
\xc4\xc7(N\x04\x0dv\xcf\xb6,\xd0\xf8f'\xe5\xe1\
H\xe2\xb0\xc2\x8fV$\xd5\xbd\xbf\x9b\xe1\x0a\xd9\x81\xcf\
\x0f\xfe\xd2U\x80Z\xf5i\x1e\x02\xfa\xafJ\xb94<\
\xf5\x0f\xfe^9\xc9a\x15\x85\x97\x1e\x19\xce\x19LM\
\xc9-y\xee\xfd5p\xa5\x0a^;X\xdbf\xf7\x95\
\x9b\xf9\x83?\x7f\x1aS\xdb\x10\x0bL\xd4\x94[\x8f\xb2\
M=Pi\xb7-\xca\xb9\xdc\xbfe\xce\xb5\xac\xf4\xef\
9Y)\xfb\xea\x5c\x87Z\x9a\xb0\xb0\xb0\xc0O\x7f\xf6\
\xa7\xf8\xe5/\xfe2k\xa7\xd6b\x0c\x91\xba\xde\x1a\x9c\
/8qt\x86\xd3\xa7\xe7\xc0\x08\x85W\x16\x9bM\x16\
\x17Zt\x0a\x87M\x22\xe61I\x13\x1a\xf5:?\xfe\
\xf1\xd3|\xeb\x8f\xfe\x98S'O2R\xeb\xc1d\xe2\
\x86\xd1\xc5\xa8\x99*\xc6$Q\x83~\xac\xc1\xda\xb5S\
\x8c\x8e\x8e\x0c\xdc\xe3<\x1ftBm\xd2\xd3\x11\x87\x18\
\xa9L\x93\x14\xd5\xc0\x89\x13'\x967\xb1\xe7\xf0\xf6\xa3\
\x14\xabrr\xa3\x91(S\xe21\xa5\xe0^\xef\x8e\x0e\
\xd0\x22\x11\x10\x0d\x11\x0f)\x08\xf5\xb4\x11U\x9f:\x8e\
'\x9f\xfc1O>\xf9c.\xbf|\x07{\xf6\xec\xe1\
\xaa\xab\xaeBD(\x8a\xc0\xd2R\x0b\x11\x83\xb5\x96\xe0\
l|\xa6W\xb9M\x15\x16TZ\x0b\xcb\xe8\x82\xa2\x03\
~\xe6\xf1\x11\x95\xe2\xfa0\x9dC#Gt\xf5SD\
\xf0\xc6\xa0\x0aQ\xff\xa1&H\x1f\x06<\x94\xcf\xaa\xa9\
\x04xK\x90\xb3\x96)\xff\x98\x9e\x17\xd3c\xfe*\x9c\
#\x11\xd3ub\x0d\xa6\xbb\x11)s]\x008\xe7J\
\xbd\xf8\xd8f\xef]\xb7m\x8a\x19\x88nV\xa0\x92\x95\
rk!DF\x8a\xfeb\xa3\xe1gL4\x16\xdfY\
k\xe8t:<\xf1\xf8\x13\x9c8q\x82\x93\xa7N\x91\
&\x09\x8d\x91\x06\xdb\xb7\xef\xe0\xba\xeb\xaec\xdd\xba)\
r\xe7H\xad\xa5Sn\x8e\xd2!\xb1\x8cV\xdea\xd3\
\x96-\xdf\x98m6\x9f\xd8:\xb6\xe1=\x11\x12Y\xcd\
.J'\xd4\x1a\x9d\x0f*o'\xc1\xfc\xf8%\xae\xd0\
\x0bn\xe6\xea\xbd\xf7]-\x86\xff<h\xb8\x8a\x92\x92\
IW\xf4\x17\x03Yf\xb9\xe2\xca\xcb\xb0\x89\xd0\xf1\xc5\
\xb2rb\xe7\x0a:\xad63\xc7O`\xc5\x94\x856\
\xd5\x04}!9>\xdf\x84\xa9\x015\x18\x02V\x14\x97\
/\x02-\xac.r\xf7\xed\xb7\xb2s\xeb8\xa1\xfd:\
V\x5c\xe9\xf0\x95\x15\xb9%W\xe0\x85p\xb3\xbb\x13\xf7\
\x9b\xcf\xef\xf1NB\xdc\x87S\x9f\xdd\xeb\x1c\xc2\xfb\xc9\
*!r\x1d8.\x92\xa5\x9f+>m\xa5\xb6\x8a:\
D;\x5c\xb6m=\xe3\x8d\x84%q\x91:\xe7\x8c\xdd\
f\x868_\x7fr&Fq\xbe K\x84_\xfeO\
\xfe:?\xf7s?G\xadV\x8b\x15\xbf\xa1\xa0V\xab\
1?\xbf\xc8\xcc\xcc)\x16\x9bMT\xa0SxZ\xad\
\x16\xcd\xa56E\xa9N\x16\x82\x90$\x19\x895|\xe7\
;\xdf\xe5;\x0f\x7f\x87\xf9\xf9\xf9\x01GJD\x06p\
\x9db\x04\xe7=cc\xa3\xacY3\xd9%\x88\xef\xdf\
`\x0c;b\xd1\x09\xadn^\x8f8\xde\x87@Q,\
\xc7\x8c.k\xaf\xe0@\xe6T\xc3?\x12\xe4\xb3\x82\xfd\
.\xf0\x0b\x0a\x89 SQ\x11\x81\x0c\x11E\x83\xe9\x1f\
\xbb1\x85?\xb4\xcf\xea\xa9?\x02\xf0\xe2\x0b\xfby\xe5\
\xe0A~\xf4\xa3\x1fq\xfd\xf5\xd7\xb3u\xf3\x16\xda%\
gy\xbb\xdd\xc6V\x91\xdc\x15\x851Bwc\xb0\xd2\
X\xa8\x9c\xc3\xb3\xa8\xa5\x0f\xfc6\xecpU\xd9\xa4\x95\
\xac\xf2/\x07\xc6j?\x9d-\xd2\xf7\xbch/\x0aZ\
\x16V\x8a\x0cbL%h\xf7r\xb4\xe4\x10\xed]\xdd\
p+\xfa\xde\xa9\xae\xf3\x1c\xa8\xacz4O+\xbf\x17\
\x11\x00\x83\x95\xf3\xfd\x07\x1b\x11l\x96\xf1\xc2\xf3\xcf\xf3\
\xc7\xdf\xfa\x16\x87\x0f\x1f.q\xc8\x814\xcb\xa8%)\
\xcf\xfc\xf8i~\xfc\xe3\x1f\xf3\xc1\x0f\xde\xc3\x0d7\xdd\
D\xe1\x22)\x7f\x92\xa6\xdds\xf5G\xcbO\x9d\x9e\xbd\
o|t\xe4\xa5%\xd7\xfa\xfaY\x1b\xf0.\xb6\x8b\xd2\
\x09\x0d\xce\x1c'\xe5\x14\xb0\xfd\xad\x9e\xa3\x22\xf5\x95@\
\xa2\x86\x0d\x97\x1c\xd0\x0bk\xbbw\xdf3\x9a\x88\xfdl\
P\xfdP\x08j\xcf\x8c\xba\x09L\xae\x9bd\xd3\xd6\x0d\
\x18#\xe4y\x87\xa4\xd6\xabv7\x0a\xea\x03'\x8f\x9f\
\xe0\xf4\xe9\xd3\xa4&-u\x81\xe1\xbd\x02\xbf\x09\xd2\xf3\
\xe3\x8c\x06\xac\x14(9B\x93kwo\xe1\xde{\xae\
A\xfdij\x16$\xf49\xa00H\xe7\xf4\xce]\xe1\
\xf2?\x0d,\x88\xc2\x9b\xc6\x84\x0e,\x10\x86w\xb4\xee\
\xb2\xdbW\xe7JS\xd0\xd7\x96\xf3\xed[\x09\xd8\xc4\xa0\
R\xb0u\xcb:6mZ\xcb\xcb3\xdd\x92\x08@\xba\
:\xe2}\xf5\xea\xef\xac\xe9*\x8b\xbd\x94\xe9\xeeN\x93\
5k\xc6\xf9\xcd_\xff5>\xf9\xc9\x8f\x0f,\xd0I\
Z\xe3\xf8\xf1\x19N\x9d\x9e\xa7\xdd\xca\x11k\xc8se\
\xa9\xd5\xa4\xb9\x14)\x98\xac\xb5\x18\x9322\x12\xa3\x9d\
\x7f\xf2\xc7\xdf\xe2\x91G\x1eAU\x19\x1d\x1b\xc3u\xfa\
\x22\x99\xaa]\x19\xcc\xaa\x00i\xa4\xd1`b|\x92\x91\
\x91\xb1R\x123\x8e\xf7\xd5\xaa\xdb\x079n#VY\
\xd5\xe3\xfd\xf2\xd4}\xefk\xbb\xfa\x5c\x8a\xca\xfe \xc5\
\x97^y\xda?\xbau\x8f\xfd\xd7.[j\x8f\xc9\xda\
?q^\x8f\xa6\x86\x8fH\x90C\x88\xfe\x9a\xa8N\x03\
7\x95B\x94\xa5\xc4\x92v\x99\x0b\xca\x82(\x09!\x0c\
`ok\xb5\x1a\xc6\x1a^\x7f\xfd\x0dN\x9e<M\x96\
$\xb8\xc2\xa1\x18\xea\xf5\x11\x8aN+b\x5c+\x150\
\x89\xc4g\x22\xb1\xb0\xaa\xeb\xd4\x0e\x17\xfd\x89\xa5*r\
;\xd3\xd3\xb7\x8c\x85b(SxFF\xa8\x956\xf1\
\xbaR\xc6\xa1Oq\xad\x9c\x93\x94d\xa0\x12=\x06\x06\
\xb4+\x80q\xbe\x91%1\xf2\x96R\xef\xa1O\x82\xa1\
r\xc2\x07\xfa\xd5\x08/\xbf\xf8\x12\xff\xfe\xa1\x87\x98\x9f\
\x9f'\xb1\x09b\x12\xfa\xeb\xf6\x92$\xe1\xf5C\xaf\xf1\
\xb5\xaf}\x9d\xb4Vc\xcf\x9e=\xa8\x91\xc8\x81;\xf4\
}\xdey&\xc6\xc7\xbe\x17\x5c\xf2\xb5tdq\xfe\xac\
\x17\xf8.\xb6\x8b\xd2\x09\xf5\xa2\xd6\x0a\x1dy\x0bx\xd0\
\xca\xcazPQC\x810\xfa\xb7\xff\xe7/\x8f\xfd\xb3\
_\xff\xc2\xe2\x85n\xdbEj\xd6\x8e6>\x0d\xfc\xed\
@\xd8\x10+s\xe3}\x95\x15\xa2\xa0*\xb0\xf3\xca\x9d\
`\x0d\xb9/\xd02\xbc e\xc4\x13`i\xa9\xc9\xe1\
\xc3\x87#\xbeL*\xaa\x90\x9f\x5c\xd6c\x80\xdb\xfd\x0c\
|s\xdd\xe3\x87\xc9\x94\xcb\xeaT\xd4\xe3\xf1$\xe2\xa8\
g\x0e\xd1E>\xf4\x81\xbb\x98\xa8\xe5\xa441\xa1\xc0\
ur\xb2\xc4\xa0Fc\xac\xe1\xbc\xf1Ogw\x1e\x97\
E\xed\x86\xd3\xf5\x1a\xba0\x0a\x003\x94\xbe\x8c')\
\x1dM5x\x92r!\xa8\x9c\xcf\x84@\x8f\xcfuE\
\xcd\xea\xf2;\x8d\x86\x1e\xa7\xe2\x80^u\x9f^\xbb\xf6\
\xda\x151\xa8+oJ\xde\x06\xe8\xd89E*S\x1b\
\xa3E\x8d\x14\xb6n\x5c\xc3\xc1\x99&\x8e\xa2\xe4\x0e\x8a\
\x859\xfd\x1b\x91\xa8\x17^R\xc9\xbc\xf5i\xef\x8c6\
8n\xe2&\x22\xf8\x00\xea\xd9\xbai3\xbf\xf1\x1b\xff\
)\xf7|\xe0\x03\xf1\xeeXKQ8r_p\xf2\xd8\
\x09N/4iu:8\xe7\xc9\xdb\x05K\xcd&\x9d\
N\x11\xa5:\xd3:YV'MR\xda\xed\x16\xdf\xf8\
\xe67y\xe6\xa9\xa7\xbb\xdf\xe9\x9d\x1bp&U\x15\xf5\
Q\x02\x14\xc0\x18\xcb\xda\xb5S\xa4i\x1a\xa9\x91\x8c\xf6\
\x22\x81\x83j\x89\xabX/\xca\x1e+\xe8\xcf\xec\xea\x88\
h\x08\xa2?\xf3\xcaS\xfe\x00<Q\xbc\xfe<'\x01\
\x8e\xc1\xc3\x80l\xb9z\xef\x89#/\x8e\x9f\xdeu\x93\
{%\x88]c\x90{\x10\xbd\x0b\x95{D\xd4*\x8c\
\x81\xa4\xa5lP\xd7\xb9\xd5\x8ak\xaet,5T2\
\xa6\x81v\xbb\x8d\x06\xc5&\x964M):\xad3^\
\xa3\x19\x18\x02\xbd\x82D\x0d:@\x9e\xdd\x1fy\xeb}\
\xb6\x22\xb4\xef\xcd\x87\x03}\x22\x01\x15Y5*\xbfR\
\xc4~\xd9\x9c\xa3=\xf5/\xa8\xf6,J\x9c\xa1\x1c\x82\
/i\xf0\xde\x9e\xa0@\xac\xef\x88\x04\xff\xda\xc7#\xba\
\xac\xdfV\xfc\xec\xe0\xbfU&\xa9\xdf\x16\xe7\x16\xf8\xa3\
?\xfa#\x9aKM\xd2$%\x94\xbc\xb1\x15\xeb\x82\xb5\
\x96\xc5\xa5E\x12\x9b\xb04\xbf\xc0\x9f?\xfc0\x9b6\
mblb\x82N\xa7\xc3\xc8\x10#\x8b\x18a\xf6\xe4\
\xe9\xdb\xd7O\xae\xbd\xbb\xb5\x90\x9c\x99\x0e\xe2]n\x17\
\xa5\x13:\x1f\xe6\x0f\xad\x0dSG%K\xc4\xb5\x9d\x1a\
\x91.\xf5\xd8j\x10\xe6~\x1e\xb4\xc8@Q>\x15\x22\
\xa9\x11\xd6]r@/\x9c\xddp\xc3\x07'\x02~o\
\x08L\xe31\xa8v\xf9\x01\x83D\x02pU\x8fI,\
\xde\x07v^y\x19k\xd6\xaf\xc7\x11\xc0\x08\xb6\x0bj\
\x0f$biw\xda\xbcz\xf0\x10\x22\x09b\xca\xc9\xa2\
\xc2\x81V\xcaCg\x99\xfc\xce\x16\xec\x1a\xae\xaev:\
\xa8u\x9cI/Z\xd1/\xf1\xd9M\x95\x9dm\x12G\
\xca\xc5 \x10\xc8\x09&\xa7S\x9c\xe4#\x1f\xd8\xc9\x0d\
\xbb\xa7\xa8\xe9\x22\xe4M\x10%I*\x15\x92\x1e\xdf]\
\xef|+\xb73f\x02\xb4\xfb\xdf\xa0\x85s`@3\
e\x9b*\xb2\xe6\xe8\xb4\x18\xad\xb0\xbb\xa6t<c\xd5\
\xb7\x0f\xa1\xd4w\xb6D\xc73\xc1\xabE\x83%\x90\x81\
m\xa0\xa4 it>M\xfc\xb7\xea\xc3e\xd8\xcd\x10\
\x08\xc1\xa1!\xc7\x84\x0e\xd6xLIQ\x858T\x1d\
V,\xc6\x80\x15\xc5\xda\xc8m\xa9\xc1E\xa8B\xb9\x00\
\x86!M\xe9n\x81\xf5\x19\xf1\x1a\xbe{\x8b\xcey\x10\
I\xbfc\x5cj\x87\x1b\xcfx\xcdp\xc3\x9e\xcb\xf9\x8b\
\xa7\x1f\xc7\xd3Am\x82\x0f\x06\xd4\x0e8\x0e\xfd\xf8\xbb\
~\xe7t\xb5\xf1\xa3C\x17g\x86\xda3PE\xac\x8a\
\xd1\xf8\x89\xaa?\x82\x8f\xec\x0a\xbe\xe8p\xe7\xed{\xf9\
\xdb\xbf\xf6\xb7\xd8\xb5\xeb\x0a\x9cs$I\x8as\x9eV\
\xab\xcd\xa9\xd3\xa799;\x87W\xc1\xf9@\xee\x0a\x9a\
\x9d\x98~\x17\x930\xda\xa8\xa1A\x19\x1b\x1b\xe7\xf0\xe1\
\xc3|\xed\xf7~\x9f\x03\xaf\x1c 5IY\x84Tr\
\xd5J@\x83\x12\x1f\xfbHDi\xac0\xd2h\xb0v\
j-YIb/R\xe2\x9dE\x00\xdb\x8d\xc0\xd9\x8a\
O\xb4\xe2qe0rm\xcbhbs\xa1\xb5\x0c\x82\
Q\xf6A5\x00\x02\xca\xf1N;=\x09\xdf+\x86\x0f\
\x03\xf4\xc8\x8bO\xcc\x00\xec/\xae}\x89}\xfb\xfc\xb6\
k\xef~\xbe\x9e\x87\x7f.\x8dt\xbd\xa6\xa6&\x9a\xfe\
u\xd0\xfb1f\xaf\xa0A\x95\xa4\x8f\xc7U)\xab\xc0\
ED\x82/#\xa4F F\xf14\xcf\xf3\xc8Z@\
\x8fR\xb3\x92'\xa8\x22\x86F\x04\x09\x1e1\x81\xdaH\
\x16\xfb#\x98\xf2\x9e\x15\xbd\x0d\x9a\xb1\xdd\x0b\xaf\xee{\
 \x86\x1c\xfb\x83\x97v\xc0\x95\xf0\x04\x17\xe0\x0cN\xe8\
r\x8c\xf8\x8a\x07u\xe7\x11\x95\x92\x09\xacL\xc7;\xd7\
\x22\xcd\x22\xcc\xa3\xdaP\x84J%JM\xdf\x9c4\xe8\
DW\x9bQ1RBv\xcd2\x8eS\x88\xcf\xb3\xf6\
='\xa7\xe7\xe6x\xe9\xa5\x179q\xec8\xbe(\xc8\
\xf3b\xe0\x19j\xb7\x07\x9d\xfe\xbc=\x18-\x9f\x99\x99\
\x89\x1b\x05\x1f\xb7\xd6I-c\xa41\xc2\x8e\x1d;\xc8\
\xf3\x9cC\x87\x0eu\x9dS\x9bX\x8e\x1cy\x83\x97\xf6\
\xef\xe7\xb6\xbd{\x19\xa9\xd7\xbb*L]\x0b\xca\xba\xc9\
\xc9\xa75\xd5\xef7\xec\xe8\xbb\xbd@\xe1\x8cvQ:\
\xa1\x89;\xd9,\x92\xc97\xca\x95CB\xf5\xc0\xbeI\
\xd3\xc8c\xae\x22\xac\xfb\xf5\xff\xe9\xdf_\xf7?\xff\xc6\
_y\xf6B\xb7\xedb\xb3]\xbbv\xd5t|\xec\xaf\
k;\xff\xe9\x10|]\xa3\x1c\xe0`\xdcL!\x88\xd0\
\xc9[\xacY;\xc1\xe6m\x9b+j\xf2*^\x03>\
F\xbb$K\x989~\x82\xe6\xe2R\x9c\xe8\xe9\xe1@\
\xdfISU\x5cQ\xe0B\xa0Q\xaf\xa3~y\x04\xa2\
\xdf\x86\xb9\xf2\xcc\xd0q\xa1\x8f\x02\xc9HA\xf0Kl\
\x98\xb4|\xf0\xee=L\xaf\x05\xdbn\x93\xa8\xebb\x04\
5h\x8c6\x88\x9e#\xde\xb5\x22\x81\xeeV\x10\xbc)\
\x0b}\x0eh\x8c\xab\x84\xbe\xe8H\x8cn\xaa\x0a\x01\x1b\
\xc9\xb1\x11\x82O\x80\x1a\x81\x04%\x03\xcd\xc04\xf0d\
\x8cN\xac\xc7\xd8\x06\xa66\x82\xb1#\x18[\xa3?\x1e\
1H\xbd\x12\xbaR\x87\xe2sDs\xf2\xe6\x1c\xea\x9a\
\xf8\xa2\x8d\x0f\xf1\x858\x12\x0d\x18_`\xc9\xb1\xea0\
XB\xc8\xb1\x92\xc4J\xef!\x8ceo#1\xd8^\
YQ+~5G\xfd\xccxQQ\xc8\x92\x94Np\
$\xd6\xb3u\xe3Z&GRf\x9a9A\x1bx\x09\
%\xd5\xd5\xa0\xa3\x18\xbfq\xa5M\xc3\xdbcZ9\x01\
\x12\xd0\xe0h\xb5\x96\xf8\xc4\xc7>\xce\xaf\xff\xa7_b\
\xeb\xe6\x8d\x18\x01\x9b\xa6X\xb14\xf3\x16G\x8f\xcf0\
;?\x87I2\x0a\xe7i\x17y\xa4_r\x81\xa2\x08\
\xd4\xebu\xbc\x8bX\xce\xd7_\x7f\x9d\xaf~\xe5\xab\xbc\
\xfc\xf2+\xa4YJ\x7f\xa1U\x8c&YT\x94\x10\x0a\
\x82*\xa95LLD\x02\xfb\xc4&+\xc0'\xde\xdc\
t\x1f\x9d3O\xe1\x8a\x92\xf7s\xb5\xfb\xa3\xb9\x0a/\
\x9bfg\xe9\xac'\xdd\xb7/\x078\xbc\xef\x91S\xe5\
\x05-\xc2}f\xd7\xae\xc5\xffF\xc6\x1a_\x161\xff\
\x95*S\xc0n\x11\x19\x07\xcd\xb4\xe7\x8d\x0dDH\x05\
\xa9\x1c\xcf\xa1\xe2\xa8\xd5\xad\xa4\xed\xef\xf6c\xc5\xef\x19\
\x8b\x82\xaa\xc2\xc6r\x1e\x1a\xde\xc49E\xfaD,V\
\x8cd\xae\xda\x99\x9c\x95\xec\xb7\xfc\xd6\xeefHB\x84\
\x98\x80\xf4m\xf0\xde>h\xd4\x80\x04h\x85\xd9\x1e\xb8\
U\xfb\xf8\xc6\xd7\xbfNsa\x91,Ic\xa4}(\
\xdd\xde\x7f5\xa9\x1d\x14c4%\xc6\xb8r\xeak\xb5\
\x1a\x9f\xff\xfc\xe7\xb9\xf5\xd6[i\xb7\xdb\xfc\xe0\xb1\x1f\
\xf0\xbb_\xfd\xddn\xdb\x9bKK\x1cy\xfdu\x96\xf6\
\xecad\xa4WDWm 3c9q\xf4\xd8}\
\x13\xe3\xe3\x7f=\xd4\xfd\xbfx\xdb:\xe2\x02\xd8E\xe9\
\x84\xfe\xd6\xa9S\xc5\xdf\xdf\xb8\xf3d%_\xfcV\x1c\
\xd0!\xdbz<\x0f\x07.t\xbb.B\x93\xfa\xba\xcb\
?\x8c\x0b\x1f\x09\x84\xcb\x01\xe9\xe1\x19\x07\x0bAB\xf0\
\xa4I\xca\xb6m\xdb\x98\x9c\x9c\x1c\xe2\x9a3]N\xcc\
\xd6\xd2\x12G\x8f\xbe\x11\x1d\xd0\xc1:\xd7\xf2\x1bC\x5c\
~\xde!\xa7\xb4**\xc8\x92\x94\x8a\xe6\xb0?\x95\xdc\
\xa5-9\xcby\xaa(\xa3\xe0\xb0\x9ac\xc3\x02\xb7\x5c\
\xbf\x8b+\xb7NB1[F\xfcz\xd1\xb5\xd0\xd7X\
yG\x8aW\xfa9H\xcb\xbftu\xed\xfbj\xd3\x85\
2\x0b\x99\x114:\xa0\x8e\x84\xdc\xa5`\xc7I\xd2I\
L2\x86\xadO\x91\xd6\xc6\xa97\xc6\xb1\xf5\x09BH\
0I\x1d\xd2\x11H\xd2r\x11\xe9\x8f$\xf6}\xb1\x09\
eu\xad\x03\xef@s\xeaI\x02\xae\x80\xbc\x0d\xa1I\
\xbb3O'\x9f\xa3\xd3\x9a\xc3\xb5\xe70\x9d\x05\x12m\
aic%Gh\x97\xf7\xa2J\x09\x0e\xa5h\xbbm\
{g \x1cQ\x1f\xdb\x93&\x9e\x9d\xdb7\xb2a\xfd\
\x04'_\xed \xc6cI{\x80\x82\x9e\xe0\xcc;c\
\xfd\x8a4%\x18\x02\x85,M\xf8\x85/\xfc\x0d\x1ex\
\xe0\x01\xd6OM\xd1\xe9\xb4\xba*c\xc7ffx\xed\
\xf8\x1b\x14^\x11\x93\xd2\xc9\x1dK\xcd%\x5c\x08x\xef\
\xb1\xd8X\xe9\xaeP\xab\xd79p\xe0\x15\xbe\xf2\xef\xbf\
\xc2\xc9\x93'\xa9\xa5)\x89M\xba\xc1\xc8j3c\x22\
9>iY`49>\xc6\xc8h\x9dZ-\xeb\xea\
\xca\xc7a0\x14\xe1\x95U\x96\xc0\xa1\xfb\x16B\xa0\xd3\
\xe9\xd0\xe9t\xa2\x13z\x06\x8e6E\xff\xcd\xe1\xc3\xb5\
\x827g\xe5n\xee\xe1\xb0\x7f?\xf3\xc0\x8f\xaf\xb8b\
\xef\x17\xf3zf\x1bYmG\x10\xb3\xdd\xc2\x83\xa0\x89\
 {\x10D\xb5\xb7~w\x1d\xd2\xbe{\x1e\xe5:Q\
1\xbd\x14\xbe)#\x7f=rx\x8b(X1\x08Q\
\x08A*\xf8\x81\xf6\x1c)uC\x91K7\xc8\x84\xbb\
<\x92y\x96\x01w\x16'4t1\xc5\x95\x22\x91 \
*\x04b\xd4G\xc5\x10\x88\xaf*;bJ\x85;\x0d\
\xd5&l\xc5+{KV\xb8\x82\xa2\x88\x05t\x89\xb1\
\xa4\x99\x19pB+\xb8\xcb\xf2v\xae\x9c\x8d\x98Z;\
\xc5\xae]\xbbh\xb5Z$i\xc2\x07?\xf4!~\xf0\
\xf8\xe3\x1c:t\x88\xe0=6I\x98\x9b\x9d\xc5\xda\x95\
\x95\xc5;\xceQ\x1bi<cM\xfa\x9e\xa6g\x82\x8b\
\xd4\x09}\xe0\xd9k\xc5M\x87\xd3\x891\x82\x0f\xaa\xd6\
p>\x8e\xa8\xaaLlJ\xb8\x03\xf8\xb3\x0b\xdd\xb6\x8b\
\xc9.\xbf\xfe\xfe\x0d\xc6\x98_,\x5c\xf1)\x0dZ\xab\
p=\x91\x18\xda\xc6h\xa1\xc4\xc9!/r6\xac[\
\xcf\xd6\xad\x9b\xe3\xa2d\xca\x14\xaa)\xc1\xed\x08\xde\x05\
^=\xf8\x1a\xa1\xd0\x9f\xb8*O\xb5\x80\x16\xf3s\x9c\
^(\x98\x18\x1b\xa7\x9e\xc6\x055H\x8fd{5[\
\xa6\x22\x22\xd1\x01M\xd4ai3=i\xf9\xd4Go\
\xa3n\x9bh\xb1\x88HXA\x9d\xfd\xdc\xcfo\xcf\xe5\
C}Z\xf5\x83\x91\xa3~,\x97\xe9-8\x95\x5c*\
)\x81\x11\x1c5\xbc&82\x1a\x13\x1b\xc8\x1a\xeb\x19\
\x9d\xd8\x04#\xeb!\x19\x03\xa9\x81M@\xb2\x92X;\
\x01SR\xeb\x98\xeeJ\x5cu\xc8\xe0\xb5\x19O\x90\x80\
R`\xaa(l\x22\xb1a\xe2\xa8\x8f\xb6\xa9k\x13B\
\x1bB\x8b|\xf6\x08\xf9\xd2I:K\xa7 4)\xdc\
i,m \xc7\xd0\x01\x0a\xc0ua\x1ag\xd5\xeb>\
O\xcb\xf3\x9c`\x84\xc4x\xc6F\x1a\x8c\x8fe\x08\x0b\
\xbdb\x9b\xc09T\xcb\xbf\x9d\xd6sF\x85\xc0\xdf\xf9\
\x8d\xdf\xe0/\xfd\xf4O#Ac$\xb2V\xc39\xcf\
\xd1\xa3op\xfc\xd4i\xda\xea\x08D\xba\x9a\x85\xe6\x12\
\xce9\xac5X\x9b`\x8c\xa5Q\x1f\xc1\xfb\xc0c\x8f\
=\xc67\xff\xe0\x9b\xb8\x8e'Mc\x044\x12\xcc\x0f\
E\xfe\x83'M3\x1a\x8d\x8c4KX31\x86w\
\x1e\xef=Y\x9a\xe1\xfc\xd9+\xda\xfbm\xf8\xde\x05\xf5\
\xe4y\xbe\x8c\xcai\x05;b\x82\xcc\xc2\x9f\x9eo\x8d\
\x8c\x1e8\xf0D,8\xb9\xf6\xda\xc5]y\xfe\x9cg\
\xdd\x9f1\x9e\xd5\x84\xf4\xff\x80J]D\x1f@\xa9\xab\
0\x02\x92\x0d\xa3\xc7U\xbd\xf6\xf0\xec\xc4\xe7\xb0\x9c\x1b\
EL\x09K\xb0@\xd2\xc5W\xaf4^B\xf0\x03\xe3\
\xb9\xe2\xc8>\xe3\xd8\xd2\xb3eT\xce\xf0a5h\x17\
~PA\x92\xca((\x827B\x90$\x16)I\x84\
\xf5\xbc\x13\xc3\xbc\xdf\xc9\xbc\xf1\x86\x1bx\xea\xc9\x1f\xf1\
\xda\xab\x87\xc8;\x1d\x1aI\xb6\x0c\xd2\x12\xa5H\x07\xc9\
\xee\xab\xdfm\x9a\x0e\x8c\xd8<\xcfi\xb5Z\xd4\x1bu\
\x8c\x08\xce\x15\xacY\xb3\x86\xe0=\xc6\xda\x81q\xe6\xbd\
G\x86\x9c\xd14\xadq\xec\xf8\xb1\x0fL\xad]\xf7\x9a\
U\xfb\x9e\xce\xc0^\x94N\xe8\xda\x8f\xcd\xd6p\x9b\xde\
\xf0\xa87\xd6X\x1ft\x95t\xd9\xb9\x99\x88NH\x9a\
\x9c\xbc\xd0\xed\xba\x98l\xe7\xce\xfb\xea\xa3\xa3\xf6F\xe7\
\xdc\x0d\xdek\xe6\xbc\x8b\xdc\x85e\xf1\x85\x18\x13qi\
^Q\xa3$i\xc2\xb6m\xdb\xa8\x95\x8ba\x92D\xed\
d\x83\xa1^\xab\x93\xb7\xda\xcc\x9f\x9acnv\x1e\x8b\
\xa5\x08a\xc0mz\xa7\xab\x8bmY\xb1\x9a\xa5\x19y\
\x91\xb3\xd4\xea\xa0A\xc8\xb24\xb2\x08\x96E\x16\x156\
\xa8\x02{\xf5\x94\x87\x86\x227\xde\x91\xa5\x8a\x09KX\
\x9d\xe5\xbe\x0f\xde\xca\xa6u)\xc6/2Z7\x14\x9d\
\xce\x19g\xee0\xe4f\x0e\xcbp\xc6\xb0\x8dGUV\
Vn\xd1\xbeH\xa4\xf6\x9f\xa7L\xed%\xd1\xdf\xf3\xde\
\x10\xd4\x12\xa4\x06$\xa8\x0ayH\xc9e\x82\xfa\xc4f\
&\xc6\xa6I\xebS\xd8\x91\xf5\x90\x8cC\xd6\x88\xebm\
(\x17\xcf*u-\x956\xb7)\x9d/\xa1\x9f\x9eK\
\x86\x0a\x89\x14\x8b\x88\xc5\xd8\xb4\xef\x0ewy^\xe2q\
Z\x80\xcdA:d\x1b7\x93\xe5\x8b\xd4[\x0b\xb4\x9b\
'\xd0\xa5\xa3,-\xbeN\xd1\x99!\xb5\x96\x9ai\x92\
h$\xd3NL\xc4\x84\xf6;\xeeg\xd3\xb8\x1eT\x8a\
2\xcb\xd2\x81\xdd\xe3L,\xf80F\xf0*\x04\xc9\x99\
\x1cO\xd8s\xd5v\x1e\x7f\xe6\x08hAP\x07\xd8\xa1\
\xaa\xe7\x8a\xe2\xa7OF\xe8\x0c\x16VH\xaf\x0e[\x96\
e\x14\x85C\x8c\xd2\xc9[t:\x1d\xb6o\xdd\xc2o\
\xfe\xe6\xdf\xe6\x8e\xbd\xb7cD\xf1\x12\xc8C\x8es\x81\
#G\xde`v~\x8e<8\xf2\xa0t\x8a\x16y\xee\
J\xe8\x82AHH\x93\x1aYV\xa3\xddl\xf1\xe7\x7f\
\xf6]\xbe\xff\xc8wq\x85\xc3\x9a\xa4t\x824\xf2\xf4\
j\xaf\xf2\x1b,Y=\xca\xe9\x8e\x8d\x8d\xd2\x18\xa9c\
4t\xe55\xfd\xd98Y\xcf\xc1\xd2$eq\xb1I\
\xbb\xdd&\xcb\xb2\x88Q\xa6\x17\x81,#\x8d\x8a\xeak\
\xa7Z\xf9\x1f\xf0\xf6\xf8E\xf1\x1c\xfb\xf6\xe5\xfb\x01\xd8\
\x9f\x03\xf3\xbbv\xed\xfa\xaf\xda\xedi3\xf2\xffg\xef\
\xbf\xc3,9\xae3O\xf8w\x22\x22\xf3\x9a\xf2U\xed\
=\x80\x06\x1ah\x02\x04A\x80\x00\x01\xd0\x80\x22)R\
CR\x22)O\x8a\x94\xa1(J\x94(iv\x8c\xbe\
g\x9f\xfdv\xb1\xdf\xec\xcc\x8ev$Q\x9e\x92Fv\
5\x9a\x91\x08\x0d%J\xf4\x16\x00\x09\xef]\xc35\x1a\
\xed\xd0\xae\xba\xaa\xcb\x5c\x9b\x99\x11\xf1\xfd\x11\x99\xd7U\
5\xba\x1b\xdd@7\x04\x1c<\x17\xd5\xd7\xe5\xcd\x88\x8c\
\x8c8q\xce{\xdewu\xe9Q`L\xe0\x03(Z\
\xe2\xd5\xb5\xe0#r\x0c\xa9P\xf4\x11E\xa6\x1e\xe7\x1d\
J<^\x83\x8eJ\xb8L\x81\xc4X\x1f\xe1m\x84\xf5\
\x9a4\xb5\x81\xf6(\x8f\xee\xab\x81\xb5Q<h\xcf\x92\
H`\xdf\xf8)\x08\x97\x8fc\xf2<\x09\x82\xe5\xbeV\
\x5cs\x97\x17\xf2xm *\xe3\xa5\x0e\xda\x84\xb6\xda\
\x9c\xd9D\x9e\xa7\x88\xb4\x8f\xf9c\xe0\x9eC1\x98\xd1\
(>19>\xc1\x07\xdf\xff\x01\xee\xbd\xe7\x1eZ\x8d\
&F\xf5;\xecC\xd5\xa1\xbe\xfb:\x8e#\xb2\x9c\x82\
\xc99\xcbC\x0f=Lf3\x94(\xd24e\xa1\xb6\
\xc8\xcd\xdf\xb9\x95w\xbc\xe3\xedLLL\xf2\xdc\xee}\
\x1c<p\x08\x13\x95p\xd6\xe1Q\x8cO\xae@\xeb(\
D~sXDA\xdc\xdfl4(E\xe5\xc38\xbe\
\xa2\xdb\xe53I7\xf9\x92\xdb+\xd2\x09=vp\x22\
\xab\xae\xf2\x87\xf1\x92\x89(\x11\xe5t\xce\x1a\xf1\xc2*\
\xe5\xa1\xac\xf0W\x00\x8fqv\xe8\x15_i\xa6\x86W\
\xc6\xaf\xb7\xd6\xfe\xbasn\xbb\xb3v\xc9u\xcb\xb2\x14\
\xa54\xa9kc\x13\xc7\x86\xcd\xeb\x99\x9a\x9c\xc4:\x17\
&\x08\x9b\xe6\xca\x1f\x9e\xac\x9d\xd0n&\x1c>x\x08\
\x9fY$\x8a^\xc2:\xf8`\x01\xd7\xa6\xa8T+\xd8\
Z\xd0\xb1n\xb4[x!\x00\xf0\x9d,Y\x0cz\xad\
\x8f\xebN\x1c\xa5\xc8 \xae\x81d56m\x1c\xe5\x8a\
\xcb6\x81\x9b\xc5\x90\x90\xb4j\x88W\xfd\xe9\xb4\x13P\
\x0d-\xa9\xc6W\xcfG\x048H\x8f\xd4\x8b\xcd\xccc\
\x85\xce\x87\xc2!]\xc6\xeb2\xed4FL\x05\x13\x0d\
c\xcc0\x93\x93[\xd0\x95)(O\x01ePC \
\x11(\xddu@\xf2\xdf\xe9\x8f\xb8\xa8\xbc~l\x99B\
\xad\xfe\x06\xe5\x7f\x8b\xb7{R\x8f\x00h<\x11B\x0c\
\x94\x11\x95Ay\x1cS\xb5\x0c\x8f\xae\x85l\x13\xa3\xed\
\xa34\xe6\x9f\xa31\xbf\x8f49\x8aR-\xb05\xd2\
\xa4Fl\x14J\x96\xd7\xb9.\xba\xeet\xb9fEY\
\x84\x04%-V\xaf\x18f\xa8\xacX\xb4\x05\x8e\xf9\xc5\
%\x13\xf3\xde\xd3n7QJa\xd3\x94v\xbb\xc9%\
\x97l\xe3\xdf\xfd\x9b\x7f\xcdk^\xf3\x1a2\x1b\x22\xcd\
\xa2\x15\x8b\x8b5\x0e\x1e8\x140\x9f6\xa5\xed-\xb5\
f\x93$\xcbpY\x90\xaa\xac\xe4\x14i\x95\xca\x10\xd3\
\xd3\xd3|\xf1\x9f\xbe\xc8\x93O=\x851\x82\xd1z\xd9\
\xecnq\xcf\xc4q\xcc\xf8X\xc0~F\x91\x0aEg\
\xbd\x12\xbc\x80\xf5\xa7\xb6N\xbb\xbe\x8d\x95\xa2\xbeP\xeb\
\xf0p\x0e\x9cC?\xe0A\xe4\xae\xa3O\xdevb<\
\xe8\x0b\xecv\x80\x9d;w&\xb0\x93-\xe6\x86\xff\xa6\
\xa6\x16KP\xbe\xc9\xd5\xa3\xc4T\xb9Z\x89|@\xe1\
\xdf \xc2\x16\xf1D>\xac\xf1K\xe4U3gi\xd8\
6%\x0c\x99\x15\xd2L\x91\x11\xe13E\xa4+K\x9c\
\xc4>\x1e\xd0\xbc\x7fz\xb7\xe9}\xe3\x5c\xdc\x09\x0a\xf3\
\xdc\x92\xc2L5\x90\xb6\xee\x1e\xdb\xe5\x0b\xb3\xc6\xe5\x10\
\x1b+\xa1\xf00s\x1e\xd1\x06\xefd`\x13w2=\
y|&\xe4\x829\xa0\x7f\x04\x08\x9b6mb\xcd\x9a\
5x\xef\x97\xa8r\x0d\xb6C\xe7\xe4\xf2\x05\xce\xd4D\
\x11w\xddu\x17\xd6Y\xe28\xa6\xddns\xff\xfd\xf7\
\xb3w\xef^\xa6\xa6&\xd9\xb7\xf79\xe6\xe7\xe7C\x91\
\x9fV\x0c\x97G\xd8\xbau+\xa2Ug\xc3\x13\x8e\x97\
s:(a~n~e\x1cG\xdf\xa34w\x9d\xe6\
\xb8:\xab\xf6\x8atBo\xba\xf1G\xd2_\xf9\xc3\xcf\
\xef\x13\xe4\xa0h\xb5Y\xac?Q9\xeb\xf3\x9a\x80W\
\xde\xcc\xf3\xaa\x03\xfa\x12\xd9\x0d\xca\x92\xbe\xcey\xb6Y\
k\xa3\x82\xb9\xa4\xf7\x13\xd6eh\xa3p\x99gd4\
T!V\x87*$Y\x8a1\x828\x9f\xa7-=\xad\
\xa4\xc5\xdc\xb19\x16\x17\x17\x83\xb2\xc5\xa9Nhg\xc0\
|\x1e}\xabT*4\x1b\xcdP\x8c\x93;\xa2U@\
\x975\xcf\xb7G\xea\xd5\xfbQ\x1e\x8cwd\xed\x1a\x86\
:\xef\xbc\xe1:\xce\xdb4\x86\xad\xef\xc1E)>s\
Dz\xf0\xf7\x07\xa5\x0e\x97*\x18\x9d\x99v:\xbc\xd7\
dR&\xa1\x84\xcd\xaa\xa4\x0cS\x1e]K\xa9\xba\x82\
\xea\xf8:Lu\x12\xf4H(<\xc2\x10\xe4tB=\
\x86\x0f%\xadx\xe9W\xb4\xe9vDo\xb5\xfdI\x9c\
\xcf`\xd6\x9e\xee\xe2\x13~\xab\xf0W\x15ZL\xf8\xc5\
(\x02SE\x95\xa6\x18\x1e\xde\xcc\xf0\xe8\x11l2\xcd\
\xfc\xccNj\x8b{)E\x11\xca.\x12\xab\xa0G\xee\
N*-\x7f\xb2\xaa\xd1\xbd\xe6@\x12\x84\x84\xcd\x9bV\
34\x14\xb30\x1f\xd2\xda\xf64f\xa2\xe2|\x97R\
.u-\xd2B\x96A\xb3\xb1\x88\x08\xbc\xf1\xea7\xf0\
\xaf\xff\x97_a\xc3\xa6\xf5\xa4\xae\x8d6!\x12\xb4\xb0\
\xb0\xc0\xbe\xfd\xfbI\xd3\xc0rPKS\xe6k\x8b\xb4\
\xd34\xafn7D\xdaP.\x07\x0a\xa6={v\xf3\
\x8f\x9f\xff<\x07\xf6\x1e\xc0\x18\xd3q\x16\x82\x88\xcfR\
Z\xb2J\xb5B\xb5Rbtt4\x8f \xd9\x0e\xd1\
\xb9\xeaa\x98\xd0\xea\xa4\x00$\xc7\xb9&A\xa6\xb3\xdd\
n\xf7\xa4\xa5\xfb\x15\x92\xf2$L\x86\xf7\xb7\xf2\xe2\xaf\
\x03\x1e`\xf7\xee\x9b[\xec\xa6\x05\xd4\x00\xb7r\xfb\x0d\
\xdf\x1a\x8a\xfd\xad\xc6\xbb\xf3\x04}\x89R\xfc\x9a\xe0\xb7\
\x00#]\xf45bs\xe2w\x8b\xa0\xc50}\xac\xce\
\xec|\x93\xe1\xb1*)U\xbcm\x06\x0e\xec\x1ez/\
\x9f\xab\x13u\x07I\xff\xfd7\xb8\x09~~(\x8a[\
\xea\xbci\xd5w\xbd:\xe0\x0e\x09\xe3F\xd0y\x85\xbc\
\xc2JL\xe2\x14\xed\xc4\xa2\x94\xc1\x12\xc0\xb1\x05\xddQ\
\xc8\xb6,\x7f\xff\x87\x97O}N\x0bP/\x8b1\x81\
Z\xach\x9d\xc5w\xa0\x09}\x8e\xba\xcd\x95\xf9\xf2\x0c\
\xd6[o\xb8\x81=\xfb\xf6\xb1g\xcf\x1e\x941hc\
p\xce\xf1\xdcs\xcfq\xe4\xc8\x11\x9c\xf5\xa4i\x8a\xd2\
\x9az\xad\xc6[\xdevCpB%d\xf4:=\x97\
\x17&%Y\xc6\xf0\xf8\xd8\xae\xd4\xfb;\x17g\xe7^\
\x1e\xe4\xd5\xc7\xb1W\xa4\x13\x0axk\x1b\x8bZ\x0f5\
\x00+\x22\xea\x85V\xc8\x03x\xd0hw9\xf0\xcf\xbc\
\xea\x88\xbe\xd8&\xdb\xaev\x1b\x9d\xd5?`3[.\
\x1c\xd0\xe5\x16(g-Z\xc1\xaaU\xab\x98\x9a\x9a\x08\
\x05\x05\xe2h7[\x18m0Z\x91yG\x96$\x1c\
:p\x80\xd8D\xa4i\x1ax\x07O\x03\x9eq:f\
\x8cAE\x1a\xc9\xbd\x88\x22\x22\xaa#C,Q\xd7I\
\xb4\xd2\xc3s\xd9\x1dt\xc5\xe2a\xdb\x0d\xc46\xb8\xe0\
\xbcI^w\xc9\x06$9\x86\xf2m\xb06\x97\x80{\
\xf1\xe6-\xa7\x5c\xee\x0b\xf6DJ\x88\xf2\xe8\x86!\x93\
2\xf5\xa4\x84\xaaNQ\x1dY\xc9Hu\x15\xc3\x93\x9b\
\xf12\x84\x93!\x9c\x94Q.\x86\x0e\x1dS/\xb64\
DI|\x10\xce=ua\xa5\x13\x9d;\xf4\xac\xbe\xc5\
\xab\xa1R?\xf3!\xc2\xa11\x01\x8f\xea\x9a\xc0\x10\x0c\
U\xd0\xc3+\x98,\x8f\xa1\x17\xa6\xa8\xcf\xee\x82d\x1a\
\x9b\xd50\xca\xe5\x18\xe5,\xf0\x91\xe6d\xd8\xa73\xba\
\xbc\x0c\x22j3V\xaeXA\xb5\x14\x84\x09\x03\xb1\xf7\
\x8b\xa9 \xe5H\x92\x8c\xa4\xd9 *\x19\xde\xf5\xaew\
\xf2\xb1\x9f\xfdI\xc6\xc7F\xf0\xa4h\x13\x91$\x09\x0b\
\x8bu\x8e\x1e=F\xa3\x9d\xe0\x04\xda\xed\x8cz\xabI\
\x929\x9c\x0d\x9b@\xad4\x91\x09\xa9\xf6\xbb\xef\xbe\x97\
\xaf~\xf5\xab\xd4kM\xa2(\x1c\xa3\x18\xefQ\x14u\
~\x1b\x14\xce[\xcaq\x89j\xa5\x14\xd8$:\xd2\x8d\
\x82h\xbd\x84R\xea\xd4:xi\xbf-..\x06\xfa\
\x1c\xadq=\x0a=\xfd\xd7\xc5[\xbc;\xd5\x82\xa43\
a\x16`z\x07\xadinvl\xdf\xfe\xd8\xea\x19\xf3\
\xd4\xd0d\xe5\x9eR$\xef\xf1\xf8\xff\x15\xcf\x0a\xe8\xe4\
\xe5\xc5\x09\x94\xe3\x0a.q\xec;\xb2\xc87\xee\xdc\xc1\
[^\xbf\x95\xb1\xa1\x09J2\x82\xf1\x05g. \x90\
\xb9\xb4\x7fs>\xb0Q\x0f\x99\x87\x9e\x8d\xd4\x096^\
2\x00(U>\xc0\x07\x94\x0a\xd4b^z\x0a\x17!\
x\x8f^\xe1\x94\x22\x91*\xf7=q\x80\xa7\xf6\x1e\xa5\
\x99\x0d\x11U#|\xd6\xe3\x00\x9e\xe4\xc69\xe7\xfa>\
)s\xce\xa2\xb5\xa1\xddn\x87\xe7\xbd\x94yy0\xa3\
SD\xe5\x03\x03\x85R\x0a\xaf\xc2\x18/\x95J\xbc\xf3\
\x9d\xef\xe4\x1f\xff\xf1\x1fX\x5c\xac\x91\xa6\x81\x037\x8a\
L\xces\xab\xf3\xecB\x9b\xed\xdb\xb7\xf3\xe67\xbd\x99\
\xc8D4\x93v\x9fs\xeb\x09]\xab\x94ba~a\
\xdd\xd0H\xe5Z\xe0\x9bg|D\xbd\x84\xf6JuB\
\x11?=\xa3Te\xd6{\xa7\xbd\xb5\x1dr\xf3\x06\xe8\
\x8ci\x00\x00\x80\x00IDAT\x0e\xaec ]0\
\xe8\x948\x09<\x86\xde\x0b\xda+\xd1\xe6\xc5\xac\x99~\
\xd5\xbav\x83\x16\xcc\xb5\x89M\xaf\x0e\xd2\xca\xd2\xa3U\
\xdc\xadPtx\x92\xa4\xcd\xd8\xf8\x08\x17\x5cx!Y\
\x96\xe1U\xa8\xa5\xf4\x84\xb4I\x92$\xc4\xa6\xc4\xceg\
\xf7\x91$\x09\xca\x13\xe4\xee\x96\xb3\x81\x85\xe9D\x17Z\
\xfb\xc1\xf12\xf8\x81\x01'\xd0{\x9c\x08\x91\x16&'\
\xa78p\xe8H\xf8X\x1c\x05\x22\xe3f\x83R\x14\x13\
\xc7\x11Ft\xces\xa7:\xdb&\x8d\x0a\x8b#\xa0$\
#K\xeb\x8c\x973\xbe\xf7m\xafe\xe5\xa8\xc5d\x0d\
\x22%\xc7\xf5M:\x98\xcf\x02CY\x8c\xf7N\xba\xba\
\xff\xf3\xaeCF\xedr\xd2h\xd5Y8\x1c\x0aQ*\
L\xb0\xce\xd1jf\xe8\xb8D;3X\x86\xb1f\x92\
\xea\xba\x0b\x88\x86\xd702<\x09\xaa\x02RE\xa4\x84\
V\x95p\x82=\xe9\xf1\xae\x13\x1axB5`s9\
 \x9fC\xf1\xba\x96WA\x1f\xf7\x02-\xcf\x04\xdc)\
\xba\xc8\x1f\x1dG\xb1\x80\x16\xf4@JsehD\xe2\
P\x08\xa4\x82s\xcdH\xccHu5\x95\xd1\xf3h\xcc\
>K{a\x1f\xcd\xc5#\x94T\x8b\x92J\x10I\x03\
\x15\x95\x06!\xeb\xea\xbb\x93G]\xfb\xce\xef8\xc3p\
\x09\x1f\xa9\x07RVNTX\xbbj\x94\xddGj!\
]\x97c\x02\xbb\xc3\xb0\x97'\xb1\x07,[0C\x90\
G@}\xa0v\x1a\xd4\xf1H]\x8a6\x06\xad K\
\x12\xda\x8d&\xa5H\xf3\xa1\x1f\xfb!>\xfc\x91\x0fQ\
*G\xc4\xb1!u)6\xb3\x1c\x99\x9e\xe1\xc8\xd1y\
\x9a\xcd\x06\x88f\xa1Q\xa7\xd5NIm\x86\xf3\x82\x11\
\xcdHi\x88\xea\xd0\x10Y;\xe1\xe6o\xdf\xc2w\xbe\
s\x1b\xedF38\x11:\x22\x8e\xbb\x04\xdd\x0a\x8f\xcd\
\x9d\xc0P|\x1434T\xa1R\x19\x0a\x85GI\xab\
\xaf\x9d}\xf0\x0a\x9fk{\xf7:F=\xbb\x97n\xfb\
\x0bnK\xd7\xa9\x9aO\x92\x84\x83\x87\x0e\x22\xa20\xa6\
\x1ff\xd2\xab\x92\xa3B\x11\xcaA\xbf\xd8\xba\x8b\xb3\xb6\
\x0e\xdc\x1cBf;v$\x87!\xe10\xbb\xce\xdf~\
\xe5\xe7b\xad\xb6\x8a\xf0\xd3\xdeS)\xd4\x92\xbc\x12\xda\
\xce\x11\xa9\x12\x8bN\xf8\xe2=\xcfp\xdbc\xcf25\
^a\xb4\x1aS\xd1\xd2\x99\x13\x8a\xfe\xe9\x8d\xae\xd7\xea\
\x01qP\x8c/\xef\xfaq\x98\xae\x88F\xf7\x9c]\x91\
2\x0f\xb4\xa6\xdd:\x0c\x11\xa1:T\xe9k\x89\x88t\
\x8a\x0b{\x85\x08l\xe6iy\xcd#\xbb\x8e\xd0R\x93\
\x98R\xdc\x99\xf7\x8a\xcfz\xa5\x07\xc4$\x0a\xf6\x93\xbc\
\x18K\x85\x22P\x8b\x0f\xe9\xee,&\x8e\xe2N$5\
\x8ab\x92,\xeb\xbfMp8\x17\xb2h\xe1Y~\xf7\
\x16\xf3\xc6q\xe5z=\x99\xcb\xf0\xa2\xd8\xb8y\x0b?\
\xf0\xfe\x1f\xe4\x9b\xdf\xfa&\xfb\xf7\xec\xa5\x9d\xb4\x11\xd1\
\xd8\xcc\x12E\x8a\x89\xc9I^s\xd9\xa5\x5cs\xf55\
\x8c\x8e\x8e\xd2L\xdaK\x8eW\x0c\xdb4M\xa9\x0eU\
\x0e(\x1d}Q\x1b\xf3\xb2\xf6;^\xb1N\xe8\xa1\xd9\
5~\xf3j\xa69\x0d\xd1i\x97/TV\x90H\xc9\
\xd5?\xf7\xc7\x7f\x1c\xfd\xc9'>q6v\xc2\xaf\x14\
S\x97\x5c\xa1\xd6;\xef?\x0e~\x14X6\x0a\x9a\xbf\
N\x1c\xc7\xac]\xbf>\xecH\x07\xbc\x924I(E\
1\xb3\xd3Gi6\x9bg<\xa2v\xaaV\xd4\xb0f\
\xde144\x84\xd6\x8a,\x0b\x0b\xb6\xb8\x80-l\x17\
r\x811Db\xf2\xe8\xc0@\x07\xe1\xd0>!\xd6M\
\xb6_\xb4\x8a\xcb\xb7o@\xec<\x91O\xd0\xb8<\xa5\
\xd5\xcf\xd3y\xfc3\xea?r\xafy\xe7s\x9a#7\
\xf0\xad\x105\xb4\xcea\xbd\xe0\x89\xc8t\x95\xd4\x8f\xe1\
\xa2Q\xaac\x1b\x19\x9e:\x0f\x19^\x8f\xd3\xc3\xa0J\
\xa1\xaa\x9d\x82\xfb\xb1P.\x5c\xe6\x94z6\x02\x0a\xdf\
G+\xf5\xd2\x9a*\xce\x00\x8a>\x15\x85\xf71\x98\x11\
\xa2\x91\x11\xc6\xab\x93d\xf5u\xb4g\xf6S\x9f\xddM\
\xady\x94X\xb7\x88#\x8f!\x0b=U\x10\xde\x8b\xea\
Y\xef^\xc8t\xe4\xf0\xae\xc5\xea\x95c(\xe6:g\
v\xc6L\x1ci\x16(\xbd\xd24C\xbc\xa3T\x8e\xf8\
\xc4\xc7?\xc6\x07\xde\xff\xfd\x94+%\x9c\x04\x0a#\xaf\
<\x87\xa7\x0fs\xf8\xc8<I\xe2\xc8\x1c\xd4\x1a5\x92\
$\xa5\x9d&\x88h\x8cVTJ%L\x14Q\x9b_\
\xe0+_\xf92\xf7\xdcs?q\x1c\xa3\x94\xa2T*\
-\xe1\x83\x0fxhM\x14i\xca\xe5\x98\xa1\x91j\x90\
\xae$0_\x9c\xe9\x98\xafR\x0a\xe7\x1c\xc7\xe6\x8e\x91\
\xa5\x19'J\x92\x89\x90y\xef\xb5s\xd9\xd9I\xa1,\
ov\xd7\x8e\xfb\xf6\x9fw\xe9\xa5\xff!\xa22%\x22\
?\x04h\xef\xbd\x0fJ\x97\x0a+ \xba\x8c\xd3\x9a\xc3\
Y\xc6\xc1C\x09bk\x18\x9bt\xe45{7)\x9d\
=iOP\xc6\x91\xa3\xd9z\xee\xcf `0\x10\xc8\
\xe9\xa5\xc9\x92^\xda,\x054z\xbe\x9bS,\xf5D\
B\x0bX\x8bw\x0e+\x06U\x1e\xc3J\xd4\xd9\xdc{\
\xef\xb1\x16\xf0\x12\xe6\xfb%\x85u\xa77B\x06)\xbe\
T\x81\xcd<\xc9\xa8\xab\xb3\x81\x84\xfe\xbc\xf3\xcf\xe3\xa7\
6\xfe\x14\x8f=\xf2(\x87\x0e\x1d\xa4V\xab\xa1\xb4f\
rb\x82-\xe7\x9d\xc7\x86M\x1b\x11\x91\xe0\x04?o\
a\x97b~~~\xf5\xe8\xe8\xd8\xf7\xb7\xaa\xe6\xc1\xd3\
j\xdcY\xb6W\xac\x13z\xd3\x8d?\x92\xfe\x9b\xcf\xfc\
\xe3\xe2IH\xbb<\xaf\x09\x88\xf7\xce\xe3\xd5\xd8\xa8[\
9\x01\x1c9\xdbm\xfb\x97j[\xb7n\x8d|dn\
p6y#\xc1\xff<\xee\x0c\xe0\xbdgll\x8c\xd5\
\xabV\x85\x05%\xafz\xec\x95\xa1k\xb7\xdb\x1c9r\
\x84f\xb3I\xc9D'u\x0e/\x96\x15|p6\xb3\
\x8c\x8e\x8e2\x5c\xa9\xb2\xb0\xb0\x80w\x1e[plz\
\xdf\xa1\xee0%\xc9\x8b\x83\xbai0-\x82\xf8\x0cM\
\x93J\xa9\xc1[\xdf\xfcf&\xc75\x92\xb4\xf2\xaaP\
\x17\x0a\x92\x96\xe9\xb5\x02\xefUD+\x96\xca\xf5\x0d\xf0\
|\xf6\xa6\xc8\xbdB\xe1p^\xa1P\x88\xc4\x88\x8eH\
]L[\xaa83\x8e\xae\xaear\xea<\xe2\xf1u\
\xa0\x86\xc1\x8c\xa1\x89\x093m\x11\xf9T\xe7~.\xa1\
O\xc5\x88\xfc\x9c\x0b\x1c\xaa\xca\xf1p Q\x8c\x19\x1f\
\xc3\x94V#\xf1\x14\xf5\xa3\xbbp\xc9\x11\x9c\xccc\xa9\
\x119\xd5Iwj\xf1A\xa24\xaf\xee\xef#\xf2?\
\xee\xe2\xd9\xeb\x90;\xc4'l\xda\xb4\x1a%\xbb\xd0\x1a\
\xb2Sc$\xeai\x93\xeb8\x10\xde\xe7\x94>\x1e\xca\
\x91Fi\xa1\xd6l\xb1i\xc3:>\xf6\xd3?\xc3[\
\xdet\x1d\xc3#C4\x1a\x0dL\xc9\x90e\x9e=\xfb\
w\xb3\xb0\xd8\x0aU\xd6\xd6S\xab5867\x87\x89\
Jy\xfaQ\x11\x9b\x08\xadc\xe6f\xe6\xf8\xfc\xe7\xff\
\x81\x9d;wb\xc4\x90\xb5\x03\x8e;\xcdB5\xfc\xa0\
\x95\xca\x11C\xd5!*\xd5\x12\xa5R\x8c\xd1\x86,s\
\xd8,E\xe9\xe3/eAl\xc2\xf7\xd3\xe7\x9c`\xa0\
9\xe7X\x5c\xacS[l`\xad_\xd6\xd9\x18$\x85\
\x17\xfc_wh\x95\xce\x1ds\xba\xd5\x9aS\xe5\xcaM\
\x22\xfa\xfd \xda\x03X\xe7\xd1\x88\xf3\x0a+\x1e\xa7\xf2\
M\xa0R\x88*\xe1\x0d\x1d|\xa5\xcb\xe9\x96\xfa\x9b\xdb\
]6\x83\xdcg\x7f\xffx\xefq\xcb\x8c\xddn\x01R\
!\xa9\xda\x8fE/\xa4\x93\x0b\x8c|\xa7o\x95\xe4\x91\
\xca\x80\xf5u9F\xbc\x88\xd6Z\xeb\x10\xd7\xcb]:\
\xc0k\xda\xe34\x9f\x0e\xce\xbd\x08V\x88\xe8\x1e\x07\xb8\
?b\xbc\xf4\xd7\x03\xe6\xb5\x88\x0e\xc7q\xcc\x95W_\
E\xab\xd9\xea\xb4\xab\xe8\x0b\xe7\x1cI\x96\x9d\x90\xd1!\
M\x12\xc6&'v\x0b\xea\xdb\xd1\xe2K^G{F\
\xed\x15\xeb\x84\x02(\xf1\xfb=\xbe\x05\xc4/\xb4:\xde\
z\xef5\xe0\xbd\x7f]\x96\xf9\x0by\xd5\x09}\xb1L\
\x97Vn\xfd\xa0s\xf6\x93\xd6\xba\xd2\x09?\xac5\x1b\
7n\xcc)\x992t\xd4_\x0d\xae\x8da\xff\xfe}\
\xcc\xcd\xcd\x85\x9b?\x9f@\x8at|'\xed\xf9\x12b\
CE\x04\xef,&\x8a\x18\x1e\x19\xa1\xdeh\x90\xb9\x5c\
\x8ePuSR\x01F\x00\x91\x8a@I\x88\x1ay\xd0\
\x92!>\xc1H\x8d\xab_\xb7\x99\xcb\xb6\xad\xa6U?\
B%j\x03]\xafD|\xa0yv'\xd1\xb4Ag\
T\xf9\x82P\xde\x07\xe7+\xe7\xa2,p\x9a\x8e\x08\xef\
K\xb4\xd2\x08/\xa3D\xa3\xeb\x19\x1e\xdfDu\xe5\x85\
\xa1\xd8\x882\xdeG\xe0\xcaH\xe1h\x9cK\xb1\xa3S\
1_Dkr\x8e\xd2\x82\xff\xb4P+\xf2\x11\x94*\
T\xd7OQ\x1d[\xcb\xe2\xa1\xc7h\xd7\x9eEg\x02\
\x12\x88\xef\x039\xb8\xefDV\xec\x0b\xe8\x8b\xc0s\x9b\
\xb1f\xc5\x18\x8a\x84\xc0]\x1a\x08\xeb\x8bh\xd6\xa9\x1e\
\x0f\xe8\x133\x10\x05\xcd\xfa\x22\xdb/\xbe\x88_\xf9\xa5\
O\xf1\xba\xd7^F\x92\x06\xaeCe4\x8b\x8bu\xf6\
\xee\xdf\xc7B\xbd\x8621\xf3\x8b5\xda-K\x92\xa5\
\x94\xcbU\x92$A\x1b\x83\x89\x22\x22\x15\xb3\x7f\xcf^\
\xbe\xf4\xa5/\xb1\x7f\xff~\x8c1\xc4\xa5r\x07\x03\xaa\
\x968\x09!26<\x5cedd\x18\x95s\xfcf\
d\x01\x0ee\xcc\xb2\x9b\x97\xc1\x8a\xeeS\xe8\x01\xd2\xd4\
r\xec\xd8\x1c@\x17\x07\xfa\xfc\xb6\xcbz\xb9\x83sp\
\x1b\xb5s\xe7\xcet\xd3e\x97}{X\x86\xfe\x87G\
}TyT\xc1\xfd)B\x88\xe4\x93s\x86\x9a\x18\xeb\
,\xa9\xf7H\xae\x9eTD@}\x8f#_`:\x8b\
\xe7V\x0f\xd08\xb9\xe5#\x91\x83\x04H\x9d\x02\xc2\xc2\
\xb9C\xf0\xbep\xd84\x1dw\xce\x05'M\x1b\xd5\xf3\
\xad^\xc5&\xdb\xd9h/K\x19\xf7\x022\x0c\x1d\x87\
3\xc7\xdc+\xdf\x0f)\xd0E\xfbE\x91fi\xdf \
\xeb\x95K\x09\x15\xf2\xb9S\xafT\xe0\xac\xb5]\xc7:\
M3\x94\x08\x16\xdb\xe1\x1a\xf5'\x1ao^1?7\
\x7f\xde\xf0\xd0\xf0\xb5\xda\xb9;\xcf\xd4X9\x1b\xf6J\
vB\xbd\x17=\x13Gz!\xcb\x9a\xa3\xeeD\xd4\xba\
\xc7\x1f\x14\xe2\x05o3W\xd1Z\xad<\xdb\x8d\xfa\x97\
j[\xaf\xb9f\xc8{\xf7v\xeb\xb2\xcb\xa0\x8f\x1a%\
\x14!\x098\xe7\xb16\x5c\xc9M\x9b70\xb1b\x8a\
R\xa9D3icP\x1dmd\xa5\x15\x8dz\x93\xa3\
G\x8fb\xad\x0f\x95\xb3E\x04\xd0u\x8f\x09te\xbe\
\x07\x19~\xce\xb0\xe3TT\xdd\x1a\xa5i\xd7\x9b\x9c\x7f\
\xfe\xf9\x1c<p8\xe8l[\x1bv\xfd\x1dm/G\
\xab\x95\xe0\xbdGG%\xb4\x12\x1c\x0e\x97\xd4\x89\xa5\xce\
\xd8\xb0\xe5\xddo\xbb\x82a\xd3D\xab\x0c\x9b4\xf1Z\
\xe1:\xf8M:\x13f\xd7\xe1\x18H\xb7\x0fDF\xe9\
\xc3]\x85\xe7\x01C\x98\x0b\xbdH\xa0x\xc9\x88\xb12\
\x8a\x19\xdfDut\x0b\x95\xc9\x8dP]\x0dT\xc0\x97\
\xc1\x9b<\xd5\xa6\x97_\xaeORiH\xe4\xf9\xeb\xdf\
O5\xd8\xf1\x82\x89\xe5{\x1d\xd1\xfc\xb9\x14\x85\x19R\
\x02\x86\x80\x0c\x86J\x8cl\x18\x22:6\xc5\xfc\xf4c\
\xe0\xa6\xf1\xe9,\x91\x838\x12\x94\x14\xd4J\xaas\xcc\
\x82*\xa6\xef\x82u\x14d\x8a\xeeR\xa0\x1c\xc6'l\
X\xb7\x82\xa9\xf1!\x8e,&(\xa9\xa2\xf3X\xab@\
\x97\xfc;\x7f\xa1\xa3q\xe4\xc3uT\x1e\xa4\xa7\x0f\x8c\
\x02\xeb\x14Y\xd6&IZx\xefy\xf3\xf5\xd7\xf2s\
\x9f\xf88\xe7\x9d\xb7\x89\xccfh\x1d\xb8J\xe7\xe7\x16\
8<=M\xa3\x95\x80h\x9a\xad6\xf5z3\xafY\
VX\x1b\xa2\xddqT\xc6\x88\xe1\xa9\xa7\x9f\xe2s7\
\xfd\x03I\x92`$\x22\xd69\xdf\xa8(\xbc\x0b\xb7\x5c\
9\x0e\xd1\xad\x10=\xd5\xacZ\xb5\x8a(R\x88\x84*\
e\xa5\x15\xde\xf5H\x93\xf6J\xa7\xba\xde\x22\x99\xe3Y\
/mX\xe8\x18\xdd)\x0eI\x99\x9d\x9d#\xcb\x02\xb2\
\xca-s<\xdf[]&\xe2\x1c\xfe\xffP\xb5\xfd\xe7\
j\x81\x88\xdb\xfbH\x5c\xdbv\xa9\xfd\x8a\x12\xf7}\x0e\
\xbdZ\xbc\xc6\xe3\xbc\x980\xa9x\xaf\xc8:\xdc\xa7A\
QL|\x0f\xac\xa3\xa7R\x1e\xe8Ba\x8aM\xea\xc0\
\xfa\xd8\xa7u\x9egJ\x96\xd8\x00M\x5c\xb7o{\x15\
\x8f\xe8\x16$Z\x9bG\x5c{7G9F\xd3ex\
o\x97\xb9\x8f\x0bv\x85\xe2{\xbd,\x14=Y$#\
A\x85L\x09Yf\xbb\xcevA\xd7\x9492\xef\xa9\
\xc4\x86\xd9\xd9Y\xa6\xa7g\x99\x9f\x9f\x03`ll\x9c\
j\xa5\xc2\xe4\xca\x15\x94J%\xac\xb3!\x9d\x0e\x98R\
\x84Mm\xb8\xa7\x15\xa4I>\xa6z1\xdd\x02YO\
\xffY| \xe1\xefm\xcb@\xff*\xad$\x8aJ5\
P\xdf\xb2\xda\x9e0(s.\xdb+\xd9\x09E\xbc;\
\x08\xaa%aB9\x1d\x8a&\xf1\xe2E\x90M\xdcx\
\xa3\xe2\xc6\x1b_\xd6\x94\x09\xe7\x9am\xdd\xba\xb5\x14\xab\
\xf1\x8fz\xe7>\xe0-%%r\xdcp\x83\x17\xa8V\
\xab\xac_\xb7>L\x08\xf8\x9c\xe6\xa2\x8bA\xb2I\xc6\
\xa1\xe7\x0e\xd0n\xb7;i\xbf\xee\x0d/}\xcf\xcf4\
E\xd1\xf1,P\x80\x84\xc2\x8bv\xbb\xcd\x9aj\x95\x15\
+\xa6\x98\x9e\x9d]\x1a\x1d\xf2\xa1=\xcd$%\x16C\
l\x22\xcaQ \x8d\xd7\xbe\xce\xeb^{\x1e\x1bV\x0f\
a\x98C\xf9l\x99*\x9d\x93\x8f\x0a\xf8\xdeTs\xd1\
C\x9d\xc5#L\xe2\x96\x98\xcc\x95H\xa9\x12UW0\
<\xbc\x91\xf2\xc4Vti\x0dT&\x81j\xc1\xa1\xdd\
\xe9_\xe9\x03\xfd\xbf\x8c\xac\x8f\xecz\xd0z\xc8\xf9\xc5\
\xe7\xd1\xd1\x9cT_\x14D\x9e\xf2TLyl\x92\x85\
\x83\x0f\x92\xcc\x1b\xacj`i\x03-:\x8b\xab\xb8S\
\xc2(\x87HtJ)\x8eY\xbbf\x82\x99\x85\x166\
/\x9f\xea\xe7;t\xf4\xcb\xb1\x1e\x9f+\xb1\xde\xa8S\
-\x97HZM\xb4\x86w\xbd\xfb]|\xe2\xe7\x7f\x8e\
\xa1\xa1\x10\xb1,\x95\x22\xacu\xcc\xcd-r\xf0\xc8a\
\x92\xcc\x92\xa4\x9ez\xabM\xa3\xd1\xc2\xa3\xc8\xb2.\xcd\
\xd7\xd0\xf00d\x8e\xbb\xef\xba\x9b\xef\xde\xf6\xdd0V\
u\x01\xfd\x18p:\x804\xcd\xd0ZS\xad\x96\x18\x1e\
\x19bx\xb8\x12\xe0'8\xb2>\xfe\xa9\xe3\x8f\xe5\xfe\
H\xe8\x89\xef\xe3\xa2:yn~\x81f\xb3I\xa1\xc0\
v\xc2\xde\xf7\xb4|;\xbd\xe3\x99\x9d;O(\xa7t\
\xf6\xec\xbe\xcc\xb6\xae\xf9\x8a\xaa\xf8[A\xbe\xdfcK\
X\x1f\xf8S\x95\xeelR\xbc\xe4\xb5\x0e>P]\x9d\
\x98\x14.\x1f\x7f\x83b\x16=\xfd\xa6:\x80\xa2\xc1\x0e\
?\xf1u\x0b\xe6\x062R]'\xb4\x08\x12\x14\x9b\xa9\
^\xde\x08u\x06\xe7\xeeR\xa9\xc4\xc2\xc2\x02\xdf\xfe\xe6\
\xb7x\xe4\xe1\x87Y\x5c\xacw\x8b\xaf\x94\xa2\x5c\xae\xb0\
n\xddZ\xdex\xfdul\xd8\xb0\xa1#\x1f\xdb\xdb\x0f\
'\x8cn\xd2%\xa3?\x09\xf3\x0b\x0b\x0b\xab''&\
\xdfo\x8d\xfa\x7f\xceXC\xcf\x82\xbd\xa2\x9dP\xef\xd5\
\xb4G\xe6N\xfb8\x9d\x9a;\xbf\xe5U\x07\xf4\xcc\x9b\
Z\xb9i\x05\xde\xbf\xce:;\xe6\xbd\x13\xff<\xd95\
Q\x9e\xf5\x1b\xd6222\x02\x80u!=\xe3\x1c\x98\
\xc8\xe0\xb2\xc0]\xb8\xb0\x10\xa0[J\xab\x9c\x9f\xed\xdc\
\xb8\x15D\x84V\xab\x85\x89\x22\xd6o\xda\xc8\x91\x99\x19\
\xbcw=\xe7\xd7S\x81\x9aA\x9b\xb0\xb3\x16\x9b1T\
r\x0c\x1b\xe1\xea\xab/\xa6\x1a9\x22\x9b\xe1|J\xa4\
t\xee\xd4(\xe8h\xc6\xab\xd3*\xc6\x12\x0f\xf8\x5c:\
\x8f*\x89\x1d%\x1e\xd9\xc8\xc8\xaam\xc4\x13[\x82\xac\
&e\xc8\xe2\xc0\xf3)\x06'\x82\xcdO\xdf\xe0P\xb2\
\x8c\x03\xf1\x22i\xad\x9f\xd9\x8b4x\x8b\xf7`\xd7z\
h\x9d:N\x9eH\x88\xfc\xaa10e\x88*\x0c\xaf\
\x82\x9a\x0cc\x17\x9f\xc3\xba\x19\xf0\xa0\xa4A\x1761\
X\x89\x1d\x12|\xaa\xf7w|OT\xc7%T\xca\xc3\
\x5cp\xde:\x1e\xdf\xb5\x13\xb1R\x90G\xa0\x04\xec\x92\
\x14\xe5\x80\xc2\x96\xf4\xa4\x1c=\x94#C\xd6nQ\x8e\
b~\xfcC?\xcaG?\xfaa\x94\x16\xac\xf7h\x1d\
\xa24\x87\x8fN3}d\x86\xd4z\xd2\xd4\xd2h\xb6\
\xa97\x9b\xb4\x93\x8c(*\xe1\xc5S\x8e\xc3\xe2=7\
;\xcb}\xf7\xdd\xc7C\xf7?@\x14EA\xadJ\xf5\
\xe2\x8f\xb3Pa\x9c\xb7\xa9\xa8\x82\x1f\x1d\x1dett\
\x18\x87\xc5\xdbn\xa4K\xfa\x14\xbd\x96\x9frCv\xe1\
8\xa9\x8c\xa5\x91\xcd\xdc\x01\x9d\xa3\xd9hw\xaa\xa9\x0b\
\xdf\xa7\x87;\xd5/s\xbc\xfd\xc9\x82\x9b\xe6\xdc\xdeV\
\xf9,;\x9cD\xb2\xf6\x0e\xf1\xfc+<%/\x81-\
\xc4\xf58\x9b^\x05\xb5\xa4\xa2\x99\xdd\x88\xf9\xa0jR\
/\xbevi$\xb4\xd7\x91\xb4\x1c\x87J\xedy\x9c\xd0\
\xbe\xcd\xbf8\xfa\xb5\x06\xdc\xb2\x85\x95\xde\xfb\x0e\x9c\xca\
\x15\x18\xf5\xce\xbd\xfaBxb\xbb\xd6\xa87\xf8\xf2\x97\
\xbf\xcc\xddw\xdcI\xa9T\x22\xd2\x1ac\x02.\xd4Y\
K;i\xb2s\xe7S\xec\xde\xf3,W_\xf3F\xde\
|\xc3[\xb1^(\x97\xcbh\xadHs\xde\xd0\xe3\x0d\
\x90\x13A\xa3z\xdfW\x1e\x9ai\xc2\xd8\xc4\xf8n\x14\
_\xf25Y<\xad\xc6\x9de;7V\xde\xb3d\xde\
\xa5\x8b\x82J!8\x92/\x94'T@Bu\x12[\
>\xf9\x07\x9f\x1d\xfe\xc3_\xfc\x91\xda\xd9n\xdb\xbf$\
\xd3N\xfd\xb0\xf7\xeeZo\xdd\x09=\x94j\xb5\xca\xaa\
U\xab\x82\xc3\xe9\x82l\x1a\x84h\x8b\x12\xa1\xd1nS\
[\x5c$\xb3\x16\xf1/]\xa4\xf3d\xad\x98\xbc\xeb\xb5\
\x1a+W\xaedxx\x88Z\xad_\x80%D+B\
W8\x0b\xedv\x9bRYpY\x9b\x8d\x9b&X\xbd\
b\x98\x92Npi\x1b\xb0hQ!;\xdc\x89\x84\x05\
\x0e@\xffB\xf1\xec>\xe0?-!\xfa\x991\xc6\xf0\
\xea\x8b\x19\x9a<\x0fU\xd9H\x96\xc6(3\x84\xc7\x84\
\x08j\x1e\x92+\x22s\xfd\xf6b\xf2Y\xbe\x18v\xb2\
{\xcc.\xadT0\x1d\x1e\x12\x83\x8eQ\xa3\x86Q3\
LCUi\x1c\xf3\x18\xf19\x8a\xb3\x05>\xcdI\xa9\
{\x8b\xc1\xd4\xc09\x0c\xa4+}J)\x86u\xab'\
\x89\xc4\x92\x90\xe5\xf1\xa7\xe5\xa8\xc5z\x1d\xdc\xee\xea\xde\
u\x14\x1c\xadv\x8d\x91\xa1*?\xf7\x89\x9f\xe3=\xff\
\xea=\x88\xf2\x1d\x07\xb4\xd9n3==M\xbd\xd5$\
\xf3!]=\xb7\xb0H+Mp\x96\x9c\x88;\x1cl\
aa\x81\xfb\xef\xbf\x9fG\x1ez\x88F\xbdA\xb9\x5c\
FiM\x9ady\xf7(\xd24!.\x99n[\x80\
\xd1\xb1\xd1\x9c\x82\xa9\x12\xaa\xf2\xdbI\x0f\x0eQu\xd0\
#>\x87\x12,W\xb5}*\xd6n\xa7!\x02\x9a;\
\xa0\xcey\x96;\x94\x88\x14\xfeW~2>\xc1st\
\xff\xfe\xe4\x85\x96\x82\xbddf\xcc\xea\xd8zv+\xf1\
\x0d\xf1\x0c\x15\xaf\x17hM'\x81\xb1!\xb0\x5c\x0e\x16\
\x1a\x0d8\xa1\x83\xef/\xb9\xb1Ot\x9f\xf4V\xbf\x0f\
~\xd6\xf79\xf9\xcb\xb2\x9f\xf4\xdd\x1b\xa7o\x85\xb2\x91\
/H\xe7;\x14t\xa1\x7f\x1ex\xf0\x01\x1e\x7f\xfcq\
FGG\xf3\xd7\x04k-\x9e\xc0a\xdbn\xb7QJ\
\xd1l4\xf8\xcew\xbe\x8b\x8eJ\xbc\xe9-o!I\
R\xb4R]b\xb8\x81\xa6\xb8\xdc\xf1\xe8u\xd2m\xdf\
\xfb~ID\xd7I(\xf0:67\xbfjbl\xf4\
\xad-\xd3xU1\xe9\xe5jqT\x9e\xc7\xabie\
bO\x9a*\xcf\xf2\x0a*\xcbZ/\x06\xc9\x83\xf5\x88\
Rj\xcd\x1f\xfe\xe2\x8f\xbcX\x92m\xafH[w\xe5\
\x95U\xad\xf4\x9b\xb3\xd4n\x0a\xb48\x83h\xccp\x1d\
2\x9fa\x22\xc3\xa6\x8d\x1b\x19\x1d\x1f#\xb5!B\xa8\
 \xa7\xcf\x09\x142\xc7ff8|\xf0 \x22\x1aA\
a\x934,b\xf9\xa2i\x07\xfc\xa1\xfeZ\xce\xde\xd7\
\x9f\x7f\x808u\x82Ix\x90\xbe\xc4\xa9\xfc<B\xd5\
~;i2>5\xc9\xfaM\xeby\xe2\xf1'\xb0H\
_qP\xdf\xa1\xbcg\xb1QC\xc5M6\xae[\xcb\
D\xd5\x90\xb6\x8f\x11y\x97\x13)\x87\xaa\xf8^r\xf7\
\xb0\xe3\xea\x22\xa1{3\xf6>/8r\xce\xf7\x10\xc4\
[\x9c\x0d\xa9\xa7\xc8\x94I\x12C\xd3U\xa0\xb2:D\
?G\xcf\xc3GS\x10\x8fa\x9c\x01\x89B\xc1\x83*\
\xdaj\xd1\xa8\x81\xfe\x5cF\xda\xf3x\xdd\xbaL\x08\xe1\
\xf9]\xd7\x13-\x82\x83\xe2\x06'{\xf4\x22\xa2r\x9c\
\xc8\xe2 \xbd\xea \xa6\x13\x00\x03~\x04\xca\x11\xd5\xb5\
\x15\xca#\xe3\x1c\xdes'\x09\x8e\x8a\xd2 M\x94K\
\xbbI\xcc\xbe5\xd9\x0d\xfeb \xaf\xf6)dM.\
\xdc\xb8\x82\x95\xe31\xcd\xd9\xb4\x0bpF\xe5\xa9l\xc0\
\xe9\xbc\x9a9\xff\xae\xe4\x0b\xaash\xa5pYB\xb3\
\xd5\xe0\x82\xad\x1b\xf9\xa5_\xf8y\xde\xf8\xc67\xe2\x9c\
's\x9eXE,\xd6\xeb\x1c\x99\x99\xa5\xd9LI-\
$\xa9gnn\x9e4\xb5\x18\x1d\xe1TX4[\x89\
ef\xe6(\xb7\xdfv;O?\xfd\x14:O\x8f:\
\xe7\xfa\x22]\xd6&h\x1d\xc6efC\x9a\x7frb\
\x22d2\xc4\x91em\xb2,\x9cc\x97\x942`\x00\
\xa1\xab\x84$\x85\xe2W\xe7\xd8\xb9\x5cb\xce:Q\x90\
\x81C\x18\xd7q)&MS\x92$\xa1\xd1hp\xf4\
\xe8l\xcfu\x12D\x0f(]u\xb9*\xc3^\xaa(\
L\xf1b\xbd\xf0\x07p\xdf9\xef\x84\xce\xc7\x8bn\xa5\
\x8coB$F;\x9fe\xa9\x882\xc4q\x1c \x0e\
>dI4a\x93\xdb\xebx\x9eh=\x1c$\x9f\x97\
\xc1iz\x10S\xdf\x1b\x99\xcf7\xc6\xd0[\xf4\xa8\x96\
|\xb7\xf8\x8e\xf2]9V\xd5a\x93(\x0e\x5cT\x9a\
\x17\xb0\x9f\xe2\xfaw\x00\xbc\xf9&F\xf2 \x84Zv\
\xe3\x22>\x97~Fh\xb4Z\xecx\xf41l\x92b\
L\xe0>\x16\xad\x99Z\xb5\x828\x8a\x99\x99\x9d\x0dA\
\x0d\x11\x94\xd6DQ\xc4m\xb7\xdf\xce\xe6\xcd[\xb8\xe0\
\x82\xf3\x03\xa6\xbf8\xbde~\xc7\x13xx#\x13\xe1\
|PN\xca\xbcE\xa90f\xad\xef\xb6\xa30\xad\xb4\
T\xca\xa5cQl\xee\x12\x7f\x8eERN\xd1^\xd1\
Nh\xe6\x13k\x5ct\x84\xb0!Q/4\x12\x0a\xc1\
\x89\xf1\xb8\xd5\xff\xe6\x0f\xff\xe1\xf5\xbf\xf9\xc9\x0f\xdc\xcf\
\xb9\x9d\x9ayY\xd8\xba+\xaf\xacNUV\xfct\xab\
\xd9\xfeW\x82\x89\x8bEd9)\xc4\xc8D\x0c\x0d\x0f\
1\xb1b*`\xd1\x0a\x87\xab\x87\x12$i\xb5Y\x98\
\x9b\xc7:G\xd4#\xe3w\xaeDCE\x02\xd6\xd2\x09\
\xcc\xd7j\xac3\xc2\xda5kyv\xd7\xb3$'\x11\
hi'Mb\xa3(\xc5\x1a\x12\x87(\x9b{\x97\xae\
S\xd0tj'\xd4\xc5&f\x0e\x94\x8aq^\xb3\xd0\
\x14R?Byr\x0b\xa3k/\xc6L\x5c\x00\x8cb\
}%pe*\x93\xd7+\xc9@\xdf\xf6`\x1d\xcf\x91\
>?;\xa6\x81\x12\xe8\x08*\x11J`bC\x93\xb9\
#O\xd0H\x0eQ\x894\xde\xd6\x11I\xe8s:\xfb\
\xf9\xe3;&\x1e\x8c\x12\xca\x1aVNVY;5\xca\
\xfe\xd9&\xcbE\x99\x8f\x1b9\xca,\x8dv\x0d\xe7\x1c\
W\x5c~)\xbf\xf2+\x1fg\xdbE[I\xb3@\xa8\
m\xa2\x98\xd9\xb9y\x8e\xce\xce\xb1\xb8X\xc7\x134\xe1\
[\xad\x04\xe7\x04\xd1=\x0c\x13\xda\xb0o\xdfn\xbe\xf5\
\xado233\x8bF\x11i\xdd!\x03/\x9cP\xef\
\x83\xaa\x8c(\x85w\x19\xa3\xa3\xc3\x8c\x8e\x0e34T\
=N\x85\xf3R\xebD\xc9z\xc4\x06\x9e\xf7st\x1d\
\x94V\xab\xc5\xdc\xdc\x1c\xb5Zc\x99\xd4\xf0I\x02\xf3\
\xf07\xa7m\xff\xed\x93\xfe\xc2Y\xb4\xe9\x1d;j\xd3\
\xf0\xbb\xaf\xb9\xe2\xcd\xff\xa9\x95%\xe2\x10\xbc\x87v\x92\
\x10\x1b\x1d\x08\xfa\xfdK\x0ck\xed\x09\xe6t\x15\x92\x04\
_\xc0RN\x01\x9e\xa3|\xff\xc6\xecT\x8aG\xfb#\
\xa1\xe1\xbe)\xaa\xd4\xb34%M\x12\xa4\x87Ee\xf3\
\xe6\xcd\xbc\xfb\xfb\xbe\x8f\xb1\xb11v=\xf3\x0c\x9f\xfb\
\xdc\xe7\xa8\xd5\xebD\xc6\xe0\xb2\x84\xfa\xe2\x22\xdf\xf8\xda\
\xd7\xd8\xb9e\xcb\x92\xdf\x19|\xee$P.\x01T*\
\x15*\xc3C\x5c\xb8\xed\x22L\x1c\xa3\xb4\xc6fA\x8a\
\xb7\xd7Y\xb6\xce\xfa$M77\x9a\xc9{\xbco}\
\xf7\xa5\xbdhg\xd6^\xd1Nh\xab]\x9f.E\xa3\
GT\xbe\xcd\xc87%/hu\xb4\xce!JU\xc4\
\xba:/\x83\x09\xe9\xe5`c\xa5\xa9\xf3\xbd\xe5}Y\
fc\xa3\x958\xefC\xb4\xe68\xe4\xf4\xabW\xadb\
ll$T\xddv\x22$\xe1}\xe7\x1d\xb3\xb334\
\xeau\xb4:\xf7\xd3\xbf\xedv\x93F\xab\xc5\xf8\xc4(\
\x1b7nd\xd7\xae]9\xcdG\xf1\x89.\x1e\xd0\xe7\
\x5c\xa1\x99\xf3\xcc\xd7\xdb\xb42G$.\xa8\xf3\xe4\x93\
y'\x10\xa6\xc2wO<\xc8Cj.\xe8\x80)\x8c\
\x84\xe2\xa3LU\xa0\xbc\x82\xb1\xf1mT&\xcfC\x8d\
\xae\x057\x82\xa5J\x98Nr\xbd\xef<\x85\xec\x8e\xe3\
l\x0eF\x92\xcf\xfd+2h\xa7s\xc6\x1e\xaf\x0a\x1c\
^\x09\xe2\x15\x94W\xbc\x96\x09J,\xceD\xd8\xf40\
`\xd1>Hrv\xf5Y\xfa\xcd\x91\xf3\x88\x8a\xca\xf7\
\x1a\x96\x95\x13\xc3l\xdc0\xc5\xfdO\xef\xcb\x19\x04T\
\xce|\xd0\x8d\x22\x01\xd8B\xf2\xd5\x85#i\xa3p\xcd\
\x8c\x7f\xf5\xee\xef\xe5\xa3?\xf9\x13\xacY5\x1e\xceT\
\x02]\xce\xf4\xe1C\x1c\x9b_\xa4\xd6h\x81W\xd4\x1a\
5\x16\xebu\xb2\xcc\x05\x8c\xa7W\xb8,H\x11\xde\x7f\
\xdf\xfd\xdcq\xc7\x1d\x81?\xd4\xa8 \x13[\xf0\x88\xe5\
\x1b\x13\xe7l\x88\xaaG\x11J\x85\xca\xf9\xe0\x80\x96s\
\xae\xc8\xe7\xe7I\xec\xf6\xff\xf2\x98b\xafB\x16\xa0p\
\xba#\x13\x91eY\xe71w\xf80I\x92\x90f)\
Z\x1bl\xb6\xd4\xe9\x95\x81\x94\xf0R^PI\x9d\xf7\
\x9f\xdb\xbdcq\xe6\xcc\x8d\xab\x17\xcf.\xb8\xf4-\x1b\
uI\xfd\x8f\x96\xcfb\xabcV\xac[\x83\x8eb\xe6\
\xe7\xe6i\xb7\x1a(\xa7\x88\xbc\x0a\x11\xd1\xc0e\x7f|\
;A\x91\xcd`t\xb1\x97\x8d!\xef\xdc\xfc0\xc5\xd8\
\xec\xf2\x17[g\xf1\xbe\xd8\xac\xf4\xff\x8eFr-\xf9\
\x1c\x8e4\xc8\xf2\xd1{\x0e/x5/\x8a\xe5\x04\xe7\
\x1d\xcdV\x8bF\xb3\x89VA@D\x94b\xeb\x85\x17\
\xb0r\xe5\x14(a\xeb\xb6\xad\x5c\xb2}\x1b\xf7\xdfw\
?i\x96\x10\x99\x98\xd8(v\xef\xda\xc9\xd3O>\xde\
)`\x02\x96\x14\xba\xf9\x9c\x83UD\x07*A\xad1\
q\xc4\xb6\xed\x97\xf0\xc1\x1f\xfa!\xbc\x0a\xf3{\xe6-\
\xda\xeb\x0e+H\xb5R\x15\x85$\xda\xbao\x8a\x97\x97\
\xb5@\xce+\xda\x09\xd5\xb62\xe4TvP\x05\xd9\xab\
\xd3\x0e\xcdx\xe7G\xc4\xc8\x1b\x80'y\xd5\x11=-\
\xbb\xe4\xcaw\xad\xc5\xfa\x7f\x97\xba\xe4:\xad\x94\x14\x1a\
\xf1\xc7\xfb|u\xa8\xca\xba\xf5\xebI\x92$\xdc\xf4\xaa\
?}\x91%\x19\x87\x0e\x1dFI\xe0\x9as\xe9\xb9[\
?\xa6<\xb4ZM\x9a\xcd:\xc6\x18V\xad^\xc1\xa1\
\xc3\x87\xa8\xd7\xea\x80\x04\xc9X\xba\x0e\xb6x\xc8\xbc'\
R%\x0e\x1e\x99c\xa1\x9eP\x1d2\x9d8\x98\xf4F\
@}A\xa8\x9ece\xf3\x97e\xd9\x15'WW\xc2\
 \xd1\x08\xcd\x86F\xaa\xab\x18\x99\xba\x88\xca\xca\xcb \
Z\x01\xbe\x8c\x93\x12\xa1\xd4(`@{\xe5(_\xb5\
\xe5\xacK\xc6a\x01\xa5\x86\x10\x15QZ\xb9\x1d\xa3\x15\
\xb3\x07\x1d\xce\xdb\xc05(\xad\xc0\xfd\xe9\xf2\xe8a\x07\
\x0c\xd9]\x84=\xe0\xbc\xd0jfH\xc53\xb5r\x05\
\xb0\x0f\x9c\xc7\x8b[\x16\x8b\xdb\x91d\xc4#8\x9a\xcd\
:?\xfd\x93\x1f\xe1'\x7f\xea\xa3!=.\x16\x10\xb4\
V\x1c\x99\x9davn\x81V;\x0d\x9a\xf1\xa9ef\
\xee\x18\x82\xc6\x18\x83s\x96R\xa9D\x9a\xa6\xdcy\xe7\
\x9d\xdcw\xdf}\x1d\x8c\x9c\xd1\x06\xebl\x97s\xb1\xe7\
\x1cD\xa9\x8e#\xbaj\xd5\x0a\x82&}XO\xa3\xe8\
4\x97\xa6N\x04\xad\x1b\xf5l4\x1b,..\xd2l\
4C\x19i\x10\xfe\xc6\xf9\x8c\x93\x19\xaf\xb9:[/\
{d\x02<\xf7rH\xc5\x03x#k2dJ\xe9\
\x12\xaf\xbf\xf6\x1a\xde\xf0\xc6\xab\x19\x1a\x19c\xf73\xbb\
\xf8\xce-\xb7p\xf4\xb9\x03X\xc25\xf1.=\xa3\x5c\
\xc9\x9d#\xf4D(\xbb\xb2\xa7!\xa5\x1ed\x7f\x03\x9d\
X\x92\xda\x80\xcb\xcc\x9d\xae\x0eq\xbe\xa8\xbe\x8c\xc0\x99\
\x12M\x1b\x5cZB\x94^\xe3}F\x9a$\x1d\x0e\xdb\
\x82\x99\xcb\xfb\x00_\xa9\xb7\x9ah\xad\x19\x1f\x1fG\x1b\
C\xd6ncm\x8a\xd2:_\x82\x1c\x22\x86.\xa3U\
^\xf0\x95\xdf\xc7\x85S\xdan\xa7T\xcbe\x94\xd2$\
Y\xcaSO>\xc5\x93O>\xc1E\x17_L\x14\xc7\
\xa4\xd6\x91\xd9,p\xa5\xa2p\xce\xfa4M+-\xe4\
\xda$\x92/\x9f\xd9\x91\xf2\xd2\xda+\xda\x09}p\xfe\
\x91\xe9\xcb\xc6\xb6\xef\x16\xb7\xd4!\x19\x0c\x9b\x9f(e\
\x9b\xa7\x96\xe2|t\xbd\xea\x80\x9e\x9ei\xa7\xddz\xe5\
y\x9bsT\x81%\xf2HJ\x02\x8e\xcd\xb9\x8c\xc8D\
l\xda\xb8\x91(\x8aHm\xb2\xe4Z\xd9,\xe3\xf0\xe1\
#\x94LL\xb3\xd5\x22\xca\xf15\xcb\xed\x9e\x07'\xde\
\x0e\x8el\xf0\x04_\xa4tr\x81\xd3t\x19\xa4\xed6\
\xbe\x9a25>\xc1\xda\xb5\xab\xd9\xf9\xf4.D\x05\xe9\
:\xe7\xba\xda\xc5^<\xde\x09N\xc5<\xf1\xf4^v\
\x1f\x98c\xea\xa2\x18\xc94\xe5\x08\xb2v\x83\x92\x89\xbb\
m\xa4\xab\xd6\xd3\x99\x1c\x07\x15F\x88A\xa9\xf0[T\
H\xd2\x0azh\x0dck\xb6\x13Mn\x05\xb3\x02\xa8\
\xe209I}\x88hx\x1f\x0a\x9e\x94\x84]\xbb\x03\
\xac\xf5Dz\xf9\xfe:\xe9\xad@\xa7|\xf7E\xe9\xf6\
\x17\xcd\x96\xa7\xfaR}mwh4\x1a\xb4\xa0\xc7.\
d\xd2)f\x0f<D\xea\x0c\xca\xcd\xa0\xbdG+\x1b\
\x88\xb8\xdd@\xdaY2\x9c(2_A\x97\x86I\xa9\
07\x9f\x90\x15E\x15\xbe\x9f\x00_D\xf0\xd8 \x0b\
\x9b$8\x97\xa2P\xfc\xea\xaf\xfe\x12\xef\xff\xfe\xf7R\
\x8e\xa3@,\xaf\x22\xac\xb5\x1c;v\x8c\xa3Gg\xb1\
\x08\xad4\xa3\xd6h\xd0j\xa7x\x174\xb6E\x04\xad\
#l\xe2\xb8\xfb\x8e\xbb\xb9\xeb\xf6\xbb\xd0Z\x07!\x05\
\x00\xe7\xd0\xc8\x92\xeb\x17\xc71&\x8a\xa8V*\x0c\x0d\
\x0f\xe7\xc5\x17\x82\x8e\xfb\x95\xcb\xba<\xb5\xfd#E\x89\
\xc2y\x17\x8aC\xbc\x0f\xd1V\x82\xd2\x91\x17\x88\xcbe\
\x9a\x8d\x16\xadV+`\xac\xdbm\x92$%M\xd3\x5c\
K\xbe\x07c\xba\xcc\x16\xecx\x0aI\x1d\xfeH\xc8<\
\xdc\xdb\x98^\xf8\x0e/\x93Q\xd9\x8a\xfc\xa1\xa9\xe1\xf1\
[\xd6o\xd9r\xc1u7\xbc\x03\xab\x94\xd4\xad\xf2\xab\
7_(\x1f\xf8\xf1\xcd\xfe\x91{\xef\x95\x07\xee\xba\x9d\
\xfa\xfcQ\xb4\x07\xdd\x89\x22\x1b\xdc\x80\x04\xd7`\xff\x9c\
\x88i\xa37\x02\xea\x04\x9c\x0aQ\xc6\xb8R\xa6\xd1j\
\x05I\xd7\xb8\x84hE\x5c)\xb3zj\x92R\xa9\x14\
x;\xdb\x09\xcdz\x9d\xdaB\x8dv\xa3\x81x\x88\x10\
\x94u\x0cW\x86h5\x9a\x9d\x89\xac\xab\xe86\xc0_\
\xda9]\x1b\xa2\x8b\xce\x04\xd5\xac\xce=\x95K\xf1z\
\xdb\xc1pf\x99\xc5e\x19Jk*\xa5*\xb3\x8dY\
\xb4\x8e\xf1Xv\xee\xdc\xc9UW\xbd\x01\xadu\xd8\xa8\
\x1d\x9d&\xc9R\x94\xd1d\xd6\x92\xb6\xb3\x8e\xb0Ho\
aQ'\x8b\xb7\x04f\xa0HS\x87\xd1\x82\x88&\x8a\
\xcb\x0c\x0f\x8f\xa1\x94!M22\xe7:p\x96\xa2-\
\xe5Ri\xa1b\xa2\x7f\xac\xf8\x97u \xf4\x95\xed\x84\
^t`\xad\xa8qw\xc4{\x9d\x81\x8fO\xfb\x80\x1e\
\xa3\x94\x5c\x01\xfc\xd5\xd9n\xdb\xcb\xd9\xb6m\xbb\xbe\xaa\
D~\xc1\xbal\x1d\xde\xab\xc1\x08h\xefM\xad\xb5a\
ll\x8c\xe1\x91\x91\xa0,\xd4\x93z\x94\xbc\xd2q\xb1\
\xb6\xc8\xfc\xb1\xb9\xa0m\x9d\xab\x80\xbcPn\xf2\x97\xca\
\x92$\xa1V[`||\x1c\xc4\xb3i\xd3&\x0e\x1f\
>\xc4\xc2|=\x9f\x8c:\xdech\xab\xc4x\x97\xd2\
l\x19\xee\x7f\xe8i\xae\xd8v5b\xaaX_\xc7D\
q\x97l\xba\x97$\xb9\xc7\xfa\xba8O\xf1f\x19X\
W\x22c\x98,Z\xcd\x9a\x0dW\xc0\xf0f\x1c\xe3(\
\x86q>\x0e\x0es\xf7\xca\xf4\x1d/\xcd\xf9\x1c#-\
\xd8\x9eE\xcdzh'-\xca\xa5r\x9f\xb2\xc8I\xd9\
\xbf((i\x0f\x05\x13\x0aE\x0c\xd1$z\xdc1\xa5\
\x1c\x87\xf7\xddO\xa4\x12\xbc\xcdU\x95\xc4u#A\xb9\
\x05\x96\x822^\x8d\xe2\xd4J\xbe\xfc\x8d\x07\xf8\xe6\xad\
\x0fa]%\xafr\xf6!u*\x1eT\xf7y\x9a\xb6\
\xc8\x92\x16\xeb\xd6\xad\xe3\xe7?\xf1qn\xb8\xe1\x06l\
\x96\xe0\xb18\x9f\x91\xb53f\xe7\x8e1\xb7X\xc3+\
M\xbd\xde\xa0\xddn\xe7\xa4\xda\x8aR\xa9\x12\xf0\x9c\x22\
4\x1a\x0d\xee\xbe\xe3Nn\xbb\xfd\xf6\x93\xe6f\xacV\
\xabT\xaaU\x86\x87\x86\x88\xa2\x08\x97%\x80,qn\
\xfa\xf5\xc5\xbb\x96$I\x88\xb4\x1a\x13>\xe3<\xd6f\
\xa4iJj-\xadcs\xb4\x926I\x12D\x1d|\
\xd6-\x88\x0aX\xbfP\xbct*x\xf0\xbeH\xa8\xf8\
\x83b\xfd\x1f\x1f8p_\xf3l\x8f\xa2\x93\xb5U\xab\
7\x94'\xc7'\xae\xbd\xec\xaakL\xaa\x0cV\x8c\xf7\
\x04\xe8\x8c\xa9\x94x\xedu\xd7\xb1n\xf3F\xee\xbb\xe3\
V\xf6\xecx\x04\x5cz\x5c\x11\x07/\xfdQH''\
vD{\xad\xd5j\xa1\xe2\x88\x96Mi\x03\x89\xd1\x9c\
w\xd1\x05\x5c\xfd\xc6\xeb\x98\x5c\xbd\x12]\x0d\xb0\x0c\xe5\
\xc1e\x19F)\xea\x0b5\xf6\xee\xde\xcd\xbe\x9d;y\
\xee\xd9gi\x1e[`nq!\xc8\xc0\x9e\x81\xfe\xf1\
.p5\x0f\xf2y\x96J\xa5\xe0\x10\x8b\x0atK\xa9\
\xe5\xd9g\xf7r\xd3M7q\xf1\xf6K8r\xe40\
\xbbv=Kf3\x8c68\xef\xa8\x0e\x0f\xb1f\xf5\
\xba\x8e#\xda\xf9\x8d\x81\xfet\xde\xe5cQu0\xd2\
^\xe0\xd2\xd7\xbe\x96\xb5k\xd7\xd2n\xb7\x89\xe3\xb8\xb3\
\x09\xf3\xde\xe3q!\x00c\x9dQ%\xfd\xaeL\x95\x1e\
{1\xc7\xcd\x8bm\xafh'\xf4O\xd6\x1d\xb4\xbf\xe0\
\xa6fb\xed\x8f\x02\xebN\xe7X\x81\xb0^\xf0\xc8\xca\
O\xfd\xee\xef\x96~\xef\x97\x7f\xb9}\xb6\xdb\xf725\
\xb1\xe3\xd1\x98\xe0\xc6\xbcuj\x09g\xdc\x80i\xa5\xd8\
\xb0a\x03###\x1d:\xa6\xbe\x05\xcbZ\x8e\x1c:\
L\xbb\xdd\xc6Y\x87\xd2*\xa4\x07\xcfv+\x07\xacC\
\xd8]\xa8\xe5(\xcf\xfc\xc21\xd6\xb9u\x94\xcbU\xa2\
r\x89\x0b/\xbc\x88;\xee\xb8\x83R\xa9\x84\x17\xd7\xc7\
I)h\xac3\xb4\x5c\xc4\x1dw?\xce\x9b\xaf\xdc\xc8\
e\xe7\x8f\xe0]\x16\x0a1r\xf5\x97\xa5\x1c\x97\xcb]\
\x01\x87\xf7\x19\x993\xa0'Q\xa5\x8d\xac\x5c}\x19\x0c\
o\xc1\x9bQP\xc38\x1f\xd4p\xa4\xa7\x18\x00\xafs\
>\xcb\x9c\xa2]\x0b\xcd\xc42;\xb7\xc8\x91#\x87X\
\xac\x05:\xbb\x91\xe1\x11F\x86\x86Y\xb9r%C\x95\
\x12\xde\xf7`\xbb\x96\x9cL\xb7\xc2\xfb_\x8e9\x5c\xb1\
Q\xea\xf0\x04\x14D\xf5\x06J\xe3\xa8\xc9-L\xfa\x94\
\xa3\xfb\xee\x02\xd5\xc6P\xcf\xbf\xd3\xed\x0f\x8f\xc2\xf92\
\xd6\x8f\xd2\xf2S|\xfd;O\xf2\xdf\xff\xfev\x16\xd2\
a\x1c\xf1\x92>S\xb9?\xea\xbc\xc5e\x09\xdb/\xbe\
\x88O~\xf2\x93\x5cy\xd5\xebqi\x86\x89\x0d6\xb3\
x\xe7\x99[\x5cdvn!\xdc7\xa2h\xb5Z\xa4\
\xd6\xa2D\xd0\x91A\xa3\x11Q\xb4\xdbmn\xb9\xe5\x16\
\xee\xbf\xf7>\x94\x08&\x8a\xb0Y\xd6\xe1\x00]\xc2B\
\x90\xbf^D0[\xad\x16\xcdf3\x8f\x94\xbbA\xe1\
\xae\xae\x13:\xe0\x18\xb4\xdb)\xd6Y\x9cu\x81\x8a-\
ud\xd6\x92\xa5)\x89\xb58-\x05]\x7f^\x05\xad\
\xa1G\xf4\xe1T\xd3\xb8\xfdxPI\x1c\xfe\xcf\xe73\
\xbe\xc0\xcb$\x0a\x0a\xb0e\xd3\xd6\xab\xb6\x9cw\xfe\x9a\
\xc9\x95k\xb0b\xc2\x03\x8d\x17|\xea-J\x22?\xbe\
~\x13\xdf\xf3\x9e\xf7\xc9\xad.a\xe7\x8eG\xd0\x12\xd8\
:\xcc2\xf0\x88\xd0\x87\x85s\xd4\x07\xfaY\xb2\x19\xe9\
\xf3\xbd\x04J\x952Moi\xb7\x13T\xa5\xc4\x95W\
_\xcf\xe5o|#CS\xe34SK\xcb\x08ij\
\xb1i\x1aFq\x92\xa1Je\xd6_\xbc\x9d\xf3/\xbe\
\x84'\xef\xbd\x97\xdb\xbf\xf1M\x8cs\x18\x11|\xea\x02\
\xc1\xbe\xea\xc7\x0a\xcb\xc0\xa6\xbbH\xa9\x0f\x9a\xb3\x0e\xeb\
,\xd6:\x82\xa4\xa9\xea\x88\x84\x94\xcbeV\xafY\xcd\
s\x07\x9e\xc3\xda\x0ck\x1d\xc6\x0b\x8f=\xf6\x18\x8f\xee\
x\xac\xcbZ\x22*DtE\xf3\x9a\xcb.\xe7{\xdf\
\xf9\xee\x10\x1d\xd5\xaa\xa7\x1f\xbac\xb2x^\xb0\x01\xf4\
:\xa1\x05K@`.\xc8%Vs\x99O\x11E\xb9\
\x5c\xa6R\xad\x1c*\x8fT\xbf\xe0\xe3\xe8\x1c\x16I8\
\xb1\xbd\xa2\x9d\xd0\x1ff\xbb\xb1.Y\xc0\xc4\xbb\xc5\xf9\
\xb5\xfeT\xb6\xc5}\xe1tW\x145!p\x83\x915\
\x17\x01\x8f\x9c\xed\xf6\xbd\x1cm\xfb\xf6\xed\x91\xa8\xd2\x0f\
\xa5i\xf2\x96\x13}\xd6h\xcd\xd8\xf8\x08C\xc3\xc3\xfd\
\xd5\xaf\xf4DAs\x0cXd\x220`m\xd6\xa7\xe5\
{.Y\xafrL\x14\xc5\xd4\xeb\x0d\x1a\xcdf\x9e\xd6\
V\xac_\xbf\x96M\x9b6\xb1\x7f\xff~\xa2(\xea\xf9\
^\xc0)Y\xaf\x89\xcd\x18\xfb\x0f\xed\xe1\xeb7?\xc2\
\xa65oc\xa2\x5c%\xb3\x0e-\x96\x0e\x11\xba\xb8@\
\x071\xf8\xfb\xa8\x80E\x94\x88\xc4\x19\xac\x8c\xa0+\x1b\
\x98X})2\xb2\x85\x941\xa2h\x8c,\xf3\xe8\x01\
\xc5\x14_\xf0`\xe6\x0e\xe5\xbe\x83Gy\xf4\xd1G\xb9\
\xed\xbb\xb7\xf1\xc4\x93Op\xe4\xf0\x11Z\xad\x16\x00\xe5\
r\x99r\xa5\xcc\x9a\x95\xab\xb8\xf6\xdak\xb9\xee\xfak\
9\xff\xbc\xf3\x18\x1a.\x9f\x905\xf4_\x9aK\xaa\x96\
<3@\x19\xf4\x14\xa5\x89\x84\x95\xae\xc6\xd1\xfd\x0f\xa2\
\xc5\x12y\x87\xf8,\x08\x0e\x8a\xc1\xfb2m\x19%\xf1\
\x93\xfc\xe3\x97\x1f\xe0\x9f\xbe\xf9\x08s\xed*\xce\x0ca\
]\xc0\xf3\x06\xce\xc3Pd\xe6\xc8\xf9r\xbd\xe3-o\
\xba\x9e\x8f\xff\xdc\xc78\xff\xfc\xf3\xb1Y\x86H\xd0\xf3\
l6\x1b\xcc-.\xb0Pk\x90yGbSj\x8d\
\x16iZ\x10F)\x8c2(e\xa8\xd5j|\xfb\xdb\
\xdf\xe6\xc1\x07\x1f$2a)\xe9w@\x8fo\xb5Z\
-8\xb8\xf9\x22\xac\x09\xe7y\xdcHh\xaf\xf2\x8c\xf7\
X\x17\xa4\x10{7\x9c\x12\x8aC;\x9f)\xb0\x84'\
\x13=\xef\x8d\xe4=/\xf7\xa4\x88\xc3\xfb&\xd6=0\
\xbd\xe3\x96\x97\x15\x1d\xdf\xaa5k\x86\xa2J\xb9&\xa2\
W\x86\xf5+\x97+\xf6*\xd4\x19\x09(2\x89\xa2\x12\
\xadV\x12\x0a8\x9d\xa7Z\xad\x92\xa4/\xdc\xcf\xe9\xe0\
\x96\xf3\xe7V)\x1aI\x8a\x94cVmZ\xcb\xa5W\
]\xc1E\x97_N\x16\x19\xe6\xdb)\x89x\x9c\xd3\xd4\
[-\xb2$\xc1\x88\xa2\x14\xc5H\xe6h\xda\x94\x92\x08\
\xdb\xae\xb8\x9c\x03\xfb\xf7\xb2\xeb\xd1\xc7\xd1Z\xd0\x9c\xa8\
\x90\xad\xd7\xba\x8ej'z[\xa8\x1f\xe5\xe7\x19\x0a\xe7\
\xba\xb4^\x17^x!;v\xec\xa0\xd5jQ*\x95\
\x02}\x98-\x14\xc1\x02\x8e6M[x\x0b\x93+'\
y\xfdUo \x03R\xeb\xfa\xca@\xfbT\xbc:\xff\
\xcce\x92$07x\x81\xa4\xdd\xc69\x87\xb2\x81\xf2\
\xc9\x0e8\xce6\xb3\xe0\x98\xd4\x98\x1f@\xb1\xe3\xa5\x18\
?/\x96\xbd\xa2\x9dP\x1e\xc3fW5\xdbJJ\xfb\
L9~c\x92\xa6bm\xb6$\xf5s|+&<\
\xc1(-\xce\xe2\x1d\xd9\xb8\xb7\xae|\xb6\x9b\xf6r\xb5\
\x85\xb11=\xe2\xdc\x95x?\x01\xa0\xbaEI}\x9f\
\xcbl\x8a\x88\xb0q\xe3F\xaa\xd5\x12i\x96\xd1\xa1\xa5\
\xf4\x19Hp\xd2\x8e\x1c9B\xb3\xd9\x08)\x0dz\x8a\
yN\xe0\x80\x9e\x0c\x06\xf8y\xedD,\xca\xb2\xfc\xa4\
\xe9}\xe0\xe3LS\x8b1A\x97{td\x1cgC\
\xe5\xe4\x96\xcd\x9b9|\xf80\xde\x09:\xc7lz\xe7\
\xb0\x81p\x85\x86\x15\xa2h\x92\xaf\x7f\xf7)\xb6n\xd9\
\xcc\xbb\xde\xb4\x05\xa4I\xac\xc9\xd5C\x0a\xa9\xb9\xc1\xdf\
\xd5X/y\xaa\xdc\xa1\xcc$fh3ck\xaeD\
V\x5c\x04\xbe\x82\x922\xd6\x82\x12\x9d\xa7\x90@G\x9a\
$\xc9\x0a:R\x0e\x1d\x99\xe3k\xdf\xf8&_\xfc\xd2\
\x17\xd8\xb5kW\xa7P\xcc\x18\x83\xca\x0bQ\xdai\x9b\
\xc5\x9a\xe5\xd0\x81\xa7x\xf0\xa1\xa7\xf8\xaf\x7f\xf6W\xbc\
\xfb\xfb\xde\xc9\x0f\xfe\xe0\xfb\xb9\xfc\xf2K\xc3\xf9\x01i\
\xd6\x0e\x9b\x87\xfe\xd2\xaa\xd0\xbdt\x17\x8d\x17f\xa7\xf6\
\xcd\xd3\x1d\x0f\xb6/`\xe6;\x0f\xdbS\x1a\x16\x1e\x1a\
\x95\xcb\xa1J4J<\xba\x85\xf1\xd5)\xcd#\x8f\x84\
:1\x9b+}E\x15\x12&\xd8u\xa0\xcd\x7f\xff\xdc\
?q\xdb\xfd\xfbi\xcb8V\xaax\xab\xc3\xc6\xc09\
P\x828\xb0Xl\x8e\x1d{\xcf\xbb\xdf\xcd\xc7~\xf6\
\xa7\x19\x1d\xaa`\xd3v~\xfe\x8a\xd9c\xb3\xcc\xd7j\
\xa46#\xcd\x1c\x8b\xf5\x1a\xf5F\x03\x85F)\x0d\xce\
R.\x95\x01\xc5\xdc\xb1\x05n\xbd\xe5\x16\x1e~\xe0a\
\x8cD\xddh\x90\x0eio\xef\x8a\xacDXb:\x8b\
}\xf1Wkl\x0f\xce\xd3\x16\x18\xcd\x1e,k\xff\x17\
\xfa\xaeF\xae\xc25\xa0=\xae\xc2\xf3>\xf2\xef\x81\xe3\
\xf8\xe2\x85B2\xb4\xe7\x08\xbd_)\xda\xd3\x89\x80\x16\
\xbc\x93\x88\xf5Jn\xcb\xe6\xfc\xd7y\x19EA\x01\x9c\
\x8b\xbe\xb2\xb0\xd0\x18_h\xec\xf9\x8f\x17n\xdb\x16\xb5\
\xdam0\x95\xe0\xbee\x8eR\x04U\x13\xf9\xfb\xef\xbe\
M\x0e\xec\xdbK\xa44N\x1cY\x96ux9;W\
\xa0pZ;\x94F\xa1\x80H+\x8d(A\x19M\x92\
\x04\xbeK/\x82\x8a\xcb!\x00\xa0\x04S\xaep\xde\xc6\
\xf3\xd8x\xc1\x05l\xbe\xe4\x22\xe2\x91*\xc7\x92&i\
\x16\xb0\x8f\x16\x8fwY@J\xc7\x15 @x\xd0\x1a\
\xa5\x85\xb6w\xb4M\xc4\xe6\xed\xdb\xd9\xb3g\x0f\xedZ\
\x9dr^\xcc/\x12\xd4\x94\x02\xebC\x97e!\x5cO\
\xd5\xd1j\x0f\x0eh~\x9f\xe5QHq\x01[\x8f\x13\
\xbc\xf5X\x82\x96<^\xb1a\xd3&^\x7f\xd5\x95\xdc\
z\xebwH\xdb-\xc4\xe7\x1c\xb5\x1el\xeapX\x94\
W\xac^\xbd\x9a\xb7\xbe\xe3\xedT\x87Gi\xa5\x16\x94\
\xc1v\xfa\xa8\xdfT\xceS\xda\x9b\x9d\xca\xf2\xcdbT\
\xea\xa2\x03\x97\x93\xf2\x8c\xb4frb\xac&q\xf4\x0f\
S\xa5\xa1\x88\x97\xb1\xbd\xb2\x9dP`\xf1\xde\x91\xc6\xe8\
\x9b\x99\x07i\x89\xf7\x95\xfc\xde:\x89\xbds?\xd1\xb6\
\xcb\x1d%\x05e\x94~=7\xdex\xdf\xab\x12\x9e\xa7\
f\x1b\xae\xbd\xb62\xee\x86\xdf\x9c:\xfb\xee\xa0\xc0\x16\
V\x82\xe5\x1c\x00\xad\x14\x93S\x93\x94\xcb\xc5\xcd\xea\x02\
\x01w~Cgi\xca\xe2\xc2B^\xa5{&\x10C\
/\x9ey\xe7\x11%X\x1bT\x9d\x84|\x82B3;\
3\xcb\xaaU\xab\xc9\xf2\xc9t\xc5\xca\x95\xac_\xbf\x8e\
]\xcf\xec!A\x11i\xc9\x0b?\x5c\x1e\xcd0(_\
e\xa1\xd9\xe4K\xdfx\x88\xd7\x5c\xb8\x89\x0b7Na\
\x9d\x07\xb2\x81\x92\x98\xc2TH\xa3{\xc1I\x09g\x86\
1\xd5\x0d\x8c\xaey\x0dj|30\x84\x95\x18\x87\xe9\
F\x99\x01\x9dGc\xe38\xc6\xa6p\xc7]\xf7\xf3\xe7\
\x7f\xf17\xdcq\xf7=9\xf9\xb2\x01\xa7\x89\xa3r\xce\
\x07)\x9d\xc5,M-\x91\x19\x02\x1cI\xda\xe4\xbf\xff\
\xedM<\xf8\xc0\x03\xfc\xec\xcf\xfe,\xef|\xd7;\x18\
)GD\xa6\xb4\xb4\xaf\xf2\xbf\xe7V\x0c\xfbTm\xa9\
\x03\xec{^w\x18p\x06-CP]K\x15Gc\
\xee \xcdF\x1b-!B\xd3J\xc6y\xf6P\x9b\xbf\
\xfc\x9f\xb7p\xe7\xc3\x07\xc9\xd4j\xd2\x9c&Ky\x85\
\x88\xa7\x9d\xb6(W+xo\xb1\xed6\xa2\x84\x8f~\
\xf4#\xfc\xc8\x0f}\x80J\xa5\x8c\xd2!\xe5\xe8,\xcc\
\xcf\xcf3\xbf\xd8\xa0\xd1Np8\xe6k\x8b4\x9b\xcd\
\x80Y\x13\x85 \x18\x1dR\xfc\xb33\xb3|\xeb\xdb\xb7\
\xf0\xe8#\x8f\xa0T\x84R\xd2G=\x13\x8a\x9f\xceL\
\xbf\x9c\x8a\x9d\x0a/\xe4\x0b\xfe\xbe\xf8Y<\x7f\xbf{\
\xf7\xcd\xad\xd3\xfb\xb5\x97\xde\x1c\xcae\x89\xfc~I\xd3\
\xd8\xf3\xcc\x93\xbf}\xde\xf9\xdbL-m\x13\x9b\x98V\
\x16\xb0\x87G\x0f\xec\x97G\xee\xbd\xb7+*\xb1L@\
F\xfa6\x0a\xaa\x93:\x1619\x99\x98\x90ZK&\
\x1eW\xd0d\x89g\xd5\x86u\x9cw\xe1V\xd6n\xda\
\xc4\xda\x0d\xe7\xd3\xf2\x8a\xb6\xf2\xcc4\x1a\xb88\xc0\xa4\
\x9c\xa8\x9c\xfei\x80\xca\xa8\xc0\x93\x0b\xe0\x14Vk\xc6\
W\xafF\x97+$\x8b\x8d\x1c+mO\x02\x9b\xaa\x0a\
xt_\xec\xb4\xcb\x13\xea\xba)r\xc0\xe7\xb8v\x13\
\x19.\x7f\xdd\xebH\xd3\x8c{\xee\xbd\x87F\xbd\xd1\xbb\
Q\xa1:Te\xcb\xe6m\xbc\xe1\x0do`\xc5\xaa\x95\
d\x0c\x8c\xa7e\xce\xc9I\x01\x17P\x1d8\xce`\xec\
\xe2x\xb1\x0c\xa5433\xc7\xd6\xaeZ\xbd\xeag\xda\
Z\xfd\x01p\xf0%\x1bHg\xd8^\xd1N\xe8M7\
\xfd\x88\x03\xf8\xd7o\xfa\xfb\xc7\xc5\xfby\xa0\xf2B\x8f\
\xe5\xacC\x02\xa1\xac(\xad6\xbd\xea\x80\x9e\xba\x95d\
d$\xc3\xbf\xc7\xb9\x10\x05}>\xd3F\xb3z\xf5\x1a\
J\xa5\xd2\xb2\xbc\xa1\xd69fgfH\xdb\x09\xb11\
\x1d|\xd8\xb9j\x05\x18\xde\xf5`\x972k\xa9\xd5k\
4\x1au*CC8\xe7\xc8\xd26\x17]\xb4\x8dc\
\xc7\x16\x98\x9b\x9b\x0bj9q\xd4\x89h\xe1\x15\x8e\x98\
r<\xc1S\xbb\x8e\xf2\xd77\xdd\xc2\xaf~\xe2}L\
\x96\x13\xb4w M\x90\x0c\xaf\xba:\xe1\x1d*&U\
A\xa4\x8a\x8aV0\xb4j\x1bzt#D\xa3xL\
\xa8m\xe9\xd0\xa3\xa8\x0e\xce\xc9f\x9e\xf9Z\x9d\xcf\xff\
\xe3\x17\xf9\xcb\xbf\xfa\x1b\x0e\x1d\x99E\xab\x88\xa8\x14S\
*\x95\xa8\xd7\x1b(\x13u\xb2\x0b\xdd\x8ap\xdf\x99`\
\x9d\xc0\xd4\x8aU<\xb3{\x1f\xff\xe1?\xfd_\xec\x7f\
n/\x1f\xfe\xf1\x1fcxx\x88\xd2\x00\x16\xed\xe5\xed\
|\xf6\xda\xf1\x1d.\xeb%D\x9d\xbd\x0a\x05\x17\x95\x95\
L\xac\xd9\xc6\xa1}\x09\xe2*dN\xf3\xe8\x93\xf3\xfc\
\xbf\x7f\xfbM\x9e\xde\xbf\x885\xab\xb1~\x18|\x91\x80\
q\xe0=\xe5r\x19\x9c%i\xb7\x19\x1b\x1b\xe5S\xbf\
\xf4I\xde\xf2\xd6\xb7\x02.\xb0;8O\xbd\xd9bq\
q\x91\x85Z=\x88\x0c8\x98>:C\xa3\xdd\xc2\x09\
\x18\x1d\xa2\x9c\xb1)a3\xc7\x91#G\xf8\xeaW\xbe\
\xce\xd3O?\x1d\xf0k\xdecL\xdcW|\x01]\xec\
\xe7\xcb\xcd\xf2\x0ax\xf1\xcb\x85\xb6E\x9c\xf7\xdc+\xd6\
\x7f\xfdl\x9f\xe7\x0b1\xd3\xcc\xea\x7f\xf2\xeb\x9fh\x7f\
\xec\xc6?\xfd\xdb\xa4\x99\x5c\xf1\xd8#\x0f\xfc\xcc\xf9\xdb\
\xb6\x8bM,C\xb1\x22\xa9/r\xc7\xad\xdf\xe6\xd0\x81\
\xe7\x18)\xa9\xe3\xe2fE\x04\x93+(g*l\x96\
[Y\x02\x1a\x94\xd1`\x14.6\x94\x87\xab\xac]\xbf\
\x91\xb5\x1b\xd6\xb3\xe5\xc2\x0b0q\x84\x8eJ\x01c\xec\
\xa1\x95&\xd4\xdam2\xefBQ\x1e\xfd\xbe\xda\xb2\xbf\
\x9f\xf3\x8aZ\x0b\x93+V\xb0b\xe5*\x0e\x1d\x9b\xc7\
'i\x90\xb8t>\xd7\xb2\x07pA\x10\x82\x22S\xe1\
\x11Y>k\xe1\x5c(\xf6\xc9\x0b~\xc8\x06\x22\x97b\
=C##\xbc\xf1\xfa\xeb\xb8p\xdbE\x1c=:K\
\xb3\x19j\xd2*\x95\x0a\xe3\x13\x13\xac\x98Z\x15\x8e\xd5\
\xa1\x9b\xear\xf3\x1e\xcf\x99\xd4\xb9r\x93\xef\xe0Js\
\xf6\x80\xdes\x0bot\x1f\x22dY*##\xc3M\
\xad\xccM\xd6\xba\x03g{l\x9d\x8e\xbd\xa2\x9d\xd0\xdc\
\xbcS\xea\x80\x12\x16\x805/\xf8 \xde!^D\x89\
8\xd1f\xe3/\xfc\xe1\xdfL|\xe6\x93\x1f\x9e\xe3e\
\x96\xb29kv\xe5\x95Q\xc9\xf9\x0f:g\x7f\xc4;\
\xa7N\x94\xfe\x1c\x1e\x1afjj\x12\xef\xed\x92jF\
\xf1P_Xdq\xb1\xd6\xa1ry\xb9\x99\xf7\x9e,\
\xa7E\x99\x9e\x9efS\xa5\x82\xcf\xd5eJ\xc6p\xc9\
%\x97\xf0\xc0\x03\x0f\x90\xb6\x96\xa9\x7f\xf3\x06K\x99r\
u5\xb7\xde\xf3\x0c\x9b6\xdd\xc3G\x7f\xe0\xf5\x88N\
\xd08T\x1f\xf9\xb9\x0a\x9fw\x82\xd5U2\xa6\xa8\x8c\
m\xa5<y!\x8eq\xf01^\x95\xe8\xc6\xb6\xc2\xe2\
dS\x8b2\x9a\xf9Z\x9d\xbf\xff\x9f\x9f\xe73\x9f\xf9\
c\xea\xcd\x94R\x5c\xc1z!s\xe0\xdai\xee\xc4,\
\x9df\xa2H\x91\xa6)\xe0\x88\xe2\x12\xd6z\xca\x95!\
\xda\xad&\x9f\xfe\x9d?\xc0;\xe1\xe3?\xfb3d:\
\xe0\xb3\x8c\x09\xd1l\xdf\xc3\xb19\xd8_}c\xe0\x1c\
\xc3\xfb\x1e\xf7:\x17\x9b\x8f%b\xb4\x0a\xc1\x807h\
UE\x8foa\xb8\x99\xb2\x7f\xdf3|\xf7\xf6\xfb\xf9\
\xeb\xcf\xdeB-\xad\x92\xca$YZB\xa2\x90&/\
\x22*\xed\xa4\x89\xf7\x96$I\xb8`\xeby\xfc\xf2\xa7\
~\x89K/\xbb\x94R)\xe8\x5c\x17:\xefG\x8f\x1e\
%\xb5\x0e\x1d\x95\x98[\xa81??O\xbd\xd9\xa6\x99\
$\x94\xcbet\xbe\x88\xb7[)G\x8e\x1c\xe5+_\
\xfe*\xcf\x1d8@\xa5R!I\xc2uq\xae'\xa6\
\xe4\xfb\xd3\x8b/7\xebe\xe2X\xca\x0bJ\xdb\xc3\xdf\
=\xfd\xd0\xb7^\x9e\x8b\xfe1\x1a\x00\x91\x89*s\xb3\
\x87\xfe\x7fm\xeb\x87\x9a\xcd\xe6\x8f^\xfe\xba\xd7I,\
\x8a\x07\x1f}\x90\xc7\x1fy\x988ZN\x1a\xb8\xbf\xe8\
3\xcfZ\x93)E\xaa@\x0d\x8f3:5\xc1\xaa5\
k\x19\x99\x9c`\xc3\x05[\x18\x9d\x9a\xa4\x5c\x1d\xa2\xd9\
nSk60&\xc2\xf9\x8cv+%\x8a\x02\x05\x5c\
\xa9R\xc6(hgY\x07\x90\xe2\xe9w@\x15\xddl\
\x11\x04|p\xdb%\x8c\x0e\x8f\xb0z\xedZ\x8e\xee\xd9\
\x87O\xd3\x1c\xe1rj\xe3\xcf\xf5l\xfe}^\x19_\
DD{-M-\xa2\x15\xd6;&W\xaebr\xe5\
\xaa\x80\x0d\x85<\xdbf\xa8\xe7\xf8}\xa3\x0d\xbd\xcb\xfe\
r\xe9\xf4\xbe\xbe\xedI\xbd.\x9d\x07\x967\xa5\x94\x9f\
=vllxx\xe8\xbd\xd6\xb5\x9e~\x91G\xce\x8b\
j\xaft'\xd4\x03Dqi\xaf\xd12\xe3\xacE^\
 wO\x0e\x1e\xf6^Db\xa5.9\xfa\x8dh\x81\
W\x1d\xd0\x93\xb6\xd5\xe9T\xec\x8d\xbf\xd4y&r\x1a\
\x95%^D\x01\x04\xd7J\xb1v\xdd\xba\x90f\xcf\xa5\
\xd5p\x1e\xa55\xa2\x15i\xbb\xcd\x91#G\x80\x9c\x02\
#/R(LD\xfa\xae\xcc\xf1\xf4\x83{m\x09\xb5\
\xc6\x09\xdas2\xbc\x83'\xfa=\x85\x90y\xc7\xf4\xe1\
#\xac]\xbb.\xaf\x8a\x0f\x94\x1f+\xa7&Y\xb7f\
\x15{v\xef\xc1\xba\xacO\x1b\xdb\x03\xca\x94ig\x9e\
L\x8d\xf1\x85o\xdc\xc3\xb6\xf3\xa7x\xd3\x1b6 \x99\
E\x89E\xc8\x95:\x08\x91\xd3\xa6\xd5d~\x98\xf1\x95\
\x17Q]\x7f9\x98)P\xc3x*\x80B\x89\xef\xd1\
\xe5\x06\x1d)\xd2\xcc\xf3\xc0\xfd\x0f\xf1g\x7f\xf6\x17$\
)\xe8\xa8D\xe6\xc0\xe2p6|V\x8b\xc2:G\xa9\
T\x0a\x85(\xce\x06\x9c\xa7V(\xa3q\xce\x93\xda,\
_\xf4<\xca\xc4\x0c\x0f\xc5\xfc\xd9_\xfe5\xe3\xe3\x93\
|\xf0\x07\x7f\x90R)\x94AY\x02nK\xa9\x9et\
YW\xa8o\xa0\xff\x96/p\xe9>?\xb5\xf1y\xa6\
\xacp:\x97?\xeb\xf0\x8e\xf7\x16Q>\xaf\xa1\x8f\xb1\
\x99\xc3\xf8I\xeav\x157}\xe1s|\xe9\xab\xdf\xa5\
\xe9FI\xa5\x8a\xa5\x82\xd3\x06\x8dG+\x8f\xb3\x09q\
\x1c\x91\xb4-.K\xb9\xfc\xb2K\xf9\xc4'~\x96+\
\xae\xb8\x02\xa5!M3\x94\xf2,,4\xa87\x9b\xa4\
\xd6\x91Z\xcf\xb1\xa3G\x99_\xac\x91d):\x8a\x19\
\x8e\x02Gc\x1c\x97\x11\x11\xf6<\xb7\x9b\xaf~\xf5\xab\
\x1c92\x1d\xa2\xed.DI\xc9\xe9\xcetA\x92#\
\x0e\xd0=X\xcb\xa2\xea\x7fIO\xbc\xa8\xfd\xfcB7\
!E$\xb4\xf8w\xcf[\xa9\xe0\xbf\x96:\xf7\xb2\xaa\
\x88\xef\xb5c\xc7\xbe\xe1\x00\xef\x16[5\xeb\x19\x9e?\
v\xa4\xbe\xe3\xa1\x87\xec\xb0\x11\xb3y\xe3:\x1e{\xe0\
\x1eI\x9b5J\xd5\xb8H\x8e\xe4\x05\x9e]z+\x08\
NS\xcbe8\x13\xb3b\xe3z6n\xdb\xc6\xf8\xda\
5\x0c\x8d\x8d22>\x81\x17h\xe3Xp\x96c\x8b\
\x0bd.\xa8Wa\xb3\xe0dE\x11\xcahJ&D\
\xee\xd3f\x13\x9b\x86\xb9=\x12\xa1m-\xbd\xdc\xdd\x9e\
\xfc\xbe\xf1\x05]W\x88\xb8\xb6\x926\x93+W\x91\xa4\
\x96\x91R\x05\xc92\xbc\xcdB\xd1i\x11\x89\xcf)\xc5\
\x8aj\xfd\x22\xd3\x94\xa4-\x1c\x0aS\x92\x0e\x1b\x88s\
\xa12>\xb3!of\xf3A[\xf0\x88f6\xfcu\
\xce\xe1\xbd\x906Z\xf9\xfb\x0e\xb0\xa0\xc2V=\xb5\x19\
>\xc7\x8b\x0e\xc2\x87\xd4\xf1\xeaM\x8aB\xe7N\x1b\xbb\
m\x0d\xff\xc8\xa1Z\xf9Z\xa5\x94f\xd5\xe4\x8aEo\
\xf9\xb3\xf2\xc8h\xedl\x8f\xad\xd3\xb1W\xba\x13\x0a\x80\
\xcb\xd2\x03^\x97\x8ezy\xe1\xb2\x9d.\x88\xce\x0a\xd6\
;\xaf\xdd\xea\x0do\x8b\xaf\xe3&\xbe\xcb\xcbt\xc2z\
\x89MM\x96\xb8\xd2y\xfbf\xef\xfc\xb2 k\x9dW\
\xdfz\xef\x19\x1a\x0e\xfa\xd2\x85\x89\xea\xe6/\xd2,e\
qq1Tb;w\xc2\x08\xd9\xc9\x17\xa1\x9d\x9e-\
I\x01\xf5</&\xc6\xc1\xcf(\xa5\xd0>p\x22\xce\
\xce\xce\xb0f\xcdZ\x9cwh\x0d\xd6&\x5cp\xc1\x05\
\xcc\xce\xcc\xb2\xb8\xb8\x88R\xc5\xad\x5ch\x1e+2\x1f\
\xe1\xd5\x08\xb3\x0b\x09\x7f\xfb\x0f\xdfe\xed\xea\xf7q\xd1\
\xe6qJQD\xda^D<81X)\xe3\xcc0\
#\x13\x17R\x9d\xdc\x06\xd1*PU<%$w.\
\x02\xb9\xb7%\xe8\xd0\x07n\xc1\xa3\xb3\xb3\xfc\xc1g\xfe\
\x88\xd9\xb9\x05L\x1c\xae\x87\x97\xf0\xd9\xa8l\xf2\xa2$\
\x8b1\x11I\xd2B\xeb0\x89\x06\xa79/T\xd2\x0a\
g{T\xce\xbd\xc2\xe3h\xb7\x13~\xf7\xf7\xff\x885\
\xeb6\xf0\xae\xefyc\x0e\xee\x97\xe0</\xb3Q\x5c\
z\x9d_\x92\xcbz\xc6\xc6\x85tRv\xc5b\xef;\
\xfc\x81\xd6\xc6\x1c:4\xcd\x1f\xff\xf1\xdfs\xd3\xdf\xdf\
\x8a\x8b\xca\xa8\xf20VJx\x0c\xe2\x15i\xda\xc6+\
M$\x9e\xc5\xf9c\xe02\xae\xbb\xeez~\xee\xe7>\
\xc6\xa6M\x9b\xf0\xde\xd2j\xa5xo\x99\x99\x99\xa1\xde\
l\xe3Ea\xbd0sl\x8e\xc5\xc5F\xbexJ\xce\
\xd2\xa0\x19\xaaVi\xb6Z<\xf4\xe0#\xdcz\xf3-\
\xd4k\x0d\x8c)!\x12\x8a\xe7\xfe%\xda\xf2\xaal\xe2\
\xc1\xef\xc3\xf9\x1bw?x\xf3\xc2\xd9>\xc7\x17j7\
\xddt\x93\x058V9\xd8\xdc\xbb\x7f\xc6\xfb\x85\xd9(\
k.\xb6n\xbf\xf9k\xd5GG\x86\xd4\xe1\x03{|\
)V\xa2pX\xdb\xdd,u2M*\xbf\xaf\xbc\xc2\
k\xcd\xe4\x9a5\xbc\xe3}\xefCF\x86\xa8YK\xe2\
=\xb3\xcd\x16^\x02v\xb3(\xba\xeb\xd4vy\xe9\xe0\
\xc8S\xeb\xc9\xb2&\xe2<6IQ\xde\xa3DH]\
FIk\xdai\x97\x1c\xdf\xe7\xc7\x90B\xf2U\x85L\
\xcbb\xd2fxt\x1cS*\xe3\xda\xed\x9c\xb1\xa3\x87\
y\xd8\x17\xcf\x8fc\xd2]\x1f\x92$%\xb3)\xd6\xf9\
0\xd7\x88\xea\xb4\xbb\xb7\xa8\xb0\xd0z/\xdc\x04\xef\x1d\
H\xef\xeb\xf9\xa1_\xe4k\x99e)\x8b\xb5\xdaPe\
\xa8\xfc\xb1\xb4\xdd\xfa\x1d\xe0\xd0\x8b\xfc\x93/\x9a\xbd\xea\
\x84\x02.\xf1\x8b\x12\xfb\xd3\x02\xf6\x86\x8aP\x8fS\x22\
\x0e\xca\xe2\xb1\xbc\xea\x80\x9e\x94m\xdd\xba5\xf2\x8a\xeb\
\xbd\xf3\x17\x1d\xaf<\xc0\xe5\xbc\x82\xce{\xd6\xaeY\xc3\
\xd0\xd0\xf0\xb2\xc7\xb2YXd\xbd\x0f\xb8\xb8^\xda\x95\
\xb3\xe5\x80\x02\xcb\xe0V\xfb'\xb6\xde\xbf\xe1\xf3.'\
\x03Wh\x05\x07\x0e\x1c`bb\x92\xf2P)P\xea\
hE\xb9Zf\xf3y[x\xf4\xb1\xc7zH\xeb\xbb\
\x11\x03\xa5J!y\xad\x85\x87\x9e\xda\xc7g\xff\xe9.\
~\xe5g\xdfMI\x83\x97\x04/\x0e+\x86\x94!J\
\xd5M\x8cL]\x04C\xeb\x80aBl\xab\x07\x9c$\
t*\x84\xf1B\xa3\xde\xe2\xb3\x9f\xfd,O=\xf5\x0c\
:\xc7\x0d\xba\xfcw\x9d\x90\xbb\xae\x8e\xcc\xdb\xc0=\xd9\
K\xa1\xa5\x14\x0a\x8fA\x87\xe2\x98\xfc\xb8\xceu\xa9S\
\xacM8xx\x9aO\x7f\xfa\xd3\x9c\xbf\xe5\xd3lX\
\xbf\x16\xad\x1dZ\xab\x8e\xae\xf3\xcb\xdb\x8a\xea\xfe\xbc \
\x01\xddS\xd1-hm\xc8\xbc's\x8a#\x87\xe7\xf8\
\xbf\xff\xd3o\xf1\xcdo~\x13\xcb0\x95\xca\x18\xed\x22\
\x92\x9dG\x8c\xb4\xf8\x90\xd6l\x05j\x97\x1f\xfa\x81\x0f\
\xf0\x91\x8f~\x98\x95+W\x92fm\x9a\xf5\x16\xe08\
z\xf4(\x89\xcdp^Hm\xc6\xec\xdc\x02Gff\
\x89\xe22^4q\x14\x83\x12JQL\xa3\xd1\xe6\x96\
[n\xe5\xee\xbb\xef\xc6g\xbe\xb3\xd1q\x96%)O\
?\x90\xbfu\x83!\xa0A;Gg\xc6\xdeHh\xc7\
\xc4'\x1e\xf9k\xbf\xb0\xf7\x09N\x9c\x049\xe7\xed\xa6\
\x1boL\x80\xe4\xcaw} \x96\xac\xdd\x9e\x99\x9b\x1e\
:v\xd8\xa1\x94HI\x07f\x05\xc9\x8bsz\x1b[\
\xc0`\xbc\x0a\x5c\xb1\xa3+&H\xc4\xd3n\xb7\xa9;\
K\xe6\x14\xde\xe5\x5c\x96\x86\x0e\xd7&\x04nN\x8b\xc3\
\xa5\x09\xc6\x08\x09\x1e\x97Z\x94sD\x04\xe6\x85\xea\xf0\
0s\x8b\x0b\xd4k\xf5\x8e\xb3\xdas]\x82\x07,\x82\
\xf7B\xcb9t\x961V\xadP\xadV\xb1\xed\xb4S\
\x10\xa70A\x01\xae\xe7*v\x95\x94\x96\xef\x93V+\
\xa1\xddN\xf3h\xa6\xca\xcf\xb7\x17*\xd3\xa5\xfe*\xb8\
\x18\xa1;\x18\xbcW/hHwX%\x8a\xe3\x9c\xe4\
\xbcf\xad\xa3\x5c)\xcf5\x9b\xed\xbf/\xc5r\xec\xc5\
\x1a+/\x85\xbd\xea\x84\xe6\xe6\x85gA\xda\xcaSy\
!U\x96!\x12\xeap^\xe1\xbc\x1b\xd7\xe2\xaf\x04n\
?\xdb\xedz\x19\x98\xd2\x93\x1b.\xc3g?\xe0m@\
\xa7/\x17\x8dH\x92\x04\xa5Ctf\xf5\xea\xd5\xcb\x1e\
(KS\xeay\x14t\xd9\x14|\xdf\xf3\x97\xb6p\xc2\
\x9f\x94\x13\xda\xbf\xbe9\x17\x1cQ'\x8af\xb3\xc9\xec\
\xec\x0c\xeb\x86\xd6u\xe4JE\x84\xd5kV17?\
\xcf\x81\xfd\xfb{\xfcw\xd7\xd5\x97\x97\xe0\x88\xc6\xc3\x1b\
\xb8\xf5\x9e]l\xdb\xfa(\xef~\xdb6FK\xc3\x08\
\x09\xa9\xc4$\x0c31\xb6\x19\xaa\xeb \x9a\x00bz\
b\x93\xdd\xd3\xf5*p\x9f\x08\xec\xda\xb3\x97\x7f\xfc\xa7\
/\x91Z\x07\x12\xe5i\xf1|\xe2\xf6\xe0\x5c\xe0c\xdd\
\xba\xf5|\xaez\xc3U\xac_\xbf\x96\xa1\xea\x10\xb3\xc7\
\x8e\xf2\xf4\xd3\xcfp\xdf\xbd\xf7\xb1\xb0P\x03\x178'\
3GO\xf8\xd2!\xda0<4\xc2\x13O=\xcd\xef\
\xfd\xe1g\xf8\xdf\xfe\xd7\x7f\xcf\xd8\xf0P\xa0\x22\xf5\x8e\
\xee\xd4u\x8ez3\xcfc\xea$\xdeI\xd3\x0c\x87\xe6\
\xe1\x87w\xf0\xe9\xdf\xfa\x1dn\xbf\xe3\xbb\x0c\x0f\x8dS\
\x8e\xab\xd4\xda\x09:6\x9d\xa22\xe5\xc1\xd9\x8cz\xbd\
\xce\xd8\xe80?\xf4\xc1\x1f\xe5\x83\xef\xff~FGG\
i\xb7\x9bX<\xa9\xb5\xcc\xcc\xce\x042mcXl\
4\x98\x9d\x99c\xb1\xd1\xc4D%\x94\xc9\x17\xfd\xdc\x01\
=p\xf0\x00\xdf\xfe\xd6\xb7\xd9\xf5\xec.l\xe6\xf3t\
\xbb'K\xediT\xbf\x9f\xfb68\xf7\x88\x90y/\
\xcf\xb2P\xfb\xed\x9d;w\x9eIRp\xb5u\xeb\xd6\
hr\xdd\xf9\xeb\xa4\xe4/qN&\x04\xbf^yy\
\xc4\xe3\xad.GOZ\xef\x8fU\x9a\xcd\xe4\xe6\x9bo\
\x0e\xe0\xe93<\xd8+&\xfe\x87l\xa8|q\xd6\xae\
\x8f)\x94I\xb36\xde\x86J\xefF\xa3\x1fk>H\
>\xdfn\xb796;O\xa3\xd9&\xc92\x82\x02\x93\
\xc2\xbb\x5cF\xc1\x836\x0e\xa5tp\xe2\xf2\xac\x94B\
p.\x97kh\xb5\x03\xd5\x91\x89\xd8\xbay\x13\xeb\xd7\
\xaee\xdfs\xfb8p\xe0\x10\xed4\xc1\x89\xca\xb9m\
\xc3\xbc\xe2-A\xa2\xd8\x0b\x99\xcd(G\x11(\xa12\
4\xc4\xfc\xec\x5c\xce\xdd\xd1\xab\xc1\xb6\x0c\xab\xb08\x5c\
\xeed\xf6^\xea,M;\x9b{\xaf\x04/\xb6\xf3\xbd\
PX\xd4\x9d\x0f\xfb\xf0\xaaE\x06C\x1c\xd2\xc3\x1d\xbe\
\x9c/\xa9\xfc\xd2=\xd9 \xf6\xb6\xf7y\xa7\xd2_\x5c\
A#\x8a\xf2\xa0\xbc#M\x12\x16\x16\x17\xab\x13\x93\xe3\
o\xa3\xedv\x9e\xc9q\xf1R\xdb\xabN(\xf0\xdb\xf3\
\x0f-\xfc\xdb\xf2\xe5\xbb\xc5:\x1d\xd8|\x94\xb7\xceI\
\xffr1\xa8\x95;P='\x82W\x0a\xe7\x05k\xbd\
\xd6Zm\xa4\x8b\xb3~\xd5\x967\x01$\xd2\xf1\xdb\xd2\
\xc4]\x22\xde\x89H\x00\xd6\x0cn\x04\x8c\x09;\xec5\
k\xd7\x12E\x11\x99\x0f\xe9\x9a\x82\xc4\xba\x5c)\xd3\xa8\
7\x98\x99>\x8a\xcblH\x1f\xf7\x00\xbe\x07\x9d\xceA\
B\xed\x13\xf2~\x0e\xd8\x09y!Ox\xbc\xfe\x09\xcb\
;\xdf\xa7`\xadr\xe2z_\xf0\xf1)\xc5\xa1C\x87\
\x19\x9f\x9c`xl\x94V\xab\x11\xbe\xab\x14\xdb_s\
1\xadz\x8d\xd9cs\x98\x5c\xddFJ\x0a\xebU\xc0\
Oap\xae\x8c\xb3\xa3\xfc\xf5\xdf\x7f\x97\xb1\x89q\xde\
\xf6\xc6MDQ\x1b\xefK\x0cU\xd7S\x1e\xdd\x0cf\
2\xa8\xd7\x8a\xa1\xe3\x84\x06\xdf\xb2o$\xd7j\x0dn\
\xbe\xe56\xf6\xee=Lud\x08\xeb\x05\xef\xba\x00|\
\xef\x1dij\xb9\xf8\xe2\x8b\xf8\xd4\xa7>\xc5\xfa\x0dk\
C\x91L\xda \xd2\x17\xf3\xbd\xef|+{\xf7\xbe\x9d\
?\xfd\xaf\x7f\xc9\x83\x0f=\x81\xd6%$\x8f\xa6\xa2\x04\
\xa3\x02\x05\x8bw\x9e\xc8\x94\xf8\xd2\x17\xbf\xc4\xa6\xf5\xeb\
\xf8\xc4\xc7\x7f:PP)\x8d.&\xfc%E\x08'\
\xa2\xbb\x7fql\xe9\xbei@\xeb\xbcS\xdfR\x8c\x9f\
\xe2{y\x84%_\xa4udHSG\xab\x99q\xc7\
\x1d\xf7\xf0\x9b\x9f\xfe\x1d\x9exj'\xc3\xc3+\xc8D\
\x91f\x82\xd1%|\x96\xeb[\xa7m\x14\x0e\x9b\xb6Y\
\xbf~-\x1f\xfb\xe9\x9f\xe4\x86\xb7\xbd\x05#\x1aQ\x9e\
$q,\xd4\x16\x99\xab\xd7p\xa2h{\xa1Ykq\
\xe4\xe0\x0c\x00i\xe6A{\xb0\x8e(*\xe1R\xcf\x03\
\x8f>\xc4\x97\xfe\xf9\x0b\xf9(U(\xd5\x83\xb1\x15\xd7\
G<\xdeI\xb5\x0e\xb4\xbb{{-\xbf\xa3w\xfe\xf9\
\xaf\x91W\xa7\x17p<\xe1\xdd<p\x7f\x0eV\xc5k\
r^!\xf13\xe2\xdc\xe7\x9f\xdeyW\xedd\x0e{\
\x92\xa6\xaf\xbc\xf2\xca\x92\xaeN\xbc9\xf3\xe9[\x5c\xd3\
\x7f\x5c\x84\xd1P\xd4\x12e\xa2\xb4\xa8L\x1eW\xe8\x8d\
\xb62\xfa\xfb7\xbc\xf7\xfd\x97\xb7g\xa2\x8f\x0c\x0d\x11\
\x7f\xe3\x1b7\xcds\x86\xd6\x95\xef~\xf1\xefn\x02n\
\xda\xfe\x86\xb7\xb4\x9b\x8d:F\x1b\xafE$\x88J\xf8\
\xa0\xb4\xd6s\x9d\xbc\xcb\xcb\x02\xc5SR\x86\xc5\xa3\xc7\
\x98;4\xcd\xe4\xc6\x8d$\x99\xc3+\x8bG\x07!\x0c\
kq\x99\x22\x93\x10]T\x9a \xad\xea<\x91\x16L\
;C\xb9\x8c\x92Rl\xdb\xbc\x81\xcb_s1Fy\
\xb6\xae\xdcNm\xeb\x16\x16\x16\x9b\xcc7\x9a<w\xf0\
\x10\xfb\x0f\x1f\xa2\x9dc\x97\xad\x22p\xdf\x0a4\x93\x94\
\x92\x89\x19\x99\x1cgf\xff~\x22%\x988&KZ\
=\x1bz!\x901u\xb34\xd2\x13\xd9t\xd6\xa1\x8c\
azz\x9a{\xee\xbf\x8f\xb7\xbe\xe5m\xa1\xe0j\xb9\
bV\xaf:\xfc\xc4\x1d\x08\x95\x93\x9e\xb5j\xa92R\
\xafI\x8f@J\x07[\xaf\xfb\xe9\x03{\xd7%\xdf\xc9\
\xde9L\x14u\x8e\xa9\xf1\xfe\xd0\xf4!\x94\xc6Zo\
\xefM\xd2l\xfe\x0c\x8d\xcb\xb3b\xaf:\xa1\x007\xde\
\xe8\xb3?\xf8\xdc#Z\xc9\x8cr\xac\xb1\xce\xcb\x0b]\
\xc8\xbc\xf7X\xefE9{\xd5\xcf\xff\x97\xcf\xad\xfc\xa3\
\x7f\xf7\xc1#g\xbby\xe7\xaam\xb8\xf6\xda\xf2\xb8\x8c\
\xbf9\xb3\xe9\xaf\x02C\xcf\xf7\xd9,\xcb\x18\x1e\x1ef\
rbbIa\x11\x84\xc8Qmq1\xc7\x17qB\
\xfd\x8cSu:_j\xebu\x9aU\x0epO\x93\x84\
\xa3Gg\xd0Q\xd4'o\xe8\x81-\x17\x9cO\xed\xe1\
\x87I[mD\xe7I^\x09\xd8>\xbc\x22\x8a\x86p\
\x02\xc7Z\x96\xbf\xfd\xc7\xdbY\xb9b\x9c\x8b\xb7\xae#\
E\xb3b\xc56(\xaf\x00\x19\xa6;%\xf4F\x0f:\
\x9d\x06\xa2H\xad\xe5\xae\xbb\xee\xa7\x90\x0b\x8d\x8c\xa6\x95\
f\x1d\x07\xd4{K)\x8ey\xed\xe5\xaf\xc5\x18\x13\xaa\
\xe0%Dn\xadM\xb16e\xe3\xa6u\xfc\xca\xaf\xfc\
\x22\xbf\xf1[\x7f\xc8c\x8f>\x89X\xd0q\x04\xd6\xd2\
h\xa5\x18c\x02w\xb9\x84\xe2\xa3?\xfd\x8b?\xe7\xd2\
\xcb\xb6\xf3\x967]\x8b11\xbe\xb8\xc0~y\xb9\xc7\
s\xd5:r}}\xaf*\x8cQ\xa4iF\x9a:j\
\xb5&\x9f\xfd\xbb\xff\xc9_\xfd\xf5\xdfp\xe4\xe8\x0cC\
\xd5a\x9c\xa8<\xda\x1c\x22=Q\x5c\xa6\xdd\xa8\xa3\x80\
V\xa3\xc1\x96M\xeb\xf8\xa5_\xfc\x05\xae\xbb\xf6\x1a\xd2\
\xacM*\x1eo=\xf5f\x9b\x85z\x93\xccy\x12o\
Y\xa8\xb7\x98\x99\x99\xed\x14H\xe88\xc6\x98\x88R\xa9\
B\xb3\xd9\xe4\xa1\x87\x1e\xe2\x8e;\xee8\xdb\xddt\x0e\
\x98x\x81\x0c\xcf\xe7jM~\x933\x97\x86\x97\xab\xdf\
\xfe\xf6q\x9b\xf0\xcb\x16\xffo\xbd\x17#\x10\x09x\xad\
\x94\x88R\x91\x80 \xea\x0a\x01Q\xa2\xfe\xbf\x82\xa8\xea\
\x94;d\x95\xb4\xdf\xfe\x03?\xfc\x19\xab\xd5\x97\xdb\xda\
=t\xc7M7\xb5\xcf\xc4y\xb5\x93d\xc9\xdd\xa3\x96\
)\xd4\xecT\x8d\xfb\x10-\xaf')O?\xba\x83+\
\xc6\xa7\xd0qL\xaa<\xae3\xc0\x1d\x1a\x87\x13\x17\xe8\
\x8a\xd2\xa0\xd4\x85\xf3h\xef\xd1\x99c\xd3\xbau\x5cv\
\xc9\xc5LM\x8cQ\xc6#\xd6\x11+\xc7\xd0\xf0\x10\xa3\
*fee\x84\x15\xe5\x0a[V\xad!\xd3\x9a\xc3\xb3\
\xb3\xec;t\x90\x99cs8|\xc0\x98k\x1dx\x8a\
\xc99IO\xa2\xbd\x81\xc0^\xc0\xe9\xb0\xcfP\x82\xd6\
\x9a\xdb\xbe{\x1b33\xc7X\xbfaCWH\xa1w\
\x93\x9b;\xe4~\x19\x9a\xa7\xc0d2\xe0\x84\x1eo\xa3\
\xd5s\xcc\xc1\xcd\xeb \xa7u\x11\x81.T\x9a\x8a\xaf\
=\xf2\xc0\x83\xbe\xd5n\xad\xc8\xd2\xec\xedf1\xfa\xea\
\xe9\x8e\x81\xb3i\xaf:\xa1\xc1\xbcO[\xb3\xc4\xe5Z\
G[\xf6\x05`\xce\x82s\xe4\xc5Y\xe7\x11\xd9\x12\x95\
\xfcz\xe0U'\xf486\xa1u\xd9g\xee\x03.\xb5\
cxu\xc2\x0e_\xb9r%C\xc3\xc3\xc1\xa9\x19\xe0\
\x9fo\xb7\xdb\xcc\xcf\xcdw4\xa9Od\xce\xf6\xbb\xa9\
J\x9f\xdb\x84\xf6\x22\x8a$M\x98\x9e\x9efxl\x94\
\xeap\xf0\xd9\x8bin\xd5\xea\x15l\xde\xb2\x89\x1d\x8f\
=A\xa5\x5c\xc5y\xc9S;!2h\xbd\xa0t\x19\
\xa5\xa7x|\xf7A\xfe\xec\xbf\xdf\xcc\xc7\x7f\xe6C\x5c\
\xbc\xfd\x12(\xaf\x035\x16\xa2\xa0\xcfg\xf9%:x\
\xe0\x10;v\xec\xa0R\xa9\x90YK\xd2naJ1\
\xdev\x15\x99\xa6V\xadd\xf3y\x17p\xe8\xf0!\x0e\
\x1d>\xc0\xe4\xe48\x95j\x89r9Fk\xc1\xb6R\
\xc6\xc6\xc7\xf8\x99\x9f\xfaI~\xff\xf7>\xc3S;w\
a\x5c\x8c\x89\x14\xce\x15\x13zw\xb2^X\xa8\xf1\x9b\
\xbf\xf1\x9bLM\xfe'^\xb3\xfdbJ\xe6\xe59u\
u\xa2&\x9d!\x1ad\x13[\xad\x84\xd4:\x9e{\xee\
\x00\x7f\xf6\x17\x7f\xc9\x17\xbf\xf0u\xda\xa9E\xc4`\xa2\
\x88\xd4\xba\x9cO0\xf4\x89M\xdb\xa1\x82>\xcbx\xc3\
\x1b\xae\xe4\x93?\xffsl\xd9\xb2\x09\x11\x09\xd0\x15\x15\
1sl\x8eZ\xa3\x85\x8eb\xea\xad63\xc7\xe6\xa9\
5\xeb\xe0\x15i\x96b\x22C\xa5\x1c*\x94\x8f\x1d;\
\xc6\xcd\xdf\xbe\x99G\x1e}\x04\xad5\xb1>A\xffv\
\x16\xc4\x1c7w\xb6;\xf6L\x5c\x9b>ME<\xf8\
\x87\xbd\xe5\xff=\xf0\xd4\xcd3g\xf0gT\xdav\x1b\
\xac\xb5?%HY\x94\x88\x88\xa0\x95\x11\xa5\x14JD\
\x94(T\xe7ueB\x96MF\xb4R\xc3\xa2\xe5\xff\
#\xa2\xfe\x97\xd8\xa8_{\xef\x87?z\xe4\x0b\x7f\xf3\
\xff~\x8e\xae\x04\xd7\x0b;!\xa5\x95#=\xc9>\xb2\
x\xafh6\x1a\x94*#\x1c=|\x84\xe7v\xefe\
r\xd3z\xbc\x18\x9c\x09\x91A\xe7\x83\xca\x91(\x8f\xf2\
\x0e\xa3\x0dY\xab\xc5X\xb5\xca\xea\x15\x13\x5ct\xde\x05\
l\x5c\xb3\x06-\x82KS\xb2\xd4\x82\xcf\xb0\xdea\x94\
\xc6d\x82O-\x13Q\x99\xb1\xa9\x0a\xa6\x5ca\xf3\xaa\
U\x9c\xbfj\x0d{\x0f\x1f\xe6\xb1\x9dO\xd1j7h\
\xb4R\xcaQ\x1cR\xddJ\x81wx%8\xd7?\x9f\
\x0f.\xe7\xce:\xb4\xd6x\x9f\xa1|\x84\x8e\x22l\x9a\
\xf2\xc8#\x0f\xf1\xf0\xc3\x0fb{\xd7\x07\xe9-t*\
\x22\x94\x03\x0aR\xb9\x22S\xcfXZ\xe2\x84v(\xa6\
\xa4\x10\xe1\xeaFE\x8b\xf5\xe7x\xb2\xb5ahv\xef\
2\xe7\x1c\x13\x13\xe3Z\x94\xfd\xbbf\xb3\xf5\xb2\x06\xc8\
\x9f\xdb+\xefKh\x9bF~\xb45\xb15~\x8f\xf3\
~cf\xad\x96\x01\xce\x9e%\x83\xe3\xf9\xefyQB\
\x19\xfc=w]\xf3\x9aG\xb8\xf9\xe6s;\xecvv\
L\xaf\xdep\xc9;\x9ds\x9fl\xa7\xc9J\x9d\xf7w\
\x07\x935p[)\xa5\xb8\xf0\xc2\x0b\x89\xe3\x98v\x92\
\xa0\x8d\xce\xa3J\xa1k\x17\x17\xe7\x99\x9d9\x8a\x92b\
\xc7N\xffa\x06\xae\x9fwn\xc9\xf1{\xed%/|\
9\xde\x08\xe9\xd4\x02y\x1c\x9eV\xbbM\x5c\x8a\x19\x1f\
\x1d\xeb\xb4MK\xc0H\x8d\x8e\x8d\xd1l6\xa9-.\
\x84\xa2\x00\x02\x84\xc1{\x87\xcaK[\xb3\x0c\xb4.s\
\xf0\xd0Q\x9e\xda\xf5\x1c\xd7\xbf\xf5\xdd\xac\x5cs\x1eP\
\xcd\x81\xfft\xd3\xef=\xd6n\xb71\xc6`\xf1\xdcs\
\xcf}\xfc\xe3?~\x81\xa1\xa1\xd1\xc0\xdb\xa9T\xa7\xbf\
\x8bu|\xf3\xe6\xcd\xbc\xfe\xf5W\x92%\x09I\x92R\
\xab\xd7\xa8\xd7\xebXg\xd1Z\xa3\x8c\xc6[X\xb7n\
\x1d\x1b7m\xe4\xb1\x1d\x8f\xb2X[\xccO\xc1\xa3\x8c\
\x0a\x91\xd7\xbc\x10 \x8e\x0d\xfb\xf6=\xc7\xf4\x91#\x5c\
}\xcd5\x8c\x8c\x0ew\xa1\x16\xaa\xb7\x03\xc3\xc9/\xbf\
H\x9c\x0b\x17\xb4\xd7r\xddn\x09\x0b\xf6\xcd\xb7~\x97\
\xff\xfb?\xffg\xbe}\xcb\xadD\xf1\x10\xc6\xc4A\xbf\
\x1b:\x85\x16\x82G\xf0\xb4\x1bu\xbc\xcfx\xd7;\xdf\
\xc1\xa7>\xf5\x8b\xac]\xb3\x0a\xad5\x19\x16\xe7<\x87\
\x8eN\x93f\x19\xd6)\x9aI\xca\xfe\xe7\x9e\xa3\xd9J\
p\x04\xb9\xd7\xc8h\xa2(F)\xe1\xd0\xa1\xc3\xfc\xf3\
?\x7f\x81\x9d;wv\xe4m\xd5\x924\xfa\xc0\xfd#\
\xa79\xa5\x9d\x08x\x7f\xba\xc7?M\xd3\xd0\xf0\xc2?\
?\xfd\x90\xffK\xd8}&|lu\xed\xb5\xd7\x96W\
o\xbe\xf8j\xe7\xed\x972kW\x02\xaa\x90\xb25\xc6\
\x04J3\xa5\x03+\x86\xd6\x9d\x7f+\x13\xf4\xc3ud\
DG\x91\xd6Z\xc7b\xf4\xbb\xd0\xf2\xbeK\xae\xbcR\
]x\xf9\xe5\xa3\x97_x\xe13;v\xec8\xa5N\
{\xdd[\xbf\xef\xdfO\xac^\xf7\xe5f\xb3U\xca9\
\xd0\x97\xb9K\xba\xaf\xb8\x1cg\xaf\x90@\xcb\x15i\x1c\
B+M\x18\x1e\x19\xcf7\xa2\x16k=Z\x04\xc1\xa1\
\x9cE;Kk~\x81-k\xd7r\xc5k^\xc3\xeb\
.\xb9\x94\xe1RL\xdal\x91%-\xda\xf5f`\x87\
H\x02.3k\x87lV\x9a\xb4\xc1{\x22\x1d\x91$\
)\xf5\xda\x22\xce:\xa6\xc6\xc7Y\xb3n\x0d\xad\xc5:\
\xf33G\xa9\xcf\xcds\xe4\xb9\x03\x98\xbc\xe0\xd1\xbb\xa5\
\x81\x88\xa5\xf7\xbf\x04\x92\x8f<\xe9\x99\xa6)\xa24Z\
T\x10\x9d\x11\xc9e\x86\xe9\xc8\x0d\x1b\x11\x8cV\x98\xe2\
\xdf\xa2\x89\x94F\x8b\xa0EPxt\x18;a\x0e\xcb\
\x01V\x9d\x87\xf7(\xef\x11\x5c\xf8\x8c\xf7\xb9\x02\x9d\x0f\
\xd5~\xce\x86\xf7\x9d\xcb\x1fy\x0a\xdf\xdb\xbe\xe3\x88\x84\
 Jl\x22\x9b\xb6\xb3o\x1d\xde3\xfb\xf8\xec\xec\xce\
\x97-_\xc5\xabNhn;v\xdc\xc4\x1b\xdf\xf5\x83\
\xdf\x87\x91\xd7\x88h\xe5<\xcf;K\x1e/\xfb'\xa1\
\x82\xcf\xc7FiA\x9e\xbc\xe3\xdf\x7f\xf2\x1bg\xbbm\
\xe7\xa2m\xbb\xfe\xfaa\xed\xe3_Km\xfa\x06\xf1D\
xA\xf5\xe4\x80L\x1c00\xd69l\x96\xb1z\xf5\
j\xd6\xacY\x13\xc0\xed!b\x80\xb5\x19:T\xc1p\
\xf0\xe0\x01\x92f\xc02\x01K\x9cP\x87\xef\xfbO<\
,.\xd6(\x95\xe2N\x05\xe7\xa98*\x81\xb7\x8e\xe3\
>Be\xbb\x1c\xf71h\xc7\xfd\x5c\xfe\xb7p\xf6\x8c\
\xd6\xd4\x17k\xac\x98\x9cddh\x18-\xc1\xb9T\xa2\
)U*\x0c\x8f\x0eQo4i5Z\x08\x82R\x06\
\x9f\xb9P\xbd\xac4^\x22P1\xa25\x87\xa6\x8f1\
;\xdf\xe4\x8a+\xaeadx\x944\xb3h\xad\xb0.\
\xc9W\xa3\xae7Z\xb4\xc79\xcf\x9dw\xde\xcd7\xbf\
y+&\xe7\x92,$\xbf;\x15\xb0\xdes\xfe\xf9\xe7\
s\xc9%\x97\x04]y-(mp\xde\xd3j\xa74\
[m\xa2\xa8\x84\xd6!\xe5>\xb5r\x8a\xc9\xf11\x1e\
\xb8\xff>\xea\x8d\x06Z\x1bl^\x01o]\xe1Dk\
\xb4R\xec~v/\xa5R\xc4k/{-CC\x11\
\xde\xd1s\xae\xdds\x96\x5c\x86\xb4\xd0d\x7f\xe9\x8b\xe9\
\x07\x17A\xd5Qk\xf1>P\xe0X\xebA)\x1a\xad\
6_\xfa\xd2W\xf8\xbd\xdf\xffC\x1ey\xecqJ\xe5\
a\xb4)\x01\x1a\xd1a\x0c\x18\xa5Q\xe2\x10<\xb6\xdd\
B+\xe1\xc7~\xecG\xf8\xc8\x87>\xcc\xd8\xc8\x08^\
\x07\x1e\xdd\xc5\xfa\x22G\xe7\xe6hg\x96\xcc\xc3\xb1\xc5\
E\xf6\xef\x7f\x8e$s\x81\xc5\x00\xc1(\x83\xd2\x06\x11\
\xc5\x8e\x1d\x8f\xf3\xa5/}\x99\xb9\xb9\xb9>|\xda\x92\
%\xbb{\x91\xf3!\xde\xcf\xe8p\xaaN\xbe\x92\xe7\xbf\
?D8\xc1\xfb\xcf\xff8Yol\xb9jxA\x12\
\x05\x7f\x01\xfe\xcff\x0f\xdd|&\x88\xe9\x85\x1bn\xd0\
\xabt\xe9\x1a\xbc\xfb\x0dk\xdd\x05\x82hm4F\x9b\
\xb0)S\xaa\xeb\x80\x1aM\x88\x86\x06\x87H\x1b\x832\
\x1aeLx\xcfh\xa28RQ)6&\x8e\xae2\
\xa5\xe8z\x19\x1aN_\xf3\xfa\xd77v\xdcw\xdf\xf4\
\xc9\x9e\xd4\xf8\xeaM\xff&k\xb7/A\xd0aS\x1e\
H\x0a\xbd\xef\xbd\x9e\x12\x88\xdc\xf3g.\xdf\xe0+\x1d\
`>\x22B\xab\xdd\xa6T\xae\x84\xa8\xba\x17\xb24P\
\x81E\xa2\xb1\xcd\x16\xb4\x12^{\xf1\xc5\x5c\xb1};\
\xabF'\xc8\x9a\x0d\xda\xb5\x066K\xc8\xd2\x0c\x9c\xc3\
y\x87\xd1\x8a\xd8\xc4\xc4\x91\xc9\x9d\xc2Pg\x919O\
\xb3\xd9\x22\xb5\x16k\x1dI\x1aT\xf0\xd6\xaeZ\x89q\
\xf0\xcc\x13OQ\x9f\x9bC$T\xdcGq\x8c\xb3Y\
\xff\x05X&\x88$\x85#\x9a\xcf\x93\x92\xeb\xcaK\x0f\
\xf0E!\x81#9\xdf\xfc\xf5M\xf2\x81\xc0\xb4\xb3Y\
.>\xd3\xf9\xbeH\x9f\xd0\x91\x92\xa0\x90\xa4T\xc0\xdb\
v\x9e\xf7\x8a!\x15\xdf\x17\xc9%\x9c\x83\xd3*\xdew\
\x1e\x1eO\xa45\x88O\x93$\xf9dV\xf3\xe9\xabN\
\xe8\xbf\x0c\x93\xeb\xde\xf3\xa3\xdbD\x99k\xb2\xd4\x96\xfc\
\x09\x96\xad\xe7\x83\xa0\x09\x88\xd1\xcaz\xfc\x13\x97\xbf\xed\
\xc7\xee\xbe\xf7\xeb\x7fW?\xdb\x8d;\xc7L\xad\xd9\xb8\
\xfd\xbd\x99\xb5\xff\xd6Y_\x0d\xc4\x14\xfd\x04\xf5\xd6Z\
\xb41!-\x22\xc2\x86\x0d\x1b\x18\x1e\x1e\xc6ZK\x9a\
\xa6h\xd3-\xe8\xa87\x1a\xcc\xcf\xce\x92e\x19\x1e\x97\
G\xff\xc2q:\xd9\xcf\x81\xab\xe9\xad#\xcb2\x94\xd6\
]\x12\xe0SYHO\xb0\xca\x9d\x88\xfc\xfeT-\x94\
\x04t\xdb\xa1\x80\xc9\x89\x89\x00\x90\x97\x9c6E+L\
d(\x95\xca\x1c:t\x18g}(,\x11\x09\x91+\
/x\xd1\x80B)C\x9a\xc1\xde=\x07\x989\xb6\xc0\
E\xdb.fjb\x944M;\x0ego\x0fz\x17\
\x9c\x7f\xe7=w\xddy7w\xdey/\xda\xc4\x81\xe7\
3\xa7\xce*\xfa\xd9{\xcf\xe4\xf88\x97\x5crI(\
b\xb1.w\xc0\xc2\x9c\x9d\xa6)ij\xa9T*\x94\
J\x06\xa5\x84-\x9b6\xd2N\x1a<\xfa\xc8cXk\
\x83,\xa8\xa8\xbc8K\x88\xa2R\x90\xb4s\x9e\xdd\xcf\
\xeef\xd5\xca)\xce\xdf\xba5_@T~\x9a\xc5\x02\
QDB\xbb\xd7\xe0l;\xa1]^\xc1\x22M\xa7\xb0\
\xdes\xe0\xd0a\xfe\xeb\x9f\xfc\x19\x7f\xfc\xa7\x7f\xc6\xcc\
\xec\x1c\xd5\xe1Q\x8c\x89qH~Wt1v\xd6&\
,\xce\xcf\xb3br\x8c\x8f\xfd\xccO\xf1\x81\xf7\xff\x00\
#\xa3#\xa4i\x0b\xd1\x8a\x85\xc5\x05\x8e\xcd-\x90y\
\x8f\xf5\xc2\xec\xdc<3\xb3sd\xce\xa3%l\xea\xe2\
8\xc2\xf9 xp\xe7\x1dwp\xebw\xbeC\xbd^\
_R 1\x18\x88\xec-\x9a\xcbIw\xfa\xee\xa9S\
uB\x85\x13}\xfe\xf4\x22\xa1'\xfb\xede\xaa\xe1\xad\
\x87\x1d\x19\xfc\xe4\xae\x07o\xdesZ'\x91\xdb5\xd7\
|\xdf\xe8Z\xad>\xe4\x1c\x7f\xee\xb2l\xb3\xf7\xbe\xe3\
\x80\x16\x5c\xb9\xcf\xe7\x80\x8aV\x85\x03*\xa2\x15Zk\
\x11\xa3PJ\x89V\xba\xa4\xb5\x9e\xd0J\xbdK\x99\xe8\
#\xaf\xb9\xf6\x9a\xf4\xb5\xd7\xbc\xb1\xfe\xe8]w\x9d\x10\
\x066\xb1f\xc3\xa7\xad\xcdF\x00\xc1\xbb\xbeHh\xef\
\xfd\xdf\xd9\xdeu6\x1c\xa0\xf3s\x0c\xce\x92A\x1bC\
\xa9T\x22\x8a#\x10\x85M3\xd2V\x83\xaa\xd6\x5cw\
\xe5\xeby\xc3e\x97a\xbc\xd0\xaa\xd7p\xd6\x81\xcb\xba\
\x99\x8e|b(\x8e\xeb\x11\xd0\x9a\xcc{\xd2\xd4\xd1\xce\
\x12\x9aI\x82M] \x8a\x07\xc4:\x8c(\xc6\x87G\
\x999t\x98\xa7\x9fz\x8aX\x0c&\x8esE\xb7\xac\
o\x14,\xbf\xf1\xcf\xa3\xba\x12\xc4N\x82O\x19J\x8f\
\x9c\xcf_+\x14\xf9:\xda\xf2\xddGp@\xbb\x0f\xe5\
\x1c\xe2{\x1f~\xe0y\xfe\x9a\xb3\xf9_7\x10\xf9\xec\
y\xe0z~#\xfc\xbe\xcb9\x92\xbds\xde[\x9b\x89\
\xd0t\xde\xff\xee\x93\x0f\x7f\xe5eMV\xff\xaa\x13\xda\
c\xd7\xbe\xf7\xc77\x1b\xa3\xafI\x92l\xe2D\xb3\xea\
\xf39\xa1\x1e\xbc6J\x89\xf7\xf6\x91\xb9G\xfe`\xf7\
\xcd7\xffK\x80L\x9dA\xbbA\xaf\xdeh\xde\x9d\xd9\
\xec{\xbdsFD\x10T\xdfz`\xf3\x1b/i\xb7\
Y\xbdf\x0dk\xd7\xacA\xa9\xa0\xbe\x83\x0f;I\xad\
\x0d6K9x\xf0 \xcdz\xf0\xf3\xad\x0b\xca\x17\xc1\
y\xf1\xc7)\x04\x09|\xa2\xd6\xda0\xf1\xe5\x91\x88s\
\xdd\x09\x85\xc2\x01\x80F\xb3\xc1\xf0\xd0\x10q\xb9\x8c\xd2\
:\xe0\xb0\xf2\xcfE\xe5\x888\xd6\x1c:t\x90\xd8\x94\
\xf0\x84\x1b=\xa4P\x833\xebl\xc0i\x19mx\xec\
\xb1\x1d4\xea5^\xf3\x9a\xcb\xa8T+!J\xd6\xf9\
\xa5\xa2=\x81\xd2\xc4\x8b\xe7\xb1\xc7\x1e\xe7\xb6\xdb\xef\x09\
\xe9+\xad\xb1\xde\xf5\xc4!s\xa7\x18X\xb5z5c\
\xe3c\x80`\xf3\xc5\xc3\x138P\x93,A\x89`\x22\
\x8dV\x01'u\xfe\xf9\xe73wl\x8e}{\xf7b\
\xbdG\xb4Fr\xe5\x11Q\xc1\xb1\xd4Q\xcc\xfc\xb19\
\x9e\xdd\xfd\x0c\xdb/\xb9\x84\x0d\x9b\xd6w\xa2\x17K\x9c\
\xd0\x1eR\xe9\x93\xb9\xb4}\x90\xc0\xd3\xf6Z\x97wB\
m\xae\x88\x11\x19\xcd3\xbb\xf7\xf2\x1b\xff\xe5\xb7\xf8\xec\
\xff\xfc\x1c\x91\x094I\xd6A\x14\x97;d\xe1\xbes\
\xbdR\xea\x8d:\xeb\xd7\xad\xe1S\xbf\xf8I\xde\xf5\x8e\
w\x10G\x06\xeb2\xb4\xd6\x1c\x99\x9efqa\x11\xeb\
-h\xc3\xdcb\x8d\x99\xd99\xda\xed6qTB)\
\x1d\x9c\x05\x1d\xb1\xb8P\xe3\x9e{\xee\xe6\xce\xbb\xee\x22\
\xcb2\xa2(\xa2\x83\x85\xcfm0\x1d/\x833\x9e\xfc\
\xcbpB\xfbU\x91\xc4#\xf2\x9c\x87\xdf\xd8\xfd\xe0\xcd\
w\x9e\xf6I\x00[\xb7n-Ec#\xdf\xe3\x9c\xfd\
\x8f\xde\xbb\xd5\x80VZ\x9d\xa2\x03\xaaE\x1b#(\xf1\
Z\x9b\xe0\x88\x1a%\xa25*\xd2\x82\x08&\x8a\x956\
\xa6\xa4\xb4\xf9\x1e\xa5\xd5\x9b^\xfb\xa6k\x0fm\xbb\xfc\
\x8a\xfd;\xee\xb9g\x09\xad\xd4\xd5\xef\xfe\xc0\xb5C\x13\
k~4m'\xefs\xd6\x1a\xa5\x84N>#\xbf\xed\
\xd52Nh\xa7\x97D\xf2\xf1\x14\xceW\x94\xa2\xddJ\
\xa8\x94\xabTG\x860Z\xd3j\xd4\xb1\xad\x16\x97m\
\xbd\x90+/\xbb\x8c\xb4\xd1&i6p\xceb\xb3$\
\xbfF\x16\xeb\x8a\xdcT\x98\xaf3\x0f\xd6y\x9c\xf5\xa4\
\x99'I3\xb2\xd4\x11\x14\x8c%l:\xbd\xe0l\x86\
\xcb,\xa3\xd5\x0aY\x9a\xf0\xf8\xa3O\x90\xa5\x19Qd\
\xc0;\xd2,\xc5\xe5c\xb4\x10\xd0\xe85\x15d\xb6\xf1\
\x92\xd3F\xe5QM\x87\xc3;\x1b\x9c?gs\xd6\x8a\
,\xa4\xf8{\x1e\xf8\xe0,\xf69\xa2\x83\xcf\x97qT\
\xc3\xc3\xe6\x90\xe3\x9cuk\x99\xcf8k\x83\xc3\xdd\xf3\
{\xde;\xbc\xb5>\xd0]QG\xd4g\x1f\xbf\xeb\xeb\
7\x9d\xee\x18=\xdb\xf6\xaa\x13\xdac\xd7\x7f\xff\x876\
*\xa5\xde\xd3j'\xe3\x1a%\xcf\x07[:a$T\
\x89\xf7\x82_]Yq\xc7\x9d_\xbai\xff\xd9n\xdb\
\xb9d\x97^w\xc9y6\xb3\xff\xdeYw\x1exQ\
*\xe4t{\x172QB\xbb\xddFk\xcd\xba\xf5\xeb\
\x19\x1b\x1d\x0d\x91\xcb\x1c?e]p \x9b\x8d\x06\xd3\
\xd3\xd3aR*nj\xba\xc0\xf1\xe3EBm\x9a\xe6\
\xbbjO\x14E\xe7\xbc\x13*\xb93\xd2\x81l\x8aP\
\xab\xd7\x99\x98\x9c\xa4\x5c\xa9t\x9c<\xd1\x82\x89\x0c#\
#\xa3(\xa5\x99\x9b\x9d#M\xd2\x80\xb1$\xa4U\xbd\
w\xc4Q\x84\xf3\xd0ngh%<\xf6\xd8\xe3\xcc\xcf\
\x1d\xe3\xd2\xd7\xbe\x8e\xb1\xe1\x0an\xc0M\x10Q8g\
\x11Q\x1c8p\x90/\x7f\xf9khSB)E\xe6\
\x06\x9cP\xa0\xd9lR.\x97\xd9\xbauk\x88\xb2y\
\xba\x11\x04\x02|\xa0\xddncmF\xb9Z\xc1yK\
\xb5T\xe5\xbc\xcd\xe7\xf1\xcc3\xbb8x\xf8H\x07\x9b\
\x85\x84%DT\x84M-&\x8a\x98\x9b\x9fe\xf7\xb3\
\xcfp\xc5\xe5W\xb0b\xc5D\xc7\x09\xed\x5c\xf7\x0e&\
\xf4\xe4\x9d\xd0\xbe\xfe>m'\xb4\xf7j\x85\xe7\x81\xf3\
\x10@\xf1\xcd\x9b\xbf\xc3\xaf\xff\xe7\xdf\xe4\xb6;\xef\xa6\
\x5c\xae\x806x\x14Q\x5c\x0eJS\x22xq\xf9Q\
\x1c\xf5\xfa\x22W\xbe\xeer~\xf5S\xbf\xc4\x15W\x5c\
A\x96\xb5\x11\x13\x0aDf\xe7\xe7\xa97\x9b\xa0\x0d\xad\
,\xe3\xc8\xd1\x19ff\x8e\x91YO)*\xe1\xbd\xe0\
l\xe8\xff\xe9\xa3\xd3|\xfd\x1b_g\xc7\x8e\xc7:)\
\xe0A\x0cp/\x95L\xb75\xff2\x9d\xd0\x9e\xf3I\
\xc0\xd7\xbc\xf0\xa9g\x93#\x9fez:;\xc5C,\
\xb1+\xaf|\xc7Xuj\xec\xbd\x99\xcd\xfe\xca9\xb7\
\x82\xdc\x01-0\x9f\xc7s@\xb5\xd1\xa2B\x0a^\x94\
\xd1\x22\xa2(\x22\x9f\xc5=!FPJK\xb8\x86J\
\xb41\xe4UMZ\x94\xacA\xd4\x0f)\xa5>\xf2\xda\
\xeb\xaf?r\xf1\xfa\xf5;w\xec\xd8\xe1\xb6\xff\xf0\x0f\
G+A\x13U\x7f\xa7\xddl~0\xcb\xd2q\xe5A\
IA\xbf\xde\xb3\x099\x91\x13\x8aB\x8b\xce7{A\
^X\x8c&.\xc5\xc4q\x8cK\x12V\x8d\x8fq\xc3\
\xf5\xd7cP\xa4\xad&\xcdz\x1d\xa5\xa5\xcb\xd1\x99\x8b\
\xa6\x17\x1b \xeb<Yf\xb1\xa9\xcb\x9d\xcf\x94\x82)\
\xc9\xba\xfe\xb3P\x1ebc\x10\x07Fiv<\xb6\x83\
\xb9cs\x04\xf4\xb4\xc3eY\x8ft\xecr\x9b\xaa|\
\xc3\x9a\xc3d\x9c\x0d\x0e\xa8\x22\xa4\xbc\xfb\x9c\xca\x02\x9b\
\xd7\xd9\xe7\xba\xaeS\x98?\x02\x05[\xffF\xf8\xf8x\
-r\xaa3\x97\x9f\x87\xeb{8os\xff\xd5\x86\xd6\
\xb8\xa0\xe1\xe4]'\x04\xdbR^\xfd\x846\xfa\x96\xe9\
\x03\xcf>w\xba\xe3\xf4l\xdb\xabNh\x8f\xbd\xf9}\
\x1f)k\xa5\xdf\x84\xf7\x9b\x9c\xf3\xd2E\x94-},\
\xc5|\x0dV\xb5Al\x22\xf1\xa2\xff\xec\x8e/\xfe\xed\
\xcbVR\xebE0\x19_\xb9\xf9\x9d\xce\xb9\x1f\x03\x19\
\xcd{T\x8a)\xb0xdY\xa0\xf4\x19\x1d\x1de\xcb\
\xe6\xcd\x88w\x013\x13\xd2\x11h\xa5\xc8\x92\x16\xf3\xf3\
\xf3\x1c=z\xb4#\xe6\xa3\xc9\x0br\x06\x88\x81\x07\xaf\
\x9f\xf7\x0ak\x1d\xdeA\x969*\x95j\xbe \x17\x93\
\xe3\xf3/c'\xc2\xa4-\xf7\xf9S\xea\xa4\x81\xe3)\
Q\xdd\x87R\x94L\x89v\x92\x92Y\xcb\x8a\x95\xab\xc2\
\x82f\x0c\xa25\xcez\xb42\xac\x9c\x9a\x22IS\xe6\
\xe7\x17B\x91@\xd1>\xe7\xb168\x16:,n \
\xf0\xf8\xe3O2}t\x9a\xf3\xcf\xdf\xca\xca\xa9\xb1\xce\
o[\x1fpK\xcez\x1c\x96,\xf5|\xe1\x8b_%\
\xcd,\xa2\x15\x99\xb5!b'\x81@]\x9c ^\x98\
\x9d9\xc6\x8a\xc9I\xa6\xa6\xa6PZa\xad\xc5\xa1\x88\
\xe2\x12\xce\x85~\xb6\xd6c3\xc7Hu\x14\xad\x14\xe3\
\xa3c\xacY\xbb\x8e\x87\x1f~\x84f\xb3\x99c\xad\x80\
\x22\xf5\xa7\x0d\x22\x10E\x11\xbbw\xef\xa1\xd9\xaas\xcd\
\xd5\xd7P\xad\x94p\x05\x8e\xaa\x07^!rb\x07\xf4\
d\xd8\x14N\xf5\xfa9\x1b\x0a\xa6\x1c]p\xb9G\x98\
_\xac\xf3\x85/|\x85_\xff\xf5\xdf\xe1\x99]\xfb\x18\
\x1e\x1e\xa5Z\x1d\xc6;\x85\xd2\x11\xd6\xdb<B\x16n\
\x08\x9b%8\x97\xf2\xd67_\xcf'\x7f\xe1\xe79\xff\
\xbc\xf3\x00\x872\x9aZ\xad\xc6\xb1\xc5:\xcd$E\x95\
\xcb\xcc\xb5\x9a\x1c\x9a9\xc6\xdcb\x03\xad#\xb0`L\
\x04>D\x99\xf6\xec\xdd\xc3\xd7\xbe\xf65\xf6\xed\xdbG\
\x14\xc5\xc5\x9d\x10\xae\x9d\x13\xc4\x17\xa5\x14\x92c@{\
\x1e\x83\xed\xa3K\xa0\xdd\xbf@\x87\x87\xea\x89\xa5\x1f\x7f\
\xfe<\xfe\xe3T\xef\xaf\x93\xbd?\x01\xafD\xc4\xf5\x87\
\xbd\x1d\xc2\xe3\x08\x7f\xf7l\xfb\xc8\x1f\xb1c\xc7\xe9\x92\
\xd2\xcb\xf6\xed\xdbc52\xf4\xc9\xcc\xda\xdf\xb26\x1b\
\xd2J+\xa5\x15F4Fk\x8c\x02\xad\x15Z\x09Q\
\xae\x1a\xa6t\xee\x5c\xea\xa2\x10)\x12\xa5\xb5\xd7\xb1\x11\
\xad\x0d*\x0a\x98P\x1dE\x84h\xaaF\xf2{^D\
\xc4+\x11m\xb4\x10\x19\x9c\xf7\xaa2T\x1d\x13\xfc\xf7\
\xb7\x8d\xf9\xe1m\x97\xbdnk\xbb^\xbbS\x97\x86~\
\xb5\xb1X\xff\xe1\xac\xddZe \x07\xe7\x84zm\xe9\
\xfb\xaf\x0bg)0\xb6\xbd}\xdf\xb9\xbaJ\xe7\xf2\xaf\
A3\xbdT\xceY2\x92\x94\xd7\x5ct!\xe7m\xda\
L\xabQ\x0b0\x1f\xad;#\xc0\xe7\xe9f%\xba\x13\
\x10,~\xd7\x93\x8b5\xe4l\x10^|\xee\xb4\x07\x0c\
\xa7R\xd2\xf5\x0f\xc532<\xca\xaeg\x9e\xe6\xc0\xa1\
\xe7PZ\xe7\xf7{\x9e\xd6.\xc6\xe8q\x0a\x8b\x0b\x87\
S+E\xeeOw\x1e\x9a~<g\x1fNt\xe0\xe1\
r\x9e\xdf\xe2!\x037\x85s\xb6\xcfiE\x85Mf\
\xf1\x9f\xf5\xd6;\x1f\xb0\xb1\xbe\xc3jRd\xae<\x91\
\xd6\xdeh\xd5R\x22\xf7k\x91\x8f\xd6f\xedw%;\
phvv\xf6e\x8b\x05-\xecU'\xb4\xc7\xde\xf0\
\x9e\x1f\xaej\xa5\xb6\xbb,\xbb\x22+0\xca\xc7\xb5\xe7\
wB=\x1ec\xb4\x12\xe1\xd1\xdb\xbf\xf0\xb7\xf7\x9e\xed\
\xb6\x9d3\xb6}{\xbc\x22\x1e\xf9\xbf\x80\xcb\xc9\x03\xca\
\xcb)$)\xa5\xc8\xb2\x8c\xf5\xeb\xd73:6\x16&\
\x8b\x1es.%I\x12\x8e\x1c9Bfm\xc7\x09U\
\x9c\x9c\xb3\xe0\x9c\xef\xd0p\x88\x08Qd\xfa+\xaa\xcf\
pu\xee\x0bqB\x8f\xfb\x1e\xa10\xc0e6P$\
\xd9\x8c\xf1\xc9q\x10\xb0\xce\x92\xa6Y\xa8\xaaV\xc2\xca\
\x95+XXX`a~\x1e%\x10\x19\xd3Yf:\
\xed\xcc\xabr\x11x\xe2\xf1'\xd8\xf5\xec\xb3\x5ct\xf1\
%L\xad\x98$t\x91\xcf+b}\x1e\x91P\xdcr\
\xcbw\xd8\xff\xdc\x81\x9cI)D E\x05U\x1dW\
\xe0\xab\xbc\xa7\xde\xa8\xb1y\xd3f*C\xd5\xe0Ty\
\x9fK\xfb\x85\x968\x07.\xb5\x0cU+\xc4Q\x8c\xcb\
2V\xae^I\xa5T\xe6\xc1\x07\x1f\xcaS\xf6\xa6\xa3\
\xad\x1e\xaa\xfcC\xbc#\x8a\x22\x9eyf'\xe3\xe3\xe3\
\xbc\xe6\xb2\xcb\x82\xfaJ'\x02}\x86#\xd1\xa7z\xfd\
\xf2\xa1\x14\xa2+a\xe9\x9a\xaf\xd7\xf8\xf3?\xff+\xfe\
\xe03\x7f\xca\xc2|\x13cJ\xc4qL\x92e(\x15\
a\x8b\x08K\xe8\xf2\xa0\x8a\x85\xe3C?\xf6\xa3|\xe8\
\xc7\x7f\x945k\xd6\x00\x01+\xbdX\x0f\xe9\xf6F;\
\x01\x13qlq\x81CG\xa6\x99/\xf4\xdd\x9d\x10\x19\
\x83\xd11\xd6Z\x9e~\xfa)\xbe\xf6\xd5\xafql\xee\
\x18\xe5\x9c\x96)\xb4\xab\xe8-\x19p2\x9e\xbf\xfd\x9e\
\x13o\xd2^\xca\xfe>\xc5cK\x07\xdf\x88\xa4\x22~\
\xde[\xf7\xab\xcf\xa6\xd3\xff\xf5\x0c8\xa0l\xd9rC\
yd\xd5\xd0O9k\x7f\xddyWR\xa2\x946\xa1\
\xda=8\x9e!\x0d\xaf\xf2BC\xa5\x03\xd6S\x19\x9d\
;\x9bZ\xb4\x89;\xaf)\xa5\x8bH(\x92C\x87\x8c\
Vh\x9d;\xa5:DJ\xc3_\x83\xd1ZT\x1cQ\
\xaaV\xa8V\xaa\xaa\x5c\xa9\xac\xc8\x92\xec\xeac\xd33\
\xffv\xe6\xe8\xcc\xbaV\xa3\xbe!\xc2\x04\xf0A\xde\x17\
}\x1btY\xeezwM\x15\xc1\xbb|\xee\xf0B\xc8\
Z(\x8d6\x06\xa3\x14\xb1\x08o|\xc3\xd5T\xca1\
\x99\xcd\x96)`\xcb\x0b\x06\x95t\x8a<{U\x8c\x8a\
\x8dqQ\xa0\x96&\xa1X\xd2\xe8\x88(\x8a\x18\x1e\x1e\
atd\x94,K\x99>|\x98\x1d;\x1ee\xe6\xe8\
\x0c\xce{b\xa3C\x1a\xbd\xa7J\xfeD\xec6\x01\xbd\
\xd3_\x5c\x94\x97\xa6\xe7(\x0d\xfa\x9e/7\xbf\x9cR\
\xf1\xa9\xf6\x03P\x90\x9enVx\xf1*\x01i\x82$\
\x025\xa5\xd4c\x1e\xff\xdf\x5cK\xfd\xfc\x13\x8f\xb5\xf6\
,,\xdc\xdd\xfe\x97\xe0\x80\xc2\xabNh\x9fm\x7f\xcb\
\xf7\xda\x92.\xbf\xd6{\xff\x16\xeb;\x845\xc7\xb1\x13\
Q@x\xb4\xd6\xa2QO\xdev\xd5\xb6o\xbeJ\xd3\
\x04\x80l\xdcp\xd1j\xa3\xcc\xafy/\x93\x84\xf5`\
\xd9>N\xd3\x948\x8e9\xef\xfc\xf3\xd1Z/;i\
\x1c\x9b\x9bcff&L\xce\x9d\x9dm\xfe\xfe\xe0$\
\xba\xc4\x89\xa5\xcf\x09\x05\xe9\xd0\xa4\xf4\x1d\xe8L5\xfc\
\x0c:\xa1@QJ\x89\xf5\x8ev\xab\xc5\xf0p\x95\xc8\
Dx\xf2\xaaL\x0d\xceY\x9c\xb5LML\xd2J\x12\
Z\xad\x166s9\xce\xd2\xf5\xb5Q\x00c\xc2B\xb2\
k\xd73<\xfa\xe8c\xac\x5c\xb9\x9a\xf3\xcf\xdf\x84V\
\x82u\x80\x0a\x11\xb5r\xb9\xca\x81\x83\x87\xb9\xf7\xbe\xfb\
P\xda\x10\x16\x93@\xfc\xecC\x80\x0c\xa5<&2\x1c\
\x9b=\x86\xb5\x96u\xeb\xd7c\x8c\x09E\x0b.\xc0*\
DIp\xba\xac#M[\x8c\x0e\x0f\x11\x95\x02?\xe5\
\xba\xf5\x1b\xb0Y\xca\x93O<\x11\x0a\xacL\x94;\xa2\
\x0e\x85\x90f\x96R\xa9D\xb3\xd5\xe0\x89'\x9e`\xe5\
\x8a)\xb6^p~\xee\xa1\xcbIoF\x8e7F\x8e\
\xc7\xd7w\xb2\x16\x12kA\x05\xab\x95\xa5\x1c\x9e\x9e\xe1\
\xb7\x7f\xe73\xfc\xf9_\xfc7\x8c\xa9\x10\x97+\xc4q\
\x99\xbc\xe6!8\x9c>\xd7\x83\xc7\x91e\x09#\xc3U\
~\xf1\x17\x7f\x91\xef}\xc7;\x18\x1f\x1b\xa3\xd5j\x82\
(\xe6\xe6\x17\x98\x9d\x9b\xc3\x89\x22s\x96\x99\xd9c\x1c\
\x999\x16\xf0\xa4Z\x87\xc2\x0f/(46\xcd\xb8\xf3\
\x8e;\xf8\xeew\xbeC\xd2N\x88Kq\x87n+\xb4\
\xab\xb8\xfe\x1d\xa0G>\xbc\x9e\xbf\xfd/g'\x14:\
\xa0\x1d/\xe2\xe7p\xfcU2\x9b\xfc\xe9\xc23\x0f\xb4\
O\xf3\xb0\x00\xb2i\xdb\x965\xde\xfb\xcff\xce\x8e(\
Q\xaa\x80\x10\x15\x18P\xa55Z\x09Fk\xc8\xf1\x9f\
\xe1=\x13\x9cM\xa3E\x9b(\x7f}\xa9\x03*Za\
\xe2\xc2\x01\x0d\x95\xf3\x05\xed\x991\x1a\x15\x19\x08E\xff\
\xa2\xb5\x96\xc8\x18\x99\x98\x9c\x94\x95\xabW\xaa\x85\xc5\x85\
\x15\x8b\x8b\x8b\x02^\xb4\x0a\x05I\x85S\xd5++\xd9\
\xd9\xa6Jo\x7f\x15\xef\xe5pF\x11D\x85\xe2Ae\
B\x04S\x99@c416\xce\x9b\xaf\xbf\x0e\x9be\
\xd8\xccv\x9d\x5c\xe9\x8f\x90\x17U\xe4x\x85\x96\xe0\x94\
\x1bcB\xba_\xe9<\x0a\x196\xc0\xcdF\x93\x99\xe9\
\x19\x0e\x1d8\xc0\x03\xf7\xdf\xcf\x9dw\xde\xce7\xbe\xf6\
5\xbe\xf9\xado\xf1\xdc\xbe}\x00h]\xe0\xdd%`\
:O\xd6\x09=\xc1x[\x8e\xe2\xa9\xd7T\x1e\xcd.\
\x1e\x83\xb7G\xef\xfb\x81\xe1\xaa\xf3\x01/\x22V\x909\
\x90\x19\xe0.A\x9e\xf6\xc8\xef\x8bw7{\xef~\xdd\
#\x7f\xd9\xae%\xbf\xd7X\xf4\xb7\xec\xde}W\x03\x0e\
\x9e\xac\xf3)\x80|\xeaw\x7f\xb7\xf4\xba\xf7\xbf_\xbd\
\xef\xaa\xab\xb8\xf9\x1c\xf4C^\x9e\x8c\xcf/\x92U\xa9\
\x8eXowH\x10k\xd5\xbe\x83Zya\xe6\x9cS\
\xa2\xe4\xda_\x1d\xdb\xb6\xe9\xb7a\xf7\xd9n\xdf\xd9\xb6\
\x0d\x1b\xae-\x97\xa5\xf2a\xf0\xeb\xc2\xbd\xd7\x8dH@\
W\x0a\x0d\xc2M\xbfz\xf5j\xe2(\x22KSb\xd3\
\xbf_j\xb7\xdb\xcc\xce\xce\x86I\xd9\xf9\xd3Vjt\
\xce\x06\xca\xa7\x13\x91t\x9fe+\x9c\x03\x97\xf3\x9c*\
\x11Z\xad\x16{v\xedf\xdb\xf6K(U+\x18\xa3\
\xa95B\xc1\xa4hEu\xa4\xc2\xc5\xaf\xb9\x98\xc7\x1f\
}\x9cC\xcf\x1d\x22\xa2\xa3\x8a\xdc\xd7\x9fq\x1c\xe3\x9c\
'\x8a\xcb\xdc\x7f\xff\x83\xfco\xff\xfb\xff\xc9\xbf\xfb7\
\xff\x0b\xefx\xfb\xdb\x19\xae\xc6!M\xe4\x0d\x1e\xcf\xb5\
o\xba\x96\xbf\xfao\x7f\x0dJ\x07\x8a;\x1c\xa0\x09\xc4\
\xce\x1e\xe7\xa1\xd5la\x8c\xe6\xbe\xfb\xeec\xc3\xa6\x8d\
l\xbbx\x1b&.\x87\x8az\xeb\xf0.\xf0\x09\x82\xa5\
\xddJ94}\x94ukV\x13\xc7\x9a\xf1\x91Q>\
\xf2\xa1\x0f\xb3w\xef^\xee\xba\xeb.\xcaZ!:B\
9 O\xc7g\xd6R\x1d\x1ee~\xa1\xc6o\xff\xee\
\xef\xb1a\xc3z\xdep\xe5\xebOig}\xb2\xcaY\
'\xe6\x1d\x1c\xb8N\xe1S4\x92\x94g\xf7\xec\xe7\xd3\
\x9f\xfe=\xbe}\xcbw\x18\x1d[\x81R\x06\x9b\x055\
\x99\x10\x19\x09N\x80\xf7\xb6\xa3\x15}\xc9\xb6\x8b\xf8\xc9\
\x8f\xfe\x04\x97\xbd\xf6\xb5\x18\xad\x039\xbd(\x16\x16\x16\
\x98_\x5c\x00eH\x92v(@:6\x17\xa0\x10y\
\xa4Hy\x87&`n\xbf\xf5\x8do\xf2\xc8#\x0f\x93\
\xe5N\xbb\xcd\xec\x0br\xf0\x96\xf4\xd3K\xce6pf\
M\x04\x8b\xc7\xe2\xe5)g\x1b\xffe\xff\xfe\xbbZg\
\xe6\xc87h\x1d\xfb\x7f\x9f\xb4\xb3Q%J\x8a\xcd\xd6\
`\x11\x92\xd1\xb9\x03\xd7\x13\x01\x15SpT\xe6\x7f\xb5\
Ft\xc8h\x14\xff\x16\x15\x1eZ\xeb\x8eSJ\xe1\xdc\
(\xd5\xe3\xa4\x06\xbeW\x0f\x88\x0a\xd5\xf5\x93\xabVr\
\xc3;\xdf!;\x1f\x7f\x82\xbb\xbe{\xbb\xc7\xf9\x1c\xe2\
\xd4?}*\x7fb\x1a\xd7ba\xf49\xefe\x80*\
f\xf8\xc4\xd2\xac5\xd8\xf4\xfa\x8d8\xef\xc9\xac\xc5\x18\
M\x96\x0d\xf8M^\xe5\x04\xf3a\x5c\xa5\xad6\x8dF\
\x83\xb9\xf9Y\x1a\x8d\x06\xb5Z\x8d\x85\x85\x05ff\x8e\
\xb0\xb0\xb0\xc0\xf4\xf44I\x92\xd2j&$iB\x9a\
\xa6\xa1\xb8K+p\x9e86\x88sd6\x04/H\
\x13\x9cVH\x9e&\x7f\xf1\xc7\xd3\xf3o\xd2\x96\x8d,\
\x8b8\xc1\xb7\xbc\xf7\x8f\x83\xff\xdd\xcc\xa9\xa7\x92L\x9e\
\xa9:'Y6\xb3\xb8{\xf7\xeeS\x1b\x937\xde\xa8\
\xb8\xf1F\xff\xab\x9f\xbeqltt\xe8m\xa5\x92\xf9\
\x09\xa3\xcc\x1b\xbd\xb0\xaa\x5cR3~\xe5\xfa\xe4\xb7\xff\
\xe7\x7f\xfd\xac\xf5\xea\x8e\xc5G\xf7}\x1ep7\xdex\
\xe3Y/\x9a>\xb7W\xdc\x97\xd8\x0eG\xfa\xd8\x1ag\
g\xc5++\x22\xba+\x98\xfc\xc2\xccY\x87\x16\xbd\x96\
\xb8T9\xdbm;\x17\xac\xba\xaaz\x95\xc3^n3\
\xe2\xde\xba\x1d\xb7\xcc$a\x8ca||<\xc8>f\
Y\xee$E\x00X\xe7\xa8\xcd/\x80u\xc1\x89\xd1\x02\
9/\xdc\xa9N7\x81\xb31P\x7fD&\x22\x8e\x03\
V\xf4\xc5\xb6\x13:1'z?OO\xe3<Z)\
\x16\xe7k\xec{v/\x17\x5cx>\x99u(\xad\xc8\
|\x96c\x9d4\xc3\xc3\xc3\x5cz\xe9\xa5\xe0<G\x0e\
\x1eDL\x84\xf7\x0eM \xba7:\xc2Y\x8f\xa0\x11\
%\x0c\x0d\x8d\xb1o\xefA\xfe\xf3\xaf\xff&\x87\x0f\x1d\
\xe1\x83\x1f\xf8 #c\xc3\xc4\xb1\xe0S\xcfE\x17]\
\xc4\xdbn\xb8\x81\x7f\xf8\xa7\xcf39\xb9\x92V;\xed\
rG\xbanD\xa0\xc0G\xdd\xfa\x9d[\x99\x9c\x9ab\
\xcd\xba\xb5\xe1w%'\xbf\x96\x10\xedQJ\x91$\x09\
\x0b\x0b\x0bLMN\x92\xf9\x8c\xeaP\x95\x8f|\xe8\xc7\
\x98\x9e\x9ef\xcf\xee\xbdT\x87K$6\x0b\x15\xf5\x1d\
J!G\xa9T\xe1\xf0\xa1i~\xff\xf7\xff\x90\xff\xf2\
_~\x9d\xa9\x891b\xa3\x97\xed\xe3\xe5\x16\xa4\x17\xb2\
H-'\xdb\x17Ea|:\xe7\x02\x9c\x04\xd8\xb1\xe3\
)\xfe\xf3\xaf\xff&;\x9e|\x9are$\xa0\xf0D\
\xa3#M\x92&\x94ML\x92Z\x22-y\xda2\xe3\
\x8a+\xae\xe0c\x1f\xfbi\xd6o\xda\x88\xf7\x19I\x9a\
\x92\xa6\x8e\xb9\xf9y\x16\x16\x16\x10\xad\xc9\xb26\xb3\xf3\
s\xcc\xcf-b\x9d#2\x82\xf2\x9er\x5c\xa2\xddn\
s\xf4\xe8\x0c\xb7\xder+\x8f?\xfe8\xdah\xaa\xd5\
Jg\xdc\xe9<b\x9e\x8f\xa4\xfc\xf5\xe0\x14\x1co\xe4\
\xab\x9e\xe6\xbas\xc0\x01=Q\xa6c\x99\xeb\xd5_\x05\
\x0f\x0d/\xfe\x1e\xc9\xe4\xd7\x9e}\xf4\xaei\xce@%\
< \xaf}\xedl\xc9e\x93\x1fT\xa2\x22\x91p\x0f\
\x98\x22m\xaet'\x0d\xafL\x97\x10]\x94\xf6\xc1\x01\
\xedD:\xa5\xa8\x8c\x17\xad\xf1\xb9&z'b*\x82\
2\xc1)UZC.;\x194\xdau\xf7sy\x8b\
\x8c\xd28/\xb4\xbd%*El\xbf\xe2r&\xa6\xa6\
\xe4\x8e[\xbf\xc3\xe1\x83\x87\x18\x8a\xcb\xe0\xe8\x8b\x84:\
\xefs\xf8\xcb`Uy\xf8\xab\xb5\xe4\xccA\x16\xe75\
%\x1d\xf8<\x93V\x83\xc8\x08kV\xad\xa2\x12\x97\xc8\
\xda\x098O9\x8a\xa97\xea,,,\xd0\xa878\
x\xe80\xb5\xf9\x05\x8e\x1e=\xca\xc2\xc2\x22ss\xc7\
h6\x9a4ZuD\x0a\xaeQ\x8fua^\x8f\xa2\
<rOP\xf3*\x14\xbd$o\xa7w\x19\xe2C&\
\xc0\xe7\x95\xe58\x8f&@\x8d\x96\x8c\x0fuj\x99\x8e\
%\xdf\x1f\xcc\xac\x9d\xc4\x9a\xd13\x06\xbd\x12U\x07\xea\
\x1e\xb9\x11\x95|q\xe7\xc3\xd1a\xb8\xef\xe4d\xab\x8e\
c\x9f\x9a\x99\x89\x0e\xfd\xf0\x0fg\x95\xa1\xf83\x13S\
\xa3\xef\x8cK\xa5\xc9R\xa9T\x08^\xac\xca\xac\xf5\xce\
\xb9_\xf6\xce\xfd`\xf5\xba\xad\x17\xf8f\xfb\xf3\xc0\x93\
\xa7\xf3\x9bg\xc2^M\xc7\xf7\xd8\xdb\xdf\xf3fm\xb3\
a\xa7\xb5\xfa!<#yr\xea8\xa3\xf3\xc4\xe9x\
\x00Q~Dk\xf5\xf0\xed_\xf8\xbb\x07\xcev\xfb\xce\
\xa6\xad\xdc~\xc3p%V\xbf\xea\xbd\xff^\xef\xfdX\
\x8e\x8d\xe9\xc0\xb7\xa1\xffF\x9f\x9a\x9cdrr\x12m\
\x0c\xde\x85*B\xa5\x02q\xb2\xb3\x8e\x99\xa3\xd3\xb4Z\
-\xbc\xcb\x81\xe0\xa7\x98^)\xd2\xf1=\xf3B\x0ej\
/\xe8}\xce\xf1t<=\xf8\xad\xfc\xdf\xedV\x0b\xf1\
\x9e\xb1\xc91\xacX\xbc\x0a\xa9/\xad\xa4\xc3\x7f\xb7f\
\xcd*j\xb5\x06s\xf3s\x08\x9eV;!2\x81\xdb\
\xaf\x8b\xbb\x15l\xe6(\x97*\xd4j5\xee\xb9\xf7^\
\xf6\xec\xdd\xc7\xf9[\xceclt\x12\x15\x05\xde\xce\xa9\
\xa9\x09\xbe\xf3\xdd\xdbX\x98_@G\x11\xce\xbb\x1cW\
\xdb\xadR\x0f\x05\x0dPo6H\x92\x94\x8d\x9b6R\
*\x95\xf2\xac\xb9\x84\xc8\xa9'L\x94^\xb0i\xe0z\
\x1d\xaeV\x11\x05###\xac^\xb5\x92\xc7\x1e{,\
\xb4O\xeb\x90\xa2\x1c\xa8\xde\x8d\x22\xcd\x9e\xdd{86\
?\xc7UW]E\xa5R\xce\xb9\x07\x05\x9b\xd9%\x8a\
X\x85\x1d\xcfy9\x91\x933\xf8~\x90\x00\x0c\x986\
\x87\x90X\xcf\xcd7\xdf\xc6\xffq\xe3\x7f\xe4\xa9\xa7w\
c\xe22\x22\x06/*/\xbcK\x89L\x84V\x90f\
\x09\xce\xa6(\x05\xdf\xf3\xf6\xb7\xf1\xb3\x1f\xff\x19\xd6\xac\
\x0dY\x80$m\xb3\xb0\xb0\xc8\xe2B\x8df\xd2Fi\
M+M\x98=v\x8cZ\xbd\x86\x85\x5c\xf9H\xe7\xc5\
_\x8e\x83\x07\x0e\xf2\xb5\xaf~\x9d={\xf7`\x8c\x09\
\x91\xa1\xc1\xb4d\x81\xfd\x94\x90\x86\xd5E\xb9P\x81\xad\
^\xa6\xfd\x9d2\x8b\x00\x0b>\xa3\xe3\xfdL\x7f\x7f\x99\
\xe3uq6\xe2\x13\xef\xfd\xad$\xe9\xc7w=v\xeb\
S\x9c1\xd5\xd1\x1b\xcc\xd4\xa6\xca\x84R\xee\x17\xf1\x0c\
\x15J;Z\xe9n:\xbe \xa5\xd7\x82h%9\x1e\
Tr\xec\xa7\x88\x0eTu*\x0a\xe9xt\xeetF\
\xa6\x13\xe5D\xe5\x05\x85\xba\xab\xee\xd3\x1bA\x0d\xbf\xa3\
;\x156\xa1\xe2>D\x0dU\xfewr\xc5\x0a\xd6o\
\xde\xc8\xfc\xc2\x023G\x8fbDw\xca\x91\xa0\xa7&\
\x8d\xa5\xa9\xf8\x0enX\x0a,q\xb8\xdf=\x1eM\xf8\
\xfd\xb5k\xd6q\xf8\xf0a\xee\xbe\xe7n\xee\xb9\xe7\x1e\
\xbe\xf5\xador\xeb\xad\xb7r\xf3\xcd7\xf3\xdd\xef|\
\x87G\x1f~\x94\xa7\x9ez\x9a}\xfb\xf61=}\x84\
z\xbdA\x92&x\xefr\x8a\xbd\x80\x9d4F\xf5s\
\xd8\xfa\x9eqK^X\x94\xd3\xf6\x15B\x10\xe2\x03\x0d\
\xd4\xf3:\x86rj\xeb\xc52\x078\xa5\xef\xf7\xb2\xa5\
\x88\x88\xf3\xe2\xfe\xd2\xe1\xff]\xa3\xcd\x1d{v<x\
\x08\x0e\x9e\xee\x18\x94\xb7\xfc\xf0[J\x1b^w\xf1o\
N\x8c\x8f\xfdde\xa4R\x0d\xd4}\x9e\xccZ\xb1\xce\
\xe2\xbc\x15\xe7\x9dr\xe2GJ\x91\xb9\x5c\xb4\x1e}\xcb\
O\xbc\xff\x96\xeb\xb7^n\xcff\x9a\xfeU'\xb4\xc7\
\xee\xbe\xe6\x1a\xbf\xa5\xbdrq\xb8\xac\xde\x0b\xb2\xd1w\
\x90w\xcb\xd9\x09\xaa\xe3sVF\xe5\x11-\xfa\xa1\xdb\
\xbf\xf8\xb77\x9f\xed\xf6\x9dM[\xb7a\xe3\x98\x88\xf9\
\x15\xef\xb9\xc8\xe3u\xaf:\xd2r\xa3\x7f\xc3\xe6MT\
\x87\x86r=\xf2.v\xcdYG\xbb\xddf\xfa\xc8\xe1\
\xdc\x89\x0cU\x87'\xc2\xb0\x0d\xdaR'\x94\x5c)D\
Q*\xc5\xa1\x82\xf1\x0c\xda\x8b\xe1\x84B/\xb6\xca#\
\xe2IZ\xed@X?\x5c\xc9\xc9A;0\xc90\x90\
\x9d\xb0b\xe5\x0a\x924\x0b*9&\xea!\xa8W\xa1\
*\x1a!\x8aK$Y\x82(\x8d\xf3\x9e\x87\x1ey\x88\
\x9dO\xefd\xc3\xc6\x0dLM\xad$\x8e\x0d\xabW\xad\
\xe5\xb9\x83\x07\xb8\xe7\x9e\xfb(\x95\xca\x9d\xdfQ(|\
O\xa5z\xe8\xef@\x0f4:6\xca\xfa\xf5\x1b\x82\xd3\
)!\x12-\x04)I\xad48H\xb3\x8cR)\x90\
_+QyA\x8eg\xc7\xe3\x8f\x83\xb8\xbc\xe2[\x87\
G\xe14\x99P\xe3\xfb\xe4\x13\x8f3:2\xc2\xb6\x8b\
.\x0c\xc4\xd9\xde\xe7\x8bX\x80\x09\x88/J\xb2\xf2\x9e\
+T\x95NqQ\x1a|?\xcb\xb2\xceb\x99Y\xcb\
\xe7?\xffe\xfe\x9f_\xff4\x87\x0e\xcfR\xae\x0c\x87\
j\xf5\xbc*\xd8\xba\x8cR\x1c\xa1\x94\x90\xb4\xdb8g\
\x89c\xc5\x8f\xfe\xe8\x0f\xf3\xd1\x9f\xf80\xc3C\x15\x10\
H\xd26\x8df+D\x88\xda\xed\xa0N\x93\xb49z\
\xec\x18\x8df\x83\xcc9\x8c1\xb9\xbc\xa7\x01\xefy\xfa\
\xe9g\xb8\xf9\xe6[\x99=z\x94H\x1b\xaa\x95\x0a.\
[\x06\x1b\xd7q$\x0a\x85\x97\xae.6\xf4:\xa1\x05\
\xfbl\x7f\xa1\xc6\x89(\x07\xce\x15'\xb4PD*\xa2\
P\x824\x11\xf9\x96\xf7\xf6_\xefz\xe4\xbb{8s\
\xb2\xf7\xb2\xed\xfa\xf5CeQ\x1fs\xce\xff+\x11\xe9\
\xf0\x81\x9a\xc8\x84jw\xads'P\xe7xN-b\
\x94WQ^\x90dBa\x8f\x18Md\xe2\xf0\xb9<\
\xb2i\xa2\xa8\xa3\x98$&\x88R\xf4\xbe\x1f\xbe\x17\x1c\
6\xa3\x0d\x12\xe5\xe9{\x9d\xa7\xee\x95\x01\xad\x10\xa3\xc3\
\xdf\xd8046\xc2\xc6\x8d\x1b\xa9\xd7\x1b\xd4\xeb\x0dl\
\x96u\xb0\xa0\x83\xa4\x08\x9d(\xa9\xb8\x9c\xe4=(\x0e\
\xa1(\xfe\x95o\x0e\x03\xc7\xe7\xe3O>\xc9\xc3\x0f>\
\xc8\xd3O>\xc5\xeegwS[\xacQ\xaf\xd5\x83B\
\x12`$(\xa0\x05\xaeb\x9dsj\xd2\xe1\xd74\xb9\
\x88\x88\x12\xc9\xe5-\x83G\x5c\xdc\xbf\x9d\xe0\x83\xf3y\
a\x93\xeb\xfe\xf5\x81\xa2\xe9\xf9\xaf\xd6K\xeb\x84\xf6r\
\xfe\x03\xbb\xbd$\x1f{\xe6\x91\x07\x9f\x5c\x9c9\xd88\
\xed\x91w\xe3\x8d\x8a\x9bo\xf6\xef\xfa\xf0\x0f\xfd\xc4\xc8\
\xd8\xd0\xff6:1\x12y\x9c8\xacd6\x13\xeb2\
\x1c\xae\xa3\xe4\xac\x95\x12\xeb\xec\x90(\xb5\xadb\xd4\x81\
\xe1\x15+\xf6~\xe1\x7f\xfc\xcf\xd3?\x8f\x17h\xaf:\
\xa1\xbdv\xf3\xcd\xec\xb8\xe15\xfe\x8d\xd5Uo\xf1\xb8\
\x8b\xf0\x12K\x81\xd9\xef\xb3\xa5\xf3\xd6\xf2\xb2`\x88\x17\
\x9c\x88<w\xd5\xbb\x7f\xe4\x9e\xbb\xbf\xfc\xd9\x85\xb3\xdd\
\xc4\xb3c7\x98\x15\x1b\xe2\x8f\x0b|\xd8{_\xf2x\
Q=\x1d\xb6\x9c\x13\xbai\xd3fDIG!C\xe5\
U\x92\xce9ff\x8e\xd0\xa8\xd7s9\xb9\xc0\xf5Y\
hl\x17\x12s'\xaa\xee]\xde\x09u9\x0fi\xf4\
\xb2\x88\x84\xf6\x9au\x16c\xa2\x80\xadj\xd5\x19]1\
A\x1cG\xa8b%\xc9+\xd8\x951D\xa5\x12\xe3\x13\
A\x8fa\xf6\xd8\x1ci\x92\x80(\x94\x12D48\x97\
W\xd8\xeb\xdcA2h%\xec\x7f\xee\x00\xb7\xdfy;\
\xadv\x9b-\x9b\xb6P*\xc7l\xd8\xb8\x89G\x1e~\
\x84\xc3G\xa6\x89\xe2\x08\x9f\xff\x8e\x97n4\x14@G\
\x11Y\x9a13;\xcb\xea\xd5\xab\x99\x9a\x9c\xcc\xfb\xde\
w\xa2+Z\xe9\xbc\x0a\xdf\x91\xb9\x8c\xa1\xa12\xc6\x84\
j\xd8\xed\xdb\xb7\xb3w\xf7\xb3\xec|\xe6i\x8c\x8e\x10\
\x09\x05Q\xe4\x04\xfcZk2\x1b\xca\x81\x1e\x7f\xfcq\
\xd6\xacY\xcd\xb6\x8b.BK\xf0\xc4\x83b\x93\xef\xdc\
\xccK\x906\xe2\xe9\x95b=\x11\xcf\xebr\x91P\x80\
\x85\xc5&\x7f\xf3\xb7\x9f\xe5\xf7~\xffO\x98[l\x12\
E%\xd0Q\x8e5\xf68\x97\xe1]P\xeb\xb2i\x86\
s\x19\xabWN\xf1\xf3?\xff\x09\xde\xfc\xe6\xeb(\xc5\
\x86\xcc9Dy\xe6\x17\x17i6\x9a8\x07\xa5J\x95\
z\xa3\xce\xf4\xf44\xf5f\x83\xc8D(\x13\x1c\xdb,\
\xb3\x08\x8a\x07\x1f|\x98o|\xfd[\xcc\xcd\xce\x12\xc7\
%\xbc\xf7\xa4i\x8a\xb5yd\xc9;4\x19\x8a\xc0&\
\x11(r\xf2B\xa4\xe3:\xa1\xfex\x1dp\xfa\xe3W\
N\xf3\xfb\xa7b\x22N\x90\x0c\xd8\x8d\xf3\xff\xe1\x99\x87\
n\xb9\x8f3\xe7\x80\x02\xe8\x8d\x1b.|\x9f\xc3\xff\x9a\
Vj\x12\x90\x22\xea\x19\x99\x08c\x0cZ\xe5\x0e\xa5\xd1\
\xa2BE{\x11\x01\x0d\xb2\x9c\xbd\xa9\xf4<\x12*\x05\
\x9fhN\xcbT\xbco\x8c\xee\x16+\x05\x5ciO\x94\
5/\x80\xca\x9d8\x95\x8b>\xa8\x1c\x1b*Z\xe1r\
\xb9\xca8.\xb1\xed\xa2\x8bX\x98[`an>\xa8\
\xce\xe5\x15\xef\x90\x179\xd2S\xed\x1dJ\xea\xf3\x0d&\
\x1dU//.8\x93\x02.\xb38\xef\x02\xbe<\x8a\
(\x97\xcbA\x05\xcd\x87\xe3\xe9<[\xa2r\x87R\x89\
G+\xc9\x1f*\xf0\x96\xfa\x824\xde\x83\xcf\xc9\xe1;\
U\xfc\xe1}!\x8f\x82\x12\x94\x8d\xe8pn\x06\x8e\xcd\
\xe7\x1f\x0f/\xc0\x09\xf5\x05m\xd5\xf2\x95\xef\xcf?\xfc\
:\x11\x5c\x07\xec\xf2\xcd\xc5?8S\xd5\xed7\xdcp\
\x83\xfe\xa9\x1bnPfU\xf5O\xa7VL\xacC\x9c\
xqR\xb0\x88\x14\x93\x9aRy\xbb\x05\x04%\x08\xc6\
{\x99\xb4\xb8\xaf}\xe9\xbf\xfd\xc3\xec\x998\x97\x17b\
\xaf:\xa1\x83v\xf3\xcd\xfe\xdaw\xff\xd0\x05\xe58\xbe\
\xc2;?\x8a\xcdDt\x0f\xdf\xa0,\xa5bX\x96\x8e\
!\xc4\x0e\xbc\x88\x88V\x924\x1e9\xfa\xbb\xf7\xdd\xf7\
\x85\xb3\x0e\x02>\x1b\xb6\xe5u[F\xc5\xb9\x0f\xe3\xdd\
\x95x\xafB\xc2\xa9[%\xa9\x0a^O\x0f\xdeZ6\
n\xde\x1c\xa2\xa0\xcew\x08\xbb\xad\xb3(\xadI\x92\x16\
\x87\x0f\x1f K\x13\x94w(\x0c\x82\x0aT?\x0e\x0a\
\xb9\xc6\x13\xcd)\x1di6\x09\xf2\x88\xbd\x04q\xca\xe8\
\x1e\xaa\x9f\x17fE\xe4\xa0\xaf\x8dp\xd2\x8f\xee\xd4\xd1\
a\x9a\xc3\xf7\xfc7\xc8C\xe7\xbd\x0f\x0e\xbb@\x9a&\
\xcc\x1c\x9ba\xc5\xd4\x14Q\x1c\x87\xf7|\xd0\xde\xc9|\
\xa8\xa8\x17\x14\xe3SS\x94Ke\x16k\xb5PD\xa4\
5F+R\x9b\xa2\xf3\xe3{\x15F\xb2\xd1\x8a8\x8e\
h\xd4\x1b<p\xff\x83<\xf2\xe8\xc3\xacX\xb9\x8a\x0b\
/\xbc\x88\xa9\x15S\xdcw\xef}$\xad\x84\xc8\xc4\x81\
2K\xab\x5c\xb1$T=DQ\x8cV\x9a4I\x98\
\x999\xca\x05\x17\x5c\xc0\xe8\xe8(\x95\xb8\x82sYH\
\xd1\x8b\x0b\x91\x15\x81V\xbb\x09^\x18\x19\x1d!\x8ac\
l\x96r\xc1\x05\xe7\xb3\xeb\x99g8|\xf00\xf8\x88\
R\x5c\x22\xcbR\xbc\x87\xd4\x05\x85%\xe7\x0d\xed\xd4\xf1\
\xf4\x93\xcfp\xc9\x85\x17\xb3j\xcd*\xc4\x08\xe4)\xbe\
N\x14\xaf\xc7\x09\xf5\xdewd2}N\xc2^(\x96\
8\x9f\xe5\xe4\xd1a\xd1+\x86I\xe0\xfb\xb3(ep\
\x04\xc5\x95\xf9\xc5\x84\xdf\xfb\xbd?\xe2\x0f>\xf3_\xb1\
\xc4\xf8\xfc=o\xc3q\xb4\x11|fQy\x7f\xfa\xcc\
r\xe1\xd6\xad|\xf2\x93\xbf\xc0\xa5\x97^\x1c\x22\xb7a\
}\xe6\xe8\xec,\xcdv\x1b\x07X\x0f\xd3G\xa6Y\xac\
\xd7\xc8\xac\x0d8_\xd1\x94\xe3\x12\x95r\x15\x9c\xe7\xf6\
\xdb\xee\xe0\xb6\xef\xdeF\x96f\x94Je\x94WAy\
%\x8f\x90\x1b\x11\x0c\x09d\x8b\xf8\xa4\x81\x16\x95\xe3\x81\
\xc3}\xa5:\x0c\x88\xb9<\xac\xf2\x9d\xbe(\x14g\xfa\
\xe6<\xf5\xfc<\x9e\xae7}\x7f\xbc\x87?\xfe{'\
\xba\xfbN\x02\xc3\xd7\xe7e(%u\x90\xef \xfc\xf1\
\x5c3\xf9Zcf\xdf\x19*D\xea\xfe\xc4\xba\xcd\xe7\
\xdd`\x94\xbc\x1d/\xc3F+1\xca\x10\x19\x8d\x89\x83\
d\xaa\xef\x94\x9b\x8b\x04\xbe[%\x05\xb5\x99\xd2\x06%\
\xa1\xd8\xc8\xe8\x081 Z\x10-\xa8<\xf5\xae\x8c\x22\
\x8aL^\x19o\xd0\x91\xc1\xe4\x95\xf1&\x8f\xb4v\xe4\
@s\xfeP\xa5\x03\xfeX\xe9(\x9f\xd7Bd\xb4\xc8\
<\x18\x09\x7f/\xb8\xe0\x02\x1a\xcd&\x87\x8e\x1c\x06\xa0\
\x1c\x97\xb0I\x1a>\x8bt\x1dZQ!\xd3\xa1\xc8\x17\
D\xdfQb\xf3\x85\xf6\xba\x0a\xcc\x0c\x22*P/Y\
\x17\xf4\xd2{\xd4\x81\x04\x1f\x908\xce\xe2]\x96;\x9d\
\xae\xe7\xdf\xe1ug\x13l\x96\xe2\x9d\x0d\x82$6\xc5\
\xd9\x14\x5c\x82w)\xde\xe7\x0f[|'\x1c\xa7w\xf3\
T\x0c\x85>\xf6\x0bz\x1d\xca\xa0\xbe'\xb9Lp!\
\xcc\xd17\x9e\x5cQ\xcb\x1f\xda|\x22\xf6\x0c\xdf3\x99\
\xfb\x1c\x0b\x93\xb3P\xd53\xef\x7f|\xd7\x93\x8f\xee;\
S\x03\xef\xc7~\xe4]c\xa55#\x1bG\xc7\x86\xfe\
w\x1d+c]*\xd6\xbbn\xadE~Ov\xef;\
/\xdeY\xbc\xf5\x12\x1b\xbd\xb2\x95\xb5\x8e~\xe5o\xfe\
\xf9\xbbg\xf8~8i{\xd5\x09]\xc6\xae{\xcf\x8f\
\xadT\xa2\xde\xed\xad\x1d\xb3X\xb4\x88\x147\xda\xf3\xf1\
\x84\xf5Z\x11\x09\x0d\x1c\x8c\xa2\xa35\x95\xc7\xef\xfc\xd2\
g\x9f:\xdbm;\x1b\xb6r\xd5y\x97\x0b\xfc\xb2\x87\
\x95\x90\xf32-\x839\x0b|\x9d\x11k\xd7\xae\xc5\xe4\
E\x1eHW\xd3\xd7\xda\x94zm\x9e\xfab\x0d:i\
\xfa\xe3\x80\xd3\xa4\x7f\x11\x5c\x12\x09\xf5t\x09\x86{\xbf\
V`\x91NUAi\xf0\xe7\x07\x9f\x9f\xe2\xb1\x96\x96\
\xc4\x9d\xc2\xce=o\xfb\xcc\xecQ\xc6\xc7\xc61Q\x14\
\x80\xfa^:Q\x0e\x93\xa7\xf6\xaaCU\x86\xaaC\xcc\
\xcf\xcf\xd1n\xa7\x1d\xa9S\x9f\x1f\xa7\x88 \x16\x13o\
\xc0\xb6\x09\xbb\xf7\xec\xe5\xe6\x9bo\xc1\x98\x887\xbd\xe9\
-X\xebx\xe0\x81\xfb\xc92KT\x8aC\xbf\x17\xd1\
\x14\xa5;\x0e\x87\xf3\x9ez\xad\x8e\x88\xe2\xfc\xf3/\xc0\
Y\x0b(\xb4\x16\x5c.\xa1\x07\xa0\x8d\xa1\xde\xa81T\
\xadb\x8c\xc1;\xcb\xc4\xc48\xeb\xd7\xac\xe5\xe1\x87\x1e\
\xa2^o\xe1\x01\x13G(\xad\xc3p\xf0!R\xe4\x9d\
0?3\xc7\x9e\xbd{\xb9\xe6\xea70::\x12.\
x'\xfa\xb14\x9a\xe1s\xc7\xb2{\xfd\x84\xae;T\
\x14a\xe4xH/dY\x8a\x8ar\xd2}\x05\x0b\x0b\
m\xfe\xe0\x8f\xfe\x98?\xff\x8b\xbf\xc6\xeb\x08\x15\x95\xba\
\x15\xc4\xe2P\xe2\xb1i\x86xG\x92$\xd8\xccr\xf5\
5W\xf1\x89\x8f\xff,\x1b7\xac#\xf0~+\xda\xed\
\x84\xf9\xda\x22IfQJc-\xcc\x1c=\xca|\xad\
F\x96e8\xeb:\x18?\xa3cj\xb5:_\xf9\xca\
\xd7\xb9\xf7\x9e\xfb\x82\x0a\x96\xf3y\x7f\xf58\xca\xde\xa2\
}\x1bI\xe79\x7f\xdd\x10ox\xdd\xc5\xec\xde\xb5\x07\
\xd1\x9a\xb8\x5c\xc5+\xdd\x81at\xc6\xd9\xa0@\xd2\x92\
1v\x02'\xf0\x94\xef\x98\xc1\xc3\x9f\xa9t\xbfx\x84\
\x04\x91[\xbc\xf0\xa9\x9d2\xff\xdd\xc6#w5O\xf3\
\xf4\x965\xbda\xcd#C*Z\xa3\xe0R\xa5\x8dQ\
J\x9cRJE\xda\xe4tF\xbaSX\xa4\x03FT\
:\xaf\xe5\x95\xde\xd2\x8b\x19U:\x14\xde\xe4it\xa5\
\xc2_\xdd\xa9\xb4W\x1d\x18\x8d\xd2E\xa1SH\xb7\xab\
\xa0\x85\xdby\xad\x90&.\x94\xe1D\xba%G\x0a@\
i6l\xde\x84\xd6\x86\xdd{\xf6\x90%)\x95r\x19\
\x97\xd9P}\x9f\xf7y\xf1\xfdN\x11bOP\xc6\xe7\
\xb2\x97J\xc2N2\x8c\xfd\xae~\xba/\xc8\xd8\x0bU\
\x22\xc8#\x98\xb6G\xf2\xd2\xf68\xa1]\x87\x15_p\
&\xe6\xf0\x91\xc2\x91\xed<\x8a\xc0\xcf\x09\x22\xf8\xc7\x19\
?K\xd7\xa3\x9ex\x91/h\xea;\x9f^2\xfc\x97\
\x8cG\xe9{Oz^\x9e\x05\xf7\x99c\xd3\x07\xcfX\
\xe4\xf1\xdd?\xf2\x9e\xa9J\xa9|Qu\xa8\xfcc\xda\
(\x93\xe7\x07\xfbNh\xc9z\x94'\xaa\xb42.M\
\xd2]\x9b\xde\xfa\xde\xaf\xdf\xf7\x85\xb3\x13${\xd5\x09\
]\xc6\xae\xf9\xde\x0f\xb4M\x1c\xbf\x05k7\xbb\xdcg\
\xea\x5c\xd2\xde\xe1\xf4<\xd6\x81\x80\x88\xa0\x94\x18\xbc\xff\
\xdc\x9d_\xba\xe9\xacW\xa2\xbd\xf4v\x83\x99Z\xab~\
\xd4\xe3\xbf\x0f(\x87.Y\xea\x84\xba\x9cd}jj\
\x8aU\xabWw\xaa3;\xfd\xe8-\xedv\x9b\x99\xa3\
GC\x81J\xa1\xecr\x9c\xc9\xe4D\x93\xc4\xa0\x13\xaa\
\x8a\x9db\xeeiD\x85\x92\xd0\x0b\xb4\x97\xda\x09\xf5\x12\
\xf8\xfe|\xeeh9\xefI\x93\x8cF\xa3\xc9\xe8\xe8\x18\
&\x97\x85\xecR\xab\xb8\x90j\x8f\x0cc\xa3\xa3LM\
N\xd0\xa87\xa8-\xcc\xe3\xbc\xcd#\x92.8Ga\
\x05\x0a\xd7\xc4\x07\xa4\xb4'H~>\xf0\xe0C\xec\xdc\
\xf9\x0co\xba\xfeM\xd4k\x0d\xf6>\xb7?\xc7\xa0\xe5\
\xd1\xb5Nt!T\xca\x17\xb0\x89\xd9\x99c\x0c\x0f\x0d\
\xb3n\xdd\x9a\xf0z\x9em\xe8D\x0f\xbcC\xeb\x88z\
\xa3\xc9\xc8\xf0\x10\x91\x09\xa9\xbe5\xabW\x02\x8a'\x9e\
x\x1ae4.K\x8bXp\xfe\xff\xa0B\x83\xb3\xec\
\xde\xf5\x0cs\xf3\xc7\xb8\xf2\xca\xd73T)w\x8a\xa6\
z\x9dP'\x9d\x12\xc2\xfe\xf0EQ\x92\x98\x87>E\
\x99\xce\xbf\x9d\xf7\x882h\xa5h\xb5\x1d\xbb\xf7\x1e\xe0\
7~\xeb\xd3\xfc\xfd\xdf\x7f\x1e\xa7\x84\xb8\x5c\xc9\xaf_\
\xb7`N\xe7\xdc\xa5\xce\x86\x88\xe8\x0f\xbc\xef\xbd|\xf8\
C?\xc6\xd4\x8a\xc9@7\xe52ZIJ\xa3\xd9\xa2\
\xd1n\xa3D\x93y\xcf\xc2B\x8d\x99\xd9c\xe1:(\
\x15\x08\xe8s\xc9\xd5\xf9\xb9E\xbe\xf0\x85/\xb2\xf3\xe9\
\x9d\xc4&\x0e\x8b\xb6(\xac\xcd\xb0\x12\xd6\x13m\x1d\x91\
k\xe3\x9b\x07\xb9\xec\x82\x09~\xe9g\xde\xcb\xb6\x0b\xd6\
q\xc7\xdd\xf7\xd1\xb6\x0a]\xaeb}\x17\x0b,}N\
h7\x1e\xef\xa5\xffq\xdc\xcd\xdf\xb2\xa3\xf5\x05\xdc?\
/\xd0\x09\x1d\xac\x82\x17\xf1u\xbc|\x19/\xff\xebN\
\x99\x7f\x96\xfbN\xaf\x02\xf9\xf9la\xff~\xbbr|\
\xe4;\xaa2rL)\x95*\xa5&\xb5\xd6\xf3Z\xeb\
!D\x82>q\xeeh\x16\x9c\xc4EaQ\xc0w*\
\xd19\x86TT^\xf9\x9d+$i\xa3s\xfco\x88\
\x82\x86\xf4}\xd8H\xaa\x82\xb8^i$\xe7\x0a\x0d\xcf\
s\xba\xa6\xbc\x98Ok\x03\xaa\x90\x05*\xfa1\x0c\xfb\
4\xcb\x10\xa5X\xbfi\x03J\x1b\xa6\x0f\x1f\xc6Y\x8b\
\xcd\xf1\xf6\xbapj\xe9~Oz\xd2\xf6\x9dk\x92C\
Z\xac\xf7!\x83\xe0\x02n\x1f\x1b\x22\x9c\xf4\xea\xa0\xe7\
\xeaw\x9e\x81\xd7|H\xab\xfb\xbc\xb0\xb0wPu\xc5\
\x14\x06GX\x0e\xb3YRJ\xb5\xfc\x98Y.\x08\xd2\
\xfb\xe8\xcfK\xc1\xe0\x8c\xee\x95\xca7\xf4\xe1!\x83r\
K\x14\xebW\x07\x97\x5c\xa4\xe2\x0f\xcc\xd3\xfctcz\
\xfa\xb4E\x11\x0a\xbb\xea}\xdf\xc3\xc8\xf0\xc8\xa5\xe5R\
\xe5\x07E{\xed\xf1\xe2r'zy\xf0@\xd8\x8f\x87\
\xcd\x8f\xd6i\x96\xed\xfb\x8f?\xfe\x89\xbf=S\xe7s\
\xaa\xf6*E\xd32f\xb2tZ+\xb5\xef\x8c\xc9\x11\
\x08\x06QWs\xe3\x8d\xff\xcc9\xc0\xcb\xf5R\xda\xd6\
+\xec\x84B\xbd\xd7\xc1H\xc8~\xe7\x89\xe4%\xd5\xc6\
\x0ac`\xc5\x8a\x15\xa4i\x8a\x14\x15\x91^\x05\x1e:\
\x14Y;\xa1^k\xe0]\xbe\xdb~\x91,`\xe9\xb2\
\x00\xb4?\xc3\x1a\xf0/\x86\xb9<\x0d\x16\xe0\x0b\x9d\x17\
QZQ\x9b_\xe0\xb9}\xfb9\xff\xbc\xad\x1dV\x12\
'\xb9\x03\xee<Y\xae\xc9<\xb5r%\x97\xbd\xce\xb0\
\xeb\xe92{\xf7\xee\xc5y\xd7\xa1cq\x1d\x15\x93|\
\xa2w\x82\xd11\xd5JL\x96e\xdcv\xdbm<\xfd\
\xf4\xd3\xbc\xfe\xf5W166A\xbd^G\xf7\x5c\x9e\
\x10UP\x9d4\xad1\x81\xc3\xf2\x9b\xdf\xfa\x16\xeb\xd7\
\xaea\xc3\x86\x0d8\xb7\xd47\xb0y4\xe4\xe8\xec\x1c\
\xeb\xd6\xac\xc2[\x8bR\xf0\x9e\xef\x7f\x0f\x07\x0f\xcf\xf0\
\xd5\xaf}#|.\x0d\xf2\xa1\x1e\x85s!\xfd\xac\x22\
\xc3\xc8\xd8(_\xfc\xf2WY\xbbn5\xbf\xfcK\xbf\
H9R\xb9\x92Q\xc1\x1d\xa8z(\xa3a\xc9t\xed\
\xbb{\xf4#G\x8e\xe6|\x85G\x99[\x5c\xa0\xd9l\
\xe0P4\xea-\xbe\xf8\xe5\xafp\xdf}\x0f\xa0\xa3\x12\
q\xb9\x8a\xc5\xf7\xf3.\xe2H\x9a)\x88cjb\x9c\
\xf7\xbf\xff\xfby\xfb\xdb\xdeF\xb5:\x84\xf7\x8eF\xab\
\x05JX\xa8\xd5I\x92\x84\xa8\x1c\xf8<\x8f\xce\xcc0\
?7\x9fK4F9\x9dUP\xc6\xd9\xf9\xccN\xbe\
\xfe\xf5\xaf333\xc7P\xb5\x8a\xcb\xc2\xe2i\xb4\xe0\
\x5c\x10\x04\x10\x9f\x12\xfb\x16%?\xcfy\xe7\x0d\xf3K\
?\xf9N\xb6o\x1dc\xae\x91\xb0j\x22f\xfe\xb9\x06\
Y\xd2\xc2QFc(\xf0t\x82\xcb\xc1\xecg{d\
\x9f\x86\x898\xf0\x09\x9e]\x16\xff\x7f=\xfb\xc0\xb7\x9e\
\x04^l\x85\x19\xff\xf0\xc3\x0f7\xae\xbc\xf2\xca?\x12\
c\xfe*\x19\x1aZ\x89\xad\xb6T\xe4?\x8bH\xa2D\
\xaeC\xc4\x89H\x9cO\x83\xdd\x90\x86\xea\xe0k\xd0J\
K\xc1!\xab$\xc7I\x16\x91\xcc<\x95N\xae\xbeT\
D&uO\x95|Ay\x16\xba!D\xd8\x97#\xfe\
\xcc\x15|A@\x97b\x94\x08\xce:\xae\xbf\xe1\xcd\xb8\
v\xc2C\xf7\xde\x1f\xb6u\xca\x84\xa2M\xd7]\xba\xba\
\xa9\xde\xc1n\x97 \xbc\xd0\x83\xb9\xf4=\x0aj\xfd\xdf\
\xcf\xef\x12\xdfO\x01vf\xa1\xba'y\xe1N\x81\x07\
\xd8\xc1\xf3\x86\xa0\xc2}\xa3:\xed\xc8\xd7\xbc0K\x8b\
\xd4G|er\x1ajg\xea\xdc\x9b\xf5Jb\xa6\xd4\
A\x0f>\x0f\xac,I\xd5z7\xd0\xbe\xbe\xb63M\
_\x1a\xe4\xa5\xb5W\x9d\xd0e\xec7\xfe\xddG\x1b\xbf\
\xf6\x87\xff\xf4\xa42\xdaK\xea\x03\xa1\xfa\xe9\xa4f=\
\xba24\xb4\x8a\x1bo<\xe7\xd4\x0a^dS\xa4\xd1\
(\x11[\xbc\xcf\x01B\xc7\xb1$\xb3\x8c\x8d\x8dQ\xae\
\x0e\x11E\x11\xad4\xc9a\xe6\xc1\x192J\x98=6\
O\x9a\xa4\xc4y\x01L0\xb7\xe4'\xc3\xcb\x03<\x8e\
~`\xfdQ]u$5\xf0\xd7{O\x92&\x01\x7f\
\xa5\x03Y\xbe6\xcf\x7f\xab,-L{qm\x90[\
\xb5\xe8\x8fb\xee\xb7\xb9\x12\x11\x16\x0e>\xf7\x1c\xedF\
\x93-\x17\x9cO\x5c)\x87\x88\x1c\xc19\xcc\xf2,u\
\xad\xbd\xc0\xf0\xe8\x10\x17]r\x11\xe5\xa1\x12;v<\
\x19\x8a\x09\xb4\x10G\x11\xde\x09\xce\xf9\x1c\xb7\x96_Z\
\x1b\xd4\x97*C\xc3\x1c\x9b_\xe4\xf6;\xef\x86\x1c[\
\x09K\xf9$\x0b\xc8E\x9afTKU\x8e\x1d\x9d\xe1\
+_\xf92\x1f\xfc\xc1\x1fdrr\x1c\xef\x04mT\
N\xc4\x1fp\x87\xca\xc3\xc2\xc2\x02\xe58bjb\x8c\
$K\x11\xd1|\xe0\x83\xefc\xd7\xae\x9d\xec\xda\xbd\x87\
4Kq6\x14\x5c\x84k\xed\x10g\xb1xL\x5c\xe2\
\xaf\xfe\xfa\x7f\xb0e\xf3\x16\xde\xf7\xdew\x13\xc7:\xfc\
\x06\xb63\x1c\xbd'\xe7\x12\x844\x05c\xa0\xd1\xcah\
6\x9b<\xf8\xe0\x83\xdcq\xc7\x1d<\xf5\xd4S\x1c9\
r\x84C\x87\x0e\xe1\xbd\x90Z\x8b\x13\x85B\xe3\x04L\
\xb9\x82C\x91\xe4\xa4\xdc^\x87\x83+\x1f\xf0\xad\xb1\xd2\
l\xdc\xb8\x9e\x8f\xfd\xf4O\xb1\xfd\x92m\x81\xa6\xc9\xa7\
\xf9\xd8O\xa9\xd5\x9aX\x1c\xa2\x0d\x0b\x8bu\x8e\xce\x1c\
%K3\xa2(\xc6yO\x92X\xaa\xd5\x12\xce9\xee\
\xbf\xefA\xbe\xfa\x8do\x01P*\x95\xc8\xac\x0d)\xcf\
\x1c\xc7)dD\x92\xa2X\xa0\xe4\xa6\xb9\xeeu\x1b\xf9\
\xc8\x07\xafc\xcdDB\xc5M\xe3L\x89K\xb6\xae\xe1\
\x99\xfdO\x92\xa6-D\x97z\xb2\x8d\xdd\xfbI\xf9\xe7\
\xd9\xe8\x9d{\x0ej\xce\xff-\xc1\x01\xf5\xfeY\xf1\xfc\
w\xa7\xe4\xf3\xcf6\x0f=\xce\x8b\xef\x80v\xce\xe3\xbe\
\x10mM\x81\x05\x80+\xaf\xbc\xf2\x06X\x17UV\xdb\
\x1f\xf0\x99\xfeW\x0a\xde\x97\xa5YK\xb4\x9a\x1c\x1e\x1b\
uq\x14E^\x848\x8e\xc5\x86{\xc4\xe7\xc5F\x12\
\xa4p\x977\x07\x9dL\x85\x17\xc99H\x8b\xb4}!\
\x97\x10\xe00\xa0B\xd1`1m\xa8\x22\xa2\xa8\xba\xc7\
\xca\xb3\x1cmg\xb9\xf6\x867\xe3\xbd\xe7\xbe\xbb\xef!\
\x13\x02\xfe>w\xa5\x02FTw\x22}\xe1\xab=\xf3\
\x91\xf7!\xba\xf9<\x8eO\xc0\x87\xd2\xc9\x90\x0c\x1eC\
z\xe6\xe2\xbe\xe7\xee\xf8\xceo\xf8\xdb\xfdL1\xdf\xf4\
\x1eK\xe7\xa2'~\x00o\xe2\x9c\x1b8\xde\xe0\xb9\xab\
<-\x9f\xa7\x8f\xcd\xf1\xef\x0d\x059k\x8b\x0a\x99\x16\
\xef}\xde\x7f\xce{&D\xa93\xea\x07\x94\xdam\xd3\
n\x96\x92\x0c\xeb\xab#\x81\xff\xd9\xbb<J]$6\
\x066!\x22\xa1B)m\xa7\x1e\xefvs\x96\x1cP\
x\xd5\x09]\xd6n\xb8\xf1F\xed|v\xbf\x0a\x15\xc3\
\xce\xdaNY\xdc\x0b2/\x22\xcefo\xfa\xb9?\xfe\
\xe7\xca\x9f|\xe2}g\x8d\x0a\xe1\xa5\xb6\x8dW\x5c\xbf\
F\x8b\xfc\x9f\xf4($u\xfad\xc0\x892&bl\
l,\xdfIw\x12\xa4\x9d\x1dr\xbb\xdd\xa6\xd9h\x12\
\xc7Q.\x02\xf0\xe2\xae\x82\xde\x85h\xe8\xf1\x0a\xcf\xce\
%[n\x12\x87\xaeC\xaa\x80c33X\xe7\xb8\xe0\
\xc2\xadT\x87\x87\xf0\xd6\x83\xd68kC\xe1\x89\xd1\xa4\
YJ\x5c)\xb3a\xf3f\xe2\xf2\x10O=\xf1\x04i\
\xd6&I3\x22\x15\x81\x92\x8e\x8bR\x5c\x97\x22-\x1b\
E\x86,+\x88\xa5KX\xb2\xe7=\xd7\xe2\xb3\xfb\xf6\
\xed\xe3\xe6\x9bo\xe6\xfd?\xf0>\x00\xac-\x22\xd0\xaa\
\xaf=\xd3\xd3\xd3\x94+1\xe5\xc8\xa0\x8d011\xc6\
G>\xfaa~\xf3\xb7~\x9bF\xa3\x11\xd4f\xf2E\
\xd6\x11\x8a\xd9\x9c\xf7x\x1f\xd2\xe0\xbf\xf7\x87\x9fa\xc3\
\xc6u\x5c}\xcd\x95X[\x9c[\xd6\xc1{eYX\
\xc0\x9c\x83'\x9f\xde\xc3\xb7\xbf\xfdm\xbe\xf2\x95\xaf\xb0\
\xf3\xe9\x9d$I\xf8\xbc\xd2*\xe8\xdb\x0b(SB\xe5\
\x8bLNS\x18\xbe_D\x9b\xd3\x94\xd8Dx\x9b\xe2\
\xac\xe55\xaf\xbd\x94\x0f}\xf8\xc7\xb9`\xcb&2g\
\x89\x22Mb\x13\xda\xad\x94V\x92\x92\xd8\x8c\xa8T\xa1\
\xd1np\xf8\xf0a\xd2,\xa5R\x1e\xc6e\x19\xc6D\
xgYX\xa8q\xc7\x1dw\xf0\xd8c\x8f\x0d\xf4\xa9\
\xebq\x06,\xde5\x91d\x01i\x1e\xe6\xba\xab6\xf3\
\xb1\x1f\x7f\x13\x9bV\x08\x115\xc46\xf0\xb6\xcay\x1b\
&\xf1Y\x0dS^\x8d\xd5:G)\x04\x0c\x9e\x02\xf0\
\xfae\x19\x09\x0dJH~\xd1\xe3\xff\xc4-\xee\xfb\xdd\
\x9d;w\xa6\x9c\x8d\xd0Z\x8f\x05\xa7\xf4\xbe\x14\xf8\xdb\
\xad\xdf\xf7}\x9f[\x9dES>\xca\x1a\x91\xa9\xbe\x16\
\xe7\xad\xb3\xee\xddq\xa9\xb2\xd9f\xee]\x95\x91J\x0d\
d\x13\xca+$\xa8-\xe9\xa2\x90s\xb0\x18V\x15U\
\xea*\x8f\x8a\xea\xae\x93U\xcc\xa1\xc7\xc9\xe4,\xf7j\
q\xbd\x15\x80\xd6\xbc\xf1\xcd\xd7\xd3l\xb7y\xf0\xde{\
\x89\xd0T\xa2\x88H\xe9\x93\xa2\xaf\xeb\xe0\xca\x8f{\x9d\
\xa4\xc3l\xd1\xb7\x1b\xec\xd8\x8b\x8f\x14,\x1c`\xc9\xa3\
\xcd\x03\xbd\xd1\xf3\xef\x1c\x13\xda\x8f\x0c\xf8\xff\xb3\xf7\xdf\
av\x1c\xd7\x990\xfe\x9e\xaa\xea\xee\x9b&\x0ff\x80\
A\x06A\x02\x04\x03H\x829\x89\x12\x15(\x91\x92\x15\
LJ\xb2\xe5\xb0\xb6\xd7\x92%[Z\xdbk\xefj#\
>\xef\xfe\xbc\x9f\xed\xcfk\xafd{\xd7ZG\xd9\x96\
eA\x96\x95\xb3D(\x91\x14E\x8a\x19L \x88\x9c\
&\x87\x9b\xba\xab\xea\xfc\xfe\xa8\xea\xbeaf0\x88\x04\
@\xce\xc1\xd3\xcf`\xe6\xde\xdb\xb7\xbb\xba\xc2\xa9s\xde\
\xf3\xbe\x0b\xdf\x1f2G\x98\xc0`kY\x91\xa0>b\
\x5c\x01`?N\x93\xe3W*\x97\xab\xbf\xf5\xee\xdfz\
\xf0\x8f?\xf7\x97\xdf\x04\xd1\x1dl\x1dw\x1d\xb5\xec\x0b\
\xe6\x8e\xf42\xf1\x11c\xedw\xcexc\x1f\xc3\x161\
\xa1s\xd8\xee\xed\xdb\xf9\xc67\xbc3\xa7\xa4|\x07\x04\
\x8a\xd6r&\xa5{\xa2\x98P\x22r\xd2m\xa0\x8e<\
\xf13?\xf8\xc2'\x9f<\xdb\xf7\xf7R\xd9\xe0\xb2\x0b\
\xef\x02\xd1[\xc1\xb4\xcc\xd3\xf5\xcdF:z\xdc\x8fT\
\x0aCCC\x9e\xf4\xdbf\xa33\x85\xc0OMNb\
rj\x12\xc2\xa7\x92E\xb6\xf3=>L\xe8\xac\xf1N\
\x22\xc3\x84\xceeY-\xa1/\x96Z\xc8Nw$t\
!L\xe8\x1c\x9fh\xfd~Og\x92b@\xebq\x0c\
m-\xca\xe52\xf2\xc5\x82\xc3\x9a9\xc2?\x07cg\
\xc7\xe5\x09A\x08\xa3\x10]=]\x18\x18X\x82\x99\x99\
\x19T\xca\x157%\x0b\x8f\x7f\x02\x9c\xe6\xb5\x90\x8e|\
\xddc\xc3\x9a\x8f,\xbdMm\xfc\x94\xdeD\x13Nt\
||\x1c\xf9|\x0e\xabW\xaf\x86\xd6\xc6\xa5\xfd\xa9\xb1\
\x11\x01\x00k\x12\xd4\xe3:\xba;;\xbd\x0c\x22a\xe9\
\xd2A\x08\x22<\xf1\xe4\x930L H\x8f\xc2\xf4E\
\x0e\x9e\xf5\x90\x00\x1c>t\x08#\xa3#\xb8\xe1\xa6k\
Q,\x15A\x9c\xe2\x1d\x05\xc0\x12\xc6\x10&'\xcb\xf8\
\xfb\x7f\xf8$~\xef\x0f\xfe?\xfc\xcbg?\x87\xb1\xf1\
\x09\x90\x90\xc8\xe5\x8b\x1e\x97\x17@\x88\x10B\x85 \x12\
0\xbe`\x89R\xach\xd3-\x0a\x01\xaf\x99\xcdx\xdd\
\xebo\xc7{~\xea=X\xbeb\xc8\xa5<\xad\x86\xb6\
\x06\x95Z\x15\xb5z\xdd)UI\x89\xf1\xc9I\x8c\x0c\
\x8f\xc0\x18\x06\x91\xc3\xf1Y\xcd\xc8\xe5r\x18\x1d\x1b\xc3\
\xf6{\xef\xc5\xe3\x8f=\x09\xa3-\x84\xf4\x14U\x9eK\
\xc1\xa3\xd0\x1c^U\xcf oGq\xcb\x95+\xf0+\
?\xf7\x1a\xac\xec3\xc8\xd3\x14\x04Ua)\x01\xab<\
\xa6\xe3\x10\x0f<\xfc,b.\x81\x82\x0e\xb7\xfeS\xa3\
\xc8\x03$\x8e-\xddx\x96\x0b\x93\xe6\xfe\x0ab\x10F\
\x00\xfcM\x99\xa6~\x7f\xcfSO\xd5N\xc3\xa5\x9cV\
\x1b\xdb\xb9\xd3\xec\xdb\xf5\xec\xf4\xeeg\x9e\xa9\xbd\xb0i\
\xe3\xfeg?\xf1\xf7{\x067_v\x7f~|\xf43\
\xc8\xe5wC\x04\x9f\x02#\x94J\xf6\xc9@\x16\x85\x94\
,\xa5\x22\xa9$T\xa0\xa8\x19\x13\x9ar\x8b6\x93\xd0\
\xfbp\xb0\xa7e\x12\x99\x83%\xd0D\xd9D\x942\xf5\
d\xbc\x9b\xed\x87\xb1\x06\xb9\x5c\x0e\xcb\x96.\xc5\xd1#\
G1>6\x86@H\xb7\xb1\xb2\xadx\xc3\x14H\xd0\
\x8a?l\xc5X\x8b\xacx\x08\xd9\xbct\xac'J\x19\
\x9d\x10\xfb\xc7\xda\xea$\xce\xf6\xadS\xa7\x0a\xf3R\xac\
\xb5\x06\x14\xa8i\xad\x98\x8b\xed\xa6\x15\x13*Dk\xf5\
<s\x8a\xfd\x9c\xebhp\xe9f\xdf\x96Ft\x19\xd2\
2\xfeq|\xe4\xe0\x0b8M}3%\x9a\xbf\xf3=\
o\xeb\x09B\xb9\x06\xc0@\x9a)\x13<\xe7Hu\x18\
U!\x0d[\xf3W\xa6\x5c\xfe\x97\xafm\xfb\xda\x19)\
\xd6;\x1e[tB\xe76\xba\xf4\xb6w\xd4s\x91\xb8\
\x05\xa0\x15\xcc\xac2\xb4\xdd\x89;\xa1\x90B\x90e\xc3\
`z\xfc\xbe/}\xf2{g\xfb\xe6^\x0a[\xbe\xf1\
\xf6\xbe0\xc0\xaf\x12\xd1-\x00\x07\xd9\x8ep\x969\xa9\
\xc8B\xa9\x88\xbe\xbe>\x00\x0e\xd4\x9e\xa6j\xd2Eq\
dd\x18:I\x90\xc4\xb1\xe7\x92;\xb3N\xa8 \xe1\
\x9c\x01\x10\x02\x15\xbaI\xf0\x18\xdc\xa1g\xdf\x09\x9d=\
q\xa6\xb5\xa4 \x86\x92\x0aI\x92\xa0V\xabfN_\
\x98\xcb9\xce>\xf2\x5c\x93J\xc2\x82\x11\x1b\x0d\x80P\
,\x16\xd1\xd7\xdf\x8f(\x97C\xb9\x5cA\x12\xc7\x9e\x03\
\xd4O\xcaMw\xaa\x93\x04\xa9D\x5c\x5c\xaf7\x8a\xba\
\xda\x9c\xd0l\x92\xcfRq\x16\xd5Z\x15\xc3\xc3#\x18\
\x1aZ\x86\xfe\xfe~\xbf1inG\xaf\x88\xe2Sx\
Q\xe8\xab\xfd!\xb0|\xc5\x10F\x87\xc7\xb0g\xf7\xbe\
\xac`\x8a\x9b\x0a\x82\xc8\xf70!\x08\xfb\xf7\xed\xc5\xe4\
\xe4\x146_\xb1\x19\xf9|\xde\xbb\xa7\x12\x00\xe1\xb1\xc7\
\x9e\xc4\xef\xfd\xfe\x1f\xe2\xef?\xf1ILNN!\x9f\
/8\x02~\x12\xb0\xec$]\xc9\xa7 \x8dv\xeaS\
\xae\x18!\xe5+E\xc6\x08@p\x8bd\xadV\xc3\xed\
\xafy5\xde\xf9\xae{\xd0\xdb\xdb\x05\x80Q\x8b\xeb0\
\x96Q\x8bc\xd4ju\xb0e\xa8(\xc2\xe8\xd88&\
&&\x1d&4PP*pd\xfd \xec\xd9\xb3\x07\
\xdf\xf8\xc6\xd7\xb1o\xdf>0\x03\xb9\x5c\x0e0\x04b\
\xe9\x0a\x0c\x88\x00\x9b@p\x022eH=\x86;n\
\x5c\x8f\x9f\xbb\xfbf,\xef\x8a\x11b\x02\x11\xd5@\xac\
a\xc9\xc2B\xa1R\x13x\xe4\x89\x171^Q Y\
\xcc\x1c\xe8t\xd3\xc7\x0b\x15\xe5\x9d}'4}\xa7'\
\xbf\xa01\x10\xc6\xc0\xd8V&\xfb?\x0e>|\xff\xb9\
\xcf\xc9\xbcc\x07\x03\xc0\xeeG\x1f\xd5;v\xec\xe0\xa7\
\x1e\xfa\xd1\xd3O\xdc\xff\x83]\x17]w\xed\xe3\x11\xe8\
\xcfd\x14\xf6\x0aAQ\x18\x86\xbd*\x08\x84P\x0a*\
\x0c\x10\xa8\x80d\xd0 \xb7O)\x97\xd2vK\xb5\xea\
\xd3\xb1\xe6\x82 \xadl\x1f\x8dq8\x87\xb3\x06\x07O\
\x01\x800\x8a\xd0\xd3\xdb\x83\xe1\xa3\xc3\xd0\xf5\xd8\x15p\
r\xc3\xa9J\x9f\x00\xf1\x1c\xa7jv*\xdbz\xc4\x82\
N\xe8\xac\xf9\xf4\x04\x9dP\xa2\xb9\xb7)\xd9<$\xb2\
,N\x8a\xb5N\x1d\xd3\xb9\x9c\xd3T\xa5-\x8d@\x1f\
;\x16\x9c\x0e\xa6\x06/\xb1gUM\xcf\xbd>\x1f\xe0\
\x13\xd3\xd3\xd3\xa7\xb5H\xae\xf4\xd6\xf0\xc7\xeb\x0b\x17\x1d\
\x06\xe8\x0e\xc3F\xe2\xd8\x15\x0d1\x11}I[\xfb\x7f\
\x8ca\xf1\xf5\x7f\xfa\xf2\xe8\xe9\xbc\x96\x13\xb1E't\
\x1e{\xf8\xe6K\x92\x1bs\xfd7\xabH]\xa6\xb5\x09\
\x18Ll\xfd\xa2\xce\x0b\xa7h\x9b\xf7\x97\xc62\x07A\
$\xd8X\xba\xff\xcb\xff\xf4\xf1\xb3}o/\x81\xd1\x92\
\x95\xab7\x01\xf4~\x10\x0f\xb8\xf8Zk\x83EQ\x04\
c\x0c,\x08\xc6\x1a,]\xba\x1c\x85|\xc1\x17\xc18\
\xe7$\x8a\x22\x18\x9d\xb8\x82\x90#G`-{\xfeJ\
\xa4\xa8F_Q\x99:-\x0eE\xea\x0e\x89V\xa7L\
\xb4\x1c\x84\x86\x1aG\xcao\x07\xc0\xe3\x9c\x04\x98%,\
\x9c\x14\x9d \x81\x5c\xe4\xb0\x94\xb0\x9e\xf7\x8e\xa8\xed\xec\
\xad\xbf\xdb\xb6\xc8`\xfbaql\x1e\xc59\x9a\xf4\x98\
\x07\xdb\xb6\xf7\xf8Hd\x16\xc2g?\x91[\xa7:5\
19\x85\x5c.\x8fB\xbe\x880\x8c\xa09q\x8a+\
\xa1\x02dJ\x18\xcf\x90B\xa2\xab\xa7\x0f]\x9d\x9dN\
\xdb}z&\xa3o\x02\x08\xd6\x1a\xaf\x8b\xed\x9c5\xcb\
\x8e\xb8]\xf8\xf6\xf51\x98\xecJ\x88)+zqN\
\x9b\xa3\xa2)\xcfL\xe3\xd0\xa1\xc3X\xb3z\x15zz\
\xba\x1c\x95\x0b\x1bW\xe9\xad5\xc2 \x043\xa0\x93\x18\
\xc6Xt\x95:Q\xaf\xd5\x10\xe5\xf3X\xbf~=^\
\xdc\xbd\x07/\xee\xde\x8d0\xca\xa3^\xabBJ\xe1\xa2\
\x82\xd6U\xc4G\xb9\x1c\x92D\xe3\x99\xa7\x9fF\xb1X\
\xc2\xe6\xcb/\x07\x91B\x9cX|\xe1K_\xc6\x7f\xdd\
\xfa\xdf\xf0\xd0#\x8f \xcc\x15\x91\xcb\xe5A\xd2y\x93\
D\xca;\xa2\x9e\x19\xc0\x01H\x91\x91b{V\x02\xeb\
y \xd3N. \x10\xd7j0:\xc1\xaaU+\xd1\
\xd7\xdb\xe3yR\x13\xccT*\xb0\x96\xc1B\xa0V\x8f\
1<2\x86\xc9\xc9iXk\xa1(@\x148YS\
\xa35\x9ez\xea)|\xeb\xdb\xdf\xc2\xe4\xd8$Re\
)\xc7\xcbM0\x89E\xa8\x22$q\x1d \x03]\x9b\
@d\xc6\xf0\x8e\xd7n\xc6{\xdfs\x0b\x96\xe4\xa7\x90\
\xe72\x14bG\x92\x0f\x0b!4\x0c\x03\xb9B?\x9e\
xz\x1f\xf6\x1f\xa9\x03\xa2\x08\x0b\xe9}\xe9\x14gq\
l'\x94\xda\xfa{;\xe9\xe7\xb1{+\x8e\x1de\xc5\
\xfcNh\xa6|\xd4\xd8lZ\x00\xd3 |\x8a@\x8f\
\x8d\x97\xeb\xff\xf5\xc8\x13\xdf\x9b\xc4i\x8a2\xbd\xc4\xc6\
\x00\xb0\xe3\x81\x07\xc6\x1f\xf9\xc1\x0f\xa6/\xdb|\xe5w\
\xe3X\x7fLE\xe1\x92\xd8\xe8\x8dR\xa90\x08C\x04\
a\x00m\x0c\xa5\x85HJz\xe8\x84\xa0\x86~\xbcS\
\xf7\x80\xf0\xf3`c^\x11\xd9\xd3k\xcd\xaa7x3\
\xd9O\xa1\xc6Z\x186(u\x94\xd0\xd1\xd1\x89\x9d\xbb\
^\x806&\x83\x7f\xb8H*\x1c\x0c\x06\x98\x93\xeeN\
6\xb9a.\xf9\xe0'@j|\x9f\x03\xcc\x88\x96H\
c\xf6\xb7\xf4h\xe3\xa5\xe5YG\xa3O5;\x91B\
\xf8\xcf\xca\x00B*\xc7\xda\xa1\x14Rx\x83H\x0b`\
=\x04(=\xac\xcf\x82e\xec\x18$`\xd8\x80\x84@\
\x90\x8b\xa0\x93\x18\xc5R\x11\xdd]\x9d(\x16\x0b\x10\x81\
\x93\xc8\xb4LH\xb4\xf6<\xd3\xcea\x87E672\
[\xc1\x84 \xca\xe5\xbf06|d\xf4t\xf6\xd3{\
.\xb9\x87vO\xd3\x0b\x1d\x9d\xb46T\xc12\x01Y\
$\x12LB\x90\x84\x00[\xd8\x5c\x94O\x84\x90\x09\xb1\
\xfdG\x02>mL\xf9{\x93\xb5\xd1\x89\xed\xdb\xb6\xbf\
T\x98\xe9Y\xb6\xe8\x84\xceg\xdb\xb7\xe3\xe6;\xef\xd9\
\xa8\x94\xdc\xa4\x13\xdde\xd30K[G\x9f\xcf\xa8\xf5\
\xff\xae*\x87D\xf5\xba;\xdfy\xdf\x03_\xfe\xa7\xc3\
g\xfb\xf6\xce\xa8m\xda\x14\xf6\x07\xa5_\x03\xe8\x8d\x00\
\x82\xb4\x0d\xda\xdf\x96\xaa!\xe5r9,\xe9_\x82 \
\x082\xde9\x80\x9d\x1693FFFP\xafU}\
[\xfa\xa9t\x1e`z\xe3\xf7\xe3\xad\x9e\xe7l\xfd\x04\
\xfc\x1c\x99N\x1e\xdeyb\x00\xd2k\x9e\xa5\xf0\x81\x85\
(\xa0\x16ZdO\xbb\xf1\xb1\xfe\xe0\xda3U?\xb1\
\xd6\x22N\x12LOM\xa1P\xc8#\x97\xcfC)\x89\
\xc4h$FC\xfaH\xa3SBq\x93i\xa9\xb3\x03\
\x03\x03\x03\xc8\x15r\x98)\x97Q\xa9\xd5\x10(\x17\x05\
4\xd6\xf8hK\xfa]\xc7\x0c\x1a\xcf\xd9>a\xa00\
91\x81\x99\xf2\x0cV\xadZ\x8dR1\xef4\xef\x01\
\xc0:j'f\x86\xd5\x06Z'\x08\x83\x00\xb9\x5c\x1e\
\xda\x1atuvc\xe9\xb2\xa5x\xf2\xa9\xa7091\
\xe9\xa8m\xd2\xe1\xca\x94\x85jT\x18A'\x1a/\xbc\
\xb0\x13\x17\xae\xbf\x10\x17\x5cp\x01\xfe\xe5_>\x87\xff\
\xf1{\xbf\x8fC\x87\x86\x91+\x94(\xe2r\xdd\x00\x00\
\x80\x00IDAT \x94\x02\x84l|\xb6\xc92\xc7\
9\x8b\x029\xcc\xa9m\xbb'\xe1\xab}\x99\x81j\xa5\
\x82\x9d;w\xe2\xa2\x0b/B\xb1X\xc0\xe4\xcc\xb4[\
\xd8\xa4@\xbd\x9e`\xba\x5cF\xb9\x5c\xf1\x85Q\x8c\x5c\
\x18A*\x09\xad5\x1ex\xe0\x01\xfc\xe0\xbe\xfbP\xa9\
T\xda\xd8 \x08F\xc3\x13\x94\x03IR\x83\xb6\x15(\
\xd4\xf0\xf67\xde\x88\xb7\xbd\xf1Zt\x85#\xc8a\x1c\
\x01\xd7!\xa0\xfd\xc6\xc1\x00\xc2\x82Y\x02\xb2\x84\xe7^\
8\x8a\xa7w\x8dBF\xdd0,<\xd4\x22\xcbg\x1e\
\xf3\xf9\x9d*N\xfaD\x9d\xd0T~3{]P\x1d\
\x04\x03\xa6=\x00\xffN\x8d\xe3\xbfx\xf1\xc7\xdf\xf9l\
et_\x1d\xe7\xa7\x03:\xcb\x1e}\xe0\x81\xda\xe3\xf7\
\xdd\x97\xac\xbd\xe5\xd6\xeft\xe6\xc2{M\x9c\xac)\x95\
\x8a}\x869J\xf9q\xa5K\x17\xb9\x8c\x86\xa0L\xb9\
\xabAe\xd4\xde\xd0M\xa3\x94g\xff\x1d\xfe\xef\x94\xfe\
\xc7\xff\xb2d\x89\x83\xe6\xbc\xf8\xe2\x8b(\xe4rYJ\
^4\xd1\xef\xa6\x99\x80y\xce\xda6%\x9dX\xff9\
\xd9\xfe\xe6\x84\x1dT\xf6\xd5\xc2\x17/\xa6\xb2\xc1R\x08\
\xcf#\xdd\xda\xdf\x09\xdc\xe2\xf4B\xcal}\xaa\xd7j\
\xe8\xee\xe9\xc6\x9b\xdet'\xae\xb9\xe6\x1al\xbc\xf8b\
\x5cx\xd1EX\xb3f\x0dJ\xa5\x0e\x8c\x8d\x8f;\x82\
}n\xda\x9cf\x99@\x06\x80\xa2 \xb5\xb4\xbbc\xd9\
W\xc7\xc7\x0f\xd5O\xba\x83\xb4\xd9\xf6\xed\xdb\xf9\xc1\xaf\
|\xc5t\xbc5\xf7\xa5\xf5\x85K\x1e\x13\x8a\xfa\xa4\x10\
y\x122\xaf\xa4\xac\x83y\x0aD\xf7\xc7:\xfe\xd4t\
\x8d\xff\x0bt2\xfe\xa1\xbb>0v6\x1dP`\xd1\
\x09=\xa6\xddz\xd7\xbb\x02\x19\xa87\xc4\x89Y\xc2\xa9\
\xffs\x12N(\x03l\x98IJ\xa5\x14\xf8\xe3\xf7\xbd\
\xcc\x9d\xd0\x15\xd1\xfaP\xe4\xd5\xeb@|\xbd\x93\xfd\x9d\
\xbf\xb5\xb4\xb1\xe8\xed\xedE_o\xbfk\xab\xec\x8dn\
\x12\x88k5\x1c:t(\x03\xad\x9fN'\xb4\x91\x92\
rzD\x8d\xefw\x11oW\x1c\xe3S\xc1\xd6\xed\x82\
\xd3\xc9\xa9)\xb52\xe7\xf7\x9f[Nh\xe3\xf7\x14\xbf\
\x18\x06!,[\x8c\x8c\x8e\x00 \x84\xa1\x93\x16\xf4o\
\xca\x14^\x9c\x06\xbc\xe3q\x0dr\x81#\x8c_\xb1\x02\
D\x02\xd3\xd3\xd3Pa\x08%\xa5+\x84\xc8\x22i<\
\xcb\x81\x9buu\xed\xcf\xcf\x13\xe2\x1f9r\x14\x87\x0e\
\x1e\xc0\xf2\x15+\xd0\xd9\xd9\xe93\x0fit\xdaE\xbe\
\x8d\xb10\x96\x11\x86\x9e\xfb\x93\x81\xae\xaen\xf4\xf6\xf5\
\xe3\xf1\xc7\x9f@R\x8f\x1b\x11`\xbfB\x0a)\xa0\x93\
\x04\x81\x92\x98\x9e\x9a\xc6\xce\x17^\xc0\xee=\xfb\xf0\xb1\
\xbf\xf8\x0b\x1c=2\x82\xee\xde^\x04Q\x0e\xb5Z\x1d\
A\x94s\xf8\xd8T=\xc9G\xad\x8d_T\xdcAY\
\xf1o\x86_f\xa0\xe1\x8a\xbb\x08\x8c\xd6\x06\x13\x13\x13\
\xd8\xf3\xe2n\x0c\x0d-G\xa1T\x82\x10\x0a\xd5Z\x1d\
\xd33\x15T+5\x18c!@N\xb1J\x85\x18>\
:\x8c{\xef\xbd\x17\xf7?\xf0\x00\xd82\xc2 ly\
\x9c\xcc\x80\xf4\xd8>cj\x90RC\xca\x04\xef\xfd\xe5\
\xf7\xe0}\xbf\xf4.Dr\x1a\x1c\x1f\x86B\x19\x12\xb1\
sB)u\x95-,\x02\x90,`\xbc\xc2x\xf0\xb1\
\xdd`Y\x82\xa1\x00L\xd2G~\x8eo\xec\x9cRw\
]\xf8\xe3\x99\xe6\xfb\xec\xe9\x83\x98\x802\x11}\xcb\xea\
\xea\xdb\xac\xac<\xb6\xe7\xc7?\x1c\xc5Y.@:S\
\xb6c\xfb\xf6\xe4G_\xff\xe6\x9e\xcd\xb7\xde\xf6\xb8\x08\
\xe8\xa3J\xa8\xf5\x8a\xc4*\x08\xa1T\xa0\xa0\x84 \x08\
'{\x0b\xbf\x89O%2g\xcf\x83\x0b9\xa1)\xd1\
\xbc\x1b\x8f\xd6oLlb\xb0|\xf9r\x8c\x8d\x8ec\
r|\xd2\x8dW\xca\x04\xbe\xd2\xad\xcb,\xbd\xf9\x16;\
\x03N\xe8\xfc\x8a\x85\xd2\xcf\x19n.\x0b\xc2\xc8eh\
Hx<\xba\x8f\xc3\xa6\xd5\xf9s\xb6S\xd3\xe1\x8b\xc0\
\x98\x19\xd6\x18\x5c}\xcd5\xb8\xee\xdakQ,\x16\xa1\
\x94B\xa1\xe8\xe0dCC\xcb1::\x82\xa3\xc3G\
\x9dZYz\xb6\xa6\x8d+\x00\x12\x90\xeb8\xa0\xed\xe3\
\xc3\x07\xf7\xe24o\x9avl\xdb\xc1_\xf8\xf8gv\
\xbd\xfe\x9do\xdak+\xf6\x8f-\xecn\xa1\xe4\xff5\
\xd6~\xa7&\xea\xffS\xcc\xd4\xee\xff\x8d\xb7\xbdo\xf2\
\xab\xff\xf8\xc5\xc9\xd3\xf9\xbd'k\x8b\xd5\xf1\xc72\x8b\
C\x041\xe6\xe4\x10\xc5,\xee\xad\xe35\x02\xc8\x18\xc3\
\x22BI@\xbd\x06\xc0\xa3g\xfb\xd6\xce\xa4\x85}r\
%\xc0\xd7\x1c\x8b\x96\xc9Z\x0b\x22\x09\xc0 \x9f/\xcd\
\xf1:\xa0\xc0\x18\x1b\x9b\x04\x1b\xebp;p8\xc0\xd3\
\xb5\xd6d\xf4\x1f\x82\xe6$pa\xdb\x98Dj\xb5\x9a\
\xc3_\xa9\xe3\x8d\xb0\x9e\xbb&\x89`\xb4v4N\x00\
\xf6\xee\xde\x8dZ\xad\x82\x15\xabV\xa2\xd0QD\xd5c\
:\xb3Jor\x1c\xa1\xdaZ(%Q\x8a\x8a\xb8\xec\
\x8a\xcb\xb0z\xd5*<\xf7\xfc\xf3\x1892\xe2\xe6\xe9\
S\x98J\x8d\xd1\x88\xe3\x18R*\xec\xdc\xb9\x13\x1f\xff\
\xf8\xdf\xe25\xaf\xb9\x1d\x97\x5cr\x09J\xa5\x22\xd8X\
\xe8z\x0d\xcc\xae\xa8bjr\x06B(,Y\xb2\x04\
\xb5DC)\x89\xab\xaf\xba\x02o\xb9\xf3\x8d\xf8\x97\x7f\
\xf9<\x928\x86mZX\xaa\x95\x0a\xf2\x85\x02`\x0c\
\xa2|\x09\xcf>\xfb\x02\x1e{\xec)\x14\x8bE\xf4\xf6\
\x0f 1\x16\x5cO\x00\xa1\x10\xc7\xb1\x07\x90x=u\
/I\xd8\xda\xeb\x1a\xc9\xcdf\x12m4\xfe\x0a)\x14\
d\xa4 d\x01\xcf\xbf\xb0\x0b_\xfa\xcaW\xf13?\
\xfb3\xb0p\x95\xee\x95Z\xd5-\x90A\x00X'\xbb\
z\xe0\xe0\x01\xdc\xfb\xed{\xb1\x7f\xff~\x14=\x8f\xe8\
\xac\xcaV\xc1\x90$`\x92\x1aj\xb5\x19t\xf7\x16\xf0\
+\xef\xff\x10\xde\xf3\xee\xbb\x10\xd28P)bz\xc6\
\xc9}r\x8a\xf24\x00\xc8\x8d\x1f\x01\x8bXW\xb0n\
\xd5 \x8a9`$)\x03*\xc2\xb9\xba\x1c4\x13\xd0\
\x13\xc108\x01\xe8\xdeJ\xb5\xf2K\xfbw\xdc?\x81\
\x97\xa9\xf3\xd9\xdc\x04\x00\xf0\x97\xd6>\x86\x0f\xfc\x86\xfd\
\xed\xbf\xfc\xbdw\x95\xab\x85\xff_.\x8a~Z\x04\xaa\
;\xcaEH\x12M\x0e\x84\xe4S\xed\xc7\xe5\xd7\xb4\xce\
eN\x9a\x92\x01\x9f\xa1J\xd3\xeb\xcc\x00I\x01\x89\x00\
\xafz\xf5m\xf8\xdc?\x7f\x06\xd5\xa9\x19Hk\xe0\x05\
\xc3`\xda\x0b#\xed\xf1]\xc1Ke\xb3#\xeb\x22\xf3\
\x83S\xca\xbac\xbd\xdfX\x0b\x9d$\x10R\xa2P,\
b\xcb\x96- !055\x95\x91\xf6K)\xd1\xdd\
\xdd\x83\x9e\x9e\xde\xf9\x0b^\x89\x88\x99\x98\x89#\x01\xda\
\xb6n\xc3\xb5\xaf\xdf\xf5\xec\x83?\xc6\x19\xe8\xc3\xbf\xf6\
\xa6_\xfa\x81\xff\xef\x9f\x9d\x8d6?^[\x8c\x84\x1e\
\xc3\x96\x15\xdf1\xd1\xbd\x96^m\x19\x97Y\x1f\xe0\x99\
\xcf\x0d]\xa80\xc5E\x99\x98\x02\xa5\x1e\xff\xfe\x17>\
\xf1\xcd\xb3}og\xd2\xfa\x97\xad\xbd\x8a\x89\xde\x01\x16\
\xfdh\xa0/\xd1\xbc\xb3\x14B\xc2h\x8d\x5c\xbe\x88\xd5\
\xabW\xc3pC|-\xddW\x07*\xc4\xd1\xc3\x87\x1c\
\x01y\xca\x1d\x99\xca\xb4-\xb8\x1d\xc8\xf6\xe6h\x8fZ\
\xb6[3\x96)\x8b\x84\x0a\xb7cNq\x04$\xc9I\
L\x0a\xaf\xe7L\x0bD\x83N5Rd[1v\x0b\
\x1e\xb3\xbe\xbe\x0dC5\x87\x0b%|\x11\x0310:\
2\x8az\xb9\x0a%\x14z\xba\xba\xb3g\x91b]E\
\xe0pf\x0c7!\x93\x90\xc8\x17\xf2X:8\x80\xfe\
\xde>\xccLOA\x00\xd0&\xf1\xd0\x05\x86\x10\x04!\
\x1d\x91\xb61\xa6\xf5\x82\x9b\xda'\x15\x1fp43\xee\
\xb9MLN\xe1\xd9g\x9f\xc3\xae]/Bk\x83\xee\
\xcen\xe4\x8b\x05\xaft\xc5\x10R\xa2^\x8f\xc1$P\
,\xe4\x91$\x1a\x8a\x80\xe5CC\x98\x18\x1f\xc5\xae\x17\
_\x84$Bb5\xa4\x14\x902\xf0<\x89\x0e<&\
\xa5+\xfc!!a\xb8\x91VO\x0b\xafH\x05\xd0\xda\
\x22\x8cr(W\xab\x88\x13\x8d|\xa1\x88B\xa1\x88\x5c\
!\x97\x15q%\x9e\xf4?\x89c\x87%\xb3\x84 \x08\
\x1d\x0e\xcc\xa6\xf4M\x0cc-&&'0\xb4|%\
::K\xa8T*\xb0\xc6 \x0cB\x98$A\x14\xe6\
\xf0\xe2\x8b\xbb\xf1\xb5\xaf}\x0d\x07\x0f\x1e@\x14\x84\x80\
g8\x00;\xc8\x88\xf0\xf48Q\x14\xa1<3\x09\x9d\
\xd4p\xd1\x05+\xf1\x1f?\xfc[x\xdd\x1d\xafE.\
\x10\x10\x88\x11\xca\x1a\xaa\xd3\x87\x00]F -\x04[\
\x8f]\xf5\xb8\x5c\x12\x00$\x8a]K\xf0\xed\xfb\x9f\xc4\
\xe8\xb4\x01\x89\x12\x80 \x8bdI\xc8\x0c\xcf;\xd7?\
n\xe7Q\x9c\xa3\xc2\xb8\xb5\xda\xb8\xad\x7f\xcf3<x\
>\x1a\x0d\x22\xeb\xe8\x97\xf0\x14\x11}k\xbc\x5c\x7f\xef\
\xe1g\xee\x9b\xc2i\x8e\x22\x9d\xd3\xe6\xab\xa07\xdc\xf4\
\xbah\xc7\xc4\xd4\x97\x06J\xb9\x9d\x82q\x81\x10r(\
\x1f\xe5 \xa5\xa4\xb4\xfa]\x0a\xe1\xb3\x13^\xee\x92\x9a\
\x0b\x05\x09\x94IQ6a5S\x5ch\x9a\xf6\xe3&\
QL&0\x13:;:!H\xe2\x85\x9d\xcf\x83H\
 P!\xea\xb5\x18\x92Ri^j\x8a\xa4:\xcb\xe6\
\xb2f;\xc9H\xe8|\xfdJ\xc9\xd0s\xa4\xbaC\x85\
Ne*=\xc2 Bb\x0c\xb41\xb0\xcc\x08\xc2\x10\
\x83K\x87\xf0\xea\xd7\xdc\x8eUk\xd6`\xff\xfe\x03\xa8\
\xc5\x89S\xf7M1\xb5\x822)\xd5$\xd6\x90A\x88\
j=\xc6\xb5\xd7]\x87\x0b/Z\x8fDk'\x22\xe0\
S\xfc,\x08\xf5z\x8c\x99r\x19\xcf>\xfd,\xac\x05\
\x8ce\x04R@d\xb2\xf3i$Z\x02\x10\xa1\x94\xe2\
-\xbd\x83\xcb\x8f\x8c\x1d=\xf0\xf8\xd9\xee^g\xcb\x16\
\x9d\xd0c\xd8\x8e{.\xa1\x1b\x0b\x83\xcb,\xf3\x1b\xad\
\xc7x\xcd\xe7\x86.\xe4\x84j\xad!\x89\x10D\xa1\xb9\
\xf6\xcew}\xf1\xfe/\xfe\xe3\xcb\x93/t\xd3\xa6\xb0\
'\xe8\xfc\x00\x98n\x87\x0f\xad\xcc\xb5\xa8\xb0w$\xba\
\xba\xba\xd1\xdd\xdd\x93\x91\xaf\xa7j\x14\xc4\x8cr\xb9\x8c\
\x89\xb1QW`\xd2\x92\x8e\x9f\xed\x84.\x94\x8e_\xc8\
\x09M\xbf?sB\xc9\xa7\xe4\xe1R\xb2\x82\x5cD\xcc\
\x1a\xed\xd4\x9d\xa48\xf6yO\x95[\xf44/\xads\
\xc7\xf1\x1a.\xbf\x22\x81\xcaL\x19\xb5\x992\x92D\xa3\
\xb3\xbb\xcbEC\xads^2\x80\x7f\x0a\xd4\xf7\xce\x95\
\x90\x12\xa5R\x11+W\xad\x00\x91D\x92$\xa8'u\
7L\xd2gj\xd3\x08vK\xf9k\xf3\x03\xf0\xce\x16\
e\x8b\xa4\x92\x0a\xc6X\x8c\x8e\x8e\xe0\xb9g\x9f\xc5\x13\
\x8f?\x8eJ\xb9\x8e\x5cXpXH\x15@\x10\x10\xd7\
c\xa8@ \x17\x060\xc6\xa0\xab\xab\x03\x83K\x07\xb1\
\xff\xc0\x01\x8c\x8c\x0c\x03\x94V\x057\xd2\xe4M\xe54\
Y!\x5c\x03\xd7\xe9\x8a\xa6\x0c\x03\x1a\x0c\x19(\xac[\
\x7f\x01\xae\xbe\xeeZ\x5cq\xd5\x95\xb8\xfa\xbakq\xc9\
e\x97\xe1\xc2\x8b6`\xe3\xa6K\xb0d\xc9\x00H\x10\
*\xd5\x0at\x1c#\x0cC_\xb8\xd1\xa0ob\x06T\
\xa0`\xad\xc5\xf4\xf4\x0cV\xaf^\x8d PY*\xd0\
X\x8bG\x1f{\x1c\xdf\xfa\xe6\xb70==\x9dI.\
\xb6u(H\xaf\x01^\xad\xcc\x00lp\xdd\xb5Wa\
\xeb\xd6\xff\x84-[6\x83\xc8BI\x82@\x0265\
\xe8\xcaQp<\x05\x05\x0d\xf2\xc4\xe1\x0d\xc7\xc0\xe5\x14\
\xac\xca\xe3\xd1g\x0fc\xf7\xc1I\x90\xec\x82E\xd8\xc0\
\xb5\xe2\xd8\x11\x7f^\x08\xf4\xbbP\x7fl\x1b\x1e\xdc\x16\
:j*<2>~\xf4\x10[\xfe\xab:%\xbf\x99\
\x0c'\xff|\xf8\xc5\xfb\xca\xa7aX\x9c\x97\xf6\xc87\
\xbf\x19\xef\xde\xbe\xdd^\xfd\xba;^P\x01\x7f\x0d\x86\
Ka\x10\x0cJ!;\xe0g,\x9b\x02\xdd\x1b(\xda\
\xa634\x0a\x17\x01\xf8\xff{\xe8\x11\xdcBG)\x9e\
\xd1\x7fB\x05\x01\xe2$\x01\x09BGG\x07&''\
p\xf8\xc0!Da\x94\x15w\xb6\x14\x9cY{l2\
\xcdSpB\xe72A\xad\xae\x0c\x89\x86\x93\x0d\x10\x12\
k`\xadE\x92$(\x16\x8b\xd8\xbc\xf9*\xbc\xe1\xf5\
o\xc0\xda\xb5k1\xb4l\x08,\x80\x03\x07\x0eBk\
\xed6j\xc2\xcd[\xda\x18h\xad\x1d,\x81\x046]\
|1n\xbd\xe5V\x84a+m_\x965\xf2\x18\x9d\
\x1dO=\x05k\x0c\x94\x92 \xa9\xd2\x92/H\xe7<\
\x13\x84$&\x10I\x91'\xa1n,\xf4-\xff\xeb\xa9\
\xe1\xfdg\x8d&\xe9l\xda\xa2\x13z,\xdb\xbe\x9do\
\xb8\xe3'\x0b\x00~\xca0$\x9dB$\xd4/\xd8\x14\
\x04a\x87`\x1c\xfe\xfe\x17>\xf1\xd0\xd9\xbe\xbd3a\
C\xc1\xaa(,\xe6~\x16L\x17\x03\x9egy\x8e\xf6\
\xd0\xbe\xaaz``\x10\xf9B\x01&U\xb9\xf0\xef\x95\
D\x18\x1e9\x82r\xb9\x0cf\xe3\xb0v^\xcb\x1c\xc4\
'\x8c\x09=\x19'\xd4\xfdLy\x13S}y\x0bk\
\x0c\x02%3\x1a\x949\xed\x1cwBS\x9e@\xe1\xb1\
NJJDa\x04\xb6\x16\x93\xe3\xe3\x98)\x97Q\xc8\
\xe5Q\xc8\xe7\x1d%\x96\xa7(I\xebU\xdd\xedY\xcf\
1j\x11D\x01\xfa\xfa\xfb\xb0bh\x08\x85\x5c\x0e3\
\xd3\xd30\xcc\xd0q\x8cyB\xb5\xcd\x0f\xa0Qi\x9b\
\x96\x82\xf9\x82\x07\xcb\x801\x163\xd33x\xea\xa9g\
\xf0\xe3G\x1f\xc5\xe1#G\x10\xeb\x18a\x18\xa1\x98\xcf\
A\xeb\x04\x1d\xc5\x22\x88,\xe28F.\xcac\xc9\xc0\
\x00\x9e}\xf69LN\xcf\xb8\xf3\x93S<i\x0d \
{\x074{\xd6\x94\xf5\x81Z\x92`\xed\x05\xebq\xdb\
\xab_\x83\xcb7_\x81\xfe\x81~\x14;JN\xd7[\
J\x84Q\x84b\xb1\x03\x03\x83\x83\xb8\xe0\x82\x0b\xd0\xdd\
\xd3\x8d\xe1\xa3\xc3\x18\x1b\x1dC\x14E`\xeb\xda6u\
D\xb5\x8e\x11\xa8\x00##\xc3\xe8\xed\xedF\x7f_/\
\xd8Z$Z\xe3\xc1\x1f\xfe\x10?\xf8\xc1\xfd\xa8T*\
\x99\xa6x\xbb\x13j\xb4K\xcbW*\x15\xe8$\xc6\x9b\
\xefz\x03~\xfb\xb7\x7f\x03\x17\xae_\xed\x22-\xd2\xa5\
\xd2]\xad\xb1\x01\xd5\xa7P/\x8f\x83\x92\x1a$\xb4\x8b\
gq\x93P\xa9`\x18\x95\xc3\xd1)\x89\x87\x1e\xdf\x0d\
\x11\xf4\xc0\x22\x07\x12\xca\xb7\x85\x9d\xa5\x17\xdf|\x9cr\
\x7fL\xfd\x9f91\x9f\x80\x10\xa4\x89`\x99\xe9E\x80\
\x9f\xb3l~\xaezt\xe6\xab\x07\x9e\xff\xe1\xc4\xd4\xd4\
\xfe3\xa6\xff~>\xd9\xad\xafyM\xee\xf7\x7f\xf5\xdf\
\x1c\x1dP\xd1\x97\x96\x5c\xbca\x92\xc0\x97K)\xbb\xdd\
\xa6\xca\x17\xc2\xb4\xf0^\xa6\x96\x96\x927;\xa1i\xe6\
\x08>\x12\x9a\xd2\xbb\xb9\xf1!\xa4p\x10\x17\xcb\xc8G\
\x11\x0a\xb9\x02\x0e\xec?\x88\xa4^sc\xd6C\x97\x88\
\x5cAcs!\xfc\x5c\xc7\x89b\x8a\xe7sBE\x16\
\x15Mo\xc4G\x8a\x84\x02\xb8\xe1\x84\x1a\x9fM\xe8\xeb\
\xeb\xc7\x9dw\xde\x85\xeb\xaf\xbb\x1e\xf9B\x1e\xd6Xh\
\xa3\xb1\xf6\x82\x0b`\xc1\xd8\xbbo/\xa4R\xa8Vk\
\xde\x09'@H\x94\x8a%l\xb9\xfaj\xbc\xe6\xf6\xdb\
\xd1\xd3\xd3\x83\xc4$-\x90Q\x97mr\x9b\xdc|>\
\x8f\xbd\xfb\xf6a|r\xc2\x15U*\x05!\xdc\xc8\xcc\
\x82\x1b\xc2\xd7\x1c\xb8\x85*\x92B.\xe9\x1c\x5c\xf3\xe4\
\xe4\x91=\x13g\xbb_\xbd\xd4\xb6\xe8\x84\x1e\xc3\xee\xbe\
\xfbn\xa9\x86\xd6\xc6\xa1\x8a~\xceZS\xf0>\xe8\x9c\
\x8e\xe8BNh\xa0\x14\x09\x97\xe2\x95Z\xeb\x17\xef\xbb\
f\xe37\xd2\xf4\xca\xcb\xc8hp\xfd\xfa\x0b\x09\xe2\x9d\
\x16\xb4\x1aMA\xd0Y\xf0\x84@!\x0a#\xf4\xf4\xf4\
:\x82\xfa\xa6zL\x02\x90\xd4\xeb\x18\x1b\x1fE\x12\xd7\
\x00\x00\x0d\xa53_\x95\xf9\x129\xa1\xa0trMS\
\xd8\xc2S\xdd((\xa1<]\xd7\x5c-qn;\xa1\
\x19\x13O:\xb9{\xee?b\x06[F\xadV\xc5\xe4\
\xa4K\xb1\x97:;\xb3\xea\xec\xe6\x87\xd9H\xf5s\x96\
\xfa\x0bB\x85\xee\xde>,]\xb6\x1c\xf9B\x11\x16@\
-\x89\x91\xb0\x06\xd0pb\x9a{\x85`n\xa9\xa6g\
\xeb\x0a\xa1\x00d\x144\x02\x12B\xba\x14\xf8\xe8\xe8\x18\
\x1ey\xe4\x11<\xfd\xcc\xd38zt\x18\xe3\xa3cP\
R9\xcc'\x13\x8ce\xf4\x0f\x0c \x8crx\xe1\x85\
]\xd0:\xbd\xf7v\xdc&\xc1R\xe3\xb9[\xaf\x9e\xc2\
\x10\xb8\xf2\x9akq\xdd\x0d\xd7\xa3\xb7\xb7\x17V\xb8E\
\xcc\x82\xb2\x83=\x94!eS\xe8\xeb\xed\xc7\xb2\xa1!\
\x8c\x0c\x8fajb\xca\x15t\x81|\x95\xbe\x05\x09\x01\
c\x12\xa7\x15_)c\xc3\x86\x8d0F\xe3;\xdf\xfd\
.~\xf4\xa3\x1f\xb9\xca\xf8|\x0eB\x08h\x9d@\xc9\
&|&9\xba\xaa\xb8VEgg\x09?\xfd\xd3\xef\
\xc4\x87>\xf8~\x0c-\xeb\x85$ I\x12W\x1c\x86\
4:\xcf\xe0d\x0a\xb5\xa9\x11P2\x0d\x05/\xeb\x89\
\x94\xf1\x80Ada(\x8fr\x9c\xc7\xf6\xef?\x0eV\
}\xb0\x9c\xf3\xca\x84M\x0e\xc9\x19\xb2\xd9\xe9\xf8l\x0b\
\x92\x10\xc8\x82\xf0\x1c\x00\xad\x99o\xc7\xd4\xf4_\xeez\
:wtz\xfa\xfe\x97M\xe5\xfb\xe9\xb0\xfb\xbe\xf1\x8d\
\x04\x00\xee\xb9\xe7\x1e\xfa/\x1f\xf8\xb5\x1f\xbf\xea'\xdf\
v\x00D+\x94\x10\xcbM6\x93\xa5\xfeY\x9af\xf7\
\x0b\x98wB\xd9r\xa6\x80\x94E>}\x145\x83)\
\x91S\xb1\xa34\xe5N\x8cR\xa9\x04\x18\x8b}{\xf6\
\x80\xb4+\xacCJa6\x17gh\x9b\x9d.'t\
\xee\xbf;\xda7\xc0\x17\x12\xf9\x97z\xfaz\xf1\x13o\
\xfd\x09\xac]\xb7\x0eBI\xd4\xe2:\xa4R\xd0\xd6@\
H\x89eC\xcb\xd0\xdf\xbf\x04\xa3\xa3#(\x14\x8b\x18\
\x1aZ\x8e+\xae\xb8\x02\xd7\x5cs\x0dn\xb8\xf1\x06l\
\xdcx1r\xb9\xc8\x15GZ\xd3v\x1d\xbe$\xd1/\
\x14+W\xae\xc4\xc1\x83\x07159\xe5\xe0F\xf0D\
\x85\xc2\xb1\x18x\x8cDz\xd1\x12$\xd6K\xf0%\x85\
`\xf9g\xa7\xa6\xf6\xcf-7\xf72\xb5E'\xf4\x18\
v\xf3\xcd\x1fRI\x17L\xa4\xc2\x9b\xc8\xf2zfC\
\xc2\xfb\xa1\xae\xc75\xa7\xf6Z\x8f\xf61f\x99\x99\x99\
\xc1\xc6\x08\x10\x15\xef\xaf\x1c\xfe\xf3\x97\x9d\x13\xbaiS\
\xd8K\x1dk\x84\xa0\xf7\x83\xa9D\x00\x09\xef\x85\x9a&\
|\x11\x83\x10\xd7\x13\x94::\xd1?\xb0\xc4;\x80\x04\
\xeb\x5c\x0d\x08A\x98\x99\x9e\xc2\xd1\xa3G \xb3\x14p\
\xea\xa0\xa6\x05!\xadmO\xd4\xfa;\xa7\x0eBz\xb4\
\xfdK\xab\xb1S\xbchK\xed\x22\xc8WQ:\xd0z\
\x0a\xf6\xa7\xec\xbb\x08\x896\x00\x08R\x05\xaej\x9e\x1b\
Nk\xe3<\xf3O\xb6\xd6\x18_\xed=\xf7\xb1\xd0$\
\x9d\xa5\xce\x8e\xf7\xe0\xf6\xfe)Z\xda\x8c\x5cQ\xac\xc3\
fz\xba%\x1d'\x98\x9c\x98\xc4\xe8\xd8(\x0a\xb9\x1c\
\xc0\x0c\x15\x85\x9e\xc1\xa7\x95\xc89}>\x9a-4\x1b\
\xa8|\x84\x8e\xbe\x1e\xf4\x0c\xf4\xa1\xd0U\x82\x05\xa3Z\
\xaf\xc2\xb0\xe3\x19\x94R\xf86\xb0\x19sa\xe3\xe6\xfc\
&\x82\x1d\xcfh\xba\xa2\xa5J/`\x86\x90\x02\xf5Z\
\x8c\xfd\xfb\xf7\xe1\x99\x1d\xcf\xe0\xa1\x87\x1f\xc1SO=\
\x8b\xf1\x89i\xc4\xb1\xc6\xccL\x15\xdd\xbd\xbd\xa8\xd7\xeb\
8p\xe0`\x03\x93\xea\xcf\xc5\xa25\xa5\xcc\x96\x00\xeb\
\x8ad7_q%\xae\xbf\xe5f\xa8(\xd7\xe0!\x14\
\xa2I\x1d\xca\xc1\x13,\x08d]\x84\x03V \x9f+\
ahh\x05\x0e\x1e:\x88\xc9\x891\x04\xa1\x84Nb\
G\xa5\x03\x86\x14\x8e\x12\xa6<3\x83b\xa1\x88\x1dO\
\xed\xc0\x93O<\x89P\x85\x9ez\xd4\x81H\x1d\x03\x80\
v\xbc\xa1\x82\xa0\xe3\x18\xb5\xda$\x06\x97t\xe17~\
\xfd\xd7\xf0\xee\x9f\xfaIt\x96\x0a\x10\xc2\xf5k%e\
V\x18BL\xaep)\x04jSG\x91T\x86\x11\xc9\
\xc4EG}\x06A\x80\x9c\xae5\x22\x04A/\xb6\xff\
\xe0\x11LT\x14DX\x02\x0b\xe9\xa3\xff\x0b`<\x1b\
\x0b\xe9\x9cG\x16\x5c\xcb\x8e\xec\xefL\x8e]\x9fSl\
\xb7;\x1dk\x12\x9c\x10\xf1} \xfc\x8d\xb1\xf8\xb0\x80\
\xf9\x93]\x8f\x8a\xa3\xe3\xe3\xf7\xd7\x81\xddg\x95F\xe6\
\x5c\xb6T1\xe7\xdb\xdb>\xf3\xf4k\xde\xfa\x8e\xefY\
\x98\xab\x85\x14\xcb\x89\x88\x04$\xc8z\xa5p_\xbeN\
\xd6+\xfe0\x1c6\xd4\xef\xfc\x9b\xe7@b\xa7qd\
\x89`\x0d\xbb\x8d\xa1q\x91A\xcb\x16\xb1\xd6\x18Z\xb6\
\x14\x07\xf6\xecA\xadR\x01\xb4nq&X\xd8\x0cZ\
3\x97\xcdr&E{\x1f\xe3\x96.\xd5>\x9f5\x8a\
\x06\x9bQ\x07\xe9\xbcI0\xd6K\xd7\x8bt\xbc\x13\x06\
\x96\x0e\xe2\xb5\xaf{=\x12\xa3QKbX\xc0\xa5\xe9\
\xe12s\x0c\xa0\xaf\xbf\x0fW\x5cy%\xb6\x5c}5\
.\xbd\xecR\xac\x5c\xb5\x0a\xbd}}n\x83\xeb7\xaa\
i\xc0\xa2\x05s\xef\x1dy\xf2E\x9c\x9d]\x1dX\xbd\
f\x15,\x1b\x8c\x8d\x8e\xc0\xb0u\x1b\xeaP\xa0\x1e\xd7\
\xdd9\xc8\xdf\xb8 h\x1dGA\x14\xf4\x07\x05\xf9\xbd\
\xd1C{\x0e\xe0\x15\xb4\xd9ZtB\x8fa\x0f?\xfc\
E~\xe4\x9b\x9f\x8fo\xb8\xe3\x9e-\x82\xe8j_\xce\
\xed\x8bl\xc4|\xe3\x0b\xc0\xec@\x18\xf9\xa8\xa0\xc3\xaa\
 \xbc\xa9\xb4\xec\xe1\xfb\xbe\xf4\xc9]g\xfb\x1eO\xa7\
\xad_\xb1\xb1\x97\x84\xf8\x0dbq#7\xa5\xe2\x814\
\xf5\xd9\xb00\x0c\xd1\xdb\xdb\xe3\x067\x04\x0c\xfb\x14$\
3\xb4N0>6\x8aZ\xbd\xe6\x0b\x5c\x1ax\xc2\x86\
\x13:\xf7\x8e\xb8\xe9\x0f\xc7\xbc\xd6Yp\x094\x17(\
\x11\xa4\xff\x86y\xa6P\xef/\xb0+R\x92\xcaM\x96\
n\xf6v\xe7[`\xa3?_\xf5\xe4\xbc\xf73\xfb\x0c\
'\xff\xa0\xe6\xfa.jkW\xdf\xcb\x99\x19q\xad\x8e\
\xa3\xc3\xc3\x10R\x22_(\xa0T(\xc0\x18\xeb\xd3\xe8\
.\x9d\x9f\xb6\xb7%\xc0\x0a\x87\xad$\x02\x82(@W\
W'V\xaeX\x8eRW\x09$\x04\xca\x95\x19\xc4\xd5\
\x18\x96\xad\xdbd\xf8\xe7\xcbi\xed\xd2q\xb4A\xc3\x81\
dXX\xd4\xca5\x1c9|\x04O=\xb5\x03\xf7\xdd\
\xf7\x00\x9e{\xe19\xbc\xb0\xf3\x05X\xebt\xe7\x9d\x13\
\xda\xf4\xe4gU\xcb\x02B\x08\xf4\xf4v\xe3\x86\x1bo\
BX(d\xe9y\xb7@\xa7\x91S\xca\xee-%\xa7\
'\x08(\x19B[F\xa9\xd4\x81\x5c.\x8f}\xfb\xf6\
\xc0\x1a\x03b\x86\x90\x04\xa2&^E\x00\xfb\x0f\x1c\xc0\
\xd1\xa3Ga\x8c\xf1P\x87\xc6\xb5\x08rtTJ\x12\
\x92\xb8\x8e\xa9\xe9\x09\x5cx\xc1Z\xfc\xfb\x0f\xff6^\
\xff\xba\xd7 \x0a\x05\x02%\x1bU\xf9\x9c\xe9\xb99'\
\x94,\xc0u\xd8\xea8t\xe5\x10\x14\xd5!XC\xc2\
B\xa4\x0a\xc4,`l\x08c\xf3xl\xc7^\x1c\x1c\
5@\xd8\xe9\x9c\xed\xf9QGM\x0f\xe7\xc4\xfa\x18\xcf\
\xea\xf0i(\x1eu\xb7\xb7\xa0\xe7\x98\xf1\xc7u\x1b\xff\
N0s\xf8\x9b\xbbv\xfcxb\xec\xf0\xde\x19`\xb7\
\xc5+hA>U\xfb\xd6\xa7?=z\xfb=\xef\xb8\
\x8f\x94\xb8\x88,\xd6I\xaf-\x97\x11\xdbq\xea\xbcy\
\xe7\x8c\x1b\xcc\x0f\xe9#b\xeb\x9d\xcd\x16^\xb0\xac\xb2\
\x06\x80\x806\xda\x15\xe9\x85\x11\x9e\x7f\xfa\x19\x90\xf5\xfd\
0\xfd\xae,\x11u\x9cN(\xcd5#\xcfo\xf3e\
\xbaR'4+r\xf5\xa7\x95R\xa2V\xaf\xa3\xb3\xbb\
\x1b\x83K\x97\x226\xbaUf\xd8\xb6\x06\x01\x9a\xdbf\
n\xe3\x05~'\xe4\xf3y\xac]\xbb\x16]\xdd\xdd\x98\
\x18\x1b\xc7\xd4\xe4\xa4+\x94T\x0a\xb9|!\x13\x03\x10\
B\xba,\xa9\x109\xb6\xb8\xa1\xabo\xe5\xf7&\x86\xf7\
\x1e9\x03\xdd\xe3\x9c\xb4E'\xf4\xd8F\x00\xf8\xc6;\
\xee\xe9\x0c\xc2\xf0j&\xf4\x82\x99\x5c\xea\xf1\xc4\x9cP\
\xffGv\x84\xe1PB\xe0\xbb\xf7}\xe9\x9f\x1e=\xdb\
7x\x1aMt\x0c\xac\x19\x90\x84\xb7\x03b\x13\xda\xea\
\x91f9\xa1\xf9\x02\x96\x0c\x0cBJ\xbf\xb8\xb3\x9b(\
\xd8jT\xaa\x15\x0c\x1f=\xe4\x17S c\xaf \xeb\
\x17~;\xabp\xe2T\x9dP_y\xe4e\xdfh\xc1\
\xc2\x0c\xeb\x0b\x96\xe0\xc9\xeb\x05!\xe3\x11\x05\xce\x1f'\
4\xfb\x9e\xd4\xa9\xf3t#\xe9kiE<\x8311\
5\x89\xd1\xe1\x11\xd4\xebu\xf4u\xf7 \x17\x86\xd9\xa5\
\xa4\xaaS\x99C\xea9=\xd3h\x97\x14\x12\xbd=\xbd\
\x18Z\xb6\x14\x83K\x06\x90+\xe6\x90$uL\xcfL\
C\x90KA3|*\x99-\x0cl\xcb?\x97A\xf4\
qlb4\x96DGd/\xa4\x82\x90\xa9v<P\
.Wp\xf4\xe8\xb0\x97\xbal\xb4\x95W)\x9d\xd5\x1f\
S\x99\xc2\x0d\x17n\xc0\x86K.\xf65U\xe9\xd9\xc8\
;oM}\x87\x5c\xf4;uT-;\x9a\x1a!\x81\
\xae\xeeN\x8c\x8f\x0dc\xf4\xe8a\x90\x12\x08\x84Dc\
\x13\xe5\xfb\x0f3\x92D#\x08\x02\x04\x81\x02l\x93\x0a\
\x8d\xbf\xceD'\x88\x93:n{\xd5\xad\xf8\xf0\xbf\xff\
w\xb8\xe9\xfa\xeb!%A\x08\x95\xb130\x5cd&\
U\xa6q\xdc\xe5\x06\x80F\xc05\xd4\xa7\x0f\x00f\x1a\
\x02\x09\xa4\xd7\x98O\xb1\xb1\x09\x14Hub\xff\xe1\x0a\
\x9e|\xe1\x08\x10v\x02B\xc1r\x8a\xbf\xe6\xf9\x8f\xe3\
\xf4By^\xae\x1a\x17d\x03\xe3k`|\x15d?\
\x5c\x1fI\xbe\xbe\xff\xf9\xfb\xc7\xc7\xc6\xc6\xf4i\xeb\xe0\
\xaf@\xfb\xd6\xa7\xfey\xf4\xe6\xb7\xdd\xfd\xd90\xc0Z\
0m$\x22\xe9\xb3M\xd9\xe0\xce\xfa\x7f\x0a\x03m~\
\x9c\xcdEK\x995\xf7~\x86T\x04\x9d$\xe8(\x14\
0|d\x18S\x93\x13M\xd2\x1e\x00H\xf8\x0d\xdb\xdc\
\x98\xd0\x05\x83\x08\xa7\xcd\x09Mq\xde\x84r\xa5\x8cr\
\xb5\x82\xf5\x17\xae\xf7\x1b_\xffM\xec6\xb2\xd6\xda,\
\xd2\xc9\xc4~\x8eo\xa8M\xa5\xd0\x84\xac\x05\xb91^\
3\x5c\xbb?\x12\xa3!\xa5\x84R\x0a===\xd8\xb0\
a#\x8a\xa5\x22\xc6\xc6\xc7@\xe4\xf8\xb1\xbb:\xbbp\
\xf9\xe5\x97\xe3\xd6[oE>\x8a066F\xb1\xd6\
\xa5 \x0ch\xf4\xe0\x8b_={=\xe8\xa5\xb5E'\
\xf48\xec\xfa\xd7\xdf\xd3\x17\xe4\x82\x0dl\xcdz\xcb \
\xb6L'\xe3\x84\xbaP\xa8C\x95\x0a\xc2\xf8}\xd7\x5c\
\xfc\xc5\x97OJ~\x8b\x1a\x5c\x16\xde\x05\xa6w\x83\xa8\
\x9b\xad\xcb\xc5\x03\xc8\x16\xbd\xccX\xa0\xa3\xab\x13]\x9d\
].\x02%\x05\x8c5\x08U\x08c4\xaa\x95\x19\x8c\
\x8f\x8f!\xcaE\xb0\xda\xd5 P\x13&\xd4\xc5\xa1O\
\xaf\x13\x9aN\xc2\xd6{\xa2\xc7\xe3\x84\xa6\xce\xa7\xb5\x16\
R\xc0\x17\x94P\xcb\xf9\xe6\xb3s\xd5\x09\xa59B\xf8\
\x8e\xca\xc9A%\xb4\xd6\x98\x1c\x1f\xc7\xe4\xf8\x04B\xa5\
\xe0\xa9a\x5c\xe1]\xd3\xe7\x1bYX\xf7\xbb\xd1.r\
Z\xf7rw}}\xfdX\xb9r%\x06\x07\x06\x000\
t\xa2\x01k\x90\xe8\xd8\xb7\x1d\xe3X\xf2\xb8\xe9_\x19\
\xa9\xb2\x89\xc8\xaa\xcd\xaduP\x07\xa5\xd4\xac\xe2\xb1\xf4\
\xff\xcd\x91  \xc5\xa0\xba\xca\xdf\xfe\xfe~D\xb9(\
E\x80Cd\xefn\x10\x8d\xb5PL\x11\x90\xc4\x09\x82\
0\x04\xa4\x80\x14\x84\x8eB\x0e;\x9e\xde\xe1\x22\xa1M\
\x9b\x93\xb4\x90\x22U\xb7!\x12\xaer\xbd\xe56-\xaa\
\x952\xacI\xf0\xaew\xde\x8d\x7f\xf7\xef\xfe-.X\
\xb3\x1aD\x84@\x89\x0c6\x00x\xfa\x9b\xb6\xb6N%\
mI\xd6Q\x1e\xdf\x07[\x9f@@\x89wNE\xa3\
\xaf\xb3\x04\x05\x1d82\x1e\xe3\xfeG_\xf4\x91\xd0\xd0\
9\xa1\x0b\xf6\xaf\x93\xc5<S\xec\x1f\xd4\x08\x01cI\
\xcd\xbe\xedE;\xf2\x85\xb1'\x1e\x1e\x9e\x9a\xda\x1f\x9f\
J_^\xb4\x86m\xdf\xb6-^{\xdbk\xbf\xd0_\
,\xf4\x00\xd8b\xd8\xc7\xed=T\xf4\xd8N\xa8h\x9d\
\x9fx6SC\x9c$\xd0:\x81\x14\x0a\x1d\xa5\x22v\
\xef\xda\x0d\xeb+\xcbA\x0c\x16\xc7\xee\x1f\xa7\xea\x84\xce\
\xd5\xff\x1a[\xa3\xd9\x91Pk\x9d\x02\xdf\xc4\xe4$\xd6\
\xaf_\x8f\x8e\xce\xce\x96\xcfZ3\x17QtzBn\
qr\x09h\x22\x9f\x9f\xfbz\x19\x801\xc6\xcdA$\
\xa0\x02\x855\xab\xd7\xe0\xe2M\x1b\xd1\xd9\xd9\x89\x15\xcb\
W\xe2\x86\x1bo\xc0\xe5\x97]\x86\xce\xae.\xacZ\xb1\
\x8a*\x95\x0a\x0e\x1e<,U\xa0\x0a\x1d+\xd6~f\
\xe2\xc0\x8b\xaf\x08\x06\x88E'\xf48\xec\x9a;o9\
\xa2\xa8\xeb\x16k\xccU\xd62\x11\x097\x88\x8f5\xce\
\xda\xb5\x94\xb3\x88\x09\xc3Z&)\x95\xb9\xb60\xf0\xbd\
\x07\xbe\xfcO#g\xfb\xfeN\x8bm\xeaQ\xbd\xaa\xf4\
6\x86x\x955:\x12$\xfd\x16R\xf8\xfb\xf6mA\
\x02\xdaj\x0c,Y\x0a\x15\x04\x10D\xb0\xc6f8\xc1\
@*\x1c>|\x08&\x89au# \xd2\x98\xa3\x08\
\xa9\xdap\xb3\x9d\x0e'\xb4\x81\x0d\xcd\xf4v\xe67\xd1\
(\xcaI\xd3\xa1\x22\xf5P\x04\xcd\xc2|f\xa0\xabl\
K\xbd\xd0$\xbb\x10\xce\xf3\xc4l!\xfeF\x22\xa70\
2\x0b\xdb\xcc\x8d\x9f\xec#\x82 \x81z\xad\x86\xb1\x91\
\x11LO8M\xf3R\xd1\x09\x0e\xa4\x05\x0a\xd4\xc4W\
(\x88\xa0\xad\x86\xb6\x09,,\xb4\xd5`6\x80\x00\x0a\
\xc5\x02\x96\x0e\x0dap\xe9R\xe4\x0a\xae\xd2\xdd\xc2\x22\
\xd6u\x90t|\x94\xc6jXX\x08%@2\x8d\xb6\
\xf8\x90\xa6_p\x84\xc7\x90\x09A\x9eo\xb4M\xbe0\
\xc3n\xa5\x98\xdd\xb9\xdbtll\x14\xcf=\xff\x1c\x0e\
\x1d:\x82j\xb5\x8cH\x86PJ!\x0a\x94_\x8f\x9c\
\x94\xac \xc0)\xff1`\x1d\x8fj\x16\x95\x14\x02Q\
 qp\xff~\x8c\x8d\x8c\x22\x0a\xc3Y0\x92\xf4\x09\
J\x12`k\x11(\x09\xa3c\x90 \xd4\xe3*:J\
E\xbc\xf7_\xff\x22\xfe\xf5/\xfdk\x0c\xf6\xf7@\x08\
\x01\xe9\x9a\xd6\x7f\x0e>\xfa\xd2\x8867\xd7\xfc;\xc9\
\x1c\x8dd\xe6\x10\xea\x951D\xd0^9)e~e\
\x84Q\x01\x06!\xa6\xaa\x84\x07\x1e}\x11\xe5\xba\x04\xc9\
\x1cT\xe0\xaa\x86\xe9\x18\xff\xe6\x1b\x1e\x8djwG\x0e\
\x99\xe1\xfa\x04j\x02\x14\x83\xb0\x83\x0850\xbf\xd3$\
\xb5?\xd8\xbd\xe3\xbe\xa3\x18\x1e^\x8c|\x9e\x01{\xf8\
\x8b_\xe4\xaew\xfc\xe47\x86\x04-\x8d\xf2\x85\x0dB\
\x88\x88-\xa0\x8d\xf6ss\xe3!\xda\xb4P\x89\x08 \
\x09X\xdf\xd78\x1d3\x22]\xbb\x5c\x91#\x09\xaf\xbb\
N\xe8\xea\xe8\xc4\xcc\xf4\x14\x0e\x1d<\x04b\x0b)\xd4\
\x82\x0c\x0a\xa7\xc5\x09m\xaa~O\xb5\xe8S\xaa\xa6\xf6\
H(I\x17\x08\x89\x93\x18\x17_|1z\xfb\xfa\xdc\
\xfb|\xc6fVP\x80l\xc6Y\x9c$\x09\x00\xebq\
\xaan\xfe\x91^\x1a\x98\xb21\xd9\xfayA\x04I\x02\
\xd6c\xf7\xd3\xb9G\x05!\x96.]\x86\xa1\xa1!\x14\
\x0a\x05Xk\x99\x99\xc9$\x09zzz0|t\xd8\
\xd6k\xf1\x1fu\x85\x85\xa7\x0f\xeeyv\xeal\xf6\x9f\
\x97\xca\x16\x9d\xd0\xe3\xb0\xc2u\xd7\xd1Pa\xa0K\x1b\
\xf3\x13n\x8e\x15nz=V$\xb4\xadS\xb6\x0f\xb2\
@\x89% \xf1\xd8\xfd_\xfa\xe4#g\xfb\xfeN\x87\
\xad\x1d\xbc\xbc_\x08\xbc\x03\xd6^\xc9`\x99f\xe3\x99\
\xbd\xfc\x1e\x5c\x0a\xc5\xc2\x22\x0cC\xf4\xf5\xf5#P\x01\
\xd2\x01\x9a\x16B\xccLMa|b\x1c\xd6\xa4\xebR\
\xbb\x13\xea\xfd\xbc3\xe0\x84\x22\xfdF\xc61\x9dP\x9b\
\x06\x14\xc8=g7\x07Y\xa7\xe7D)h~\xae\x9d\
\xf2\xc9;\x91g\xda\x8e\x15y\xa5\xb6Cx\xaa\x1fk\
\x19\xb5J\x15c\xe3c\x88\xe3\x18\x81\x90\x88\xa2\x08F\
k\x97\xee\xca\xa2\x106s\xee\xbd\xe7\xd6\xc2A\xe8\x8a\
k\x14\xba{z\xb0r\xcdj\xf4\xf6\xf6\xa2P,\xfa\
\x08\xb9v\xeb\x8d'\x90\xb5\xc6\xa5\xcc\x9a\xab\xfb\xd3\x88\
\xf4\xec\xab\x9e\x1b{\x96F\x22[\x1cr\xe1\x93\x1b\xc2\
\xa97MNL`\xf7\xae=\xd8\xf5\xe2\x0b8\xb8\xef\
\x00&'&\xa0\x94DG\xb1\x00!$\xc2 \x00\x8c\
\x85\xb1\x16l\x9d@\x9fL\x0bv\xacA.\x0c0>\
2\x8c\x03\x07\x0eB\x05*\x0b\xcadNh\x1b\x0a\xc2\
E\x9b\x81$\x8e\xb1j\xc5\x0a\xfc\xe6o\xfc:\xde\xf1\
\xb6\x9f@GG\x1eJ\xd0\xec\xf9\xa4\xbd\x94\xaee\x80\
\xb0\x8f\x86\xc6\x10\xf1\x14\xea\xe5\x11(S\x81d\xe3\xa2\
T\xe4\xaa6HF\xb0P\xa8s\x1e\x0f>\xfa\x22\xc6\
\xcb\x00T\x01\x10\xa1\xe7v=V\x87i\xfdu^\xcc\
\xa7KZ& |\x8f\xc0\xff!\xb1\xf8H<\x5c\xff\
\x83\xdd\xcf\xa9}\x13G\x7f0\x83sq0\xbc|\x8c\
vl\xdbf\xd7\xbe\xe6\xf6\xaf/\xe9(\x95\x8c\xb1W\
\xb3eA$\xc9-\xfd-\x22\xc9\xfe\x13\x8e\xe4>\x8d\
\xb07\x9d\xcao\xb8\x1b\xffo\xca\x0b \x90\x0a{v\
\xef\x86d\xe1\x0a\xec\x16\xda\xc3\x9f\x92\x13*\xbc\xbaS\
\xcb\xe5e\x1fcO\xac\x0fO\xb1\xc4\x0c\x18k`\xd9\
\xa2\xd4\xd1\x81k\xaf\xbd\x16\x85R1\x93\xe0l\xbf\xd7\
\x06\xe5\x933\xa5\x02DQ\x08\xf85J\x0a\x01\x1d'\
\x08\xc3\x10R*_\x94\x94n\xeay\xee\xeb\x9a\xff\xae\
\x08\x00\xa4\x10\xdc\xd9\xd9E\xf5ZB\xf5\xb8\xae\x83\x5c\
\xf8\x8d\xdd\xcf>>vz\xba\xc1\xb9m\xe7\xa6N\xdb\
9f\xdb\x01\xbb\x85\xf5!fh\x00\xe1\xa9\x9c\xcb%\
+\xfc\xba\x0b\xbe\xe0l\xdf\xdbi2\x0aER`\x92\
\x97X\x22\x99\xa5x\xd8\xba\xc9\x00\x04\x22\x05)\x05\x92\
D#\x9f\xcf#\x08\x83\x8c\xc8\x1b\x00\xa4r\xfb\xa1\xc9\
\xc9q\xc4q\xbc@2\xfc\xcc\x99 \x8f\xdd?\xceZ\
\xdc\x94_\xdd\x80\x01\xadQ\x07! G\xfe\xfer\xb3\
\xf6\xe0F\xea\xf8\xd9\xc4\xe0\xd0\xde\xfd\x18\x1f\x1dEo\
o\x1f\x86V\x0c5\xde \xd3\xc8\x04\xc3\xc06\x9cG\
) \xd8\xd3\x221\xc0\x01\xc3\x1a\x8bP*t\xf7u\
c\xe9\xf2\xa5\xd0I\x82\xa9\xc9IL\x8cOa\xf8\xe8\
(\x86\x87\x8713\xe5\x82\x03.\xc5M\x08\x84\x9b\xc2\
\xb2\xb2\xa3&\xca\xa99\xef\xc1\xbf.\x9b\xbc\xd6f|\
YZ\xe5*D\x80( @k\x0c\x1f9\x8c\xa3\x87\
\x0f\xe2\x89\xc7\x1eE\xff\xe0\x00V\xadY\x8b\x0d\x17]\
\x8c\x5c.\x87\x5c\x18@\xb3\x06Hx\xae[W]e\
\x8d\xc5\xd0\xf2\xe5 /j\x90j\x86\xd9\xf4\x1a\xb8i\
\xd5\x84\x8b\xc8LM\xcd\xe0\xaa\xab\xae\xc2\xaf\xff\x9b_\
\xc5U[.E\x18I\x08f\x18\xa3\xa1\xda\xc8\xb8\x17\
Z\xe4\x19\x02D\x0aa\xe7\x00\x84\xe8\x00\xec\x18\x80\x1a\
\x18\xcei\x96D0&\x06\xb3\xc6@_?\x06\x07\xba\
\xb1kx\x02\xc6\xce\xcd\xce\xd0\xeec\xce\x8f\xf5$\xeb\
w\xe8\x9a\xc92\x88\x87\x01\xfe:\xb3\xfe\xdd\xeaQ>\
\xb8\x7f\xff\xfdu\xbc\xfce6\xcf\x15c\x00\xf8\xd8{\
\xdf\x9bl\xfd\xd4\xa7\xb6\xe6Cu\x09\x09z\xa3\x84\x14\
\xe9&\xc3\xc1W,Rz\xaf\xe6\xc7zl\xc8\x90\x8b\
,\x1ar\x19\x8d\x15k\xd7bh\xc5J\xec~\xfa9\
DB h\x93W\xe6\x13\xf11O\xe5\x86[\x87U\
fR*$q\x1d\x17\x5cp\x01\x06\x06\x06\x1c\x87\xb1\
5\xce\xb1\xa6\x86\xe4p\xca\xbeA\xc2\xe3\xdb\x01\x18\xad\
\xb1w\xff\x01LMO\xa1Z\xa9\x82\x88P\xc8\xe5\xd0\
\xdd\xd9\x85\xbe\xbe>\x94\x8aEh6\x99\x06=[\x0b\
K\xc7}\xc9\xee;\x8c\x01Q\xc2+V,\xc7\xa1\xc3\
\x876\x8c&\xa3\x07\xceL\x0b\x9d{\xb6\xe8\x84\x1e\x8f\
m\xdd\xca\x95\xff\xf1\x0f\x0f\x059\xf9,\x91\xb8\xc4\xd5\
\xff\xba\xb8\xc6|\x96\x89\xbf\xcc\xff:\x13\xb0\xe97\xff\
\xe4\x9fW\xff\xe1\xaf\xbec\xcf\xd9\xbe\xc5S4a\xa5\
\xba\x8b\x987\x82[\x01D\xcd\xc5IiJ\x22\x0cr\
\x10P>\xba%\x90\xe8\x18\xc2\x0a\x18mP\xadVa\
m\xe2S!\xf3\x9bm\x9a8N\xb7\x9d(\x87\x9d{\
\xd6\x02\x86,\xa0\x01\xc0B\x85\x0a/\xa7\xb5\xb6\xbd\xa7\
[\xf8\xdd\x14\xb9\xd7b\xa3Q+Wq\xb0\xbc\x1f\xa3\
##X\xba|\x19\x8a\x1d\x1d(uu:x\x02[\
W\x9c\xdb\xd4\xb4\x06\x00\x98\x9d\xac93H\x0a$\xd6\
\x80\x05P\x8b\xeb\x00\x80bG\x07:\xbbz0\xb8l\
)\x92\xc4bbb\x1c\xe3#c\x18\x19\x19A\xadR\
E\xb5Z\x81\x04A\x05\xc1q\xddG\x03\x03+Z\xfe\
\x96n\x82\xd8\x85M\x00X\x08(\xc7\xa0\x22\x5ctE\
\xb3\xc5\xf0\xc1C8|\xf0 \x9e~\xfcI\xac[\xbb\
\x1e\x17]\xbc\x01}\x03K\x5cd\x95\x19\x06\x04\xb2\x16\
A\x10\xa0\xbb\xb7\x17\xa5b\x09I\x1c\xc3\xa5:\xe7\x99\
\x13\xc8\xa2R\xad\xe2\xce7\xbd\x0e\x1f\xfc\xe0\x8704\
4\x08\xa5\x80@\x0a\x18\xad]$\xf5d\x98\x03\xad\x04\
d\x01\x08;`\xaa!\xacm\x12\x19`\x016\x16B\
h\x04\xca\xa2\xa7;\x0f\xd0QW\xfc\xc7\x0b\xf7\xdb\xd6\
\xfb &@3\xb1\x05c\x98`%\x13\xef\x12\xcc\xcf\
Y\xf0gl\x9d\x1e\x7f\xe1\xc9\xfb\x0e\xe2\xb8\xb7v\x8b\
v\xbam\xeb=\xf7\xc4\xbf\xfb\x99\xcf\xfcO)\xa8\x83\
H\xdc$\x88\x03\xc3)\xeb]k}\x83e^h\x8f\
\x93\x19\x93\x80\x06\x103p\xd9\x95W\xe1\xe0\xae} \
\x9b\xa0\xdd\x0bL\xe7\x8aS\xb3\xe3\xdf\xd8\x93p\xce`\
j\xb5Z\x0d\xa5\xaeN\x5cu\xd5U )\xa0\x93x\
\x96\x93\xdd\xdc\xa7\x83 @yj\x1a\xcf<\xf3,\x9e\
z\xeaI\x1c=z\x143\xe52\xac1\xc8\x17\x0a\x10\
\x0c\x04Ja``\x00\xcb\x97/\xc7\xd5\xd7\x5c\x83\xae\
\xae.\xb7\x81\x13\xc2\xa7n\xfcyI\xcc9\xa6\x9a\xbf\
_J\x898\x8e\xb1g\xef\xbeCJ\x88\x07W\xa03\
\x0f\xe0\x15\xa1\xa0\xb4\xe8\x84\x1e\x9f\xf1\xff\xae??\xf9\
\xeb\x85K\x9e\x09\x02\xb9\xb1\x5c\xad\x09!\x02\x1c\xdb\xc9\
\x10-\x83\xae\x05\xe7\x0d\x0b\xa3\x8d\x90R^I\xd5\xf2\
y\x8f\x09\x1d\xbc\xfc\xf2\x9c \x5c`\x18yv\xd5\xe2\
\xc4\xd6ES,9\xc9F\x02P\x8d\xeb\x88\xc2<\xba\
\xfbz\xa1\xd9\x93\x91\x83\x01\x92\x08\xc3\x00\xe5\xb8\x8c8\
n\xd4&\x88\xa6\xf6\xa5\xcc\xb7\xb5\x8dW[R\xf4m\
3\xdc\x02\xeb\xa8\xa5\xb9\xf3$\x04\x97\xa8r\x8c#s\
{\xb9\x82\x9bO/Z\xcea\x00pb0\x9dT\x91\
\xcfGPJy\x5cP\xfa\x09;\xfbs'a\xa7\xea\
\x80\xcf\xde\xa9\xb76X\xfb\xf9gy\x0f\xec\xcf\xe1\xdf\
\xa7He\xa7\xa8Ujx\xe1\xd9\x17\x90+\xe4\xd1\xdb\
\xd3\x8b\xce\x9ent\xf5\xf4@\x85\x12$%b\x9d@\
\x04\xfe\x02\x04\xc12\xc3\xa4\xd8i\xf6\xe9\xb3\x96K\xd3\
\xa0PA\x86@_q\x10K\x86\x06q1\x033\x93\
S\x18\x19\x19\xc1\xcc\xe4\x14\xc6'\xa6`\xb4F\x1c\xc7\
0\x89v\x90\x01O\xfdd\xaduE@\x82\x9a\x22\xa0\
\x8e\x80;\xdd\xec\x90\xef\xafB(\x077\xcd\x16\xb0\xf4\
\xc2\x04\x04\x0b\x0f`\x12\xa8MNb\xc7\xe3\x8fb\xef\
\x9e]X\xb1j\x15.\xdfr\x15:\xba\xba\xdd\xf9|\
\xa1\x9d\x14\x0a\xdah$q\x8c0\x97w\xdf\xe3\xfb\x9d\
\x22\x01!\x04*\x95i\x90\xb0\xb8\xfb\x9e\xb7\xe1\xfd\xef\
\xfb%\x0c-\x1dp\x0aaB\x02\xdaBB\x00:\x95\
==\xd1\x07\x1c\x02\xa2\x03ai\x00\xd5\x89\x9d\x90$\
\x10\xa4\xd7\x90\xb2Np\x02\xc1u\xac\xbfh\x05\xd4\x0f\
\x9f\x87\xe6\xb9\xc5\x88\xb2\x82.?(\xa4$\xf6\xea\xe4\
#\x00\x8f\xb0\xb1\x9fe\xe0\x08\xc3|\x17V\xadE\x05\
?Ht9\xd9\xb5\xeb\xe1\xe9F#.\xda\xd9\xb4\xff\
\xf0\xf6\xb7\x7f\xf7\xff\xfd\xf4g\xff\x88\x85]\xcd\xcck\
\x88\x04Yc\x19`bK~Np\x8f\xc94)*\
q\xd3\xfc\xc5YE\x9c\xa3u\xb2p\xf8\xe8\x9a\xd6\xe8\
_6\x84ekW\xe1\xc0\xf3/@\x89\xd6\x1e\xcb\xa2\
m\x86n\xad\x8bj**\xf2\xf3k\x13\x0fh\xc3\x9a\
7\x8e\xfes\xd4x\xcdf\x1fp\xf4f\xec9\xa7\xab\
\xd5\x1a\x82(\xc0-\xb7\xdc\x8c\xd5\xabW\xa3\x1e\xc7~\
Nn\xbd\xa0z\xbd\x8e|\x14@\x08\x81\xa7\x9f|\x0a\
\xf7\xff\xe0>\x8c\x8d\x8f\xa0V\xadAJ\x81\x5c\xa0@\
a\xe0\x18*\x88`\xd9\xe0\xe0\xa1\x03\xd8\x7f`\x1f\x1e\
\x7f\xe2\x09\x5cz\xe9\xa5\xb8\xf6\xdak\xd1\xd3\xd3\x03A\
\x12\xd5j5\xc5}\x221\xe9}:\x99^7\xf7\x08\
\xc7j!\x88\xcb3\xd3\xb8\xf7\xde{16<&:\
J\xc5#_\xffle\xf2l\xf7\x97\x97\xca\x16\x9d\xd0\
\xe3\xb5\xad[\xad\xf8\xc8\xb6\xc7\x08\xf2u\x82\xa8\x9b[\
\xc7\xcd,;V8^\xb0 f\x18f\xee\xa1\x8e\x8e\
w\x01\xf8+\x9c\xbf\x934\xf5\x84\x03\xd7\x18moe\
k[\xa2\x9e\xcdf\xfc$\xa6\xa2\xb0\xe5\xb5\xd4\xd1\xd3\
\x89\xc6\xd4\xd4\x14\x8c\xb5PBB\xf0\xc2\xb8\xa2s\xcf\
|\x11\x16\xdc\x94X\xaf'`f\x04A\xe0\x0a\xb3\x90\
:\x13\xe7\x7f\x84\xf4X\xfd\x9b\xd89YI\xa5\x86\x03\
3\xfb1rt\x18\x85\x8e\x12\xfa\xfa\xfb\xd0=\xd0\x0f\
\x15\x85\xd0\xb1\x0b\xedeN`\xd3\x8e\xedX\x91\xe84\
\xad-\x89\xd0\xdd\xdd\x8d\xee\xeen\x00@y\xa6\x82r\
\xa5\x82\x89\xf1\x09T\xcbe\x8c\x8f\x8e\xa1\x5c.C'\
I\xc6C*-``@\xa9\x10\x81h\xed\x87\xcdB\
\x01$\xd89\xe2m\x95\xc1\xe9\x13\x0eU\x00\x0bFy\
j\x06\xcf\xecx\x1a\xfb\x0f\x1d\xc4\xf57\xde\x80\x0b/\
\xda\x88J\xad\x8c P\x90J9-y3W\x14\xc4\
\xa2\x5c\x9eA\xa2c\xfc\xec{\xde\x85\xf7\xbd\xf7\xe7\xd1\
\xdb\xd7\x85D\xd7\x10\x86\x01\xc4\xa9t\x11\xf6\x98d\xa1\
\x00D\xc8\x17\xbaQ\x16\x81\x8b~z\xac\x5c\x06\x0e\xe0\
\x04l\xabX\xb1\xb4\x07\x82b\xb7\x94K\x91)V\xcd\
\xff\x8c\xade\xd8\xbd\x0c\xfb\xc1jU>,\x90\x84\xbb\
0~\x18;v\x18\x00O\xa4Wrj\xbdl\xd1N\
\xb3q\xed\xc9G\xbf\x94\xdf|\xe5\xab\x84\x10?m\xac\
Y\x829v7Y!\xe51\xcf\x94FO\x0d,\x04\
\xc20\x84\xb0\xc0\xf2\xd5k1r\xe8\x10\xb8Z>\xa9\
\xa7?\xff\xe6z!\xb6\x92\x86\x91p\x1bLf\x8b$\
q\xb4~\xd7\x5c\x7f\x1d\xb6\x5cs\x0d\xb4N\xa0\x8dq\
Y\xb9&\x5c6\x01\xe8,\x96\x90\xe8:\x1e\xf8\xc1}\
\xf8\xd1C\x0f\xa1<5\x0d\x12\x0c\xd2\x16\x92\x9cC+\
\x85p\xfa\xf0Y\xdd\x93\x13\xae`f\xfc\xf8\xc7?\xc6\
\xa1\x83\x07q\xf3-\xb7`\xdd\xfa\x0b\x10E\x11\xe28\
\xce\xe0>\xb6\x89wTx\x8a(c\x0cLbh\xfb\
\xf6\xef\xf0\xf3;w\xda\x5c\x10}\x87\x95\xfe_\xc0g\
\xcf\xffE\xe28m\xd1\x09=\x11\x13\xf2G$\xc4.\
!\xe4U\x96A';\xc32\xc0\xc6\xb2\x90\x12R\x90\
\xe8\xc6\xf9>Y[3\x0d\xe6\x1e\xf6hq'\x0d\xe5\
\x10\xecnc\xda\xd0\x9bN\xb5\xc8\xdb-I\x12LL\
N\xf8tFZ\x81{\xdey\xa1\x99\xb1 $\xc6\xc0\
&\x00\x0b\xe9\xa1\x91\xa9\x03*N\xbe\xf3\x9c'\xa6\x94\
\x82\xd6\x1a\xcc\x8cj\xb5\x8a8\x8916:\x8a`\xcf\
\x1e,\x19\x1c@gO7\xf2\xb9<\xa2\x82\x8b\x10\x0a\
>\xce\x06\xf1\x05M&-\xf4\xf1}$W,\x22W\
,b`\xe9 \x04\x08\xe5\x992\xe2$\xc6\xe8\xe8(\
\xc6F\xc7P-\x97a\x12\x17)M\x92\xc4Sj\x89\
l1\xc8\xe2\xa3i\xc4\xcfz\x98\x00\xa5\x0b\x9c\xab\x8e\
\xb5\xde)%\x05Hv\x14K\x96\x19\xd3\x13\xe3\xf8\xf6\
7\xbe\x89\x91\x91\x11\x5cv\xd9\xe5\xd0\xe4\x1cM\x22\x82\
\x922\xa3\x91\x82\xb5 \x12\x88\xe3**\xd5*\xae\xb9\
\xe6\x0a\xfc\xeb_\xfeE,]\xba\x04\x89\xae\xa1\x98\xcb\
\x83}\x91\xdb\xa9\x9b\x00\xa4BX\xe8B\x10u@W\
\xc7!m\x1d\xca\xf7C\x12\xd2]\x8fM\xb0bi?\
\x96t\x15\xb1\x7f2v<\xbc\xc23\x10xs\x8bz\
&\x15c\xad\xb5\xc30\xf6\xb7\xa7F*\xf7\x1e<\xf8\
p\x8c\x14\x0c\xbbh\xe7\xb4m\xdd\xba\xd5n\xfd\xd4\xa7\
\xfeC$\xa3u`\xdc\x05@85\xbf\xd9S\xd2q\
\xc122\x91\x0a\x06\xa4\xc4\xda\x8b\xd6c\xe7\xd3;0\
S\xaf\xf8z\x80\xf4}\xdc\x02G!\xeb\xe54[\xa8\
\xa1\xe6\xfa\x02\xccA\x115\xbf\xb1\xcf`Y\xd6\x90B\
@\x85!\xae\xd9r\x15\xae\xbf\xeez\xef\x10:\x05<\
\x0b\xb8\x9f\xec7\x9b\xd6b\xba<\x85\x07~x\x1f\x1e\
z\xf0Aw}\xda \x0c]\xb1ev~\xe3\x8a,\
\xb5\xbf\xd8T]\x8e\x8d\x81`\xe0\xd0\x81\x83\xf8\xcaW\
\xbe\x82W\xdf\xfe\x1a\x5c|\xf1\xc5\x08\x82\x00\xf5z\xdd\
)\x91Y\xce\x04\x00\x5c$5\xbba\x1e\x1d\x1deA\
\x98\x12\x84\xce\x84\xc5+J\x9e\xf6\xe5W=q\x06M\
X\xda%$\xed\x12\x0d\x02\xa6\x932\x02\xc8\x1a\x03\x86\
\xcd\x11\xe8\x86\xdb\xb6n=\x9f7\x03\x02R\x95,s\
\x17\x80\x94\xafqv\xb2\xd7\xa77\xdd\x80\x16nba\
\x81\xd4!\xab\xd7\xeb\xd0q=\xa3\xc18\xdf\x8d-A\
H\x01k,\xaa\x95*\xb4N\xbb\xcb\xcbk\xc8\xcd\xa7\
*\x92$\x89\xe7\xea\x94\x08\x02\x05k,\x04\x11\xaa\xe5\
2\xf6\xeez\x11;\x1e{\x02/>\xff<\x0e\xee\xdd\
\x87\xb1\xa3\xc30\xf5\x18\x92\x01\xc9\xbe\xfa~\x81\x83\xad\
\xa3C2\xe0L\xb2\x92\x99a|\xc5\xba\x8aB\x14;\
:p\xc1\x85\xebq\xd3\xad7\xe3\x86\x9bn\xc4\x95W\
o\xc1\x86\x8b7b\xed\x05\xeb\xd0\xd1\xdd\x8d0\x0c2\
yL\x16\xd4\xb4\xa06\x8efH\x8d%\xf8*z\xca\
\xa2\xa5R\x10\x02\xa9\xa0\x84\x00\x1b\x8d\x87~\xf8#l\
\xff\xd6\xb7\x90\xd4\xeb\xd0\xf5\x04F\x9b\xac\xef7\x16`\
\x0d\xb6\x16J\x11\xeey\xe7Ob``\xc0i\xc7\x07\
\xa1s@\xed\x89C'\xdbe_\xdd\x1f\xc9y\xcb\x14\
@\x86%0\x05\xa0&Mz\xc1\xd6E>9AW\
>\xc0\xf2%\x9d S\x07\xdb\xfa\xb17I\x0cm-\
\x7f\xc1\x92~\xe0\xe0\xc1\x87kp\x88\xd5W\xcc\xa2y\
\xbe\xdb\xd6{\xee\x89\xad\x15\x7f\xcaD\xa3)\xf2\x85\xb3\
\xd8\x01\xcf\xae<\xcfl\xfe\xb9+\x8ec\xd4\x93\x18\x1d\
]\x9d\x18Z\xbd2\x95\xaaw8p\xcc\xc6\x83\xda\xb6\
q\x95\x8e\xb5\xf4\xff\xed\xb6P\x91\x14\xd0\xfay\x92\x02\
A.\xc2U\xd7l\xc1M\xb7\xde\x8c\xa8\x98\x87T\x12\
J9\xec%\xf9(R6\xa7\x10\xe1\x87\xf7\xdf\x8f\x1f\
=\xf0C\xcf\xfeA\xc8\x87Q6\x0eZ\xc6\x971\x80\
\x97\x1cN\x83&i\x85\xbd\x10\x02\x95\xe9\x19|\xe7\xde\
\xed\xd8\xbf\x7f\x7f\x83\x1a\xaeI\x91\xc9Z\x8bD'\xb0\
\xd6B\x08\x810\x08\xb1l\xe9R\xdd\xbfd\xc9\xc3\xa5\
R\xe7\xee\x8e\xfa\xd8\xf8\xd9\xee#/\xa5\x9d\xcf\xce\xcf\
Kn\xc3c\x13\x07\xba\xba\x8b/\x00\x0d\x95\xc6\xd4f\
aL\x16\xa8\x8e\x16R\x22\x8e\xb5\x08\xf2\xe1\xe5[\x06\
\xaf\xb8};\xf0\xb5\xb3}\x7f'i\xd6h\xbb\x99X\
\x16\x9cs\x09 \x8bU\x01\xd9\x04\xe1U\xa6B\xbf\xab\
$A\xaeR>\x0a`l\x82\xca\xcc\x8c\x97\xed4\xd0\
I\x82@\xceGF\x7fzX\xc5\x16$\x8b\x17\xc2s\
\xe5\xf1I}\xde\xa6\xa5\xd0~\xab_\xaeV\x11\x04\x0a\
J\x09\xa7G\x7f\x82\xce\xf6\xb9\xe2\x987x6\x8f\xdd\
\x1e\xcd\xa9.fvN\x9a\xe5\xac\x9a\x9d\x0dc|d\
\x0c\xe3#\x8e\x85$*\x14\xd1\xd3\xdd\x8d\x81\xc1%\xc8\
\x17\x0b\x9ed^@H\xc73Z\xaf\xd7\xb3v`A\
\x90Bf\xce \x00@\xbab\x0af\x0bm\x19\xd2\x17\
*ik\xc1\xf5:\xc2|\x1e\xb9\x5c\x1e}\xfd\xfd\x00\
\x80\x99\xf2\x0c\xcaS\xd3\x18\x1b\x1b\xc7\xcc\xcc4\xc6\xc6\
\xc6\x1c\xfd\x93\xb5Y\xf1A\x92$\xb0\x9e>*\xe5\x13\
\xb4\xbeO\x08\xeb#\xf6l\x01\x01\x04B\xc1\xc0B\x82\
p`\xf7^l\xff\xfa\xb7\xd0\xd5\xdd\x05X\x0b\x01\x82\
R\x01\xac6\x0ef\x02\xa0V\x9d\xc6\xda\xb5\xabq\xdd\
5W#\x17\x01\xd6\xcb\x1e\x9e\x98\x03:\x7f\xa4\x8am\
\xdag\x04\x90\xebD\x98\xefAe&\x0f\xab'\x11\x90\
\xd3\x02g\x18\x10\x1b\x90\xad#\x8ab\xac\x19\xea\xc5C\
\xcf\xec\x81\xb1\x06\x82\x83,\xea\x0b\x00\xc2?`\x22\x18\
\x80\xbf\x13[\xfb{\x5c\x1d\x1e\xc1\xcb\x01[\xf2\x0a\xb4\
\xe4\xa9\x87\xef\xc5\x86K\xbf\xc4\x96\xdem\x99\xf3Y\x06\
\x9e\xd3\x22\x1a\x81\xb9\x9cN\xf2,\x0dV\xb4\x16/\x05\
*\x02\xb3A\x02\xc6\xcauk\xf1\xcc\xa3\x0f\xa1V\xae\
\xa1P(\xc0\xf9\xb9\x0dj2G\xa9\xe6\xbe\x87\xa5\x80\
\x12\x02\x95r\x05\xb9|\x0e\xc2\xba1\x1c\xc7\x89\xf7a\
\x09\x8esV\x90\x87\xca8*\xda4#\xe1A\xde\xcc\
\x84\xf5\x17^\x88\x8b/\xbd\x04\x96\x00%\x15\xba\xba\xba\
\xd0\xdd\xd3\x0d)\x15\x8cv\xe3\xca\xc0\x15\x1d\xc1\xdf\x1d\
\x09\x01\x13k<\xf9\xd4Sx\xec\xb1\xc7\xa0\x84tN\
&q\xb6\xa6k\x13gE\xb5\xcd\xed\xc0p\xd4O\xc6\
\x1a\x04J4\xe3\xa6116\x8e\xef\xdc\xbb\x1do}\
\xeb[\x11DN\x00\x82\x9b\xe5u)M\xc7\xbb\xe8\xc4\
\xf2\xe5C\x8a\xc1_\x9b\x1a\xaf\xfd]\xa5\xf3Dk\xeb\
\xcfo[tBO\xc0\xc2\x83\xb1\xe1\x8e\xc2\xf7 \xf0\
[\xec5|\xe8\x14\x90\x8b\xcc\x16\xc6\x9ae\x00_\x8a\
\xf3\xd4\x09\xed\xdfpS\x09\x96_\x05j\x97Ej5\
\x12\x84\x8eR\x87/\xd4a\x08\x8f\xbdc\xeb\xd4r\xaa\
UW\x08HD\x10\x92\x00:\xcf\xd7\xb6t\x01\xf7\xf7\
a\xb4\x85\x0b\x18)\x04R\xa4\xec\xa2\xe7\x8csy\xd2\
\xb7\xc9'v\x1f\xca\xf7\x91\xe6\xc20\x0b .W1\
Z\x8b1|\xf40\xa2(B\xbeXD>\x9fGg\
g'\x8a\xc5\x22\xa4\x94^\x9eS6\xd4XRRW\
4\xd2\xf2\x00\xc1\xca\xc6\xb9\x85'\xa96\xb00\xe4\xe4\
9-3\xf2\xc5\x02\xf2\xc5\x02\xfa\x97\x0d\x02\x00\xa6&\
&155\x85\xe1\xe1aLMM!\xa9\xd5a\xad\
\x85\xd1\x1aVY(_=\xef\xd4\xa1\xacW_p\x11\
~bv\x0aH\xe4\xaa1\x98\x08\x07\x0f\x1c\xc0\x91C\
\x87 \xe0x\x06\x9b\x8b\xd9\x18\x06B\x02\xaf\xb9\xfd6\
\xf4\xf7\xf7\xc2\x9a\x13\x8d\x8f{\xd2\xd4\x96\xe7\xd0:^\
Rb}wf\x85 \xdf\x05\x03\x05\xad-B\xc1`\
h\x9f\x1e\x14\x10\x5c\x87\x89\xa7\xb1b\xa0\x17\x1c?\x03\
\x99c\xe8&:\xad\x96\xef\x014\xc1~\xbf<Z=\
|\xf0\xe0\xce\xfa\x99\xe9U\x8bv\xa6m\xeb\xd6\xadv\
\xeb?|\xfaw\xa5\x12Cd\xe9u\xb1\xb6\xd2\xb2e\
:\xfe\xc2\xf8\x16#A\xb0F aF\xb1\xbb\x13=\
\x03\xfd\x18\xd9Ws\x9bq\x1f)L\xfb8[\x82\x8c\
\x02\xc4Z#I4XX\x94zz\xb0f\xe5*\xf4\
tu\xf1\xd3O=\xcdT\x9e\xb6lM\x9d\x89&\xd8\
\xf2>\x80V\xc0B3qQ\x08\xc9\xc4\x14\x01T\xb2\
l\x05\x13\x91a\xc6\x86\x8d\x1bq\xf1\xc5\x17#1\x06\
\xda\x1a\x9f\xb9\x90\xd0l\x1b\x14L\xe9<\xe1U\xca\x04\
\x80\xb1\xf1q<p\xdf\xfdHju\x14\xf39Tk\
U\x00>\xa3@\x0d*\xabf\xe3&\x9ec\x00\xd0\xc6\
4\xc1n\x1c\x04g\xef\xee\xddx\xf6\xd9gq\xe5\x15\
W\x80\xb5ux\x95\xb6q\x9a\x9ew`p\x90\xac\xe1\
\xc2P\xbf\xcdqU\x97\xef\xc7\xb6\xb3\xddE^2[\
tBO\xc0\xe2\xa1P\xe6\xad\xd9\xcf\xa0I\x08\xd1s\
*\x0e(\x01\xc4\x96\xd9j] )^\x0d\xe0\x7f\xe2\
\xfcKiQ\xb7\xd1\x04\x04K\xd2\xb80\xf3\xdc\x8b\x97\
5\x16\xc5\x92s&\x00O\x03B\x8e\xba\xa7V\xab\xa1\
R\xa9\x82\x04C\x89\x94W\xf4l\xdf\x9a\x9bX\x8f\x15\
\x0d=.k\x8a&\xa5\x8e\xa8`\xe1\xa8\x7f|\xb4\xf7\
|wD\x8f\xc7\x04{\x11\x80\x94\x9c\xbd\xf9E\xf2B\
\x06\xda@\x9b\x18\x82\x81\xc9\x89I_\xd8\x13@I\x85\
|!\x8f\x5c.\x87R\xb1\x840\x9fC\xa1P\x80\x94\
\xd2\x13F\xcb\xd6\xa2\x224\xe2\xf0\xe9\xb3\x93\xcaMu\
.8MY\xf5mj=\x83K\xd0\xd1\xdf\x8b\x81\x95\
\xcb\x01c1><\x82\xf1\x91Q\x1c9<\x8cZ\xad\
\x86\xc4\x173\x08a\xdd\xb5{\xcc\xa4W\xb3\xf7\x8b\x9c\
\xe7\x18%\x01c4\xea\xb1\xf6\xc4\xf8N~F\x09\xcf\
\xfe\x04\xa0\xab\xa7\x0b\xaf~\xed\xad(\x95\xf2P\xd2\x8d\
\x8f9\x8d\x0c\xc0\x12s\x07\x1c\xe7/rc\x02,\x0b\
/?\xab\x10\x95z T\xceC\x03\x12\x8f\x9d3N\
\xfd\x09\x1adj\x18\x1a\xec\x81 \x97\x9e\x07\x22\xb7\x00\
\xcf\xc2\xe3\xd9:\x13\x7f\xed\xe0\xc1\x87\x17\x1d\xd0\xf3\xdc\
\x9e\xfa\xac\xdds\xe9\xdd\xea\xff*\x92\xb7\xc6:.\x08\
\x12t\xa2S\x9d\xf4s\x97\xf0\x98\xc7\x98\x0d\x0a\x9d\x1d\
X\xb1j\x15\x86\x0f\x1etY\x09\xc77\xd2\xe8\xa9$\
P\xa9\xc5\xa8\xea\x18\xc5\xaeN\x0c\x0e-\xc3\xa5\x97^\
\x8a\x0b\xd7]\xc0\xbb\x9e\xddi\xf3\x1d\xfb\xb7W\xaa\x95\
\x7f\x88\xad\xd9\x19T\xf5\xd3\x04@k$\xbbv=<\
\x09\x00\xeb7^{CP*,\x87\xe6\xff\xaeM\xbc\
.1V\x05A\x84\xee\xeen\x8a\xe3\xd89\x9fQ\x00\
a\x19\xc6\x187J\xbc\xaco#}i!H\x80\x98\
\xf1\xc4\x13\x8fajb\x14a\xe8(\xc0\xc9;\xb0\xc7\
6\xdbTD%\x00\x93\xc0\xb2\xdb\xac\x12\x11\xac\x00\xac\
\xd5\xf8\xd1C?\xc4\xba\xb5k\x91/\x15\xc1\xd68\xe1\
\x0df\xa4\xd2\xa8i\xa6(\x97\xcb!\xcaE+\xf7\xed\
x`?p\xc9+JDh\xd1\x09=\x01+?\xf5\
\xe5\xa4|\xc3\x0d\xcf/\xe1\xc1\x87$\xf3k-\xd1I\
GB\xd3(\xaa\x05@\xc6^\xf6\xeb\xff\xebSo\xf8\
\xa3\x0f\xdd\xf35\x9cG\x8e\xe8\x92M\xb7\x15\x11\xd2{\
\x98y\x8d\xa3\xf7eG\xcf4\xc7L\x16\x84\x01\xc2 \
\x04s*u\xc6\x90\xd2\xa7^\x92\x0a,\xd7\x11\xf8\xee\
8\xa7\xf2\xc4\xcb\xc4\x8c\xd1HX\x01\x92\xa0<\x85\x08\
\xbcb\xcf\xf9\x9e\xd9ly\xees8\xd6)\x06\xab}\
\x82\x17>\xa2\xe9\xf8>C0\x03\x85\x5c\xce\xe1;c\
\x0d\xcd\x09f\xa6\xa7]\xa1A\x108\xbc\x97\x0a\x90/\
\xb8Hi>_@GG\x07\x820p\xfa\xed\x96!\
\x14y\x95\xd8V\x12\xeef\x95\xa4L1\x85\x19P\xca\
i\xb3\x07\x01X\x18\xacZ\xb3\x1aC\xcb\x86p\xc1\x85\
u\x8c\x8c\x8c\xe2\xe8\xe1\xc3\x98\x9e\x9eAyf\x06\xd6\
K\x92\x0a\xb2\x8d\xc2&n\xbe\x7f\x8b \x0c!\xb4@\
=\xaeB\xca\xa0\xad\x10\xc1b\xf3\xe6Kq\xc5\xe5\x9b\
!%\xa1\x1e7\xc1OX:\xc7\xb3\xa5\xe1RG\xf4\
dL\xb9#\xd7\x09K\x11\x8c\x950\xe4$\xa8|\x89\
\x17\xc0\x06\x121:\x0b\x0a\xc5\x08\x98\xd6\x09H\x1e\x83\
\x9d\x82\xb1\x1a\xc0\x8f^\xd2\xce\xb5hg\xc4\xb8<\xfe\
\x15.-yL\x90\xd8\xa2a\xc3\x93\xc9\xee\xb9\xb1d\
\xb3M\xbbfF\xef\xc02X\x11@[\xc7\x9b\x99\x9e\
\xd0\x92\xa3\xd6\xb3*\xc4\xfa\x8b.\xc6\x85\x17o\xc4\xb2\
\xa1e\xe8\xe8\xe8\xe0#\xc3G!s\xc5ke!\x7f\
\xa8\x1c\x99\x89\xfd?~pN\x9e\xcc\x9d\xcf<x?\
\x00\x5c\xba\xe5\xd6)\xcb\xf2W`\xf8\x0d\xf9B>\x17\
\xa8\x80\x99\x99\xace\xc4\xd5\x1aH\x90\x13\x0di\x93(\
n\xb6\x89\x89\x09<\xf5\xd4S\xc8\xe5r\x00\x80z|\
2\xd4\x9c\x9e\x0f\xc5\x1ah\x0d(%1S\xae \x9f\
\xcbab|\x02\xcf>\xf7\x0c\xae\xb8j\x0b\x00@B\
\xc0\x0a\xa0^wTh\xa9#\xab\xa4\xe2\x5c.\xa7\x96\
.\xbdE\xf5\xf5\x8d\xf1\xb6WN t\xd1\x09=\x11\
\xdb\xb6m\x9b\xc5\xb6m\xd5_\xfd\xe3O\xdd\xab\x94\xbc\
\x99\x99\xf3\xda\x1a\x18\xe3\xd2q\xcdQ\x03\xb9\x80\x0f\xe5\
\x16>\xc9\x06\x0cE\xb4\x8c\x02\xd5\x81\xf3\xcc\xf3\xea\x09\
p\x05\x18WYB\x7f\x0b\x80l\x0eSJ!\x0cs\
\xb0\x06\x90R\x80\x84\x85e\xa7g==3\x0e\x90\xab\
\xa4&\xab\xfc\xa4\xb6\x90,\xe7\xdci\x8dy\xdf\xdff\
\xc7\xe2\xd9\xb4\x9e\xd0\xdb\xa6\xa4\xa1\xe9\xdf\x8d\x9d\xb7\x10\
\xa7\xed\xec\xa06fM\xd9\x84i\xb5\x96\x91X\x82\xd1\
\x06RY(\xa9\xa0\x02\xe9\x1d\xd1\xc6w\xb5\xdeg\xeb\
\xfd\x9a\x13L\xe0\x9eh\xb4\xd5\xcc\xd7\x15\xdb\x1f\x83w\
\xe6f\xb5\x89m\xc7\x8e\xbaTu3\xfb\xe6\x5c\xe7e\
4\xa2\xcf\xc2\x11v\x02DP\x22\xcc\xcek\xadA=\
a\xd4\xab1&F\x1d\x9d\x9eR\x12A\x14\xa1P(\
 \x8a\x22t\xf6t#\x0cCD\xf9\x1c\x82 D\x14\
E\xbe\xe8\x82\xc1\xdc\x88t\x08rT3:\xd1\x19\xfd\
\x93\x10\x0aI\xa2\x01A(\x14\xf3X\x91\x1b\xc2\xd0\xf2\
\xa5\x98\x9e\x9a\xc2\xd1\xc3G01>\x85\xd1\xb1Q$\
\xc6\x00V\xbb\xc2\xab&blN\x1dm\x81lq#\
\xf6\x89\xf1 \x04H\xe0\xe7~\xe6g\xd0\xdbQ\x84\x80\
K\xdf\xa7X;\x22\x0b@5=\xf7\x14\xd6q\xec\xe7\
Gm\x91]\xeb\x05\x14\x5c\xe6>\x07\xa8\x02r\xa5~\
\xd4&BT\xeb\x06a\xc0NA\x95-\x044\xe2\xa4\
\x8ab\xae\x03+\x96\xf5c\xc7\xfe\x0aX\x96|\xc4\xa6\
].\x94Tb\xcc\xee\x13\xeaL\x8bvN\xda\xb6K\
v\xf0\xb6\x7f\xb5\xb5\xf6\x9f?\xf1/\xff[)\xf5\xbb\
\xac\xcd\x0aC\xeca\x1c\xed\x1b\xe2V\x9ef\x99\xf57\
\x096\x0c+,8\x8dz\x1a\x8b%\xcbV\xa0\xb3o\
\x00\xe3\x87\x8e\x22*D\xa8U\xaa\xa0@BD!\x06\
\x97\xaf\xc2\xfa\x8d\x97\xa0\xab\xa7\x0f\xdd==\xcc\xcc\x98\
\xa9YX\x84\x95j^=/\xc7\xf6W\xf7\xdf\x7f\xff\
\x82\xe0\xe8zlw\x0a\x15l-v\x16\x97\x17J\x1d\
\x9b\x0b\x1d\xc5@\x08\xc1B\x08(\xe1\x82!\x8e\xa1B\
dX\xect\x8e\xcdE9H\x12\x18\x1e\x1dA\xadV\
C\x14H\x07\xad!\x82\x15\xe4\xc7!0\x9f?\xdeR\
\xd4\x9f\xcd+N\xcaX\x03\x08\xc3\x00\xdahH\x11`\
\xcf\x9e\xdd\xb8\xe4\xb2\xcb\xdd\x86\x95\x80\xa4V\xf7\x19\x8a\
\xf4\xf3\x16VH\x12\xa1\xba\xf4\xa3\x1f\xfd@\xbcu\xeb\
\xd6\x97\x7fj\xac\xc9\x16\x9d\xd0\x13\xb3\xb4\xe0\xefQ!\
\xe9\xc9$\xb1\xd7d|\xa1'@#\x91\x9a\xdfq2\
1\xa4d\xdc\xfek\x1f\xf9\xc8\xe7?\xfa\xc1\x0f\x9e/\
i.\x09A\x11\x80\x9b`)r\x18\x9a\xf6T|\xa3\
\x02>\x9f+\xba\x02\x8fL6\xd1\x11\xf7Vff\x90\
\xd4\xaa\x90h\x14\xea\xa4\x93\xc1\xd9\xb2\xb9\xa2u'f\
\x0b\x93\x8b\xb3\x05\xac \xd8\xc4\xc2\xe8\xc4\x81\xdb\x83\x00\
\xd4^\x96\xcc\xde\x11;\x0f\xf8E[\x81\xfbs7\xe0\
\xe9\xb8\x83\xb9ZB\x08\x89\xa4^\xc7X\xad\x06f\xc6\
\x91#G]!X\x14\x22P\x01\xba\xba\xbb\x10\x05!\
\xf2\xb9\x1cd\x10\xa0\xd4Q\x82\xf0\x14M\x99#m\xd9\
\x15\x1a4\x15\x10\xa4\x109\xa5\x14\xba\xbb{\xd0\xd3\xdb\
\x8b\xa4V\xc7\xe8\xe88^|q7FGF\xa0\x82\
\x001\xbb\x8a[\xa0\xd1w\x88\x1c\x15L\xda\x9f\x88\x81\
r\xad\x8a\x1b\xaf\xbf\x1a\xd7]}mv\x1fJ)\x9c\
\x0a\xe2\xe3\x98\xcf\x84\x04\x08\x0a`W!O\x22\x07\x08\
\x09\x86\x85\xb5\x1a\xc2\x09yB@#\x17\x0a\xf4w\x17\
\xa0\xf6MBC;n\xdff\x8a\x1c\xb2`\xb0RB\
\xbe\x09\xc0\xc38\xcf6\xcd\x8b\xd6f[\xb7Z\x00\xf8\
\xdes\x8f}\xf2\xb6\x8dW\xdf \x84}\xaf\xd5N^\
\xe4d3|^\xa4\x16,C\xf4\x0c,\xc7\xc1\xbd\x87\
!b\x03\x19\x15\xb0\xf6\x82\xb5\xb8\xe0\xb2M\xe8_\xba\
\x02$B0K\xc4\xd6\x80\x98 \x89`e\xb4w\xd7\
\xf4s\xd5\xed\xdb\xb7\x1f\x17\xdd\xd7\xf3O|\x7f\x17\x00\
\x5cv\xd3\x1d[\x07\x97-\xbd\xa6<S\xfe/\xb9B\
\x81\xb4\xd1\x90\x90^\xc8.\xdd\xdc\xb5~\xd6Z\x86P\
@\xb5V\xcb\xb2\x19\xa7\xcb\xd8\x18H)\xdd\x08\xb2\x16\
\xe3\x13\x13\xa8\xd5j\xc8\xe7\xf30F\xc3\xd8\x96\xdb\xf3\
\x8b\x9eaI\xc2\xfe\xdb?\xf8\x83B\xde\xf6\x0a\x00\xd3\
\xa7\xf5\xa2\xcea[tBO\xc2\x98\x0e\xdf+\xc5\xea\
wY\xc1\xd7$\x89\xc6\xa9\xb2\xaa\xb3\xe34\xbaY\x89\
\xa1\xf5\x00\x9e:\xdb\xf7w\x5c\xb6i\x93\x04\xd9u\xb0\
\x18 \x02\xa5\xaa\x1a\xe9N\xb3\x9d\xe6\xa3P(@*\
\x09\xc3>\x95)%\x84$T\xaa\x15$:\x81\xf2\xce\
\xc0+eYc\xcf#\xe9\x16v\x01\x93$0`\x04\
\x81\xf4\x5cvi\x08\xd6\xe3\xf2(\xe5m<\xb7\x1d\xd1\
\xf9\xecL_u\xbd^w\xed&\x04H\x08h\xa3}\
5\xbb\x85\x161\xa6&&\x1b}L\x10\xc20D\x18\
\x86\xc8\xe5r\x08\xc3\x10\xa5|\x01*\x08\x10E\x11d\
\x18\xb8\xcc\x06\x11\xd8\x179\xc5:\xf1\xcfE\x81\x05\xa1\
o\xa0\x0f\xdd\xbd\xdd\x18\x1e\x1e\xc6\xce\xe7\x9e\x83`\x01\
\x9b\xe8\xac\x02\x96\x88\xb2\xe2\xb3,\xa6)\x00&\x17a\
Ot\x02\xb6y\x08\x01\x80\x00;o\xe0\xa5}\x03r\
2\x0b\xa6\x008@\x98\xebD\x99\x02\x90\x88\xd0\xaa\x08\
\xe8\xfaa\x14\x0a,\x1b\xec\x07=1<\xff\x13#(\
\x00\x83\xd8\xb2E\xe2\xe1\x87\xcf\xcf\xce\xb8h-\xb6}\
\xebVs\xdb?~\xf6^!\xe4\xcf\x91\xb0ybj\
\x91\x9d<\x1e\x13)g\xa1\xafO5B`\xd3\xe6\xcd\
(\x14J\xe8\xef\xea\xc1\xd2\xa5K\x11\x16\xf3\x10a\x84\
\xaa\x8eA\xd6\x80a8\xcd\x10\x08A,%\xed\xdf\xbe\
u\xeb\x09\x0b\xd4\xe6\x02\xf1\xe3\xfe\xae\xfe\xc7k\xf5\xda\
\xbf\xb3V\x87lY\x90\x1f\xb7\x02\x1ez\xd3\x96\x99\xb2\
\x9c@H\x89ry\x0aBzjAa@\xc4\x10\x82\
\xd3D\xce1\xacM\x96\x13\x16.\x10\x03\xa45\x0d\x04\
\x86\xb5\x09&\xc6'033\x83\x5c.\x07\xed\xa9\x99\
f\x8d/\xa1@\x826\x8b$\xea\xa9\x86S3\xd8\xba\
U\xa4\x9b\x84\x97\xbb-:\xa1'a\x1f\x1d\x1bK\xfe\
\xfd\xb2u_\x12\xd2\xbcGZ)\x92\xc4\xccR%;\
q\xa3\x0d\x82\xe9U8O\x9c\xd0\x8b\x82\xae%lq\
7\x11:\xd9\xa6i\x8f\xf9\xc3\x97\xd2W\x0e\xa6N\xa6\
\xd1\x1a\xc4\x9c\x11\x08\x13\x9a\xb4\xbb\xe7\xb0\xd9\xe9\xf63\
wo\xf3q\xd5\x9d)s,\x09\xda\xf3\xceI\x04*\
\xf2\xe4\xf6@3\xc1\xfd\xcbIq\xe9L\x18\xb3\x93\xc4\
\x83\xa7'\x22\xcb`ca\x8c\x05\xb1\x85\xd5\xbe\x18\x81\
\x08\xf5\xb8\x82*\xcf`\xc2G@\xad\xb5\x08\xa4\x84R\
\x01H\x09\x14:\x9d\xee}gg'\x88\x08\xf9\x5c\xce\
\xe1Q\x89\x11\x86!\xaa\x95*\x84\x14X\xb1b\x05\xfa\
\xfaz\xf1\xe4\xe3O`|b\x02F\xebY)\xec\x94\
\xa4\xdb\x12\x10\x15\xf2x\xf4\xf1\xc70::\x86\xde\xce\
\x22\x02!q\x12\xb4\xa0'h\x02\x0c\x85 ,\xc1\x8a\
\x1c,\x14\x0c\x08\x92]Q\x151\x83\xa4F\x14\x08\xf4\
u\xe7 \xc9 \xb1\xc6\x09Lp\xb3\xe2&;.\x1c\
\xe2\xb7n,\xcb\xff\xfc\x0c0z\xb6\x9f\xf9\xa2\x9d\x1e\
;8u\xe4\xcb\xcb\xbbV|U\x0ay\xa75&\xf2\
R\xef\x0b\xce\x82i\x1a\x1aL\x9eH\x09\x00\x04T\x98\
C\xdf\xe0R,\xe9\x1f\x041\xa0u\x02\x19D0\x04\
X(7\xd7\xa1\x81\x13\x97R\xd5\x12\xc3\xdf8\x99k\
/v\xf6\x96\x0e`t_\xb7\xee\xfe\x93j\xb5\xf6\xd6\
|\xa1\xb8\x96\x1c\xbee^\xe9\xa7\x14\xeeT\xab\xd5\xdc\
\xbaD\xf6\xa4\x02 n]jPP\xa5\x7f\xb3\xc6\x82\
\x94\x93\xdc\xb5\xd6\x15\xdf\xa6\xf3\x935sd\xfa\x04`\
\x19!4\xfe\xd7\xc4t\xfc\x9f~^\xa1V\xbe\xfb\xee\
d\xdb\xb6mg|v8\xdb\xf6\xf2b\xce~\x89\xec\
\xee\xa76Q\xb5:\xb3\xdb&f\xdc\x98\xb9\xfb\x88e\
\xdbr\xccgl-%Z\xc3\x82\xa5\x10\xe2\xd6\xb3}\
o\xc7k\x06\xe1E l\xb4\x1e\x0b*\x84\x9c5\xd8\
\xa5r\xfc\x8aA.B.W@b2\xb6n\x80\x0d\
\x8c1\xa8\x95+Y\xba\xefD\xaa\xd0\xe7$\xe7>\xc6\
\xeb\xedGJr>\xd7\xb1\xd0g\x9d\xb3xb\xc7\xac\
\xeb\x13\xa2\xe5\x10J\x81\x85@b\x18\xb5Z\x0d\xf5z\
\xe2$\xe7\xb8Y\xb9\xc6Wx\xd2\x89\x17\xa9,|O\
'\x7f\xa4\xd6\x5c\xf4s\xe2\xd6\xcaK\xd8|\xae\xe39\
\x94\x94P\x9e\xc6I\x0a\x01\xe9\xf9Ea\xad\xe3\xfd\xb3\
\x0c\x18\x0b\xab5L\x92\x80\x8d\x01YW\xd5.\x89\xa0\
\x84[\x05L\x92 \xa9\xd516<\x82\xdd/\xec\xc2\
\x13\x8f>\x86\xc7\x1fy\x14\xcf\xecx\x06/<\xf7<\
\xf6\xed\xd9\x83#\x87\x8f\xb8\xe7j\x19\xdah\xe4ry\
\x5cu\xd5U\xd8p\xd1\x86\xec\xdag\xb7?A\x90\x04\
\xb3\xe3<\xfd\xf6\xb7\xbf\x05\xa1$bm\x5c\x9f\xf3\xc8\
\x95\xd9\xf7&\x9b~\xcay^o=\x00\xa7s\xcf\x96\
\xc0\xac\x01\xb6 D\x90Q7::\xfa\xc1\x14ec\
\xceI\x16Z\x905\x80\xadb\xe5\xb2>\xe4\x02?\x12\
\x9a\x9e-\xb3\xf1\x84\xdcL\x00J3b!\xd4\xfb\xa2\
\x9dG\xc6\x1f{\xef{+`|.\x0c\xc2\xe1B\x93\
BP\xab\xf9>e=\xf9\xfa\xacp\xa1\x80a\x82\xb6\
N.\xb3\x96h\xd4\x8cA\xd5\x1a$D\xa8&\x1a5\
\x8f\xb5f\x16l\x8c\xebMa\x14\x990\x0a_\x9c\x9e\
\xa8\x7f\xf4d.~{T\x7f\xf1+\x1f\xfdh}j\
\xdf\x8e\xff\x98X\xfd\xeaz\xad\xfe]\xcbl\x84\x14-\
\x0c$\xed\xf3\x93SVJ\xd9\xe8\x05\x9a!ub\x9e\
9\xac1\xef\xa5u\x0b\xe98k\x9d\x0f\x99\x192\x15\
\xf9\xb5&sB\x9b\xbf\xbb\xf9H\x9dbm\xedO$\
\xcc_\x1a\xcc\xf5\xfd\xe4\x8a\xcd7,=\xab\xbd\xe2%\
\xb2E'\xf4$l\xdb\xb6{\xcct\xbd\xfc\x8c\xb1\xfc\
\x80\x12\xd2\x08!p\xca\x0aJ.*q\xe3\xbf\xfd\x93\
O_w\xb6\xefoA\xdb\xb4)\x14D\xbf\x08`\x09\
\x9a\xb6\x80D\x22\x93\xf6KU$\x88\x08a\x90\x83\xf0\
\xd5\xc7\xa9d'[\xc6\xf4\xf44\xacu\xa9\xf9\x85l\
!\xa7\xf3\xe5fI\xa2\xa1\x93\x04q\xec\xb8\xf4\xacI\
\xa3\x0e\xf4\x8a\xb8\xffS\xb5vh\xad8\xce&\xcb\x16\
\x85&u\x13c\x0cFGG\xb0\x7f\xff~\xec\xdc\xb9\
\x13O?\xb5\x03O<\xf68v>\xf7\x1c\x0e\x1f8\
\x84\x89\xb11\xd4\xebu\x0c-]\x8a+.\xdf\x9c\x15\
#\xcd\xff%\x02/\xec|\xd1]\x97\x90\x08\xe4\x19\x0a\
\xbb\xfb*{\x0b\x01P\x00\xc8<\xa0\xf20\xe4\x22\xa1\
\xd9&\xc9Z'\xd5i\x13\x14\xf2@!/\x5c\xbat\
\xbeM\x07s\xbe3\x08V\xe3TqH\x8bvN\xd9\
\xc8\xf0\x0b\x9f\x22\xc6\xd7@\x0e\xab\xd1X\xd3\xe6&\xae\
\x07\x1a\x8e\x5cF\xc6\xde\xec\xd8\xc1E\xff\x0d\xbbdx\
\xba\xc9o~\x9d8u\xe9\xf0\xc4\xdfl\xfdW'W\
\x0f\xe1\xa3\x85\x1f\xfb\xd8\xc7\x92\xff\xf4+?w\xa0|\
\xe0\xe97&\xf5\xfa\xfb\x8c\xd6.G>\x8f\x19m\x90\
\xcf\xe5Ni>\xcd\x22\xc1mm\xd2\xbc\x11\x8d\x82\x10\
Q\x10\xa6\xd2\xb7snR\xeb\xf5:\x11@\xa5RI\
\xf4\xf5\xf6\xae\x16\x10\x7f]*t<\xf2\xdf>\xfa\xb7\
\xffu\xeb\xd6?/\x9c\xf4\x05\x9e\x07\xb6\xe8\x84\x9e\xa4\
\xfd\xd5\xbf\xfb\xc5iK\xfc \xc0\x15A\xe2\x94H\xeb\
\x017 \xc0\x18 \x88%g\xfb\xde\x16\xb2u\xb5|\
\x1e\xe0\x01\xb7\xb25\xccIYx\xa5\x1b!3\xda\x8e\
\x5c.\x07\x12\xd4\xa2\x19\x1f\x04\x01fff\x5c\x15\xf4\
Y(Bj\x96f\x9c\xeb8\x17\xcc\xd8\xd4\x195H\
\x92\x04F\xbb\x1d3\x9f+\x17x\x0e\x19\xb5\x1d\x0b\xd9\
\xacg\x0e\x8f\xd3\xa5\x06\xd8\x818\xadjwD\xf4\xc4\
\x80\x8e\x13T\xcbe\x94\xa7gp\xf4\xf0\x11<\xf7\xcc\
3x\xe4\xe1\x1f\xe3\xf1G\x1e\xc5\x8b;_\x00,c\
\xd5\xf2\x15PBf\x9f\x9fK\x02s\xcf\x9e=(\xcf\
T\xcf\x08\xac\xc4-r\xae*\x18\x1e#\x0b\x11\x01A\
\x1e2(\xbaa\xcb\xa2\xc51w\xa5J\x09:J!\
\x0a\xf9\x00\x965\xacm\x89r\xb7\x5c)+\x9c7Y\
\x9bE;>\xeb\x1b\x1bK \xcc\xd7%\xc9\x11\xf7\x97\
\x86\xf39w\xe4\xb3\xd9|M\x80\xe7\xcf\x14l}E\
\xba\xf5\x0c\x17\xee\xff\x22%\x8e'\x0b!R\x87\x8ck\
\x86\xcd\xdf\xe1\xf4U\x04\xe8g\xf4\xf8\xc7\xe3$y\xc6\
h\xd3\xc2:\xd2l\xc6\x9a\x0cn\x93I\xf1\x12\xcdb\
\x9a8\x19\x13R\xa4\x105\xe4r9\xe4r9H\xe9\
\xb8A\x85\x9c}\xfe0\x0c\x11\x04\x01\x0bW\xccH2\
\x08\x88\x08\xdd\xcc\xe67\xd1\x9f[q\x9a\xda\xe5\x9c\xb4\
E'\xf4\x14\x8c,?\xa5H\xbe\xe8;\xd5I\x0f \
&\xb7K\xb4\xb0\x8a\x99\xdfp\xf7\xdd\x9f:\x97\xc9j\
\x85\xec\xe8\xb8\x05\x84\x15)\x8f\x92\xe7\x06m\xba\x7f\x97\
6\xb6\x04\x80\x94#\x14or@\xad\xc7\x82j\xad=\
a\xfdbd\xaf\xdd\x9a\x19\xaa\x8c\x8f\xc6i\xa3\x91$\
\x0e\xc6\xb0h\xa7\xdf\xe6\x22\xa6I\xad\x99gT\x10!\
\xa9\xd5\xa1\xe3\x180\x16d\x193\xd33\xd8\xb3w\x0f\
^\xdc\xb5\x0b\xa3##^\xae\xd0Y\xaaO\x9diU\
\x03\xa8T\xab\x18\x9f\x98\xc8\xbe\xf7\xcc\xdc\x89W{\x81\
\xefO*\x04T\x04\x0b\x85\xcc\xc1\xf0\xec\x0b\xd6&\x10\
\xb0(D\x84R\x0eP\xac\xa1\xbc2T\xd3\xbd\xa7\x12\
\x89\x02,o\xc4\xa6M\xc1\xc9\x5c\xdd\xa2\x9d\xbb\xa6g\
\x86\xbf@\x8c\x1d\xc2\xba\xad\xd3\xa9e]\x9a\xfa\xd8<\
\xec1L`\x06*q\xc2\xc3\xa7\xeb\x1e\xb6\x02\x18:\
t\xc8$I\xf2\xb5$\x8e\xb5\xd1f\xd6M0\x13\xd8\
\xd8\x96\xac\xc5\xf1fK\xdam\xb6\xa4'\xa5YA\x07\
\x15\x0aC\x04Q\xd8\xf2\xfa\xacv7\x1aZk2\xd6\
\xc1\xf7\xa4\x10\x04\xcb\xb2Z\xab\x89\xa9\xa9i\xdc\xb6u\
\xeb\xcb\xb6~\xe7e{c/\x85IT\xbf\xad\xc2\x9e\
\x9f\x11V\x5c\xce:\x81\x85=nO\xd4\xb6\xd1\x19I\
\xa5\xc0\x10\x82\x02\xf9\xaa\x95\xafQ\x97c\x1b\x1e9\xdb\
\xf77\x8f\x91f\x9eT\x96V\xb0g\xf2`\x06\x0b\xa1\
f#\xad\xe1v\x84\xc5\xce\x0ew\xcf\xd4\x18\xe8\xdah\
T\xcb\x158\x82\xfb\xc6\xfbmVY\x9c\xb5\x94;O\
;\xc5F\xfb\xfeiV\xc3/\xb0\xb4\x9f\xe0\x84\xa3}\
\xea\x92H\x00\xd4\x1c!\xb0-\x0eJ\xb5Zu\x91\xdf\
9[\xa3\xf9w\xdbv\x1d\xad<|\x80\xab\xa4\xce\xbe\
\xdf\xa2QB\x9dXDVB\x0a\x82T2\xa3\x18i\
]0\x8e\xc5\xa3\x9a\x12\xa3\x1fk\x0fzb!\xba\x85\
\x16\xab\xf6\xf6\x98\xfd~\xd3\xf6\xfe\x94#i\xeek\x14\
\xb3xb\xdb\xceo[?\xa7\xdb\xdf`f\xa7\xd0Z\
\xad\xad\xff0gQV!\x08\x10\xb2\xf5\xb3,\x00\x06\
ff*\xd9\xb5\x0b\x7f\xed\xc2\x13\xd9\x0b_\xe3C\xec\
\x0a\xf3j\xb1\xcb>\x1a\xc3\x90>%\xef\xbe\xc5B4\
\xb3#\x9c\xe0\xf3p*\xa2sl\xee\x8cE\xb1\xab\x1f\
\x13\xfb\xd4\xacv5\xd6\x82l\x82\x8e\xbcD\x7fg\x84\
\xd0\xc6\xd0H\xa0\x85\xf0\x85U\x04\x0bW\xfao\x051\
[}\xfd\xd0D^\x1d\x04\xe2\xe3\xbe\xb0E;\xa7m\
\xeb\xd6\xad\xfc\xcb\x7f\xfe\xe7\xa6\xa7>vTD\x11\x00\
\x01c\x0cd\xd3\xe4\xdb\x9c~o\xee_\xad\xb8w\x06\
t\x13\xbe\x1b\xe9{\xa9\xe5\xbd\x82\x08\x12\x040\x1d\xf8\
\xc3_~\xcbC\xa7\xf1Fx+\xc0\xbf\xf7\x7f?\xf9\
\x17B\xc9;\xac5\x17\x0b\xd1\xbe_\xb20\x9a\xb1r\
\xf9*tvv\xa3^)\xc3\xc0@\xb0\x80R\x0a\xb1\
\xd6\x805\xb3\xf8\xa8\x9b1\x9d@\x03v\x96\xadw\xa2\
\x81\xdb\x17R\xc2\x1a\x8d\xde\xde\x1e\x14\x8bEW \xe9\
\x1d\xd6\xd9\x8e(\x83\x88\xd8mr\x05\x8c\xb5$\x84@\
\xbd\x12\xab\xc4\x88\xc3/I\x078K\xb6\x18\x09=\x05\
3r\xbaj\x13\xf3\x0d\xf6\x91)b\xf0Ig\xd7,\
\x93f\x8bX\x9b\x8b`\xf9\xda\xb3}o\xf3\x18\xad\xb9\
\xe2\xb6\x0eI\xf4\xff0Q\x01p\xd1\x91\xd9\x91\xd0\x14\
\x17#\x10\x06!\x88d\x8b\xd3(A\xde\x01=\x7f-\
\x0c\x82\x86\xea\x8e\xb5H\xb4\x06\x09\xe1\x1d\xd03\x9f.\
\xafUk\xa8\xd7\xeb.MoL\x8b#\xecl\x81\xa1\
}\x12\xbc\xb6\x8b6\xb75/\xc6B\xb4\xb2<\xb4G\
W\xd2\xd4|\x92$\x1eC\x87\xcc\x01\xf5g;\xbd\xd7\
\xd6|j\x22@\x86\x80\xca\xa1\x1d\xe7\xc7\xcc XH\
\xd6\xe8\xed,Bz!\x89\xe6\xeb\x11\xc8V`\x01\xa6\
\xa8\xd0]Xs\x16\x9a{\xd1N\xb7m\xdd*\x00\xe0\
\xee\xad[\x035\xa9\xfb\x8e\x1e9:<99i\xd9\
:\xa8\x94i\x12b\xb0s\xe0>g\x9bh\xfa9\xc7\
\xc1\xcd\x0e*\x8c`<\x85\xd3K\xd0\xce\x00P= \
^ \xd0\xb0\x94NL\xa2\xf9 \x22'\xfb\x1b\x84\x18\
Z6\x84$q\x94Ma\x18f\xd5\xeb'\xc2\x1f\x9a\
\xbe_\x08\x01)e\x061\x8b\xb5\xc6\xbau\xeb\x9c,\
\xb1\xa7\xc1\x98k\xc3n\x8d\x851\x86\xb4\xd1\xa9\xd4(\
+%Q\xaf\xd6`P[\xc4\x84.\xda\xdc\xf6\xd1\x0f\
~0Nl\xf2]kM\xf9T\xcf\xe5\xc3\xf10\xc6\
\x84\x06\xf6\xf5g\xfb\xde\xe61R\x84\xd7\x0a\xa2\xab\xc1\
\x8d\x99\x84\xe7\x18UiQR\xa1XhI\xc5\xa7V\
)\xbb&\x93R\xc06\xa5\x97\xcfU\x1d\xf54\xa5\x9a\
\x1e\x0c\x03\x9d\xd4a\xadF\x14\x05(\xe4#\x18\x1dC\
HG\xf7\xd1>\xf5\xba{\x13\xd9q\xaa\x16\x04\x01\x00\
\x81z]cf\xa6\x82Z5\x86NlV\xb1\xe9\xaf\
z\x9ec\xd1\xce\x94\xf1q\xf2+FQ\x84|>\x0f\
\xe0\xf4?\x11\x22r\xd1\xcb\x14\xe7\xe6\x7fBH@\x05\
Pa\xc1\xfd\x9f\x05\x98\x04\x18\x8dH:\x11cpI\
\x1f\x18\x09\x18I\x13\x9e\xaf\xfdK\xb83\x11\xb4\x88\xa3\
9\xbf\x8d\x00\xd0\x96\x83\x07\xe5\xcfo\xdd\x9a\xeb+\x0e\
\xdd)U\xeer+\xd5\x9b|\xbc?\xb3\x94^\xe8\xc4\
\xd2\xf3v\xce\x83\xbd\xaa\x83\x04\x98@\xc6\x82'\xcf\x0c\
'fY$q\xfc\x1c\x11\xc1Z\xd3rh\xed\x0a?\
I\x0al\xda\xb4\x09Q\x14Ak\x0dK\x00\x0b\xca\x22\
\x9a\xc7\xdd\x90\xde\x09\x95\xb2\x91\x99Jt\x82\xc1\xc1A\
\xacZ\xb5\x0a\xb6\xa9\xd0o.\x13R\xb0\x94\x92\x95T\
\x90R\x221\x86\xb46\x88\xa2\xe8\xf7K\xc8\xa9\xed/\
c^\xbe\xc5t\xfc\xa9\x19\x1f\xfa\xfe??=t\xd3\
;\x9f$\xc6\xd5\xec\xd4:\xe7\xe5&;\xe6\x89\x5c\xba\
\x8f\x8c5L\x9ao\xf9\xf5\x8fl{\xfd\x1f}\xf0\xee\
\xaf\x9f\xed\x1bl\xd8mj\xe3\x15\xeaf\x0b\xfb[\x0c\
\x14\x9b\xf3\xd9s\xf1\x83\xba\xc5\xd8\xed,\x9b\xef1m\
\x1am\x0c\x5c\xf1\x84\x93KkNo\x9e\x0f\xa6\xeb1\
L\x928\xa2\xf3B\x01\xa5\x8e\x0e\xec~q7\xac6\
\x08\x025\x87\xbc\xe5\xe9t5\x84oK_\xd4E\x12\
\x89\xd6\x8e\x98]k(\xa5\xa0\x02\x85\x97\xf1\xbcu\xde\
[gg':::\xa0\x8e\xab[\x9ch\xdf\x11.\
'O\xcd\xd0\x0e\x80X\x02*\x07\xf2\xb8P\xb7ai\
\xf0\x80:\xba*FWw'@\x1a$\x9c\xb4\xe7\x9c\
\xbd\x88\x89\x94\xb27\x03x\x06'\x0cnY\xb4\xb3a\
7\xdc}w\xbe{\xe9\xd2\xa0\xa4\xbaW\x17{{\xfb\
T\x18\xf6K\x92\xcb\x89\xed\xf5\xd6\x8a\xb5\xa1\x0c\xae,\
uwq\xa1\xa3;\xa4@B\x92\xa0Z\x12C\x0a\x91\
E@\x8f\xcf\x8e-\xac\xe0is\x99\x1d\xeaj\xcc\x18\
\xfc\xc9\x99 g\x97\xbd\xb4\xbc\x1e\xd7\xcbA\x18\xcc\x8a\
\xdc\x9a\x94\xaaM\x08,[\xb1\x1cC+W\xe0\xd9\x1d\
\xcf\xc0\xb0E>\xcae\xe2\x17\xe28j\x16H\x10\x08\
\x0d\xf55!\x04\xeaI\x8c8\x8eq\xd1E\x17\x22\x9f\
/ \xd6>[Es\x7f>\xf05\xbe\xd6Z\x18k\
\x10E%Tf\xca\xa6X\xca\xfd\xcb\xf4tm\x06[\
\xb7\xbel\xc7\xd8\xa2\x13zjF\xdb\xb6m3\xbfq\
\xcb\xbb?\x1b\x86\xe1\x86Z\x1cw\x1b\xa3\xdd(k\xf3\
\xcb\xec\x02\x11\x12\x8f\x83t\xcb\x82E\x8f%\xba\x08\xc0\
9\xe2\x84\xde\xa66\x5c\x1b\xae$k\xdf'4mf\
h\xb2\x0d\xa7\x8a\xfd\xf5\xb7\xdcp.\x97Cb,\xa2\
\x5c\xc1\xeb\x90\xbb\x97I\x10*33\xb06\x81R\x12\
\xcc\x8c0\xcc5U\x10\x1f\xdf<\xb4\xf0\x84xz\xc7\
\xacK\xbd;\xce7\xcb\x0c)\x80PI\x08b\xbc\xe6\
\xd5\xb7\xe1\xd6[^\x85\xbf\xfa\xab\xbf\xc2\xc3\x0f?\x0c\
\x04\x0a\xcc\x06J\x05`f\xa7\x08%\xc3Y\xe7\x9b\xdb\
\x8e\xcf\x19w\xe8\xe3\xa6I\x9e\x1c\xcc\xd1\x18\x86\xb6\x1a\
Jk\x08\xcf\x9d\xe9\xbe\xab\x15\xcb\xf4R\xfb\x0d\xa7\x9b\
Vj\xc1\xf3\xcdA\x9br\xac\xdfO*\x02\xef\x93\x01\
R8\xee\xcf\xb9\xce\x97~\x0d\x91\x84\x10\x0a\xd6:A\
\x98\xa5\xcb\x87\x10\x85\xf9,>\x94~;\xcd\x81\x1e>\
\x19s\xdf/!\xfd\xd9]\x95\x09\x00\x11@\xe6\x8a\xd0\
P\xb0\x9eO\xd4\xc28\xd8\x80`(A\xe8\xeb\xe9@\
\x14\x0a\xd4\x8d\x85\x95\x00L\xa3\xbd8\xd3\x81\x02\x81\xc5\
\xc8I]\xdc\xa2\xbdTF\x00\xe8\xba7\xbe}\xa8\xa3\
T\x14}K\x86n\xeb\xea\xef\x1f\xad\xc4\xfa\x0f\xa3(\
\x9a\x88r\xf9MQ\xaeP\x17D]N\xd7\x9c\x14\x83\
\x00\x01\xb2\x9aaX\x03$<\xfdRz\xba\xd4\xe6\xc3\
\x83\xfa/\x16\xd4\xf2\x1e\xd9\xf2Ib\xb2\x02JJ\x9b\
\x8b\xa2\x87\xff\xfb\xcf\xdf\xf1\xec\x99\xb8\xf9:%6H\
\xe4\xa3I\xa2g\xa5\xd6I\x10X\x10\xeaI\x8c(\x08\
q\xdd\xf57bxx\x14\xa3#\xc3\x88\xb5\x0b.\x18\
\xad\x91h\x80\xe6r\xc0g\x05\x19\x5cz_\x0a\xe1\xf0\
\xd5$\xb0v\xedZl\xde|\x85{\x83mu@%\
\xb99C)W\x11\xbf\x7f\xff\x01\x0c\x0f\x1f\xb5\xa5b\
\xc7XWg\xe7!\x19\x04\xfb\x99\xedW\xff\xe0?\x7f\
\xe8Q\xbc\xcc7y\x8bN\xe8\xa9\x99\x9f\x99\xed\x13R\
\xa9\x1f(\xab\xdf\xc0\xa4\x14\x93\xd3\x8f=\x11sjB\
L\xcc\xcc\x86\xac\x94B\xde\xfe\xbe\xff\xf9\xa9\x7f\xf9?\
\xbfq\xcf\x81\xb3|\x8f\xb4\xe9\x86\xa8\x13\xda~\xc0Z\
\xdc\x052!\xb8\xb5\x22~\xbeH\xa8\xf2\xb8I\xb0\x80\
\x01y\x095\x81$I\x1c\xd5\x10\x9ap\x8c\xe7Y\x85\
| \x15\x12\x9b \x8e\x13\x5cv\xe9\xa5\xb8\xe4\x92K\
\xf0\x81\x0f\xfc*>\xfe\xf1\xbf\xc5\xfd\xf7\xdf\x0f\x08\x82\
1\x1aDbN8\xc2\x994f\x861\x80\xb5\x09\xac\
1N\x22\xd5\xd3\x8f\xcc]\xc4\xb4h\xb3\xdb\xa3\xf5\xf7\
\xd6M\xa4L\xb7\x8b\xeeW\xb3p[:\xec\xb0\x9b\x13\
\x94TX\xbf~= E\x06\x90h\xd5\x5c9\xfdF\
 \xa7\x1b*#\x08\x95\x83\xf5\xc4\xe2L\x8e\xa3*\xf5\
\x19\x98\x0dJ\x85\x1c\x82\x00\x80\xd5`6\xb0VA\xa2\
\x8d\xbe\x8aX\x80\xf1.\x00\x9f\xc3\xcb|\x91<\x0f\x8d\
\xb6\xbc\xf9\xcd\xf9\xa2\xc9]POjW\xd4\xa7\xcb\xff\
\xb9\xa3\xd4U\x18\x1c\x5c\xba\xac\xa3\xaf'A\x18\x85\x86\
\xc1,\x15\x11Q\x09pXO\xb2D\x86\xac\xeb\xd9M\
O\xf4Xs\xc5\xf1\xc2OZ.\x0e XkE\x10\
\xc2\x02\x13g\xaa\x11j5]\x16\x82rI\x92x\xf8\
R\xc3\x0c,\xd8\xcb\xe7\x02@O\x7f\x1fn\xb8\xe9&\
|\xe5K_pja\xccP\xc2\xa5\xd6\xad\xc7\xc4\x1e\
k\xa3*=\x9e\xb4Z\xad\x82\x99\xd1\xd7\xd7\x8b[o\
\xb9\x15]\xdd]\x98\x9a\x9a\x02@H%J-\x01\xc6\
X\xff\x99\x00\x87\x0e\x1f\xc6\xfd\x0f\xdc?\x95\xcf\xe7\xf6\
,\xef_\xfa\x13\xa2|\xf0\xc0\xf8\xf8\xb8]\xba\xf4\x16\
\x85W\xc0\xd8ZtBO\x83\xed\xfb\xbe\xfd\xda\x05\xaf\
\xb3o&v\x1b\xbe\x93M\xc9\x03H\xf9F\x19L\xb7\
G\x82\xae\x04pV\x9d\xd0\xc1\xcb__\x00\xf3\x85\x0c\
\xbe\x91\x81<\x13\x5c\x81\xc3\x02C\xc32\xa3\x98+\x80\
\x9a4\xe1\xd3\xddb\xb5\xda\xd0\xadN\x07v;\xcd\xc5\
\xb9f\x02\xd6\xe9\x033C\xa4\xaaK\xc6`\xe9\xe0 \
6^|1L\x12c\xd9\xe0\x12\xfc\xc2/\xfc<:\
:\x8a\xf8\xc67\xbe\x858N\x10\xe6\x22\x18k\x11\xa8\
\x85\xba\xc3\xec\xea\xf8c\xb6\xef1\xd2\xfb\xc2Gl\x81\
\x86\xf3\x93a\x96\x04\xb5D)\xceU\x0c\xee\xb9j\xae\
\x8f6\x98-R\x9c\xd7\xf1\xf4\xdf$\xd1P\xc2q\x02\
n\xda\xb4\x09\xe9\xba\xd8<Y\x9c\xbe\xedJ\xab\xbc+\
\xc3+m\x05\x01dX\x00I\x05\xf6*\xdd$\x1a\x9b\
@k\x0cJ\xa5\x0eDQ\x00\xae\xc5\xb0\xd6\x13\xda\x8b\
\xb6j}\x06\x83\xe9;g\xedA,\xda|F7\xdc\
}w\x8e\xc7\xa7\xaf\x9d\xaa\x96\xdfR\xab\xd4\xdf\x9e\xc4\
fY\xff\xc0\x12\xb9d\xb0\x9f\x10\xc8\xb0\x0e\x01@\x12\
\xe0@\xbdi\x81\x9cG\xf8\xb8\xbf5u\xc4\xd6\xc5\xac\
\xc1\xd6pl\x07\xb4\xfd5\xd1|>\x06\x1b(%&\
\x12S\xfd\xfc\x99j\x88\xa9\xe7\xc5xq\x03_\x0d4\
\xe6\xc3\xb4P\x8f\xd9\xfd\x9e\xf8`\xd1\xe4d\x1dk\xd7\
\xac\xc1\x9do\xba\x13\xdf\xfd\xdew\x9d\x90\x8aN\x1c?\
0\x11 Z\x95\xe0\xda\xd1\xd0R\xcaL\x15i\xe9\xd2\
\xa5\xb8\xf9U\xb7b\xe9\xd02T+U\x04*@\x1c\
\xeb\x96\xf7\x87a\x00k-\xd7j5<\xf2\xe3\x87-\
k3I\x8c\xdd\x0f\x1dy\xf6\xd0\x95\xa5\x12m\xdb\xb6\
\xcd\x02\xdbN\x8e\xbc\xff<\xb3\xc5*\x85\xd3`\xdb\xb6\
\xddc\x13m\xbe\xa6\xb5\xd1&I\xd8&\xfa\xa4\xce\xd3\
\xa0\xa5ab\xe2\x02\x83\xdet6\xf9\xc1\x06/\x7f}\
q\xb0#x\x97\xb5\xf4\xb7l\xb1\x99=Kz\x1a\xf9\
L+\xe3g\x7f\xd2I\x99\x05a\x08\xe9\x89\xbeS\xf2\
b\x1d\xd7\xb2\xd4\xe5\x89J<\x9e]\xc5\xa4\xb4\xaa\xd3\
\x0d\x998\x8e\x91$\x096\x5cx\x01z\xbb;a\x92\
*\x88\x13t\x14\x0b\xf8\x99\x9f\xfdi\xfc\xd4O\xbd\x0b\
K\x96,A\xbd^G4\xaf\x0c\xde\x89\xd9\xf1\xde\xbf\
\xa5\x06\xcf\xa8\xb5\x0cc,\xb4v\xfc\xa2\x89N|\x01\
\xdc\xd9n\xcfSm\x0cq\xec\xe3\x94\xad\xbd\x98K\xfa\
\xa3\x11In\x97\xe9\x9b\xeb\xb0\xe9a\xddf\xc0\x80!\
\x95D\xb1P\xcc\x22\xa0\xb1=3\xed\x9fJ\x0br\xc6\
\xd9!\x01\x91\x83P\x11\xec\xac\xeax\xbf\x19\x84\x05\xdb\
\x18\x81r8@\xad\xe7\x99\xcb\x88\x04\x88\x7f\x11\xd8r\
~\x81\xb9_\xe6v\xc5mo\xed\x0a*\xc9\xfb\xa7\xa7\
\xa7\xff\xbaV\xae\xfcj\xbdV]^\xa9\x96\xd5SO\
\xed\x10_\xfd\xf2\x97035\x03EL\x82\x9b\x95\xee\
\x08\xc6p\x16\xf1\xb3\xf0*G\x9cA/2\xb2\xfal\
\xd3eO\x0d\xbe\xc9\xcc \x81\x92\x8d9wJ':\
\x86\x0d]\x84.\x11\xc8;\x82 \xc8\xc6!['\xf8\
\x91\x1eD\x04\xa3\x0d\xa4\x94\xa8\xd4kX\xbb\xfe\x02\xbc\
\xee\xb5\xaf\xc3\xc0\xc0\x00,\x01\x895\x80\xa0\xac\xe0(\
=H\xb6\x1e\xb5$F\x98\x8bp\xe5\xd5[p\xfb\xeb\
_\x87~?\xf7\xc7q<k~\x15\x8c\x8c\xeb\xf9\x89\
'\x9e\xb0I\xa2\xbf\x9a+D\xef\xcbG\x85?\xdeY\
*\xe9m\xdb\xb6\xc5x\x05D@S[\x8c\x84\x9e&\
\xabU\xcb;T\x10\x1c\xc9\x05\xc1P\xadV\xa7\x85\x9b\
v\x1e\xd06\x01\x0c\xcb\x891B\x11\xbf\xfd\xa2\x83\xcb\
>\xb4\xfd\xec\xdc\x12\xf5u\x84}\xac\xf5\xcd\x9c\xe8\xb5\
\x96\xa0\x1c\x5cH\x12\xdb\xf9\xd3\xf0\xfe\xa3 \xe9\xd2\xd0\
\x8a\x14t=\x86R\x0e\x9b899\x01m\xe2\x960\
\xf1B\xe9xn\x9a\x0c\x1bvj\x93\xe0B\xa2C\xa2\
\xcd\x91q\x8a:\xa9\xd3\xc106AR\xaf\xe2\xbak\
\xaeBNY\x18\x22\xd4\xb5E$\x08\x94\x08\xbc\xed\xed\
o\xc7%\x97]\x8e\x8f\xff\xdd\xdf\xe1\xc9'\x9e\x043\
e\xf4M\xcc\x0cn\x8ad\xa6\xca4\xcd\x85[2k\
\xda\xb9+R\x17\xe4\xe5\x84\x98\xc5\x17\xa6-\x000`\
\x0c\x88Z\x9d\x8b P\x10Bfj\x1e\x12\xc7\xfeN\
\xd1\xd6\xfe-\xe0}N\xbf\xbbU\x0b\xfeD\x9e\xdfB\
\xf7\xe7^\x9f\xdf\xd9lWwi\xf9\x95\xac\xa7Pi\
\xa6\x9eiM\xb7\xbb\xdf\x9b\xaf_\xf8\xc8\x8f/\xd2@\
\xeb\xa2\xec\x08\x8c\x9ah\xc88\xe5\xfdL\x1b\xcc\xc2\xcb\
\xfb\xa2R\xab\xe1\xef\xff\xfe\xef\xb1b\xe5ob\xe5\xd2\
\x01(\xc1`X\x972?\x0dq\x01\xc7[\xeaq\xc0\
\xfe\x9a\xb2s\x1b@\xa8\x9c\xd7\x98wti\xe4\x5cO\
\xc0\x18\x08\x91\xa0\x10J\xe4\xc3F\xfa\xd2\xe1\x8f[\xe9\
e\x88\x04\x04\xe3\x01\xa0\xe3\x15\xb3X\x9e\xeb\xb6e\xcb\
\x96 \x977\x1b\xa7\xa7f\xde23QY\x99v\x02\
\x15\x04H\x8c\xc6\xce\xa7\x9f\xa1\xa9\x89\x09\x5c}\xe3\x8d\
Xq\xe1\x06\x08%P)WA$\x1dO53\x0c\
[\xaf\x22\xe6\xd6/\x06@l\xe1\xe6~\xcf\xef\xc9\xae\
7\x1c\x93\xdc\x9d\xe6\xde\x9b\x10\xb91 #\xa0V\xaf\
\xec\x9a\x16\xa3\x9f:\x13m\xb1u\xebV\x15\x16r\x7f\
M$;\xe3\xd8Q\xd9\xb6n\xb8\x9d\x03\x0a\xeb*\x16\
\x1cn\x940S\xa9\xa2o`\x10?\xf1\xb6w\xe0\xc9\
'\x9e\xc0s;\x9f\xc5\xc4\xf8\x04\xaa\x95j\x06iJ\
\xb9A\x99\x19\xb9\x5c\x0e\x85b\x01\xcb\x96.\xc3\x86\x8d\
\x1b\xb0r\xe5J$q\x02m\xdc\xfc\xaa\x84\x007Q\
\xe8e\x80j)xt|\x1c\x87\x0e\x1e\x1c\xb6\xc6|\
+\x17\xe5\xf6\x98\xa9\xe9\x03\xf8\xe6\xb6W\x9c\x12\xc9\xe2\
.\xf64\xd9\x8fn\xbct\xfc\xa6\xc2\xc0\xd5\xa1\x92\x1b\
\x8d\xb6\xd2'\xd6O2%\xef\x5cQ!H\x85K\x0a\
\xbb\x7f\xf8\xd5m\x8f\xbd\xd4\xf7\xb3n\xcbk\xbbr\x01\
o5\xda\xbc\xd9\x18\xee\x00!\x0b{6GB\xe7\xbb\
\x83D\x1b\x08\x92\x902\x80\x92\x81\x93/\x84E\xa5Z\
A\xad^F\xba\xa85\xa2\xbf\xe9g\xe7\xc6\xe6\x11\xe0\
\xb5w\xbd\xbfz\x8ai\xe4\x85\x08]\xe7ztnq\
w\xd7\xc4F\xa3T\xcc\xe1\xe7~\xe6\xa7\xd0\xd3]r\
$\xb1\xc6x\x1e:\xa0\x1e\xc7X2\xb0\x14\x97^z\
)\xaa\xd5\x0a^|q\x0f\x92$\x81R~s\xd2t\
\xfds\xf9[\x0d)\xd3\xf6\x02\x80\x94\xf1\xfc\xd87\xb0\
p\xeb\xb49i\xd6\x97\x9c\xa4\x8e\xb0w\xca\xda#\xa5\
\x19|\xa2\xed\xf3me>\x99\xf3\xd3\xfe\xb9\xf9>q\
\xe2\xb6\x10\x0f\xea\xb1~%_`c\xfd\xcf\xd9\xd1`\
\x22\xd5$\xe3\xe7R\x8f\x96]T\xd9z\xaa\x9a\xd6\xcf\
P\xdb7\xa0\xed|\xcd\xbf0v\xee|\x0e\x93\x13\x13\
\xb8\xee\xbak\x11\x86a\xd6\x9e\xe2\xb4%\xa7|1\x89\
\xc7\xae\x12\xb3\xd3\x92\xb7uH=\x85\xf2\x91g!\x93\
iH\xd2 X\x80\x05,\x0b\x10)hQ\xc2\xf7~\
\xbc\x07\x07\xc75X\x16a\x11d\xcf\xcf\x92\xdb\xe0\x08\
\x16D\x84JO\xc7\xfeO\x8c\x8d\x8d\xbd\xe2\x16\xces\
\xd1.\xbc\xfc\xea\x9f\xac\xce\xcc\xfc\x5c\xbdZ}\x83\xae\
k\xe95\x06\xc0\xc4\x90$\xc8Z\x8b\xb8R\xc3\xc1\x83\
\x07\xc0l\xd1\xdb\xd3\x85B\xdeQP:\x89e\xb7y\
tJw\xee\xff\x02~\xb4\xb0\xf6}\xd4\xa4\xa5\xa8\x0b\
\x5c\xcd|K\x83Kd\x0b'R\xf2@\x1d\xd5\xcf>\
\xfc\xc5/&\xa7\xb3\x1d\xb6\xfe\xe9\x9f\x96\xa2\xce\xc1\xdf\
\x09\xa4|\x0f\x04\x19f\x84\xcc\xed3~[\x81f\x96\
\xbdp\x1b\xd2@),[\xb6\x0c\xab\xd7\xae\xc1\xd0\xd0\
\x10\x8a\xc5\x22\xfa\xfb\xfb\xd0\xd9\xd1\x89|\xa9\x88%\x03\
\x03X\xbdf\x0d.\xbed\x13.\xb9\xecR\x5c\xb4\xe1\
\x22ttvA\x1b\x83\xbag\x14h\xb6t\x13,|\
}\x123\xe3\x87?\xfc!v\xef\xd9\x93\xcf\xe7\xf2\xd3\
\xf5z\xf2\xa9\xef}\xeb\x9f\xc7\xcfT\xdf8\x97m1\
\x12z\xbal\xebV+\xff\xcfg\xbf\xaa\xa4\xbaU*\
3d\xcd\xa9\xb3M\x10Q\xa0$.?\x13\xf4\x15\x0b\
}u>\x17]\x95$\xc9Mlm/`\x08\x90\x8e\
\x0f4u@\x17\xf0\x82\x88\x08\x95J\x19R(\xa8n\
\x09\x03\xa7\x0a\x15'\xb5\xec\xf5\xf32\x0d\xec\xcdZ\x8d\
5\xab\xd7c\xd5j'\xeb\xdb\x8e\x11bf\xd4j\x15\
tv\x96\xf0\xaf~\xe1\x17\xb0\xf9\x8a+\xf0O\x9f\xfc\
'\x1c>|\x08a\x98\x87i\x8e\xbc\x11\xcf\x91B~\
i\xe9\x95\x98\x19F\x1bX\xb2\x10\xd2}\xb7\x14)\xaf\
)eN9\x11A\xbc\x022E\xc6\xb6\xfaU\xd6\xd8\
\xe3\x84.\xf8\xe76kx4)@\x11 e\x88O\
\x7f\xfa3(\x16\x0b\xf8\xf5\x0f}\x10\xa5R~\x96c\
\x7f:\xccR\xb3L\x84S\xfb\x12\xb9\x02@\xa9t\xa7\
\x8b\x862\x11\xd8\xb8\x08\xbf\x08\x80B1\x07\xe6\xaa#\
\xdf7M\x99\x83\xb4\x9f\xba\x8b=\xdbE\x93\x8b\x06\xe0\
\xb5\xaf}m\x97V\xf9w\xcdL\x97\xdf_\xafT/\
\xa8\xd7\xeb*}^i\xe4\x80\xd9B\x12\xc1X\x8d\xf2\
\xd44\xee\xfb\xf6\xb7\xb1{\xe7\x0b\xb8\xe1\xd6Wa`\
p\x194\x08\x895\x90B\xc2\x82<\xfe\xbd\xf1\x1d\xcd\
}\xa8\xb9&\xefd\x8d\x09\x0c\xa6\xa7>\xf6\xde\xf7\x9e\
v\xd5\x12\xc1\xa5\xcb\x94\x0co#0X\xf3q\xf98\
\x9c\xc5B,\xd8\x003\x95rV\xcc488\x88\x95\
+Wf\x12\xb6i\xd1-\x90\x92\xcckH\xa9\x90\xe8\
\x04l\x19J\xc9\x85\xda\x87\x0f\x1e8\x88\xbd{\xf7q\
>\x8a\x12\xcd\xe6\xff}\xe8[\x9f\x1f;\xdd\xedp\xbe\
\xd8\x22&\xf44\x9a\xb5\xfc\x94\x10\xea\x11%\xc5i\xf2\
 HH\x92o\xfa\xed\x81+/|)\xefch\xcb\
\x96<\x99\xe4\xad\x0c{\x11\xfb\x8d\x8a\xf7?g)#\
\xcd\xd3\x12\x08\x02\xd7\xb5\xca\x952\xa6\xa6\xa6\xa0\x8d\x81\
1\x0eG\xa9\xb5>\xaf\x1d\xd0\xd4.\xbb\xfc2tv\
v\x22\x8a\x22'\xcb(\x02\x10I_\x04$\x11\xc71\
\x8c\xb5\xb0V\xe3\xd6[o\xc6\x87?\xfca\xdc|\xf3\
-0&\xc1,'\xb3\x99\x10\x9c\x1a\x0e\xcfK\xddN\
\xa93\xaa\x13W\xf9\x9f$.\xb5\x94E\xff,\xc30\
9L\xe1\x19\xc3c\xbeT&\xd1\x8a\xf5l\xe0$u\
\xa2[\x0e\xdbF\xd4\xcd^\xc6\x95\xb3\x88\xf1q\x0c\xf9\
\x14S\xcc\x02\xf9|\x07:\xbb\xfa\xf0\xe9m\x9f\xc3_\
\xff\xed?8\x8c.\xc8\xd3\x99\x9d\x06#\xceD\x13\xdc\
\xf5qS\xc8]\xc0\x92\x80\x85\x80\xb5\xe9f\xd0:^\
P\x06`4\xf2Q\x006I[\x04[\x80 \xc9\xba\
\xc4,\x81\xe9b\xadW\xe4\xcf\xce\xb3[\xb4\xd48\xdf\
\xf1;\xd33\xe5\x0fT+\x95\x8d\xb5z=\x1f\xfb\x8a\
o\x22\x22KNZ\x18p\xe4\x08\x81TP`\xe4\x88\
p\xe0\xf9\x9d\xf8\xfag?\x87'\x1f~\x18\xf5\xe9)\
\x84`\x08k\x10\xc0@\xb2u]\x88\xe7H\xbb\x9f\x86\
1N\xa0\x0a\x13\xbfp&\xda\xc3&\xf6\x90 <\xcf\
`A\x82R1\x95\xf6c\xfe\xf6$\xc7\xd7Y\xab\xd5\
\x5c\x16\x8f$\xe2X\xa3\x9e\xb8\xa3\x96$\x98\x99\x9eF\
\xe2\xf1\x9e\xd6\xd3\xf0I!@\x82\x90\xa6\xff\xe7\xbd>\
\x02\x0e\x1c\xd8\x8f\xf1\xf1qbB\xb96]>x&\
\xda\xe1|\xb1\xc5H\xe8i\xb4\xe9G\x8f>.6\x0f\
\xec\x90B\xbe\x09\xd0h\x8e\x86\xa6X\xbb\xe35\x02\x88\
\x99Y[^\x17(\xbe\x0d\xc0\x19\xe1R\x9b\xcb\xfa\xc2\
\xbeUV\xf3\xd5lm\xc8lIHA`\x01\xb6\xcc\
D\x1e\xbb6+\xbb\xda\x96~HA\xee\xd6brj\
\x1c$\xd8U\x09V+\x88\x02\x05ct\xa3x\xc3r\
k\xedd\xeb\x89\xfdy\x16Z\x9cO\xac\xba|\xfe\xcf\
\xcf\xf3*\xfbk\xf0|o*\x90\xd8\xbc\xf92\x00\x80\
\xd6\x09\xa2(B-N\x00\x08/\xa5\xa9\xa1\x02\x09\xc0\
B\x08`jj\x02\xcbW,\xc3\xbf\xfe\xe5_\xc4\x15\
W\x5c\x86\xbf\xfb\xc4'p\xe4\xc8QDQ\x94I\xc5\
\xa5r\xe7^;\xb8\xd1\x02s\x15\x01,P\x18\xb0P\
k-\x88f\x90A\x86\x044\x86[\x22\x83\xc4\x16\xa1\
j\xa5<\x11m'L\xf5V\xd2\x88\x8cY 3 \
N\xd0\xf7j\xe7\xdd\x95\x0b\x8c\xaf\xf6\xeb3v\xee\xe2\
\x22\xd7\xb4\xb3I\xa5\xdb\x9d\xcc\xe6\xf8\xa25\xce\x81\x03\
\x1b\x08!A\xd6B\x9b\x94\xe6\xc5\xa5\xb8Y\xc01+\
\x08\x02\x91B\xac\x0d\x04K\xa8\xb0\x80\xbf\xf9\xeb\xbfG\
OO\x0f\xdeu\xcf\xdb\xbd\xe2\x16;M\xed\x934\x87\
uc\x97FM#b\x8e\xbc\xd8a\xf5H\x22\x1f\x95\
\x10W\x1a1mcS\x9c\xac\x06\xb1EGG\xd1}\
\xce6\x1cW\xd7\x0e\x945\x8e!\xbb\x13@\xed\xa4/\
t\xd1N\x8b\x8dOM^:>1\xbe\xd2&:\x10\
BB8\xc8\x0fY_\x01N\x02 ?\x10\xd9$\xae\
\x0f2P\x0aC\xd4\xa7'p\xffw\xbe\x8d#\x87\x0f\
\xe0\x8a\xab\xaf\xc5\xc0\xf2\xe5H\x18\xa8i\x0d!\x94+\
L\x93\x02\xe4\xe7\xf7\x13\xd5\xa5N3DRHhk\
X\x12A\x05\xd2J\x81\xef\x99X\x9f\x19\x98Y\x84\xa5\
\xf5Z\xfc\xff0\xd9;\xa5\x8a\x8a)lL)\xe9\x8a\
\xed\x12\x0d)\x03&\xcf\xefk\x8d%!\x05D\x13\x84\
H(\x87T\x8c\xb5w\xe0\x9b\x98|\x01\x01\x08\x81z\
\x92\xb2\xfc:\x0c\x7f\xba\xde\x0b\x11@\xfb\xe2\xe4FD\
Z\xa6\xbf3\x00\x8cOL@\x09\xc1\x92\xe4\x98p\x95\
\xba\xe7\x7fT\xe6$\xed|\x0a[\x9c\xf3\xa6\x86z\xa2\
$N>k\x8c\xa9\x0b\x10\x83\x88O\xb4\x02\xbc\xc5\x98\
\x89\x8d\x09\xac\xb5\xb7\xbc\x7f\xeb\xa7J/\xd1mHk\
\xe9n\xc3fCZ\x0d\x9f\x1a\x9d\xd4\x8d\xb8\x8195\
5\x85\xa9\xe9\x09\xbf8\xdb\x96\x05\x9f\x99a\x8di)\
\xf4h?\xce\xb6Y\xe6F\xe1\x8e5\xe8\xed\xee\xc4\xba\
5\xabP*\xe4\x91\xcb\xe5\xdcuj\x03X\x86\x92\x1e\
j\xed%\x0f\xd9\xe3_\xcb\xe5i\x08\xc1\xb8\xe1\xc6\xeb\
\xf1\xdb\xbf\xfd[x\xcd\xed\xaf\x86R\x02\xf5\xba\xa3\xac\
r\xb4!\xd6)*Z\x9b\x1d\xe7\x82eU\xde\xcc0\
 $V\xc3\x98\xa6\xc3\x9a\x96Ckw\x18\x7f4\xe3\
+\x89\x08B\x8aS:d\xdb\xd1~~\x12\xadG\xfb\
\xf55\xebH7o\x86\x16\xde\xec\xc0?\xab\xa6Ja\
\xff\x9dR*\xef\xacZ\x04\x81\xc4\xd0\xd0Rh\x93\xc0\
\xda$\xab\x86\x05\xdc\x82D\x90\xb0P\xd0\x96`Y\xe2\
O\xfe\xf4\xcfq\xef\xf6\xef\x03\xc0)9\xa0MOl\
\x8e\xbf\xf9H\xb5\x8f\x82\x82ES\xb5\xb3W0\x13\x0c\
\x12\x8c(P\x10\x04X6\x10\x10n\x930;\x02v\
\x81\xed\xd0\x8b\x91\xd0\xb3d[\xb6l\x09\xae\x7f\xc3\x1b\
\xae2\xb0Ao_O1(\xe4\x91\xc0\xa0\x96\xc4d\
\xda\x9e\x7f*\x17,\xa4\x041\xa0,\xa0\xd8\x22\x80@\
\xc8\x8c\x9dO\xed\xc0\xd7>\xffy<\xfe\xc3\x0703\
:\x86H(\xb01\xc8\x05aS0\xe5\xe4\xa5\x7f\xb5\
\xd1~.H\xd8jc\x98q\xf0\x85\xaf'\x8f\x9e\x91\
\x86\xa9\x99\xe7\xe2\x91\x17w1\xf3\xff$\xe0\x19k\xad\
\x0dTP\xb3l+\x95\x99\xf2\xf8\xd8\xd8hebb\
rjdd\x14\x00\xa0\x94b\x00<\x9f\xa0\x8ce\xdb\
&\xfb\xc9-\x99\x10\x9e\xf5\xbaq\x9f\x99\xfbu\xb2\xd6\
\xa0X(p U\x02p\x0e\xb9\x5c\xf7\x19i\x87\xf3\
\xc4\x16\x9d\xd0\xd3h\xc3\x9d0Z\xe3\xb01fg\xaa\
#\x9b\x1e'c\xd6\x0d\x0b\xb2\xccoQ=v\xcdK\
q\x0f\xeb\xd7\xbfQ\x19\xc6\xc5l\x1duF\xeax2\
3[k\xf9x\x1dQf\x03F\xaa\x97kP\x8d\xab\
(W\xab \xe2L5&\xa5\xada\xb6Y\xf5\xf1B\
G\xe3\xfc|J\xc7\x89\x1a\xb3\xf5\xd5\x91n\xe1^\xb3\
z56m\xda\x84|>B\xa1\x98G\x18\x06>\x95\
ma\xb3p\x81sH\xa4\x10\x90\xa1\x00\x0b\x8b\xd8\x18\
\xc4:\xc1\xbauk\xf0+\xbf\xf2^\xbc\xefW\xde\x8b\
\x81\x81\x01T\xeb\x15X\x9b\x80\xd9\xccR\xdf\x99\xfbz\
\xda\xef\xe7\xc4\x16\x87\xf9\xda\xb5\xf5M\xf3\xa7\xdb]Z\
\xbeqh\xb6\xad\x87N\xa0\xb5K\xe7\xa7\x91\xe1\xe6#\
\xa3|i\xa3~9\xee\xa3\xed\xf3\xcd\xb4+\xd68\xf9\
\xd2\xe6\xa3\xd9\xe9lv>S\xc7\xf3x\x9d\xcf\xf9,\
]\xa8\xeb\xf5*H\x08\xbc\xfe\x0d\xaf\xc5\xd6\xff\xfa\x9f\
\xf1\x96\xb7\xbc\xa5\x85\xa6%\xa5\xcfb\x12N\xaa\x96\x02\
X(LO\x97\xf1'\x7f\xfa\xbf\xf1\xfcs;\x8f\xf3\
\xf9\x1dG\x7fn\x96\xed\xcc\xfa\xa4\xa3\x9bj\xa1\xf1b\
\x93\xa5\x15\xd3\xf1\x9a\xcb\x87 \xe1\xc6f\xab\x8axS\
\xcf\x16|P\x95\xab\xe7\xc6.\xe9\x15h\x0f\xaf[g\
\xa9s\xea\xe9\xe5kWN\xdc\xf9\xd6\xb7\xc8;~\xe2\
MX\xb6b\x19\x89\x80\x1c\xbd\x125G.\x0d\xe0\x95\
\xb1$\x84\x8b\xdc\xc39\xa2\x0a\x02\xc5(\xc4\xd4\xc80\
~\xf0\xedo\xe3\xfeo\x7f\x1b\xc3\x87\x0e\xa0\x10\x06H\
\xe2\x18\xaa\xb9\xc8f\x9eT\xfcB\xe35P\x01\x82 \
p?U0\xc6\x96?\xb7m\xdb=g\xa6\xa0-\xaa\
\xc7[\xb7n5\xda\x9a\xbf\x1a\x1b\x9f\xbeY\x1b\xfd\xf5\
r\xad\xf2\x17\xf5Z\xf2~\x9a\xb2+c)\xd7N\xd5\
x\x85\x10\xe2\xd6\xd1\x91\xd1\xdd\xb5z=c\xd3H\x1d\
QK\x80a\x9ba\xf7-\xb5\x1e\x0b\xcdG\xc7x\x9d\
\xd92\x96\x0c\x0cP\xb1\xa34\x99\xcf\xe5\x1e\x91\xb9`\
\xe6l\xf7\xa5\xb3i\x8b\xd5\xf1\xa7\xd1.\xe9\xbc\x9b\xff\
\xa6{\xc7\xc4\xb5A\xefF\xa1\xe4\x95`\x92\x02D8\
\xe1\x22\x9c\x86.\x09  \xd8\x06B\x88\xf1\x95\xa5\xbb\
\xbf\xbbc\xc7\xb63\x19\x16\x14\x03\x17\xad_a\x8d\xde\
J\xb0\xdd\x00D\xe6t\xb2+\x8f\x07\xb3\xa7u\x01d\
\xa6\xdf\xe7\xca03pw\x83\x81\xce\xffd\x08%R\
\xc5`0\x5c\x05y\xb3\xf3C\x99\xbe\xe1\xfc\xd5\xf1\xae\
E\xa8\xf5\xd4\x98\xfd]\xc7e\xf3\x15\x8e\xcc\xf9\x1b`\
\xb5\x81R\x0aD\x16I\x5c\xc5\xab^u\x13\xeex\xc3\
\xed\xbe\xd2\xd1B\xca\x00\xe5r\x053\xe5\x0a\x8cu\xc4\
\xf6\x0d\xb0;\xa3\x1e\xc7H+\x96u\xe20[RJ\
\xac\x5c\xb9\x127\xdf|\x13\x82 \xc2\x9e={1=\
=\xe5\x22{\x82\xe6\xb8\x8ac\xddN\x86\xfe\x9b\xbby\
f\xd9\xb1d+\x85o\x9f\xf9*\x5c\xd9\x95\xdd\xceU\
\x82\xee\x8f\xac\x90\x07MU\xa7M\x0e\x1f\x83[\x1dB\
c\xe7t\x14\xe7;\xda\xa3\x99\x8e\xfb\xd4d\x87\xe3E\
\xb5\xd9\x01\xb4.\x1c)\xd3\xc2\xfc\x0dz\xec\xf6\xc2,\
\xb1\x00'^\xb0lh)\xde\xf1\xf6\x9f\xc0\x1dox\
=\x86\x96\x0db\xcd\x9a5\x18\x1f\x9f\xc0\x9e\xdd\xbbA\
B\x00R\x01\xbe\x0a\x99!\x5c;\x0a\xb7\xb9\x19\x199\
\x82g\x9f}\x1a\x97]\xbe\x19\xbd\xbd='\x14\x0f\x9d\
\xb57LY\x0e\xb2a\xe1K\x09\xb9\x0e\xd8\x19\xcc\x1c\
}\x16\xa66\x8c\x80k\x10\xd0\xb0`\xd7\x87\x84\x80\x11\
%\xec<X\xc7#O\xedCB%XYH\xb9,\
@\xaec\xfa\xe1\xc3\x91\x09\x82m\x93G\xf6L\x9c\xc0\
\xa5.\xdai\xb2_\xbe\xf9f\x15\xaeX\xd59\xd0\xdb\
\xff\xe1M\x9b7\xf5\xf6\x0f\xf6c\xfdE\xeb)\xdfY\
\xc0\xe8\xd8(*\xb52\x88RBP\x86d\xca\xd2\xea\
\xc4.{\xc0^\xb8BI\x05)%X[LM\x8d\
\xe3\xb9\x9d\xcf\x83\xd9\xa2\xbf\xb7\x17\xf9\x5c\xdeed\x9a\
\xa7^:VuR\x13\xb5\x99\xff\xc9\xec =\xec0\
)\x15K\xf8\xc4}\x9f\xfb\xc7=g\xa2]\xb6\x7f\xf9\
\xcb1\x00l\xb9\xfd\xae\xf0\x0f~\xfb\xbd\xe3\xb7\xbc\xf6\
-O\xd2\xc4\xdeOpP\xda\xbd\xf5\xc3\xbf<\xf5\xe0\
-\xd7\xd5~\xb4\xf5\xb7\xeb\x97\xac[qHwF\x7f\
^\x0a\x0a\x8f\x83\xe8N\x02)\x22\xa29\xd92\xda\xbe\
\xa3\xbd\x88p\xde\xd7\xb3\x8d\x9e\x1b\xa3\x96]\x1cGJ\
\x89\xd1\x91\x91Z\x10\xe6>\x9e/\xa8\xbd/>\xf3\xd4\
\xc4\x99h\x8b\xf3\xc1\x16\x9d\xd0\xd3h;vl\x03\xb6\
o\xe7\xeb\xdepwMJu\xbb t\x13[bv\
\x98\x12\x01\xe9\xc4+)%jg\xff\xff\xf6#M+\
JW\xb5j\x19Q\x18E\xb9\x95\xe6\x07\x0f~e\xdb\
\xf0\x19\xbb\x81-[T\x1f\xa2\xd7\x82\xe9'\x89E\x0e\
\x0c\x92,\x88\x98\xa0\x02I\xd6\x1a\x08\x00\x8a\x04\x96\xf6\
\xf4ch\xc9 \x0a\xb9\x1c\xca\xd33 b$V\xbb\
\xd4\x03\x18,\x84\xe3\xd5\x84\xa3\x08\xc9\x22\x9e)u\x8c\
1^\xc6\x8cZ&*\xa44H\xedLD\xe4\x1c\xa3\
\xf9Q\xe5\xf3\xbd\x92\xd2\x1a\xb5N\x13\x8e\xa7\x93\x9a\x8e\
V#v\x9a\xdb\xe4O\xab\xa4\xf4\xa9I\x83$.\xe3\
\xbd\xef\xfd%\xac[\xb7\x1a\x81\xbf\xae\x5c\x18@\x85\x01\
\x8c5\xa8T\xa6AJ\x02\xa0lG\xed\xd8\x8f\x5c{\
\x90 $\xc6\xb8\x02-\xb2\x88\xf2yl\xdc\xb4\x11\x1b\
6^\x04\x08\xe0\xe0\xc1\xc3\xa8\xd7\xea.\x82\x10(h\
m<\xbdS\x88z=v\xb8\xc3y\xaf\xdf\xfd.<\
\xb9\xcal\xa7\xbe\xf5}s\xdf?;9\xc7\xa6\x07\xe1\
\xee\x86\xfd1\xfb\x1c\xd2?IN\x9dWr4M\xd4\
t4\xbf\xdfZ\xd3\x1a\xc9\xe4c\x1fh\x8b,h\xeb\
&\xf6\xf4\x00\x89\xec\xea\xb2\xabl\x1aT\xed\xaf\xa5\x1a\
\xe8\xf3\x1d\xcd=\xc7\x0b\xc9\xb4\x1cBJ\xd4k5h\
\x13\xc3Z\x83\x8e\x8eN\x5cs\xcd\xd5\xb8\xeb\xae;q\
\xc5\xe6\xcb\x91\xcf\x85\xd0I\x82b>\x8f\xcb/\xbd\x0c\
\x07\x0e\x1e\xc6\xde}\xfb\x5c\x1fa\xf6m\xc3`\xef$\
D\xa1\x021\xe1\xe0\x81#\x189:\x8ak\xae\xde\x82\
B1\xdf\x18\x1b\xe9\xc5\xcc\xd3\xfbi\xd6\x0d\xf8\xe7\xd7\
\xec\x84\xc2\xc1C`\xa7A\xd5C\xa8M\x1c@\x88\x1a\
\x04b7&\x85\x00\x91\x84\xa1\x22\xf6\x1dI\xf0\xe0c\
/\xc2\xaan\x18\x91w\xcf\x95\x048\x8d\xa9\x12C0\
\xf6\xc4q\xf5/\xa6G\x0eT\xb1h/\xb9\xad[\xb7\
\x8eVl\xb8\xa0\xabw\xb0\xf7\xb7d^D\x9a\x12\xa2\
\x02a\xf9\xeae\xb8\xe8\xc2\x0bP\xc8+\x8c\x8c\x1eE\
\x1c\xd7\x10\xa9\xc8q\xc4\x0aG\xce\x0e)`\x04\xb2h\
\xa9\x85\x05\x13A*\x01\x92\x84z\x5c\xc1\xfe\xbd\xbbp\
x\xff~\x84\xa1DoW\x0f\xc0\x04%\x95\xdbH2\
#\x90\x01 $\x8c\xb6\xe0\xa6\xf1G\x00\xd8\x92\xc3\xa1\
6\xbe\x80\xa5\x90P\xa4  w\xfc\xfe/\xbd\xf9\xbf\
\x9c\xe9\xf6\xb9\xff\xeb_\xac\x00\xc0w\xbf\xfe\xf9#\xdb\
\xb7o7\xdb\xbf\xf6y\xd7O\xb7og\x00x\xf8\xe1\
\x87\xed\xc3\xdb\xb7'\x837]\xf3|\xb7\xcd\x7fn\xa6\
<\xfd\xdeb\xb1\xe86\xb6NB\xdbM.)f\xdc\
2\xc8\xba\xf1\x1a\x04\x0a\xd6Z\x04R\xb1N\x12\x92J\
\xb2\xd6\x06q\x92\xa0\x16\xc7\x0e\xfa $\xea\xf5\x98\x84\
p\xef\x85\xaf\xeb\x8d\xe3\x18*\x17azj\x9a\x15\xc2\
\xf7\xabP\xdd\xfe\xfc\x93\x8f<z\xb6\xfb\xd3\xd9\xb2E\
'\xf4\x0c\xd85\xb7\xbf#\x0e\x02\xb9\x82\x18[,\x18\
\xc4D\xdc\x129\xa1\xa6Uc>\x13\xd9;\x1dE<\
u\x09\xd0S\xf7\x7f\xe5\x9f\x1e9S\xd7\xbdfpC\
g \xe5\xaf\x81\xf9*\x00\xb2Y\x0e\xc9\xfa\x8am\x02\
\x10J\x85\xd5C+\xb0|`\x10}]=\xc8\xe7s\
\xa8\xd6\xeb`\xaf\xc8C\xe4\xb4\xa8\xd9\xd3\xf98\x9e9\
\xeb\xa2\xa5~5u:\xf2\xcd\x5c\x99m\xbcmiK\
e\xce\xcb\xc9Zz\xbe\xb6s,\xc8\xb3\xe9\x1cW\xf2\
\xce\x9c\xb1\x1a\x91\x12\x88ke,Y\xd2\x8b_y\xff\
/cIWwv.\x02 U\x80|!B\x10\x85\
\x98\x9c\x9eA\xac\xb5\xf7\x7f\xa9)\xea\xd6\xa0:\x02\x00\
m5\x8cI@$144\x84K/\xbd\x14k\xd6\
\xac\x86\x8e\x13\x1c<x\x18\x93\x13\x13\xc8\x17r0\xc6\
\x22\x0cs\x90R@k\x93i\xc0\xcfg\x19\x90\x9e\x18\
'e\xed\x85F\x0b<\x83\xf4\xf5\xf9\x0a\x17N\x95'\
t\xf6\xa7\xdb\x22\xd7'\x0cW^@uj\xa1\xeb\x11\
\xee\x8e\x0b\x85<.\xbe\xf8b\xbc\xee\xf5\xaf\xc7\x96\xab\
\xb6\x00\xc4H\xe2:::\x0a\x08\xa4\x80\xd1\x16\x1d\x1d\
\x9d\xb8h\xe3\x06<\xfa\xd8c822\x02\x19(\x80\
\x91\x15B\x10,\x04I\x80\x19\xf9\xa8\x80\xc7\x9f|\x02\
\xdah\x5c\xb1\xf9J\x07\xf30\xcd\x9b\xb1\xe3k\x9f\xec\
\xaf\xe9\xf3g\xf2)X\x0d\x98\x19$\x13\xbbQ\x9d8\
\x80\x90+P\x9c\xc0\xa6\xd7#\x08Z\x16\xb1\xf7H\x82\
\x1f=\xba\x17FvC\x8b\x02\xd8SK\x91\xf01\x5c\
\xb7\x7f\xaeK\x19|a\xfc\xc8\xee\xa3'\xd8\xf8\x8bv\
\x1a\xec\xe6\x0f\xdd\xac\x96t\xadzWX\x88\xde&#\
IL\x86\xac0\x00Ytv\x94\xb0b\xf5*,_\
\xbe\x1cS\xd3S8r\xe4(\x00\x82e\xe36\xc6@\
#\x22\x9f\x06>\xdcZ\x05!\x18R\x02\x0a\x16\xf5j\
\x1d\xfb\xf6\xec\xc6\xf4\xf44\xfa{{P\x88\xf20:\
qE\xa6\xc6\x80\xad\xa3+j\xc6S2\x04\xda\xf9a\
\x1c\xf5(A\x90\xb0D\xf8\xde\xf7\xb7l\xf8l\xea\x0c\
\x9em\xbbd\xc9\x12<\xdbW\x1c\xe9\xd7j\xbcV\xad\
\xbe\xa1T*\x91M\xd5\x01\xfd{\x94RH\x12G\xc1\
\x14\x04\x01\x84\x00\xd7\xe2\x18\xb0\x16I\x1c\xf3\xe4\xd4\xa4\
>z\xf4HR\xadT\x0f\x8c\x8c\x8c\x1c\x9c\x9a\x9a\xec\
\x90R\xa9\x5c\xce\x09B\xa5\xd9\x1a\x22\x82R\x0a\xc6Z\
\xd4kU\xe4\x0a\xf9\xdf/t\xe4\xa2\x8bV\x0d\xed\xdd\
\xb1c\xc79\xd1\x1e/\xb5-:\xa1g\xc0\x1e\xfc\xe6\
?\xcf\xdc\xf0\xc6wv\x11\xf3\x9b- 9\x1d\xe5\xcd\
\xb6\xa0\x13:\xab\xda8\x12D\xf9\xfb\xbe\xf2O\x7f\x7f\
\xa6\xae\xbbo\xe5\xba\xab\x04\xe8nfZ\xed\x13y\xd9\
E\xbbT\x8a\x81\x14\x84(P\xd8\xb8\xfa\x02\x90\xb6 \
\x00]\x1d\x9d\xe8\xef\xeb\x01\xd8\xc2\xd6c\xb05\x0d\x9e\
9\x1f\xc5\x22N'\xb9\xd6;kN{Xf\xd89\
\xa3V\xcd\xd1-\xe7\xd6Zn\x8dNQ[\x04\xb5\x11\
\x11j,\xc2\xa9~\xbdk\xde\xe3uB\xbds\xc5\x8e\
v\xaaR\x9e\xc6\xab_\xf3*\xdcu\xd7\x1b\x9dd\x1b\
\x11\xa4\x8b1\x81\x08\x08\x94B\xe4'\x9ez=v\x85\
X\xc66\xa5o\xd3\xef\xb7.\xad\x9d\x92\xbf\x93D\xb5\
Z\x85\x94\x12\xabW\xaf\xc6\x95\x9b\xaf\xc4%\x97\x5c\x8c\
8\x89q\xf4\xe8QG\xdfc\x1ca\xb4\xf1\x15\xae-\
q\xba\xb6\xf4\xb0H\xf9U\xe61v\x0d8\xbf\xf3\xf6\
\x0awB\x17d\x17\x10\x02\xeb\xd6\xad\xc3\x9b\xee|\x13\
n\xbc\xe1\x06\xf4twCH\xe1#\xbc\x16F\xc7\xe8\
(u \x17E\x10\xe4\x22Ik\xd6\xac\xc5\x8f\x1e\xfe\
\x91\x8bf\xfb\xeb\x95p\xfd\xde$\x1a\xc4~\xb3\x13\x84\
x\xe6\xd9g!H\xe2\xe2K79L\xb1\xf0\x0e\xa5\
WBj\xd7\x10\x9b-\xae\xd0\xba\x09a\x0b\xef\x84Z\
\x80\xa7\x11\x8f\xefAmb\x1fB\xae@\xd8\xd8\xe7\x0b\
]\xbe\xc6P\x11\x07\xc6\x09\x0f>\xf6\x22b\xd1\x8d\x18\
\x91\x1f{\xfe|\x9c\xaa;a\x7f\x9d\xea\x7f1ud\
\xff\xf4\x096\xfe\xa2\x9d\x06\xdb\xf2\xe6_\x96\xcb\xba\xf3\
\x1f\x8cr\xd1\xe5L\x0c\xeb\xa8\xe93\x1eO&Bw\
o/.\xdc\xb0\x11\x9d\x9d\xdd\x18\x1e\x1f\xc7Le\x06\
\x96]\xa5\xb8\xdbL\xb0\xc3\xba\x83<\x91z*\x1eo\
\xa0\x84\x02\xc1\x22\xa9\xd712<\x8c\xbd/\xbe\x08N\
\xeaX\xd2\xdf\x0f\x96\x81\xcf@\xb8\xac\x80q\xbf\xc0\x12\
yv0G\xf7\xd5\x08\x01\x10\x04\x81!DM\x10\xdd\
\xff\xfd\xdf|\xef\x97\xcfv\xfb\xa5\xb6c\xc7\x0e\xde\xbd\
}\xbb\xbd\xfa\xe6\xdb\x0a\x95j\xed\xad\x9d\x9d\x9d9m\
-qS\x06\xa6\xa9\xb0\x90\xc1\x8c\xc9\xa9I\x94g\xa6\
\xebI\x9c\xfc\xf7j\xb5\xf6\x9d\xa4\x1e\x7f2\x89\xe3\x11\
\x05\xf5{\x89M~DB~\xbaZ\xad\x14\x93X\xaf\
\x91\x81\x92\x04@\x08\x01k-\xe2$\xc1\xd8\xf8\xb8\x8d\
\xe3\xf83\xd5\x84?O,\x8e\xfc\xd3\xdf~\xec\xb4\xf3\
\xa5\x9e/\xb6\xe8\x84\x9e!\xbb\xfeu\xef8@$\xde\
\xc5\x8cN\x86g\xfcn\xb6\x13pB\x09H\x91X\xe1\
\xb5ox\xfb\xd3?\xfc\xea\xa7w\x9d\xf6\x0b^\xbf>\
Z\x12v\xfd\x0e\x09q\x1d[[tis\xa6\xd4\x8f\
1\xd6Q\xb7(\xa9\x90W\x01\xd6\x0e\xad\x80\x04\x83\xd8\
\x82\xad\x81\x80\xc5\x92\xde>\xf4\xf7\xf5\xc0\xc41\xca\xe5\
\x19\xa4D6.\x89\x07x!\xa89-\x93}\x9c\x15\
\xb0<>\xe7b^\xa2oj\x8d\x84\x1e\xbf\x13J\xad\
?\xc9\xa53\xeb\xb5\x0a~\xfa=\xef\xc6\x95WmF\
N\x08\xa7\xa0\xc3\xecS\xce\x80f\x0b\xb0Ewg\x17\
D\xa0P\xadTP\xab\xc7P2MUy\xea\x22/\
\x86\x98^\x8f1\xae\xf0)\x9d\xf0\x08\x84\xa1\xa1!\x5c\
w\xfd\xf5\xd8|\xf9e`\x06&'&1>1\xe1\
\x9c\x92\xb6b7j\xd9\xb7\xdbY\x94D\xb3,m\xee\
\x97\xd0\x09m\xc5Y\xcd~^\xc7\xc4Ms\xb6\x9fi\
Q\xccj\xa8H\xb5\xc1-\xb8-\x99\xdev?l\xed\
1\xfb\xd6B|\xdcJ)\xdc\xfe\xda\xd7\xe2\xd2K7\
5`\x02p\x10\x0b\xcb\x06\x04 Ib\x14\x8b\x05\x04\
*D=\xa9c\xe9\xb2e\x18\x1aZ\x86\x1f=\xf8`\
\xb6\x09`\xbf\x81\x10\x1ejb,CJ\x81j\xad\x8e\
\x87\x7f\xfc\x08\xfa\x96\xf4b\xd3%\x1b\x1dN8\xbb\xb2\
9\xda\xaf\x1d\xb2\xda\x0c\x8b\x80\xf7\x06\xc8\x82`\x00S\
F<\xbe\x07\x95\x89\x83\x08m\x19\xd2:\xba4A2\
\xc3\x84\x1e\x99\x90\xb8\xef\xd1\x17Q\xe3\x0eh\x91os\
B}O&X\x05\xf1\xb9\xb1#{\x8e`\xd1^r\
{\xfbO\xdf\xf5\xea \x0a~\x15Rv\x1bX\x82\x87\
w\x80\x00\x0br\xfc\xbe\xcc\xc8\x15\xf2\x18\x1c\x1a\xc2\x05\
\x17^\x88J\xbd\x8a\x91\xb1\x11\x00\x80`\xf7~\xc7~\
\xe0{\x97\x0f\x12\xc4\xf5\x1a\xa4\x04$I\xc0\x1a\x08f\
\xd4\xabU\xec\xdf\xb7\x17\x87\x0f\x1fAWg7:\xba\
\xba\xa0\xa4\x84\xd1\x89\x1b/\xe4\xea\x02\x88\x85\xa3\x90k\
rB\x05Q*{9I\xc0\x7f\xf9\xc1\xd5\x1b\xf6\x9f\
+\x91\xd0\xd4\xae\xb8\xf9\xd60\x10\xe1\x1a\x15\x06\x9b\x98\
-\xa5\xec$\xd6Z\xc4q\x8c0\x0c!\x89P\xa9T\
8\xd1\xf5\xeb\x92\x98\xff\xe8qU\xfd\x82}\xe6\xb1\xef\
\x9a\xae\xdc3\xc5\xa8\x14\x0d\xef\xe5\xaf\xf6\x0c\xe4\x87\xf6\
\xeb\xf1\xaf\xcf \xfe\xd4\x92\x5c\xe9c\xd6\xe2\xe7\x95\x14\
\xf90\x8a(N\x12;>:2n\xacyg\xadV\
\xf9V>\x08B\x8a$?\xf6\xc0\xf7^\xb1\x1b\xb9E\
'\xf4\x0c\xd9\x03_\xdbV\xbb\xf1\x8d\xef\xbc\x00$\xae\
\x12RJc,\x81\x1bB\x81\x1e\xd8\x7f\x8c34\x9c\
\x1f%$\x8c\xd1\x88\xa2(\x1f\x86\xe1\x83\xdf\xff\xe2'\
~t\xba\xafwh\xed\xda(@\xb8\x15\xd6\xac \x82\
`\xeb\xea\x90\x1a\x984\x830\x0c`\x12\x8d\xae\x8e\x22\
V\x0d\x0cB0\x83\xa0\x01\xa4\xc5%\x1a\x8a\x08}=\
=\xe8\xec(\xc2\xe8\x04\xd5J\x19\xc6X\xb0eH\xa9\
 \x85\xa3\xa6\xd5\xd6d\x18\xc9v\xf1C\x8f\x1at\x8e\
%\xb3\x9b\x08\x8cv\xce\xae\xab\x04\xca\x22\x9b\x0d\xech\
\x9a\xb6o\x8b\x10\x89\x14c\xdb\xb6\x0f\x98U\xc8\xd1\x8a\
YL\x9d\xda\xb4\x05B)`\xacF\xa9\x94\xc7\xbb\xdf\
\xfdN\xac_\xb5\x22\xfb6)e\xe6\xec\x0a\x22\x9f*\
'D\xb9<\xa20\x80\xb5\x16\xf5Z\x0c\xad\xd3\x82\x9a\
\x06%9\xa5^\x95@\xa3_0@\x92`\xd8\x00\x04\
\xf4\xf4\xf5\xe1\xeak\xb6\xe0\x92K/E\xff\x92>'\
\x0009\x81\x99\xf2\xb4+]\xf3\x14DR:\x0a\xa9\
Dk\x17\x9d\xb5\xec\xd3@\xc6\xa5Z\x9b\x22\x9f\xed\xd4\
a\x992R*S\xd9\xd6<'\xea\x84f\xe7\x17\xd4\
\xc0VR\xf3A\xd9a\x01_\xe84\xffA\xfeg\xc6\
\xe9\xd9\xd6s\x16\x8e\xb4\xb6\x85\xc8}[H\xa9\xa0\x94\
\xa3\xa3I\x9d+%$d\x108^O\x22()!\
\x95la\xbb0`\x0c\x8f\x8c\xa0\xb7\xaf\x17=\xbd\xbd\
Ht\xec\xfaB\xa0`\x8d\x06I\x8f\xcdeB\xa0\x02\
\xc73\x0b\x8b\x95+W \x97\xcb\xe1\xb1G\x1f\x855\
\x06\xd6\xb8\x8d\x9am\xc2;\x1b\x06\xa4\x08\x90\x18\x8b\x1d\
;v`\xd5\xaa\x15\xb8p\xfdZ\xe8t\x1c)\xe1y\
@\xe7C4\xa31>\xfc\x18\x22G\x16\x09\xab\xeb\x10\
\xa8\xc1\x96\x8f`jd/\x02\xeb\xd2\xf1\x8e\xa1BB\
\x08\x01C%\x1c\x99\x0ep\xdf\x8fwa\xc6\xe4\x01Y\
t\x05,DM\xd8`\x01\x02\x8d\x18\x98\xbf\x1e?\xb2\
w\xf4\x84&\x9bE;\x1dF\xaf\xbe\xfb\xcd\xbf\x1d\x84\
\xea\x16\x10$\x83\x89E\xba\x19\xf3 .\xe1\x0a\xcd,\
3\x8c\xd5(v\x16\xb1|\xd5Jtt\x95p\xe4\xd0\
!\xd4j\x15DQ\x848\x8e\xbd\x12Zc\x94KI\
^\xf3\xd3\xcf\x1d\xc4\x90D\x90l1=5\x85\xfd\xfb\
\x0f\xa02=\x85R\xb1\x80@9\x8c\xba\xd1\x1a`B\
\xa0$\xac1\x8d\xa1\xc6`?\xd6l\xa9\xa3p\xdf\xb3\
_\x99\xf9\xbd\x1d\x7f\xf6\x81s\x8eU\xe1\xba\x1b_{\
aT(\x1c\x95R\xbd]\x90 \xb7<\x111\x03\xc5\
\x5c\x81\x8daLO\xcf\xa0^\x8f\xffl\xba\xce\x9f\xea\
P*\xfa\xc7\xff\x16O\x0e\x0c\x0c\x88\xcf\x7f\xe2w\xe3\
\x9b\xaf}\xd5\xc1\xbf\xfcKTn\xbd\xbd\xd8\xf9\xf1\xa2\
:pW\xa1P:\xf0\xcc\x13\xe3]}+\xbeIJ\
\x5c\xa5\xb5\x16\x93\xd3\x93\x9f\x1a\x1d\x1d{\x16R\x1d\x11\
\x84\xf54s\xe4\xdb\x7f\xfb\x7f>:~\xb6\xef\xfdl\
\xda\xa2\x13z\x06\xed\xfa\xd7\xdf\xd3!\xa4\xb8\x8eA\xdd\
\xec\x81\x81\x8dE\x1aX\xc8\x09%\xef\xd0\x08\xe1\xb0\x94\
RI)\x08\xc5\xcdw\xdc\xf1\xc5\x1f}\xf9\xb3\xa7\xb5\
\x18\xa0op\xc3%\x02\xfc\x01\x80r\xf0\xf8\x01\xa05\
\xa3+\x84\x00[\x8b\xde\x8eN,\xeb\xefsQP\x98\
\x06\xe6\xd3'\xc7A\x8cb>\x8f\xc1\xc1%\x08\xa4B\
\x5c\x8f\x91\x18\x0bk\x19:qU\xcd\x99\x136O4\
J\xb8\xea%\xcf\x1f\xaa\x1d\xe6R\xa4\xe9\x227ar\
\x8bO9w\x84\xa8q\xfa\x850\xa1\xed\xd5\xf1\xadN\
(\x01\xa8\xd6f\xb0~\xfd:\xdc\xf3\x93oG_O\
\xa7\xc3\x0dR\xea\x22\xb5\x97\xeb8\x5cl.\xcaA*\
\x01%$*\x95\x0a\xace\x84Q\xe4*\xe8=u\x07\
5\xf9\x0b \xef\x8c29\xe74\xd5-7\x8c\x9e\xde\
n\x5ct\xe1\x85\xb8\xf6\xbak\xb0n\xed\x1a\x14\x0ay\
LMO!Ib\xd7\xc6I\xec\xf1\xa5\x80\x12^\xb9\
\x89\xa8EFn\xbe\xf6\x9e\x15)<E'\xb4\xb91\
2\xb4/\xcf\xef4\xba\xbdEk\xf4\xb2\xd5ilu\
:\xb9\x1d~\x91\x8d'w\xa4\x91\xc6\xc6&\xa5\x1d\xde\
\x22}\xc5\xafk\x1fk\x5c\x85\xb0\xf0\x8b\xb6\x90\xc2\xa7\
,\x1d\x0cB\xb4E\x9e-3\xa6\xa6\xa6011\x89\
5kW\xa3\xa3\xa3\x04\x06\xbbE=\xd1\x1eM\xcc\x10\
\xa4\xa0\xa4B\x109\xfdu\x93h\xacY\xbb\x06V\x1b\
<\xf6\xc4\x13\x10D\x88\xa2\x9cOg\xba\xdc\x81SN\
r\xf739=\x8e\xe7\x9f\x7f\x1e\x17\x5c\xb0\x1e\xfdK\
\xfaP\x88\xc2\x8cw\xb5\xe5y\xcd\xaa\xe6M\xe55\x1b\
\x0d\xc4l\x9dS\x81\x1a\xe2\xa9\x03(\x8f\xeeA`\xca\
\x08X{\x87\xdb\x15\x90Y*ax:\xc2\xfd\x8f\xec\
B9\xc9\xc3\xcab\xe6$\xa7\xae\xb2\x8b\x84\x92\x05\xe8\
+c\x87w\x9f\x91*\xe7E\x9b\xdb\xee\xbe\xfbny\
\xcf\x07>P\xc8u\xe7\xfeP(\xd9GR\xc2\xc0\xd0\
,\xf8\x0d\xc1\xb3\x96p\x96\xa5Q\x91\xc4\xd0\x8a\xe5\xb8\
\xf0\x82u\xa8\xd5k8p\xe8\x10$\x09\xb0\xcfY5\
\x02\x0f\xe9\x16\xdbo\xff(\xedQ\x0c)\x00\xa35\x0e\
\xec\xdf\x8f\xc3\x07\xf6!\x9f\x8bP*\x14\x91\xcfE\x10\
\x04\x97\xbanr1\x1d\x09\xa7\xe5\x5c>\xaf\x83 \xba\
\xf7O\xff\xdb]_8\xdbm8\x97\xdd\xf4\xea\xb7\x14\
e.8 \x19\x1fH\x19m\x1c\xa2\xccK\x1a[\x8b\
j\xb9R\x89\xad\xbd\xeb/~\xff\xdfO_}\xc5\x8d\
\xf6\xc1\x07\x11\xef\xde\xbd\xd5\x00\xc0\x03\x0fl\xaf\x02\xdb\
\xf9\xfe\xef~\xfd0\xb6o\xe7\x07n\xbb-\xde\xf1g\
\x7ffW\xbc\xe6\xc6\xd1\x9e\x19\xfc\xe3\x14M\x7f\xc4V\
\xed\xf7\x8c\xb5\xe3r\xe6\xc8\x97\x93 \xaf\xfe\xee\xff\xfe\
\xef3\xa2\x1au>\xd9\x22O\xe8\x19\xb4\xfdS\xf6\xb3\
B\xe0\xe9\x93!\xacO\x1dP\xf2\xd5\xf1B\x88\x94\xe6\
\xe2\xe6\xa2\xec\xfe\xd5\xd3}\xad\x12\xa2\x00\x92\xb2\x89P\
\x10\xcc\xcc\x06\x8e\xb2^J\x91\x11sG\xf9\x1c\x18\xae\
X\xc9\xfa\x9f)'&\xc1\xba0*[\xe8j\x15\xab\
\x86\x96\xe1\xe2\x0d\x17\xe2\xc2ukQ\xcc\x15\xa0\x93$\
\xbb/\x9a\x07\xb3(\xd8B@C\xb2\x06q\x0c\xe2\xc4\
\xff\xd4 hHr\xe9\x7f\xc1\xc8\x8e\x05 \x90M\xed\
\x9aVj\xb7\xbf\xe0+\x87\x8fa\xd6X\x5cv\xe9e\
\x18\x1c\x5c\xea\xda'\xab\x05m;\x95\xff\xab\x00\x10\x08\
\xa0\xb7\xab\x1bkV\xad\xc4\xd0\xd2\xa5\x88r\x01\xe2\xa4\
\xd6\xf4\x8c\xc9\xd3\x05\x91;\xac;<\xcbjFX_\
\x8f\xab\x8e_\x95,J\xa5\x02n\xb8\xf9&\xbc\xef\x03\
\xef\xc7\x7f\xf8O\xff\x11\xef\xb8\xe7nl\xb9z\x0bz\
z{0==\x8d\xe9\xe9iTje\xf7=\xd9\xb3\
9\xc1\xf68AK\xf9\xf3\xce\x17\xb3\xc6\x80\x04Ak\
\x8d\xa9\xa9)\xe4s!.X\xbf\x16\xaf~\xf5\xab\xf1\
\x8ew\xbc\x1d\xdd\xdd]\xa8Uk0&iSc\xf2\
\x8b5$\x94\x0c\xb1\x7f\xff~\xdc\xf7\x83\xfb\x10'1\
\x94T\xa8'1\xf2\xb9\x1c\xb45\xa8k\x8bJ\xb5\x8a\
j\xbd\x86\x89\x89\x09() $\x10\x05\x01\xde\xfc\x96\
;\xf1\xaa\x9bo\x84\x89\x93\x8c\x176Uar\x91b\
\x0bV\x12AP\xc0\xe3O<\x83\x8f\xfc\xaf?\xc3\x91\
\xc3G\x91\xd8\x18R57\xf4\xb1\x9f\xef,\xf3\x9c\x9f\
\x0c\x01\x90\x93+\xa59x@\xc30\x84\x94\xcai\xc7\
\x03-Q\xf2\x8c\xb5\x8da\xc8\xd2be\xfcKl\x97\
\x5cr\x09\xe7\x97\x84\xef\x0cU\xb0RH\x09\x9a\x03{\
3k>\x94\x02\x865,\x0c\xa2|\x88\xa15\xcbq\
\xd7\xdb\xde\x8c;\xde\xfcF\x14z;@\x81p\xbc\x98\
`W\xe9N\x02L2;Ry[\x09\x05\xc5\x02\xd2\
\xc4(J\x8d\xc9\xe1\x83\xd8\xfe\x8d/\xe1\x87\xdf\xff6\
&\x8e\x1e\x82\xd01\xc8$@\xb6\x8d\xf2\x5c\x0dD\x00\
\xdb\x09\x9d$\xdf=\xdb\xed7\x9f\x19U\x9f\x0e\xc4\xcc\
\x11G\x81\xdc\xca\xc1\xab\xb5v*v\x02O\xc7Gj\
u\x00\x98\x9eF\x0cl\x9dk\xf0\xb9\x0fmu\xaf\xf5\
\x1c<\xc8\xbf\xf7{\xff~*\x87\x8e\xa1g\x1e\xc2X\
\xa1X<\xfa7\x7f\xf37\xf1'\xfe\xf4\x0f\xcf\xd9\xb6\
x)m1\x12z\x06m\xc7\xf6m\xf6\xfa7\xbc\xb3\
[\x08z\x93I9\x13\xc9awh\x01\x8fIJ\x95\
\xe1\xe8\x98\x19R\x101\xbb\xa9\x81H\xd6\xae\xbd\xfdm\
\x9fy\xe0k\xdbN\x17\xd9/\xf5-]{=\x01o\
\x07\xd8\xeb1Rf\x00\x5ca\x84u@\xf6\xa5\x03}\
\xe8\xed(\x01\xd6\xe1\xe0\x80F$&\x8bG\xb2\x81T\
\x0e\x88],\x14\xd0Q\xec@ww7\x0a\x85\x02j\
\xd5\x0a\xb4N|\xd4\xac\x81\xe7\x13l!\xc1\x10\xd0\xa0\
\xb8\x8c\xae|\x88\xc1%\xbdX18\x80\xd0Wk\x9a\
\xa4\xee\xb0\xa8`HX\x109\xbc\x92\xa3\xbb\xb1Y$\
\xb6\x01g\xc8n1\xbd\xab\xec\xb7\xb9\x0e\xce\xe2\x00\xcd\
\x91P\x0b%\x01\x0b\x8d\xbb\xee\xbc\x03\xd7\x5c\xb39;\
\xaf\xccbC\xad\x91\xd3F\xe1\x08A\x92\xc3|\x16\x8b\
%\x04J\x22\x89\x13\x97\xfemN\x8ds[\x0a\xbc\xe9\
\xff\x0c \x08\x02O\xd3\xe4\xa4\xf4\x08\x02\xd6\x18tu\
wc\xdd\xbau\xb8z\xcb\xd5\xb8\xf2\xca+\xb1z\xf5\
jDa\x88j\xb5\x0a\xa3\x0d\xaa\xd5\x9a\xeb?R\xb5\
\xdc\x7f\xf65\xf3l\x8eN4\x12:?\xb6t\xeex\
\xff\x5c\x91\xd0ce\x06\x16J\xb6\xcf\xe6\xc9<\xf6\xeb\
B\xb8\xd4\xf3\xea\xd5\xabq\xfd\x0d\xd7\xe2-w\xbd\x19\
\xafz\xd5\xabp\xddu\xd7\xe2\xe2\x8b7b`\xc9\x12\
\x1c<t\x10\x93\x93\x13\x88\xa2\xa8\x81YN!\x01D\
\x08\xc3\x10\xcc\xc0\xfe}\xfbQ*\x95\xb0b\xc5rX\
\xb6H\x8c\x81\x92\x02\xda\xb8\x08\xbe\x10\x02\x0c\x86\x14\xe4\
\xb1\xbc\x8c|!\x8fM\x17_\x8cg\x9e}\x1a\x07\x0f\
\x1dF\x10\x86H\xe9\xcc\x00\x86%\x07\xed0\xd6\x22\x94\
!\xf6\xed\xd9\x8bj\xb5\x82\xcdWlv\x91u)\xda\
p\xd0\xed\xcf\x15M^H:\x1e4\x00\x0d\x81*\xea\
\xd3\x8703\xb6\x17\x81\x99F\x08\xed0\xb2\x82@\x1e\
\x13:\x19\x17\xf0\x83\x1f?\x8f\xc9z.\xa3h\xe2\xe6\
^\xe0N)\x19xh\xec\xc8\x9a'\x80\xdd\xe7\x5cz\
\xf5\xe5j\xb7\xbd\xfb\xb6|\xd4\xdd\xff\xfb\x22\x08\xd6x\
\x14\x12YcZ\xbcNj\xfb\x1f\xc3\xc1M\x0c\x03\x89\
\x8e]\xa4>\x90\xe8_\xb2\x04k\xd6\xac\xc3\xe8\xe88\
fff\x9c\x04-I\xcc\x9e%\xdb\xe6w\x93@y\
\xe53\xd6\x16#\xc3\xc3\x18\x1d\x19\x815\x1a\xdd]\xdd\
n\xfdB\x0a\xdd`DA`\x13\xb6\x13\xd6\xd8\xff\xfd\
\x83/~\xf2\x9c\xd4J\xbf\xea\xb67\xe4\x1f\xd3\xd5\xa9\
e\x94\xffEAT\x01\xa1D>\xf2\x22A,\x89\x90\
\xc4\xfa\x0e\xeeK&\x1e\xde\xbe=y\xf4\xd1\xdb,\xb0\
0\xae\xf5\xe1\x87\x1f\xb6\x00p\xff\xf6\xaf\x8f\xee\xde\xbd\
\xdd>|\xdf\xf6C8\xd6d\xf7\x0a\xb3E\xed\xf83\
k\x5c7\xb5\xed\x92\xd4\x94\x10\xaa\xd3Z\x0b\xf2XH\
\x92\xadM\xdf\x1e\x8d\x10\xbe\xba\x9c\xdc/^\xcf\x9a\x98\
X\x101\xbfV)\xba\x1a\xc0\xf7N\xd7\x85\x06\xc6\x0e\
\x80\x84\xb2$`<6\xd1RC\xd3[J\x858\xae\
B\x12!`\x02\x1b\x0b2\x09\xc8+\xac\xa4\x0bb\xe6\
\xbc\xa4\xd5\xbf\xc4\xe08\x86dBO.\xc0\xc0\x05\xab\
\x11\x92\xc5\xd3\xbb_\xf0w)\x00\x1f\xd5\x0c\x04\x80\xa4\
\x0ee\x12\xac\x18\xec\xc5u\xd7\x5c\x89\x0b/\xba(s\
\xc6''&1<<\x8c\xf1\xa9\x09\x0c\x8fMat\
|\x02\xc3c\x13(Wk\xb0\x22\x84\x0aB\xd4\x93\x04\
$\x15\x84\x0a@\xe4\xd2\xabJI\xc4q\xaaB\xd4L\
\x90\xef\xe3Z\xec\xa2P\x96\xe0\xf1y\xb3\xdb'\xd1u\
\xe4\xf3\x0a\x1b6\x5c\xe0\xcf!\xe6\x8c\x82\xa6Ny\xf6\
;3\xc0\x02J0H\x00\x83}\xbd\xe8,u`\xef\
\xfe}\xa8%\x1a3\x95\x0a\x8c\xb6\x08rQ\xda\x12Y\
\x1a\xc8]mZ\xddl@R@[\x03\x08Bbc\
w\x0f\xd6\xe92\xcb\x88\xb0r\xe5r\xac\x5c\xb9\x1cw\
\xdc\xf1z\x8c\x8c\x8c\xe2\xd9g\x9f\xc1s\xcf?\x8f=\
\xbb\xf7b|d\x0c\x93\x93\x93\x0d\x80}\xa8\x5c\x84]\
\x0a\x04*@\x92\xb8\xebVJ!\x08C\x988i\xb4\
\x13\xb9\xb8\xaem\x82\x10p{\x7fmT dm\x9b\
\xb5q\x13\xcf\xde\x5cFi\xaa\xf8\x18\x89\x99\xc4\xb4\xb7\
\xabi\xba\xb6T\x05\x86<9\xbd\xc3/\x139G=\
\xd1\x1aa\xe8pk=\xbd=\x18\x18\x18\xc0\xfa\x8b.\
\xc4\xbau\xeb\xb0a\xfd\x85\x88\xa2\x00\xa1r{/\xe1\
\xb1\xc8W\x5c\xb9\x09\xb9\xbc\xc2G\xfe\xe4\xcf099\
\x8dR\xb1\x13$\x05j\xb5\x18*\xcce\x04\xfc\xae\xed\
#|\xf3[\xdfDGG\x11\x1b/\xd9\x08\xc0)\x80\
E\xc2\xc1.F\xa7'1\xd0\xd3\x8b\x89\xa9\x19\x94J\
\x16\xa5R\x11l\x13,\xe9\xef\xc6{\x7f\xe5\x17\xf0\xdf\
\x7f\xf7\x7f`dt\x0a$\x15HD\xd0\xc6\xc1\x04\x84\
\x08@\x90\x10\xca\xb1\xb0~\xf6\xb3_\xc1\xeaUk\xf0\
\x9e\x9f\xbe\x1b\x8a\x9c\xc4\xa6J\xe7\x91\xb6]\x03g\xfd\
\xdc+iy\x952\xd7X\x01\xf2\xf9\xa2O\xc16\xda\
\xd0z\xc0\xae\x81\x85\x15\x16\xb9|\x04L[\x08XX\
\x16\xfe\xdd\x8e\x5c\x92RIZAS\x83\x97\x0fGG\
\x1e\x87\xc6\xa2\xbd$\xa6J\x03\xffFI\xb1\x99\xd9x\
pu\xba\x91u1\xa5\x0c7\xdd\x04aI\xb3X\xca\
/(uN\x5c\x01Q\xa8\xb0d\xc5R\xbc\xfd]?\
\x89O\xfd\xdd?bt\xff\x08X3Z\xf60Hy\
\x95\xd3nf\x01\xa9`\xfc{\xc2\xc0Q2\x8d\x1d\xde\
\x8f\xe9\xd1a\xec}~'.\xbf\xeeF\xf4\x0d\x0e!\
\xcc\xe7\x1c/)\x1b+Y\xde\xff\xfb\xef\xfb\x89\x87\xce\
v\xfb\xcdg\xf9I9\xbd\xfd\x8f\xb6\xea-\xbf\xf3\xc7\
\xef \x92\xaf1\xc6|8I4%I\x92\x8f\xa2\xa0\
\xc6\x8c\xd1Ca\xf9\xb9\xdcL\xd1\x07j\xb6.n\xbc\
N\x83-:\xa1g\xd6\xe8O\xa7\x9e{\xfaC=\x9b\
\x1e#ao\x22\xc1\xae:\xe4$%\x02}}*\x13\
C\xb2\x94\xef\xc0\xd6\xad?HC\xfe\xa7jBJ\xe7\
$Xv\x9a\xd1\xe0\x96\x92bk\xdd\xa2/\x00(!\
\x9cN:s&\xf97\xdb\xdce\xa5\xb7\x0c\x0b\x10Y\
\x90\xd6P\x22\xddQ;\x15\x0e\xe1\xa9\x9c\x04\x18\xb0\x09\
\x96\xf6u\xe0\xae\xd7\xbf\x0a}]%\xe4\xa4\xd3\x1c\x0e\
\xc3\x10\x9dK:\xb1\xbc\xbf\x04&\xc0\x90\xc0L\xa5\x86\
#\xc3\xa3\x18\x19\x1b\xc7\xee\xfd\x87\xb0g\xdf!\xcch\
\xed\xd2\xa7\x92P\xab\xd7\x9c\xbbH\x85\xb6\x095\xbb\xeb\
\x0c3\x98.\xb0f\xde\x80\x9fE.\x97\xc7\x8a\x95C\
0&\x86R\xb9\xec.y\x8eMms\x9b04\x5c\
*\xcb\xc1\x1aD>\xc2\x85\xeb\xd7\xe1\xc8\xd1\x11\x101\
f*5X\xaba-\x010`_$\x94F\xc3\xda\
\xcf\xd7l\x8e:\xc4\xf8\xb37l\xe9\xd2A,]:\
\x88W\xbf\xfa\xd5\x98\x9c\x9c\xc4\xd1C\xc38|\xf8\x10\
\x9e{\xfey\xec\xdf\xbf\x1f{\xf7\xedC\xb9R\x81\xa9\
\xd7aB\x03@ \x8a\x22\x08!P\xaf\xd7\x1d\xc4\xc1\
\xa7^m\x93~=\x11\xf9\xa2\xa9\xb9\xaf'\x95\xbfl\
v'S\xe7s^y\xd09\xac\xfd~\xa5X\x182\
`L*\xc7iQ\xaf\xd7!\xa5Bgg'\xba\xba\
\xba\xb0q\xe3EX\xb1b\x05\xd6\xaf_\x8f\xa5\xcb\x96\
\x82\xa4\xeb\xf3\xd2c\xaf\xc1\x8e\xc2\x88<\x1eT\x08\x89\
k\xae\xb9\x12\xef~\xf7;\xf1\x97\x7f\xf9\xd7\x88\xe3\x1a\
\x82 B\x14FN\x88\x81\xb9\xa5]\xaa\x95*\xee\xbd\
\xf7\xdb\x18X\xb6\x04\xcb\x96\x0d\xa1V\xab\xb6\xf4\x8b\xb1\
\x89\x09twv\x22H4\xa8\x5cA!\x17\x82\xd9`\
\xed\xda\x15\xf8\xa5_\xf8Y|\xe4\xa3\xff\x07\x89q\xf8\
=%\x05,\xbbg+|\x1f\x0d\xa3\x22\xa6\xa7\xea\xf8\
\xd8\xff\xfd\x1b\x0c\x0d-\xc7\x9b\xdex\x1b\x94\x04\x8c\xc7\
\x9d\xe2\x04\xda\x16H\xc7\xc0\xb1\xa4^-\xe6N\xf5\x0b\
\x10Y\xf2L@\x81d\xbe\xa2\x84\xd2w\x8f\x00\xe5\x13\
\xba\x80E;\x19\xa3_\xfb\xc8GB\x15\xca;\x01t\
\x02 >\xa9\xb5\xc4\xc2R\xb6\xa5p\xf3L \x90\x18\
\x838\x8e\x11@-\x00\xd1q\xdb\xe5\xec\xa2\x18P\x02\
\x90\x16\xe0\xa4\x86#\x07\xf7\xe2{\xdf*\xe3\xc2\x8d\x97\
`\xd3\xe6\xcb\xd1\xd5\xd3\x8dz\xad>E\x96\xff\xf9l\
7\xe0\xb1\xec\x8f\xfe\xe87\xaa\x00\xf0\xb0\x9dxd\xfb\
\x87\xb7\xfe\xe8\x97\xb7n\xfdh\xb5<C5cl.\
\x1e\x12\xfbJ\xe5\xfa\xf6\xad[5\x80\xe4\x14\xbfj\xd1\
\x9al\xd1\x09=\xd3\xb6u\xab\xe5\xff\xf5\xa9?\x17R\
n\x92\x8c>7\xad\x9fZ\x16\x9d\x89\x08\xa0\x9f\xfe\xb7\
\x03\x9b\x1f\xfa\xff\x80\xd3\xc2\x1bj\xadQ\xc4\xad+\x12\
3\xb3%\x22\xe1\x17Df\x06\x09\x01)\xd5q\xeb\xb0\
\x93\xe7\xa0c\x8f\xab+\xd7*\x18\x19\x1b\xcb^O1\
\x9d\xd6hTf\xcaX9\xd0\x87\x9bo\xbc\x0eK\xfb\
{\x1c&T\xc7\x08\x04\x81\xb5\xc3Q\xca,\x9dn\xd0\
_\x0a\xb1\xa4s)\xf4\x9a!\x5cs\xd9\x06\x8cM\xcc\
`xd\x0c\xcf\xbf\xb0\x07/\x1e<\x8a\x19kQ\xaf\
%@\xcc\x08\xc8%\xfa-\xf9\x05^\xa4\xe4Q\xb3#\
\x9fb\x0e\x8c]\x1c'X\xb1\xe2B,]\xba\x14B\
6\x1c\xad\xf9\x96~\xdb\xac\xdb\x9d\xb5\xa7\xfb\x1b\x09\x01\
\xc9p\x85&\x1d\x05\x1c>:\x8c\xb1\xf1q\xa4TB\
$\x09`\xe11\xa1\xfe\xd3\xa2\xd5\x19\x9d]\x98\xe2#\
\x83\xfe}Z\xbbb\x1aI\x84\xae\xae.tut\xe2\
\xe2M\x1bp\xf3-7\xa1R.crf\x06\xa3\xa3\
#x\xe6\x99g\xb0s\xe7.\x1c8p\x00\x95r\x05\
\xb5\x9akg%\x84\xc7\x03z\xac*\xb7\x05\xba\xda\x22\
\xa1\xb3\xda\xa1%S\xcc\xb3\xde\xb5\x90\xcbd\xec\xb1\xc7\
\x88\xe3\xdc\xd3Ht\x02\xad\x0d\xf2\xb9\x1c\x84\x14\xe8\xed\
\xeb\xc5\xc0\xc0\x006n\xdc\x80\xe5C\xcb\xb1r\xd5J\
tvv\x22\x0cBD9W\x1c\x94\xc2\x1a,\x1b\xe7\
4[\x0b\x19\x86\x10\x92 \xa1\x00XD\xb9\x1c\xe28\
\xc6m\xaf\xba\x05\xc3G\x8e\xe2\x0b_\xfc\xaa\xbf.\xeb\
\xb8=\xdb\xa2\xe0\xf9B\x1e##\xa3\xf8\xca\x97\xbe\x84\
\xb7\xbc\xe5-(uv6\x9a\x82\x80Z\x9c`\xa6R\
\x86\x94\x04\xd8\x08$\x18A \x10\x04\x01\xae\xbe\xfa:\
\xfc\xec{f\xf0W\x7f\xf3\x0f\xa8\xd7+\x90A\xf8\xff\
g\xef\xbf\xe3-\xcb\xae\xfa^\xf4;\xe6\x5ck\xedt\
R\xe5\x5c]\x9d\x93\xd4\x0a\x0dJ$I&\x08$\x0c\
\x92h@\xc0\x05\x83\x85\xe5|\xaf}m\xbf{}}\
\x1f}\xedw1\xb61\x02\x09c\xc0\xe6:\x81yF\
\x8fd$\x94\x90h\x94S\xabs\xae\xee\xae\xaa\xae\x1c\
N>;\xac\xb5\xe6\x1c\xef\x8f9\xd7\xda\xe1\x9cSU\
\x1d\xa4nL\x8d\xfa\x9c\xcf\xae\x9d\xd6^q\xae1\xc7\
\xf8\x85`\xabX_\x8e&\xbag58?\xbf\xc0{\
\x7f\xe9}\xec=\xb0\x9dW\xbd\xf2e\xc1\xc4 \xd1K\
\x80%F\x0e\x85\x19\xe2#j\xbcg\xb4\x0dE$\x12\
\xa3\x86\x15\xd2q\x1c\xe8\xf0/\xf0\xc2DD\xfc\xf6'\
\xef\xff\xdc\x15v\xfc\xd7!\xee\xb8\xe3\x0e\xb3{{\xf6\
\xadi\x9a\xbd<\xd8K\x0e\xa3:S&\xaf\xabjl\
\xd3\x0d&\x1b\x86\xaaS\x01\xa7N\x9cdmy%\xe0\
\xcemp\xce\x1a\x8d\xc9\x89\xb6\x99HR=\xa6\x96B\
Vu\xe4\xdde\x1e\xba\xe7\xcb\x9c=q\x84k\xaf\xbf\
^\xa7ff\x06\xe7\x8a\xf3\xff\xfd\xc5\xde\x87\x97\x131\
\xd1\xa4\xc1\xd6\xe4\xd7\x7f\xfe\xce\xe5\xbf\xf7\xf7~\xa1\xf5\
\xde\x9f\xff\xfbkl\xaa\x8fv%\x9eO\x5cIB\xbf\
\xb6\xa1\x00\xb9\xe3\xcf2\xe4c\x06~\xd8\x8b`\x8c\x95\
gY\xb8\xa8c\xa4\x1a:\x07\xfaj\xe0\xb7x\xfe\x17\
\x85\xc1I\x03[\xb1\x93M\x85{\x93\xaa\xed\xe8|\x94\
\xb0\x11\xc1\x98K\x9f6U{v\xf4\xe6\xa8\xc6\x92\xf7\
\x0bVV&%\xd1<\x99\x114\xb3\x5c{\xf5!\x0e\
\xec\xde\x05E\x1eu\xeaL\xd4\xe1\x1cA)\x99 \x99\
T\xe4=\x10\xa1\x916\xb0\x094\xb7Os\xf5\xde\x9d\
\xbc\xfa\x15/\xe3\xc2\xe2\x1a\xc7N\x9e\xe5\xb1'\x0es\
\xf2\xf4Y.,,\xe2$\x09\xedM\xcc\x88\x83Q\xb8\
\xe9J\xd4Q\x1c%'\xa9\xfa0\xaa\x8b\xa7\xdb]\xe3\
\xaa\xab\x0e\x91\xa5iLS*\xae\xf0f\xbb\xde\x8cm\
_\xfd\x9a\x86\x14\xd7E\xf6\xfc\xd4\xf4\x147\xccL\xb3\
\xb8\xb8\xc2\xc2\xc2\x02\xf3\xf3\xf3\xf4\xfb}L\x92\x05\xdd\
FBE\x14\x1d\xef\xb8\xd6\xc9\x7fE\xcc\xb2\x137\x05\
_\x22b\xc8\xf3\x021B\x22A\xd9 MSf\xe7\
\xe6hOOq\xe0\xe0\x01n\xbf\xfdv42\xbdO\
\x9f>\xc7\xe1\xc3\x879~\xfc8'\x9f9\xce\xfc\xc2\
<\xf3\x17\xe6\x11\x91\x08g\x18i\xdf\x9a\xa8\xdc`\xbf\
6\xb0r?1\xb9)\x8b\xd1\xe2\x83gzz\x9a\xb9\
-\xdb\xd8\xb5k\x17[\xb7l\xe5\xc0\x81\x03\xec\xd9\xbb\
\x97\xbd{\xf70\xd5\x99\xa2\xd1h\x04\x9dD\x17\xda\xd6\
\xa5s\xe4y \xf8\x89\x01\xaf\x8eD\x0c6\x09\x04\xb9\
\xc4T\xb0\x10\x05\xf1\x94y?\x1ck\xa3\xfc\xf0\x0f\xdf\
\xc1\xf2\xea\x1a\x1f\xf9\xf0\xc7h\xb6;\xd8\xac\x15\x93\xfe\
\x91}\xae\x06c\x12\x1e{\xec0\x9f\xfa\xd4\xa7y\xdb\
[\xdfJE\xd0\x87\x904\xaf\xf5\x02$$M-\x92\
Cb\xdb8\x17\xaa\xbco}\xeb\xdb\x98\x9f_\xe2?\
\xfe\xe7\xffB#k\x915[\xf1\xcb\xe17\x8a\xb2 \
m\xb4H\x1a\x96g\x8e\x9f\xe4_\xbf\xf7\x97\xf9\xbf\xff\
??\xc3\xa1\xab\xae\xc2ie\x0b|\x19\x83\x8a^\xba\
\xa2\xec\xf52\x87\x13E\x14i\xdfp\xc3\x1b\xb7<\xfe\
\xf8]\x17\xb8rs\xfe\x9a\xc6\xad\xb7\xde*\xe0\x7f\xca\
$I\xe7\x85h\x7f\xa9\xaf\xecx\xe1\xf1G\x1fee\
q\x89\x86\x0dj\x0e\xcf\x86\xeb6\x19\x16\x89$R8\
\xf5\xcc\x11\xba\xcb\x0b\xb2s\xcf\xae\xaf\xa4\x9d\xa9-\xc0\
\xe9\x17{?^n\xbc\xff\xce\xbf\xbb\x0c\xc3\x0a)W\
\xce\xef\xafI\x5cIB\xbf\x0e\xf1\xab\xcb\x0f\x9f\xfa_\
\x1b\xaf\xf8\x12V\xee\xa0\xd4$T\xbb\x9e\x1d#\xb9\x16\
5\x8fl\xe9\xac\xd9\xb0F\xf9\xe1\xff\xe5\xbd\xbf\xffO\
\x7f\xf1\xef\xbd}\x89\xe7u\x81\xbcQ\x10w\xa3W/\
J\xd02E\x0c\xeaE%\xaa\x18W\x96\x9di\x9a\xd2\
h4\x22x\xdd\x07>|lK\x06\x19\x8f\x091\xf8\
\x91\xb5\x12k\x98_Z`\xe0\x8aH\x002\xd1\xa5\x03\
\xca\xbc\xcf\x8e\xd9i\xae\xbdj\x1fn\xd0g\xa0%\x18\
B\x8b8\x1d\x91\x18\x22x\x12+J\x96\xa4\x18\x09n\
\x1d\x89\x91\xa0\x89\xe7\xfa\x88\xa4\xec\xdc\xd2f\xd7\xb6\x1b\
\xb8\xed\xa6k8s\xee\x02\xcf\x9c>\xc3\xe3\x87\x8f\xf0\
\xf4\xd1c\xact{\xb4\xa7f\xe8\xf5\x0b\x92\xac\x19\xf4\
\x17\xc7\x12\xbc8\x02\x8f\xdc\xb0\xadM\x98\x9d\x9d\xc5\x03\
%\xa1MZa$\xabm\x17#\x18,\x037L\x98\
\x1cZk\x90\x1a\x09\x09P\x90\x5c\x14\xbc\x19\x16\x14g\
:mZ\x8d\x94\xe9N\x9b\xc5\x85%\x96\x96V\x82\xa6\
l\xd4\x01U\x0dd\x95a\x820\xe1\x904I\xc4I\
B\xaa\x1c\xb6\x07\x90p\xeeT7\x17E)rW\xf7\
\x95:Sm\xae\xbd\xf6j\xae\xbd\xf6j\x00\xfa\xfd\x1e\
\xcb\xcb\xcb\x9c?\x7f!&\xa8\xa7X^^\xe5\xfc\xf9\
\xf3,//3\x7fa\x9e\xc1`@\xb7\xd7\xa3\xdf\xef\
Al\x97{\xf5\xc8H\x8bpck\xd6\xe1\xeb\x15\xc6\
\xb4T?\xf6z\xb3\xd9\xa4\xd1h\xd0j\xb7h4\x1a\
\xec\xdd\xb3\x97\x99\x99\x19v\xec\xd8\xc1\xcc\xcc\x14\xfb\xf6\
\xedcff\x86\xe9\xe9)\xbc*\xd6\xd8\xfa\xb8\x15>\
\xc7\x17\xbe:a@=&1\xb1\xcdn\x02\xeeS\xe2\
\xf4\xc3\x18,\x90Z\xa1\x91d\xe1\xfb\xe5\x80,K\xe9\
\xe5\x03\x8cI\x98\xee\xb4\xf9\xd1w\xfd\x10\x17.\x5c\xe0\
\xab\xf7\xdeG\x9ae\x88\x981x\x81\x11\x83I\x12\x12\
\xd3\xe1\xbe\xaf\xde\xc7\xde]{\xf9\x86o\xf8F\xd4\x96\
\x94^\xc9%\xf8m\xaf\xf5z\xf8\x05\xcf\xcem[Y\
(V\x98\x9b\x9e\x09\xd7\x93\x87\x1fx\xc7;8{\xf6\
\x0c\x7f\xfa\xc9?\xc5\x0d\xfa\x88MI\xd34\xc8\xc3`\
\xf0\xae\x04\x01\xdbj\xf1\xd9/|\x91\xff\xf0\x9f\xff+\
\x7f\xe3=?\xcd\xd6\xb9Y\x9aQ\x02J\xbc\xd6U\xeb\
\xb1\x96j\x05g\x10\x03X\x92\xa41<.^\x113\
Ns\xca\x92\xb4\x96\xf8RU\x8c\xb1\xf8x\xbd*(\
6\x9eO\xaa\xdf\x93\xb7\xf3_\x00\xce?\xf7\xf1\xe7J\
\x5cN\x98\x1b\xb6\xdf\xd8\x99\xea\xbc!IS\x19\x14\xf9\
F\xcc\xbe0*H\x80\xcbH\xd4u\x85\x0dn\x0eF\
pepC\xea\xad\xe5\x1c{\xf2i\xacBj\x13\x12\
c('\xda\xfc\xeb\x89\x87\x93\xcf+\xf8\xd5(\xbfA\
I\xb3L\x8anW\x97\xce\x9d{C\xf1\xe4\xa9+\x90\
\x8d+\xb1.\xae$\xa1_\x8f\xb8\xf3N\xbf\xf8\x0b\xbf\
\xf3_:\x89\xfc\x9fF\x98+\x9d7\xd6\x98\xcb\xed\xa0\
\xd5Q\x930D\xa4(\x0a\x15\x91\x9d6\xf5\x7f\xf3\x8e\
;~\xe7_|\xe0\x03?\xf8\x9c{\xfc\xd7\x5c\xb3\xd2\
\x81\xd6\xcbB\xa3.\xe04\xa3+Mp\x8d\x18\xf9l\
Y\x96\x94E\x89d\x19\x82\x8d\x1f\xdcx\xdal|h\
y\x87V\x8d\xa5,\x1dk\xddn @\x8c\xdc %\
bQ\xf7\xec\xdaI\xa7\x91\xe1]A\xaf\xdb\xa74\x9e\
\xa2,0\x89\xa5\xdd\xe9\x90X;\xd6BTuQ6\
C\xb0\x22\x81\x8c!\x81\xc5n|\xa8p\xb5R\xcb\xfe\
\xdd\xdb\xd8\xb5c\x0b\xb7\xbf\xe2VN\x9e<\xc3\xa3O\
<\xcdC\x87\x9fdA=\xfd\xb2\x0c\xbfo\x92\xf1\x81\
Z\xcdP\x8b\x12\xa5\xd7\xeb233\x13\xda\xf7\xea\x80\
h\x15JHZ\x83\xde\xbc\xa5\xefCZ\x17\xba\xc9\x06\
/a\xb0\xf7\x11kk\x8c\xc1$`l0\x15q\x0a\
\xea\x1c\xcd\xa6\xa5\x95\x86\x01\xa0\xc6\x00\x00\x80\x00ID\
ATZZI\xc6\xec\xd4\x0c\xdd\x1dy a-\xad\
D\x9c\xeeP74\xae h\xb4s\x8cO\xc7c\xd2\
\xbc\xf9\xe2\xfcrW\x8e\xb7\xdb[\xed&\xadv\x93\x9d\
\xbbv\x8c\xec\x8f*\xa9U\x96\x96\x96\xe8\xf7\xfbt\xbb\
=z\xbd\x00\xb1\xe8\xf7\xfb\xac\xac\xac\xd0\xef\xf7)\xf2\
\x9c\x22\xcf\xe9\xf5\xfb\x94E\x11\x8e\xd3HXcH\xd2\
\x94V\xb3I\x9ae4\xdb-Z\xad\x16SSS\xb4\
Z-\xe6fgi6[\xb4;m\x1a\x8d\x06i\x92\
\x8e\x91\xf7\xbc/q\xce\xc5cA\xbd\xfc\xcaI\xca\xfb\
*\x11\xab\x92\xddh\x8e\xa0\x16\x07X\x86V\xaa\xd6&\
8W@b\xc9\x12Cj\x9b\x90\x08MM(\xbdR\
\x0e\x0av\xec\xd8\xc6\x8f\xff\xf8\x8fr\xe6\xdcYN\x9e\
<M\xb3=\x05\x93\x15C\x0drWIb\xf8\xd4\xa7\
>\xcb\xb6m\xdb\xb8\xee\xba\xeb\xc8\x07.\x1c?\x13\x0c\
\x0f\xd6\xfa=\xce/,\xb1ev\x96\xa5\x955\xb6\x98\
\x14\xc9\x94,\xcd\xf8\x89\x1f\xfb1\x96\x17\x17\xb8\xe7\xde\
\x87\xf0EI\xe9\xf31\x12c\x85\xe5L\x1a\x1d\xfe\xd3\
o\xfe\x16W\x1d\xba\x8a\x1f}\xd7\x0f\x93\x97\x8eL\x82\
\xdc\x89\x98K\xe1\xf9.\x1e\xd5d\xa1\xb2o\x98\x8c\xd8\
\x0a\xd6\xd0\x90\xd1\x8e\xd5\xe4=\xc0\xdf\x86\xe7\x893\xba\
\x12\x9b\x85\x00\x9a\xda\xe4GI\x92\xbd\xde?\xff:h\
\xaf\xdf\xa7i\x1bdY\x83\xfb\xef}\x98\xb5\xc5e\x12\
\xd9X\xae\xeb9\xad\xb0B`\x16\xa8Z@|9e\
\xa6\xdc\xf5\xc0W_\xc4\xfdx%^\x82q%\x09\xfd\
:\xc5o\xfc\xfd\x1f\x9c\xff_\xde\xf7\x81\x8f5\x1b\xad\
w\xac\xf5\xba\xd9\xa5>?\xd9\x12\xb3Q\x1aFD\xf0\
\x91=\xed\xbd\xc3\xc0\xf7N\x7f\xc3\xca\xfb\xf9\x00\xcf\xd9\
\xf6+m7\xafG\xb4\xa3\xa2\xb1\x1c\xb2\x9e\xa9\x1c~\
70\x8f\xf3\x22\x07\xda\x13K\x89\xedI\xa9\xe4\x96\x86\
\xdf\xabn\xc0\xf9\xa0\xc7\xd2\xf2rl\xf5W\xdb\x194\
?\xcbb\xc0\xae\xed\xdbh6,.\xef\xa1Z\xa0\x86\
x\x13\x0eX\xce,\xcdH\xd3\x14km\xa8|\x8a\x8d\
\x09s\xacF\xd6\xf0I\x8fx\x8f\xf3\x034\x82\xa2R\
kPWr\xcd\x9em\x5c{\xd5\x1e^}\xdbM|\
\xe9\xdeG\xb8\xfb\x81\xc7Y\xed{J\x8d`\xfd\xa1\xa1\
N\xdc\x80\x80\xe2-\x9d#M\x13*?\xe1\xd1\xbbs\
\xa88\x19\x8a\xa2D\x12\xa1\xf4p\xea\xf4Y\xbe\xf2\x95\
\xfbx\xf0\x81\x07YY\xebb\x93\x84V\xa3\xcd\xd4\xf4\
,\x8dV\x93-[g\xd9:7\xcb\xbe\xbd\xfb\xd8\xb6\
e\x96m[f1x\x924e\xaa\x95\x91\xa6\x19\xcd\
f\x93\xb9\xadk\x9c;w\x8e~Qb\xbc\xaf\x9d\xa6\
\x02,x\x1c\xa6\x00\xc3*\x84\x8f\xebnF\x92\xb0\xea\
x\x84\x18G\x94\x95\x13\x98O7\x08\xcf\x8d\x91\xba\x22\
,Q\x92E\x04\xe6\xb6\xcc\x003A\xf4]\x95\xc2\x95\
\xa1\xaah\x83\xf4\x91\xd1p\x5c|\xc4\x0d\xfb\x11v\xbb\
\xeax\xe5\xd3D|n\x19-\xf2\x02\x09n\x98\xf0\x02\
\x94e\x10\xc0\xf6\xa3X\xd1\x0dt]\xfd&\x12TA\
\x84}\xd4\xce4\xf8\xb4\xab\x07W\xe4\xb4\x1bM\x8c\x05\
\x9b$A\xed\xc1\x1al\xb3\x89s0(J\x5cQr\
\xe3\x8d7\xf1w\xff\xee\xff\xcc?\xff\xe7\xff\x82<\xcf\
\x19=\x09\x14\x83W_\x9f\xf7\xbd\xd5\x1e\x1f\xfd\xe3\x8f\
\xb1\xe5G\xb715\xd5\x0e\xceH\xf1:\xf0\xde\xb3\xb2\
\xd6\x0d\xc78\xcdH\xbbkL\xcb\x14\xe0\xd9\xb9s'\
\xefy\xcf{\xf8\xd7?\xff\x0b<\xf6\xd8S\x80\xc7\x18\
b\xb7\xc1\x04\x8cpb1\x92\x22.\xe1\x97\xde\xffo\
8x\xf0*\xbe\xf5\xf5\xafA\xd2\x04\xefKR3&\
\xf7\x1b\xf7\xe3\xfa\xeb~\xb4\xbae\x22\x11n\xb3\xf7\xab\
\xc9\xa9\x8f\xec\xe8\x80'\xf2 \xa4bt\xefu\xd7]\
\x97\x1c>|\xf8J\x12\xfa5\x8a\xbf\xf7;\xbf\xd0\x12\
\x9b\xbc\xc9\x1ac\x0b\xb7\x9e>Y]\xef\x97\x03\xb7\x00\
h$)V\x0cEw\xc0C\x0f<\xc8\xf2\xe2\x22\xad\
\xa4]\xdfg&\xa5G\xd7+\x86\x8c\xbf`u\xc3\x97\
\xebp\xa5OQ\xbd\x01\xb8\x97\xe7\xd5\xec\xbf\x12\xff\xa3\
\xc5\x95$\xf4\xeb\x18&\x95\xdfm\xb5\x1b\x07\x8bb\xf0\
\xfa\xc2\xd5\xf8\xceg\x15Z\xbb.\x05t\xa4zw\xcb\
Ls\xe6\xaf\x00\xef\x7f\xd6+t\xfb\xed\xe9\xadn\xea\
\x95\xa5+\xfe:\xe8\x9e\xa0\xbd\x1e\xeaD\x93\xc0\xf7\xea\
\x9eVz\xc7\xc0\x97\xd1#x\x93\xed\xd4a\x12:\x84\
^\x1a\x8aRY\xed\xf6B\xabh\xe4\xf3^\x1dss\
\xd3L\xb5\x9b\xb8b\x80Q\x17\xb4\x15M\xfc]\x15z\
\xdd\x01\x03S`\x8d%m$\xb4[-l\x22\x98$\
\x99\xa8\xf2yD\x830\xb3\x11\x1bm;\x03\xdb\xdc\x95\
\x03\xb4T\xd4\x97l\x9d\xed\xf0\xa6oy\x03$m\xfe\
\xf4\xb3_\x04\x93\xd5\xeb\xaeZ\xb1\xde\x87\x91&\x09y\
\xde\x8fD\xab\xa4\x86'\xc4\x8d\xc3\x18\xa1p\xca\xd93\
\xe7\xf8\xd0\x87>\xcc\x87>\xf8\x11\x8e>s*\x08\xa1\
\xb7\xda\xf4\xba}l\x12\xa4\xa3\x12\x9bP\xba\x92F#\
ev\xbaC\xab\xd1d\xef\xee]\xec\xdb\xbd\x93\x97\xbd\
\xfc\x16\xae\xbd\xe1\x06\xf6\xed\xdfOk\xaa\xcd\x96\xad\xb3\
t\xa6:,.,\xb3\xda\xed\xb2\xba\xb6\x1aa\x00\x0e\
/\xd4z\xb32\x92(BH\xc4\xd7kGn|\xba\
\xf9\x88o\x1ck\x97\x8f*\x0d\x1a\xa5,\xe3\xef\xf8a\
rXWF\xbd\xd67)#Ak\xb2:7T\x83\
\xd5\xe4h\xf5\xc6\x8f9\x87E\x98\x89\x8e{\xcb\x8f\x12\
\xa16g\xea\x8eT\xd3\xab\x09\x88\x8e\xd2\xc5\xfcX\x92\
\x1e\x88\x181)\xf7\x9eV\xa3\xc5T\xbbM\xab\x991\
7=K\x9a\x86\xf5.\xcb\x82^\x1e``E\x11\x92\
\xe2A\xb7\x8b\x88\xf2\xaa\x97\xdf\xcc\xdf\xfa\x1b\xef\xe6\x97\
~\xe9\x97Q\xad\x12\xb7\xe8\x95=\xa2\xba \x22\x9c<\
y\x9a?\xfd\xe4\x9f\xf1\x97\xbf\xefm\x88\x04\xd6~\xe5\
\xcf\xee\xbdgie\x19\x99\x99cqe\x15\x11\xa1\x99\
%\xac\x959;vl\xe3\xaf\xfc\xe4O\xf0\xbe_\xfc\
7\x1c?u\x8e\x965\x18\x92\xaa\xe1\x09\x0a\xaeT\xb2\
\xac\xc9\xc2\xfc\x22\xef\xfb\xa5\xf7\xb3g\xfb\xcfp\xd3u\
\xd7\x90\x18\xf0\xde\x22\x17\x1bY\xd4LX\xa8V\xae6\
\x1a\xda\xf6jP\x921\x92\xd2\xa6\xfb\xdf\xab\xa0\xf2\xda\
2\xdb\xbf\x05\x0e\x9f\x81+\xb8\xb9\x17:\xee\xbc\xf3N\
Ih\xbdED^\x13\x8c\xd4&\xbb\x1c#X\xf6\xb1\
DtL\xa3b\xfc;NIR\xc3\xb1\x93'9{\
\xfa4\xd6\xa4\xf5D\xa4R\xc6\xb8\x14\xe9\xf4rB\x02\
\xaf@\x0bW\x8a\xa8\xfe\xeb\xeb\xae{\xd5'\x0e\x1f\xbe\
\xe7\xdc\x8b\xbdO\xaf\xc4K'\xae$\xa1_\xc7H\xca\
\xf4\xf3\xfdn\xff\xed\xedF\xf3\xf5\xab\xdd\xc1Xy\xe2\
Rn3nt\x10QP\x1f\xfa\xcdV\xcc\x94x\xff\
}\xc0/\xf3,o\x00\xb7\xd0\xdc#F\xff\x81x\xfd\
.\xef\xb5\xa3\xaa\xa2\xd17\x5cqjF2\x11\xf5\xe1\
\xf5\xbe:N\x9e=\xc3\x81m\xdbqy\x89\x18\xc52\
l\xaf\xd7\xfa\x90\x15\xbbR\x04/\x01=\xba\xb8\xb2\x1c\
\x882I%\xc4\xef\xeb}`\x80f#\xa5\x92\x85\xb1\
\xc6F\xd6\xae bI\xe2\xf2D\x85\xb2\xefY\x1e,\
\x91$\x96\xb4\x99\x92&)4\x1bA\xfe(\xca\xe7$\
\x95\xed\xa5*\xa8\x8ft\xab\x90(\x14e\x81i4)\
\x0ae\xa5\xbb\x8a$R\xe3%\x95\xa8\x85Y\x99\x1e\xa3\
 \x0e\xb5\xb0\xba\xb6\x16|\xdf]I\x96Z\x04\xa1(\
\x1d\xea=+\x8b=\xfe\xe4\x93w\xf1[\xbf\xf5\xdb<\
\xf8\xd0#\xa4i\x13k\x12fg\xb7\x06\x97\xa9F+\
\x1c\xc7\x98\x04U8\xd7\xc5\xe5.\xcb\xda\xe5\xd8\xd1\xe3\
\x18<\xbf\xff\x87\x7f\x04\xe2\xd9\xb5g77\xdct\x13\
\xb7\x7f\xc3\xed\x1c:t5\xbb\xf6\xeed\xfb\xf6\xedl\
\x9d\x9baum\x95\xd5n\x97\xb2((\xca\x12\xd5P\
Au195\xc6\x90D\xc9\xad2\xaa\x1a`\xc7\x93\
u\xc1\x0f\xcf\xb9\x0d\x10\x15U\xc5\xb1\xca\x1d\xdd\xba\xca\
\xda\xa4Md\xa55\xa9\xe0\xdc\x18.4\xe0Y\xcd\x88\
N\xe8\x90\xa1]-\xc6T\xafW\xe7\xbb\x8c\x0fM\xa6\
\xaerO`1\xe3y\xe2\x8b\xd8~\xf7\xa1\xa5h\x8c\
\xc3D\xdc\xb5w\x9eT<\x8d\xb4A\xbb\xd3\xa1\x955\
\xd8:3K+k\xd0j$\xe3(\x07\x002\x92\x81\
eee\x05\xef\x0b\xb2,a\x86\x8c\xde\xa0\x8f\x14\xf0\
m\xaf\xff\x06\x96\xe7\x7f\x84\xff\xf2[\xff\x95\xb5nA\
\xb3\xd9\xa6\x88Z\xb7>\x88*\xe1\xbc#k\xb6\xb8\xe7\
\x9e{\xd8\xb7o\x0f\xdf\xf8\xbao\xa4t%\x83\x22\xa7\
\xaa\xfa\xba~\xc1\xbc_\xa2\xd3j\xd2i6H\xad\xc1\
\xa4\x06\x87\xe7\xb6\x97\xbf\x9c\xbf\xf6\x9e\x9f\xe6\xbd\xbf\xf4\
\xcb,-\xae\xd0hMc\x8c!/\x1dF!1\x09\
\xde;\x1aY\x8b\x87\x1f~\x94\x7f\xffk\xbf\xc1\x9d?\
\xf3\x7f\xb0}v\x0e\xf12,M\xe9H\xc5\xbcb\xb8\
\x8bA%\x1d\xfe\x19\x8b\xb80\xa9)\x9c\xe2\xb3\x94~\
\xa9\xac\xf6\x1c*\x19\xd8$v_\x5cLR|\x0d7\
\x09Ph\x992m=\x08\x9c\xe3JK\xfek\x13\x9a\
\xbc\xdb\xdaT\x9c\x0b\xf3\xc0\xbaD ~\xd4\xef\x83\xaa\
b\x1d&\xca2\xd6\x91\x0a\x8f\xf1JK=\xd6[\xee\
\xf9\xca\xfd\xe4\xdd\x92F\x92\x85\xea\xba\xd80\xfe\x8fM\
\xaa\xd6\xbb\xdaL\xaaCT\xbfSOF\xe3\xeb.\xb0\
Y\x83[\xac\xc8,\x99\xfdi\xe0g_\xec\xddy%\
^:q\xc51\xe9\xeb\x18\xe9ko\xea\xedk\xee\xde\
\xe2\xf0ouN+_\x9f@\xfc\xb9\xcc\x9a\xa8\x8e\x18\
XH0o\xc6\xa3{_\xf3\x1do\x7f\xe4Kox\
\xf9c\xdcui\x07\x87*v\xee\xbc\xea\xef\x80\xbe\xd9\
;\xb7[5NH\xa4J(dLA?\x88\xe5\x07\
I#Q\xc7\xf6\x999f\xa6\xa6(}\x19\xc7\xbdp\
\xb3\xb3\xb5e\xa5\xa9\xa9\xec*B\xe9\x95Sg\xce\xb3\
\xb8\xbc\x1aM\xe0%\x10\xa0T\xb1\xde\xb1m\xba\xc3u\
W\xed\xa7\x9d\x09F<VLd\xfcZ\xacT6\x9f\
\xe1\xcfJ\xb0I\xf6(\xa5/q\xce\xd3\xebw\xa3\x8c\
\x14T\xfe>\x01#\x1a*v\xc5\xa0\x0fD\x9bL\x12\
zN\xb8\xef\x91'\xf8\xd2=\xf71pQ\xa8;\x88\
I!\xea\xa3\x9f\xbb\xc6\x0a\x83\x92\xe7}v\xef\xde\xcd\
_\xfaKo\x0a\x092!\xe1*K\xe5\xfc\xfc\x02\xbf\
\xf1\x1b\xff\x89_\xfb\xf5\x7f\xcf\xd3GN\xd0hMa\
\x93\x0c\x12\x1bo\xfe\xd4\xae\x03U\xe5L01q\x0f\
\x12HI\x12\xf0\xae\xc6Z\x8cM9{\xfe\x1c\x8f=\
\xfe\x04\x9f\xfd\xccg\xf9\xf8\xc7\xff\x84\xcf~\xees\xdc\
{\xef}\x9c:u\x9a\xd5\x955\xf6\xee\xdd\xc7\xd4\xd4\
4S\x9di\xb2\xac\x11[h\x91x#AbE$\
\xb6\xc6\x8d]w~\xf9\xc92\xf6\xe4\x07&\x92\xccK\
\x89\x00\xads@Z\xb7x\xb9\xec)R\xd5\xf2\x1d5\
\x7f\x97\xca\x870\xfa`\xa3>\xc0C|\x89\x96%Y\
\x92`MP\x1cHP\x0c\x0e\xa3\x9ev\xab\xc9\xf6\xad\
\xb3\xec\xd9\xb9\x93\x1d\xdb\xb7\xb1{\xc7vv\xcf\xce\xd2\
idd\x89\xa9\xee\xd9\xc1_{d\x1bmb#\xe6\
4\xd4\x02[\x8d\x0c\xbc\xa3\x88\xb6\xb3\xb7\xdcr+E\
\x9es\xdf\xfd\xf7\xa3\x101\xc9A\x8e\xcc\x03It<\
s\xceq\xfa\xf4iv\xef\xd9C\xab\xdd$\xc2\x89C\
\xb2.\x06_\x16\x81\x18\x14\xcfS\xb1\x96\xc4\x04l\xe9\
\xbe\xfd\xfbA\x84\x87\x1ez\x84^?\xc7\xf9\xd8\xd2\x8f\
\xf9\xa4%$\x15\xd6\xc0\x93\x8f?Aj-\xdf\xfc\x86\
\xd7!I<\x9e\xc3\x8e\xc90\xcb\x16\x10r\xb4{\x9e\
\xc5\xd3O\x92\x16K4(\x82\xe7\xb7&\x90NS\x98\
m\x1c>\xe9\xf8\xdc=GYsm\xd6\xfa\x8aM\x93\
0w\x10_/q\xe4h'\x89\xb1G\xb7\xec\xbaj\
\xe9\xc2\xe9#\xe7\xb8R\x0d}A\xe3\xcd?\xf5\x83\xdf\
\x9a5\xb3\xbf\x9e&\xc9\x8c\x8b\xf8\xa2!\xaad\x84\xa8\
(\xd5\xf5\x12G`\x1f\xb9\xef\x1e|\xe9\x11\x95`\xae\
`,Z\xc2\xe2\xf9y>\xf3\xa7\x9f\xc6\xe5\x8e\x94\x14\
;\x82\x8b\x1f\xcbk'\x9eo\xd4K\x97\x919O\xf5\
\xa8\x81\x80)\xb5'\xbdHb\xc4\xdc~\xe1\xdc\x89\x7f\
\xf1b\xef\xd3+\xf1\xd2\x89+I\xe8\xd71\xbe\xe7\x8d\
\x7f\xb3]\x9a\xc1\x22\xca;\x103\x0d\x9b'\xa1\xeb*\
M#7\x91\xf0\x81\xfa\x0dD\x11\xd4\xe9\x97\xf2\x0b\xbf\
\xf7l\x92\xd0\x1d\xbb\xf6\xff\x1a\xcaUeYf2\x06\
.\x0c7\xd4*\x09\xad\x9cu\x84\xd0\x0a*\xcb\x01\x99\
1LOO\x05a\xf5\xea\xf6\xabC2C\xd0\x1d\x04\
5\x81\x9c\xb36\x18p\xe4\x99\xe3\xf4\x8b\x021IL\
\x0e\xc3\x8d\xd7\xaag\xdf\xce\xed\x1c\xda\xbf\x9b\xcc*\x89\
@\x22\x01\xb3d$h\x93FRo=\xd0\x86\xaea\
\xbc\x1d*\x88I\xf0\x1a\xf0{eQR\x96>\xde\xdc\
c\xa2a-i\xd6\x02\x9b\x90{\xc3\xd3\xc7\xcf\xf2\xf1\
\xbb>\xc3\xfc\xeaZ\xf4\xc8\x89\xfewT\x98\xcf\x08\x8f\
\x8d\xbfg\xad\xe5\xd8\xb1#\x18\x84\xdd;w\xd1\xeeL\
cm\xcac\x8f?\xc9\xff\xf1\x7f\xfc\xbf\xf9\xc8\xc7\xfe\
\x84\xde \xa735\x1d\xbek\x13\xb4\xaa\x02\xd7\x7f\xa0\
u+\xd4Tf'!\xe1\xadd\x8f\xc4\x22\xc6\x924\
\x1at:3d\x8d&E\xe9Y^^\xe1\xc8\x91c\
\xdc}\xf7=|\xeaS\x9f\xe1\x83\x1f\xfc \x7fv\xd7\
\xa78\xfc\xe4S\xcc_X\x00\xc0\xda\x94f\xb3\x15\xbd\
\xe8\xab\xcd0\xc4\x19\xcb\xf8\xf94\xfaOe}\xd6\xf0\
\x82'\xa1\x8a\x17\x0dT\x16\xd1`\xe67\xd9\x12\x96j\
\x92U\xe1\x0d\x83\x81\x81\x8c&\xa3Z=\xf7!\xe1\xb4\
\x96\xc4\x86mL\xac\xa1\x99\xa5\xb4\x1a){vn\xe7\
\xc0\xde=\xec\xdf\xb5\x9b-3\xd3l\x9b\x9a\xa1\x9d5\
Hd\xbc\xe6Z\x17\x08Y\xbf\x7f\x92$\xc0.JW\
\x92\x18\x8b\xb5\x96\xa2t\xf4\xba}\xbcW^}\xfb\xab\
\xe9\xae\xf5x\xf8\xe1\x87\x10\x93\x82\x86\x09\x85hH\x08\
\xbc\xf3XkX^Yfiq\x9e\x1b\xae\xbb\x0e\x9b\
\xa4\xe1,s.xn\x89\xa1tE\x80\x80\xa8\x0f\x8e\
dIVkw\x1e8p\x15\x83~\x9fG\x1e},\
\xae\x8f\x8f8\xdd\x90\x8c[\x09xq\x80\xc7\x1f}\x8c\
\xb9\xad\xdb\xb8\xfa\xaakh4m\xbc\xf1\x8f\x1e\xfa\x98\
\xc4S\xa0\xbdy\x16O=E#_\xa4).@\x0b\
l\x87\xc2n\xe3\xd89\xf8\xe0]\x8f\xf0\xe4\xf1\x01&\
\xdd\x06I\xab\xbe\x16jg\xb41\xd0\xba`\xac\xdc\xee\
\xbc\xfe\xc1\xfc\xe9\xa7\x9f\xe1J\x12\xfa\x82\xc5\x9dw\xde\
i\xd8>\xfds\x8df\xf3\x1b\xc4\xda\xc4{\x1f\x92@\
S\xc1(\xe2\xe8+P\xdb\x15\xab\xc1h\x86\xd5\xd0m\
\xb1\x18\x12\x93bm\x12:\x09\xce\xa0N\xf8\xe2g\xbf\
\xc8\xd3\x87\x8f\x92h\x12&\xc0\x92D\xec\xf4pBU\
\x9d@\x12q\xdbA\xde\xc3\xc4\xfbC|\xaf2\xe7\x8c\
\x95v/\xe1\xff\xf5\x1f \xc1lY\x10in\xdb\xb9\
\xff\x1fo\xddu\xe0\xef\xce\x9f=\xfe\xaf^\xec\xfd{\
%^\xfc\xb8\xd2\x8e\xff:Fyra\xb0\xb0\xf0'\
O\xecy\xfd;?f\xad\xbc\x0b\xa4\xa1#5\x8b\xe7\
\x12Q0\xde\x1ac\xbf\xef\xafw\xae\xfe\xbe_\x85?\
\xe02o\x02\x1e\xbd\x0a\xc8\x98\xf8\xfd`\x18\xbf>1\
\xf1\x1a\xa4\x5cp\x86\x13\xe7\xce \x22\xec\xdd\xbd\x87\xb9\
\xa9\x0e\xae\x9fc$V\x946\xf8uWzVWW\
\x833\x93\x8c/[\xd5\xd3iwB[\x9d\x1c\x91\x80\
\xb1\xb4b@\x22;\xdf\x84\x0aS-%#\xe3\x18\xc8\
@\xda\x08R<b\x0d\x83A\x813\x0eW\x14X\x9b\
\xc5\x04\xc71\xc8=\xe7\x97{|\xe2\xcf>\xc3\xd9\xf9\
E\x92\xf6\x14J\xc2\xa0\x1c!\xceT\x04\x8c\x11-\xd1\
\xa0\xb99\xe0_\xfd\xab_\xe0c\x1f\xfb\x13\xfe\xf2\xdb\
\xbe\x97}\xfb\xf6\xf1\xab\xbf\xfa\xeb<\xf8\xd0CL\xcd\
\xceA\xa9\x97\xc0\xd0\x0d\xc3D\x9bJ\x1d#\xf00\xe2\
T\x94R\x16\x1eU!K\x9b5)HUq\xae`\
y\xa9\xcb\xe2\xc2S<\xf8\xd0c\x0c\x06\x03\xb6l\x9d\
cvv\x96\xab\xaf\xbe\x9a\x03\x07\x0ep\xed\xb5\xd7\xb2\
{\xcfN\xf6\xee\xd9\x1b \x0a\xf5Mj\xe3\x10\xbd\xbc\
\x93\xe6\xb9\xe0\xc46\x84\x9aL\x90(F'a\x15\xb5\
\xaa\x92\xef\x1a\xdbo\xf1\xb1t%Y\x96\xd1n4H\
\xd3\x94\x99\x99\x19Z\xed\x063S\xd3t\x1a6\xb4\x07\
#\x19\xcaX\x13\x926XG\xb8\x18]\xeeh\x85\xc7\
{Oj-\x9dv\x87\xb2((\xf3P\x01m\xb7[\
\x013\xba\xb6\x825\x09?\xfa#?\xc4\x89\x13\xa7\xf8\
\xca\xdd\xf7aS[k\x83\x16E\x19\x8fUN\xab\xd9\
\xe4\xf1\xc7\x1e\xe7S\x9f\xfa\x14o\xf9\x9e\xb7\x91e)\
\xab\xab\x01k\x1a\xf0\xca\xc1\xa5*\xc0P\x0c6\xb1$\
\x8dYJ\xe7h\xb62\xde\xf5\xa3?\xcc\xd2\xea\x1a\x1f\
\xfd\xe8\xc7\xe9\xb4;Xc\x860\x8bX]od-\
\x96WVy\xef/\xbd\x8f\x1d;v\xf0\xe6\xbf\xf4\x86\
\x8b\xa39\xbd\x01M\xf0d\x14(\xce\xa4\xf4\x5c\x93c\
g\x1c\x7f\xf8\xc9{\xb9\xef\x91EH\xb7S\xfa\x040\
\xb1RZ\x1d\x1c_c\xfdF\x8e\x9e\x1ac~\xf6\xaa\
\x9b\xbf\xe5\x8e\xa3\x8f|\xfa\xd4\xb3>I\xae\xc4\xba\xb8\
\xf3\xce;\xcd\xdaU\xed\x9dS\xe8w\x8b\x95\xd4{w\
\x11F\x8f\x19\x9a\x10h\x82u\xe1\xb8%\x11Os\xfe\
\xdc\x05\x8a\x228\x22\x95EA\xde/y\xfc\xe1\xc3\x18\
M\xc8\xd2\x0c\x8dp\x8c\xd1\xeb\xdb\x8f\x9cA6N\x1a\
\xeb\x18s\x84\x1b>\x1f\x1f7\xeb\xce]\x80y\x85\xd9\
'@jU\xb6]\x7f\xeb\x1br\x94\x15\xe0\x981\xe9\
=N\xf4\x13\x22\xe2U\xcdI\xf5\xdex_<em\
3!-\x96\x074\xd3^\xb7\xbb\xd2\xb4>5\xd6\xaa\
&\xad\x96\x0eV\xfb\xcdFb\xfdR#\xf73\xa5\xe4\
gW\xf2|\xbai\x9bk\xbe,\xb6\xae\x993eY\
\x1c\xea\xee4Ir\x5c\xbb\xb3\xb3\xf6$\x14\xfb\xcfd\
I\xb3y\xce\xaf\xb4\xafI\xce\x94\xc7\x8b\xfd\xcb\xb3\xf6\
\xf8\xae\xbc<ta\xda\x1e\xd9\xb6\xe2\xf6\x9f\xc9\x92\xfa\
\xf9\x91\xbb\x0an\xb9\xc5\xf2\xf0\xc3\x8e\xdbo7\xdc}\
\xb7_\xf7\xbcz\xe4\x8d\x02wyx\xa3\x09\x8f\xa1Y\
\x16\x0eL]H\xf6\xf0F;\xf29\x0d\xdf\x9fVn\
9kxx\xa7?t\x88\xe4\xc8\x11\xca\x8d\x9f?\xec\
\x0e\x1dzcz\xa4}\xd6W\xebM\xb1-#\xbd\x90\
\xd3\xeb\x09\x0f?\xec\xae\xbb\xee\xba\xe4\xf0\xec\xac\xe7\xee\
i\x85\xbb\xfe\x5cX\xe9\xbe0z\x0cW\xe2Y\xc5\xdf\
\xff\xa5\xdf}Sj\x93_\xf7\xe8\xb5e\xd0\xda\x93\xd1\
\x1bu\xed\xfd;\x86\xab\x0b\x83\xc9\x90\x00RyF\x87\
\x0fYQ\x8a\xb2\xff;\xbf\xf2\x0f~\xfc]\xd5W6\
\xfb\xfdW}\xf3[\x7fj\xb0\xb6\xfa\x0b\xbe\xcc\xa7\x01\
q\x13\xbe\xdc\x18+*\xb6\xf6\x0b\xae\xa2\xc6\x13\xa9\xc7\
\xf5{\xb4R\xcb\xec\xf4\x0c\xfbw\xedb\xef\xee\x9d\x18\
\xef\x82\xa7\xbcwC?jk\xf1&\xe5\xc4\xd9s<\
\xf4\xd8\xe3\xe1\xb9\x86\xebQUq\xbe\x84\xbc\xc7\xb7\xbe\
\xfa\x95\xbc\xe2\xa6C4$'\x13\xc5\x15\x8ev\xbb\x83\
\xf7\x8e$\xcbp&l{b\x13J\x0d\xcb\xb7Q\xd3\
\xce\xfb\x8a\x95\xecG\x081\x12\x93\x98\x0a\xb0oQ\x9b\
\xb16\xf0|\xfc3_\xe4\x89gN\xd2\xf3\x02\x92R\
F\xa9$\xa8\xdc\x92\xfc\x08\x06w\x98\x9e\xa8:|Y\
\x90\x179Y\x9a\x91ei\xf4\x12\xcf\xa8[\xed#\xa4\
\x00kL\x90W\xb2\x16\xad\x99\xdfa\x5c\x08\x8eD\x81\
l2\xaa5:*\x88\x15Z\xeaf\xbd[\x91T\xc8\
\xc3a\x94E1\xc6\x16W#4\x9b\x19\xfb\xf6\xed\xe3\
\xc0\x81\x03\xdc|\xf3\xcd\xdct\xd3\xf5\xec\xd9\xb3\x17\xef\
=EQP\x96\x01\xefX:\x17\xf1\x86\x05i\x9a\xd2\
\xed\xf6j|\xad\xd84&S\xe3\xf6\xac\x17\x83\x8f\x88\
n\x9e\xac\xd6\xe7\xf6\x88\x03\xd4\xa4\x96\xa8\xaa\xa3a\xc6\
k\xafE\x9e\x93%A\xa36I\x12\xa6\xa7\xa7\x99\xee\
L155\x85\x88\x90&6X\x07\xca&f\x94c\
\x0eN\x9b;OM\x86\x07\x8a\x22gq~a\xb8\xbe\
X\x16WV)\x9c'K\xdb\x9c8u\x86\x9f\xff\xd7\
\xbf\xc4#\x8f=A#\xeb`RK\xbf\x16\xd7\x0f\xa4\
\x91\xb2\x18`\x13\xcb[\xbf\xe7\xad\xbc\xec\xe5/\x8b\xb2\
P\xe1\xb8\x96e\x81\x1a\x8f\xb5\x96\xa9v\x87\xe9\xe96\
S\xed\x0e\x9df+8;yame\x85\x7f\xf1s\
\xff\x8a\xfb\xef{\x80\xac\x15\xe4\xca\xc2i&d\xa9\xa5\
,Kp%F\x84[o\xba\x91\x7f\xfes\xff\x177\
^w\x10\xa7a\x9f\x008\x1c\xde\x17\xa4\xda\xc5_x\
\x9c'\xbf\xfa'\xd8\xeeIR\x81\xd5\x22\xe1\x0b\x0f\x1c\
\xe3O>\x7f\x98c\xe7\x1d}\x99\xa1\x90)\x94\x16%\
\x82\x17\x8f\xc7\xd5\xd7S\x94\xbc\x1a=Y\xbd\xa8~q\
\xbe\x97\xbf\xe5\xfcc\x9f}\xceJ\x1dWb<\xfe\xe9\
\xff\xf7\xd7\xfff\xab\xdd|\xbf\x88\x88S\x151\xe3\x96\
\xb9\xb5A\x81W\xac\x09\x15\xcd\xcc6)W\x1c\xa7\x8e\
\x9f\xe1\x91G\x1e\xe5\xd4\xe9S\xac\xad\xaeR\x14\xbe6\
}\xa8\xbaV\xd6\x87\xefNb:\xab\xa5\x03\xb5\xd2\xc5\
h\x8c\x1d\xfa\x0d\x90=\xde\xaf\x1f+4 \xd0\xe2\xf8\
P\x8fU\xe1\xfee\x13\x95j\x00SQE\xbd N\
\x8c\x04QhC\x1f$\x07MA2Q\xca\xf01q\
\x02\xa9\xc2\x12\xa2\xf3\xa2L#4\x1c\x9cAp\xa2\xa8\
\x0a;\x8d\xc8\x93\x8atAw\xe0\xd9\x871}\x81%\
\x05A\xa5\x09\xba$\xc8y\xc4O)\xcc\x82\x1eUX\
\x12Q\x8b\xb2\xd7$\xe6~\x81\x121S\xaaz@\xbd\
\x9cP\xb4\x10\x15/\x227;u\x1f7*FE\x9b\
\xa0\xd7\x02\x8f\xaa7\x0b\x12\xaa\x0d/\x13\xf4Q\xf5\xba\
\x801\xd7\x03\x07\xc4p*l\xbc\xec7\xc2!\x8f>\
.P\xa2\xb2C\xd0\xc4\x89Y\x13e\x00\x1c\x02I\x11\
}\x14(Av\xa1\xda\x16|\x09z\x02\xa1\x032\xa3\
\xf8\xffb\xbc\xd9\xa7\x22\xfbP\xffD\xe1\xccgR?\
(\x8b4s\x0c\x18<y\xff\xc7^\xb20\x99+I\
\xe8\x8b\x10\x7f\xe7}\xbf9\xd343\xffR\xd4\xfdt\
\xa1*\x91\xf1>l\x9a=\xcb$44\xceU\xcb\xb2\
\xbf\xd4\xcd\xcb\x1b\xd2#\xc5\xe2\xaf\xff\xfa{6\xf5\xb7\
}\xf57\xbd\xe57\xbb++\xdf\xe7\xca\xa2S\xfd\xde\
\xd8\xcd\xf8\x12I(>&\x9axR\x93\x90&B\xbb\
\x91\xb1w\xf7.v\xed\xd8F*\x06)K\xd2$C\
M\x827\x96\xfb\x1f}\x94\xe3g\xce\x81TI\xa4\xc6\
6\xa4#\xc3\xf1\xed\xaf\xfbF\xae;\xb0\x9b\x86\x14$\
\xc6\xd7B\xf4\xa5:\x92\xac\x89\x13C\xe1\x14\x93X\x92\
4\x0d\x18A_\x02>`\xe84\xe8\x8d\x8a\x86\xea!\
\x9a\x84\xc1\x95p\xa3w\x0a\x9a6y\xe2\xe8)>\xf9\
\xb9/\xb3\xd0\xcf\xf1&\xa5\xf4\x81\xe8R\xcd\xfa7N\
B\xab\x08\xc9n\xa5IiD\xc8\x9d\x92X\xbb\xde\xfa\
\xd3;|\x99#^I\xd3t|P\x8e\xc77$z\
1\x11\x95P\xe5\xd4(\x89T\xe9A\x86\xe3\xe2\xd7\x1d\
\x83\xba\xfe;)\xa3S\xfdOB\xa2P\x14\x05y\x11\
\xac8\xa7\xa6\xa6\xb8\xe5\x96[x\xd5\xabn\xe3\xd5\xaf\
\xbe\x9d\x1d;v\x90\xa6AZ\xaa\xdf\xef\x05|ab\
\xc9\xcb\x22\x88\x93{G\xe9\xc7\xcf\x8f\x8a5{I\x0c\
\xf3\x84\xd8u\x9a\xa6\x94e\xd0\xf6t\xcea\xed\xa8\x1d\
\xe4xXQ\xd4\xe74\xd2\x94\xe9V\x874\xcb\x98\x9e\
\x9e\xa6\xd1h\xd0i\xb5\xc8\xd2\x04\xef\xc3:\xa5\x13\xd9\
\xe6f\xda\x96\x9b%\xa1\xc3\xfd\xba\x89r@|tE\
\xc1\x993gj\x19\xaaA\xe1\xe8u\x0b\x8a\xc2a\x92\
&\x87\x9f|\x9a\xff\xfb\xe7\xfe\x05gN\x9f'm\xb4\
\x02\x03\xbe\xc2\xb6\x8aG\xb5\xa4\xd7\xed1;7\xcb\x0f\
\xfd\xd0\x0fs\xe8\xc0A\x8a\xb2@%\xe8\x94\xf6\xf3\x1e\
\x88'I\x12\xda\xed6s3\xd3L\xb7\xdb\xb4[\xed\
\x90pz\xe5\xc9'\x9f\xe6\x9f\xff\xec\xbf\xe0\xdc\xb9\x0b\
d\xcdFp.3Rk\xe7\xaas\xe0<F\x1co\
\xfa\xb6\xd7\xf2\xbf\xff\xe3\x7f\xc8\x9e]\xbbH\x22\xbe\xd5\
\xda\xca\x08t\x95\xf2\xfc\x13\x1c}\xe8\x8b\xac\x9e;\xc6\
\xf9sK|\xfc\xb3\xf7q\xdfc\xa7X,\xa7\x18\xe8\
4.i\xa3$\xa0\x06\xa7B\xa9#\x8a\x18\xe2\xd7%\
\xa1\x22F\x05]C\xfdO<~\xdf\x9f\xfd\x01/\xd1\
\x1b\xde\x9f\xa7\xb8\xe3w\xee\xb0\xb7\xf1\x1d\x1fK\x92\xf4\
M\xd1\xdc\xa4.V\xd4*\x18\x84\x8eBj\x13\x5c\xe9\
1\xd6\xd2]\x1c\xf0\xa5?\xfb\x12\x8f?t\x18W\x96\
\xc1jv#\x97\xbb\x98|\xd6I\xa4\xf8u\x07-\xe0\
\xb1\xcc\xb8\x19\x86l^\x8f\x1d[|\x0d\x1d\x1b*o\
\xa8\xaa\x8a\x88\xf8\xd1\x01\xb1\x1e\xe7F~b\xd3\xe7\xa2\
\x13}\x93\xaa\x99\x18\x1e\x83\x0c\x85A\xc4k\x85\xaf\x8a\
\xcfq\x1a\x94\xaf\xbdZ!\x09\x09\xb1\xa8W\xc5\x86\xef\
!b\x9cS\x15\x8bQ\xaf\xe1\x06X\x80OE\xa4@\
H@\x0bT2A\x9c\x8a\x18\xd0\x1c$\x03-\x04\x12\
\x90\x9eB\x1b\xa5\x14Q[?Gs\x81\xb4z.h\
\x89\x90\x88\xd2W\xa1Y}^\xa1\x00\xc9\x14\xe3T\xb0\
\xa28\x85D\xa0\xd4 \xcc\x9d\x83d\xc6\xfbRP\xa3\
\xb0&\xc2\x94BOT\x1a*\xf4\x05\x9c\xaa\x9e\x05r\
\x90\xc7\x80\xa7\x06R\xbc\xf7\xc8\x97\xefzI\x12\x07\xaf\
`B_\x84\xf8\xd2ko+\xde\xd0\xdc\xd5C\xf8>\
\x0fM`\x5c\x13\xa7\x0a]\xffd(mS%#\xf5\
<\x13T\xad\xb8\x22y\xfcK'\xff\xe4\xc8\x91\xbb6\
\x1d)\xb6\xee\xd8\xfds\xbe,\xb7;\xe7M\xe5\xffn\
F\x04\xae\xc5X\xa91?\x8c\xff^\xf8%\x8d`V\
\x83\x1aC\xe1K\xbay\x97\xc5\xb5e\x16\xbb+$I\
J3m\xd0H3\xd4\x18V\xfb=\x8e\x1d?N^\
z\xd4\x18J\xefH\x12KY\x16X+t\x9a\x0dn\
\xbe\xee\x1a\xe6:\x0dR\xa3\x18\xa3x\xf5x\xa3\x98\xb4\
I\xdf\x0b\xc7N\x9e\xe5\xf0\x91\x13<\xfd\xcc\x19\x96\xd7\
zd\x99%I\x844\xcb(J_\xdb\xcfI\xdd\xf9\
\x08\xed\xa9\xaar\xe3U\xe8\x0d\x94/\xdd\xff0\xcf\x9c\
\xb9\x80O\x1a\xe4\x1a\xb1\x98b\xb1Dw\x98\x98\xc5h\
\xcd\x00\x1b\x8d\x80q\x12c\x22\x86\xcf\x84\x8aV|\x0f\
\x13\x08W\x16G\xea\xfbt\xac\xe3\x15\xb7\xdc\xc8\x0d\xd7\
\x1c\xe4\xd6\x9b\xaee\xdf\xce\xadl\x99n1\xd3n\x92\
\x0fV\xe9\xaf\xadR\x16\x03\x12k\x82\x8e\xa6w\x10\xf1\
\x9c^\x14\xac\x89\x18\xcaQ\x0c\xe3d\xb6+#\xefK\
\xfdW:G\x9ae\xa4Y\xc0\x81\xb5\x9am\x5c\xe98\
\xf1\xcc1\xbe\xf8\x85/\xf1\xe9?\xbb\x8bg\x9e9\x86\
\x11a\xcf\xee\xddl\x99\xdb\x865\x96A1\xc0\x88a\
\xad\xbb\x16\xaa\x9f\x0c+\x96\xe3\xad\xbaH\xaaW\xad\xdf\
\x1b\xfd3\x13\xfb\xae\xcc\xfb\xc1\xf1G=hP?H\
\xac!MR\xb24e\xaa\xd5df\xaa\xc3\xf6\xad[\
\xd9\xb5}\x1b\xbb\xb7ma\xdf\xce]\xec\xd9\xbd\x8b=\
\xdb\xb62\xddn\xd3i\x04\x06\xb9\x15\xc8\x8c\x90\x8cT\
=\xab\xbfMS\xc9\x11b\xd3z\xda\xc5\xe6Ih\xb5\
G\xad\xb5$I\xc2\xd2\xd2R\x94\xe9\x12\x12c\x19\xe4\
%\xbd~\x8f\x83W]M#k\xf0\x85/~\x01D\
06\xa9\x09O\x15\x99\xaa\xd9\xcaX^^baa\
\x9ek\xaf\xbb\x9e\xb4\x91Q\x96.TB\xf1\xa8\x18\x9c\
wx\xe7H\x93\x0cC0#H\x93\x844\xb1\xec\xd8\
\xb6\x95\xbd\xbbwr\xdf\xfd\xf7\xd2\x1b\xf4I\xa2<Y\
=\x16\x98\x04%\xe8\xf9\x1e~\xeca\xfa\xdd5^\xfd\
\xeaW1\xd5n\xe1UILp\xbd/\xf2>\x83\xb2\
\xc7\x83\x8f\x1c\xe6\xae\xcf\xde\xcb\xef~\xf0s<\xfcL\
\x97e7M_\xa7\xa09M\x89\xa5\x14E+90\
\xa3\xf8\xb8\xfb\x8c\x17\x9c\x1f5%\xad <\xe4\x8a\xb9\
k\xfe\xcc\xd3\xf7^r\x10\xbc\x12\x97\x8cw\xbd\xe3o\
\x7f\xafM\xd3wc\xa4\xa3\xaa\xe2F\xef\x01U\xdb[\
\xc2\x95fM\x82z\x98?\xb7\xc8G?\xf4Q\x1e\xb8\
\xfba2i\x22bC\x02\xaa\x11\xe3\xe9\xa3\xec\x96\x1a\
d\xe4\x8f\x0a\x8f=\x82\xe9\xac\x08\xaa\x82Y\x87\xf1\xac\
\xb0\xa85&UG\xf0\xa0\x13\x18\xd1\xb0\x18\x1b\xd6\xd5\
\x18\x09\xbayF\xc4T\x7f\x91f'\xa6\xfe\x8b\xbe}\
\xf5_%\xa8\x11\x10\xe5\xa3\x94\xc5\xea\xf9\xf8\xa3\xab\xd0\
\xe7\xb1\xfc\xaa\xa12\x11\x0a\xc0\x81\xb40\xa41T\x83\
g\xa0W\x84A\x5c\xe3cH$EU\xad\x06Hz\
\x12\x1e\xd5h( %#\x8fFU\xb3\xf8\xdcN<\
\x1f{\x1f\xbc\x8d\xaf\xa7\xe1Q\xac*\xa6Z\xbeW\xb5\
\xea\xeb\xe5\x84G\xaf\xa2^\x13\xf5*\xa8\xaf\x96\xdf\x1c\
Y\xaeU%S\xd5&\xe8\x16\xd0\xed\x8a^\xaf\xca\xcd\
\x991\x87\xb6\xed\xbbv\xf7\x85\x93O\xdd\xc3Kl\x82\
x%\x09}1\xe2\xae\xbb\xf4\xf6\xef~\xc3\x89Tf\
\x7fHU\xb7\xd4\x1d\xb3\xc9D\xf42\x92\xd0@\x16\x08\
\xb5;#\xd82/_\xd5\xd8\xe9\xbep\xedu\xb7\xce\
w\xecmn\xef^\xec\xde\xbd{\xed\x96kn\xdd\xbf\
o\xdf\xa1\xbf\xb7m\xc7\xde\xff\xd4\xefu\xf7#$\xde\
\x8fXrZ\x83\x98P\x9a\x121\xc1\x97ot\xbeY\
\x8b\x9eG\x91q\x04\x15\xc5\xf9\x98\xa8D\xb0\xfa\xf2\xea\
*\xe7/,\xb0\xba\xb2\x16\x06\xc0,cPz\xce\xcc\
\xcf3(J\x10\x13f\xe6\xd6\xe0\x5c\x89\x15\x98ig\
\x5c\xb3\x7f\x0f\xb3\xed&\x89q\x08\x8aM-b\x13\x06\
jx\xea\x99\x93|\xfe\xee\xfb8\xbf\xd4gi\xb5\xcf\
\x893gx\xe6\xf834\xb2\x8c\xa9\xa9)\x8c\x06o\
\xf4j\xf8\xdb(\x09\xcd\x9d0\xbf\xda\xe5\xf3_}\x90\
\x81ZJ\x11\xbcD\x96:#|\xaf8\x94\x89\xaf\x12\
\x10?:\xd4V\xe87 \xc8:\x99\xc4\xe2\xbd\xafm\
XE=\x89\x16\xec\x9aJ\xf9\xbe\xb7\xbc\x897\xbc\xe6\
\xd5\xdcz\xe3u\x5csp\x1f\xd7\x1f:\xc0\xcd7\x5c\
\xcb+n\xb9\x89W\xdcz\x0b/\xbb\xe5Fvo\xdf\
Jf\x05-\x07\x88\x96\xb8\xa2@q$F\x10_\x22\
\xb8!\xd9+\xda\xa9\x8eF]\xa1\xac\xb2\xe7J7\xd4\
F\xbc\xa9\xd7X)\x0b\xe4\x85\xc4$\xb4[m\xca\xb2\
\xe4\xf0\x13O\xf2\xb9\xcf}\x8e/}\xf1\xcb\x9c<y\
\x92\x9d;wq\xfd\x0d72==\xc5T\xa7C\xb3\
\x91b\x90\xe0\xab\xee}\xd4\xfc\x0cI$\xae\x8cb\xef\
\x0e\xf5.\x88\x97\x8f\xfc%F0\xaaQiR\xd9\xba\
e\x96\xb9\xe9)\xb6m\xd9\xc2\x8e\xad[\xd9\xb5}{\
d\xab\xef`\xcf\xf6\xed\xec\xd9\xb9\x83\xed[\xe6\x98\x9b\
\xe90\xd3n1\xd3j\xd3h\xa4\xc1\x11\xca\x87\xfdo\
$\xea\x90ntM\x8d\xa8?\x8d\x86\x9f\xb8\x99\x0dS\
\xd0\xcbKB\xc7~B\x95$IX]]\x0d\x95X\
\x82\xefj1\xc8\x19\xe4\x05W_s5\xf9 \xe7\xb1\
\xc7\x1e\xc7X\x0b\xd1v\x15Q\x5cY\xd0\xeb\xf7\xc9\xd2\
\x06\x0b\x8bK\x14E\xc1\xc1\x83\x07i\xb7\xda\x14\xdeQ\
\xba\x22HKYA]\xc0\x86\xc6\xdb\x7f\xc0F{G\
\xb3\xd9\xe0\xaa\x83\x87\xf0\xae\xe0\xfe\xfb\xee\xc7\xd8@b\
\x131Q\xd3\x130\xc1L \xb5\x96\xc3\x8f?N\x9e\
\x97\xdc\xfa\xb2\x97\x93e)b\x0c\xbdA\xce\xfc\xe2\x12\
\x1f\xfc\xd0\x87\xf9/\xbf\xfd{|\xf9\xabO\xd0c\x0a\
\x9fn\xc3gs\x14&\xa5T\xa1\x08%$\xacz\x82\
vp\xbc\xaa*\x9dU\xa9\xd4E\xeb\xf1H\x11I\xbd\
\xe7\x97\x17\xce<}\x94\x97\xd8\x8d\xee\xcf[\xdcy\xe7\
\x9dF\xb6M\xffK\x9b\xa6\xaf4\xd6H\xa9N$\x92\
\x1b\x87$\xd5p\x08\x0c\x16Q\xe1\xc2\xb9y>\xfc\xdf\
?\xc2\x99g\xce2\xdd\x9c\xa1\x91\x06\x92b\x98/T\
Y\xa6\xa9\x09G\xd5\xbfQ\xe5\x84Z\xfb\x80Qr\xd2\
z\xda\x9eV\x8c\xb7\x11\xe9\xaf*I\x1d}m\xf87\
\x1e\xe3\xda\x17\x04W\x8c\xd8\x1a\x09s\x1ded\xda(\
A\x22\xccH\x98\xfa\x88T\xc4Y\x1f\x12\xf1u\x8f\x8e\
\xf8<>\xc6\x84\xbd\xfe^\xc8C\xad\x84q\xd1\xc4\xc7\
\xf5\xdc\x08\x18N\xbeG\x09\x9f\xcf\xf7O\xd6\xe1\xf3/\
r\xeb\xdf \xa4\x9e\x85l\x14*\xaa!qF\xc5\x82\
v\x14\x7f\x93\x18y\xd3\xce}\xd7\x1eo\xca\xae\xc7\x97\
\x97\x8f\xbfd\xf0\xa2W\xda\xf1/b\xfc\x83\xf7\xfd\xff\
\xfe\xae\xb5\xe6\x9f:\xaf3\xce\xc7\xe6]l\x15\xea&\
\xc2\xa1U\x8b|\xf4m\xa3\x9e\xc4\x8a\xe6\xfd\x01I\x22\
<t\xdfW\xfb\xbd\xf3'\xffe\xe2\x8aG\x16\x16\x97\
w\xa8+_\xe1\x07\xfd\xd7y\xe7\xaeuE\x91y\xf5\
\xa6j\xbc\xf8JFCl`\xc0\x9b\x00h\x17I\xb8\
\x98\xfb\x86\xea\x88@2Q\x92i(\xa7\x8dQh\xa4\
\x96F+\xd82.\xcc/\xe1\x22\xb8GD\xf0e\x8e\
\x15\xd0\xb2\xcfU\xbbw\xf2\xa6\xd7\xdfNFASJ\
l\x0aI\x96a\xb2\x8c\xf9\xae\xf2G\x7f\xf2)V\xfb\
\x905gH\x93F\xe8H\xb85\xc4\xf5\xf9\xe6\xd7\xdc\
\xce-\xd7]\x83\xe6\xbdp\xc3\x8cX\xd3\xaa\xdb\x13\x08\
7\x06\x97\xb4\xf8\xc2=\x0f\xf3\xa9/\xdd\x8bf\x1dJ\
\xd1\xd8\x82\x8fm\xf8:\x09\xf1\x08\x9erP\x92ZA\
]\x0e\xe2)\x9cC\xc5\x90\xa4-\x9cZJ\x0d\xbf\x93\
H\xd0p\x15\x9b\x80w\xf4\x96\x97\x98M\x95\x1f\xfb\xfe\
\xef\xe0\xb5\xaf\xb85\x08\x9d\xf7\x03\xd6\xd2\x98\xa0a\xa9\
^\x86\x98\xc8\x88%\xed\x95\x8e3g\xcfr\xe4\xd83\
\x9c>w\x9e\x13'\xcf\xb1\xb4\xba\xc6Z\xaf\x1f0\xb4\
\xa6\x81\xa4)\xd84\xe4y\xc6\xd7nEe\xe9\xc9\xb2\
l\xec\xbc\xb1\x84\xdfP\x13+\xc1^\x83\x81j\x85\x99\
\x8d\x18\xcf\xc29\x8ar@Q\x0e\xd8\xb6u\x1bo\x7f\
\xc7;\xf8\xfe\xef\xfb^^v\xd3\xd58\xafx_\x92\
e)\x83AN\xa9\x0e\xe7|\x8d)\x1dk\x8aU\x18\
`\xa9\x8e}F#II\xd2$\x88`{\x19\x036\
\xd4\x22\xfb\x12\x0a#Anh\xe4\x9c^w\xc2M<\
\xbf\xe4\xc8\xb5q#`X\xcd5c\xcf\xd7%\xa1\x9b\
\xe0\x0d\x06\x83\x9c\xd5\xb5U\xce\x9e?G\xa3\xd1\xa0*\
`\xaf\xac\xaca\xd3\x06\x83A\xc1\xbf\xfe\x85\xf7\xf2\xc5\
\xaf\xdeG\xb3\xdd\xa6\xf4\x8ef\xb3\xc9Z\xbf7\xb6n\
\xbet\xbc\xfe\xf5\xaf\xe7;\xdf\xf2]\x94e\x1948\
]\xd5\xba\xf7\xe0\x95\xad\xb3[\xd823K\xa7\xd5`\
\xaa\xdd\x0c\xae[\xad\x16\xab+]~\xfd7\xfe\x1d\x1f\
\xfc\xd0Gh\xb6\xa71&\x1d;\x9f\xacB\xc3\x08\xf9\
\xda\x1ai\x96\xf0\xb6\xef\xfd.\xde\xf5\xae\x1f\xc2\xf9\x82\
\xfb\xee\xbb\x87\x0f\x7f\xf8#<\xfa\xe8#\xb1(\x1c\x85\
\xe9\xad\xa5\x94$`\xa7U\xc0\x86\x16\xac\x94%\xde\x15\
\xf5\x95mH\xf1\xaa8-t\xec\xfa7\x89\x8a\xa8S\
\xe4\xb7\x0f\xdf\xab\x7f\xf5\xcf\x0b)\xe2%\x1a\xf2O\xff\
\xd3\xbf}e\xd6N\x7f\x97$9T\xaa\x93J\x8c\xa0\
JB\xad\x0c5\x91\xb5\x84\xc4\x1b>\xf2G\x1f\xe5\xf1\
\xfb\x9f\xa0!MTR6jsW\xe3\x9c\xd4\xba\xcb\
\xd5;#x\xf2\x91\x8e\xc6\xf8g\xc6c\xf4\x12I#\
$d\xa3\xdb\xd6H+~\xddk\x97j\xc3\x8f\x7f\xde\
\x8cA\xd4&\x97\xf9\xacv\xb0\xc4BE\xf5<\xc2L\
\xd6\x8f\x1b\xf1\xcc\x7f\x81\xecL/\x15.\xc2\x156\xb3\
\xd7\x15\x1f\xde\xd7\x80-\x10\xaa\xe7\xea6\xdc\x11c\xc3\
\x98\x88\x17x\x0c\xe1\xfdO\xdc\xfd\xc9\x7f\xc7K\xa45\
\x7f\x85\x1d\xff\x22\x86`?\x94\xa6\xe97I\xe1\xdeQ\
\xfa\xdcBh\x1b\x84\x0bk\xfc\x22\x81\x8b\x93A\xaa\xea\
b#Mt\xe7\xb6\x1d\xcd\x07\x9ez\xe8\x7fK\x8a\xdc\
\x14y\xee\xf2^?1\x0a\xea\xbc\x15\xef\xf0Q\xa8\xdc\
LT\xd5<\xc3D\xe0\xb2J\xe4jF\x12\xd1*\xa1\
\xf38\xf58\xa0(\x1ck\xe5\x1a\xc6t\xa3\xf7\xf9\xc8\
W\xa3\x0cR\xc0$\x8d_\xf8\xaa\x01\xabT\x14\xb0\xd6\
\xeb\xb3\xb8\xda\x83t\x1a1I\xc4\xc2\x0aXE=<\
\xf6\xe41\xf6\xed\xdc\xcdL3\xb4\x1a\x1576\x80\xaa\
\x1a<\xc2Z\xbf\xe4\x99\x93\xa7\x90$\x03k\x90`9\
?\x01]\x1c\xae\xc7L\xabM\x91\xf7\x98\x9d\x9bb\xcb\
\xd69\xbakk\x5cX^\xa1Wx\xf2\xa2\xc0$Y\
\xc0GF\xcc\xa9\xaa#\xb1\x86N#\xe3\xe0\xae\xad\xdc\
t\xf5\xd5\x88\x1b\xe0\x0bO318\x97Ww\x10\xac\
Ijp\x97J\xf8\xd5f;c\xee\x9a\xbd\xdcx\xdd\
A<\x86\x95\xc5U\xe6\x17\x979v\xfc$'\xcf\x9e\
\xe3\xc4\xa9\xb3\xcc/.\xb3\xb0\xb2\xc8\xa0\xf04\xdb-\
L\x124\xff\xac\x15\xb4\xe8\x07U\xd5$\x1b\x83V8\
S\xe1\xb1B\xd2]9=\x059\x16H\xc4b\x13\xcb\
T2\xc5\xea\xda*\xbf\xf2+\xbf\xc2\x97>\xff9\xfe\
\xc9\xff\xfe\x0fy\xcdk^\x15\xf0\xac\xae\xa4\xd5\xcc\x22\
\x0e\xb0\x22\xa64\xc6'B\x0coB&\xf4\xe9\x83\x9e\
kUA\x9f\xc8\x22E*\x15\x80\xf0\xff\xcb\xd3\x14x\
\xf1\xc2{\xc5\x18\xa1\xd1\xc8\x80)\x96V\x96\xe9v{\
4\x9bm\x9a\xad\x14\xef\x1d\xfd^\xce\xccL\x87\x1f\xf9\
\xd1wq\xf8\xe81\xce\x9e\x9fgjj\x8an\xb7;\
a\x8bi\xf0>\xe7K_\xfc\x22W]}\x88\x1bo\
\xbc\x11U(|\x80\xaf\xa5i\x82+J\x96W\x03\xbf\
\xc7&[\x91\xde\x80\xe9\xa9Pu\x9f\x99\xe9\xf0#\xef\
\xfa\x11N\x9c8\xc9\xfd\x0f>\x12\xe4\x98<At^\
\xab\xfdkI\x1b\x1d\xf2\xa2\xcf\xef\xfd\xfe\x1f\xf3\x95\xaf\
\xde\x8bs\x05\x17\xe6/P8\x87H\x93JrG\xe3\
u\xa0\x04S\x09\x9c\xa0\xa5\xc3\xaa'\xa9*\xdbb0\
\x06\x0aW\x04\xa2\x1d\x22\xaacHAT\xc5\x8a\xf3\xbf\
y\xe8\x90\x04F\xef\x95xNq\xe7\x9dw\x8am%\
\xef\xc4&\x07}\xa8\xc4\xd5\xf8\x91\xd1\x8e\x94s\x1ek\
\x83>\xee}w\xdf\xcf\xe3\x0f>\x8a\x14\x16IC\x87\
y\x94\xed\x9e&\x93\xb7\xfa\x90\xd4UJ\x14\xa3\xb3\xba\
I\xb7$\xb3I\x9e\xe7G!Z\x13\xf6\xc1\xe3\xc9\xe1\
\xe6\xb9\xced2zQB\xe3(\x19\xca\x0c{\xe8\xcf\
%\xd6%\xe7\xa1\x1c\xbb\xc1\x07\xc3CY\x0e\xc9\xb6U\
B:\x8a\x93\x7f\xc1\xa2\xda\xa0M\x0a@F\x88\xfc\xad\
\x8an8\xd6\x02\x1aQ\xac\xa8\x178\xc4\xd0\xaa\x1a\x84\
\x1bT\xe5\xe7\xae\xbf\xfdM\xf7<q\xf7\x9f~\x85\x97\
@\x22z\xa5\x1d\xff\x22\xc6\xe7^{\xf3\xd27\xb7w\
w\x14}[\xe9\xbd\x8dN=\x12\x88)\xa3(\xb7\xf5\
x\x9b\xaa\xf5\x1a.\x1e%M,\xfd^\x1f\x11\xa4\xd5\
\xc88\xfe\xe4\xe3\xf6\xfc\xd9\xd3&\xef\xf5\x13c\xadQ\
\xe7\x8d/C\x02\x1a\x22\xd4\x9e\xa4\x9e\x1a\x1b\x88\xee3\
\xc6$5\xc6g\xf3\xa8\x06\x0f\xcbh\x8d+@z\x02\
P>\xb8\x1eUo\xc4\x16P\xd5\x9e\xf4`\xc5\xa0Z\
0;\xdd\xe6\xea\x03\xfb\xb0x\x8c\xf1At]\x12\xbc\
&,\xf7\x1d\x8f=\xf1\x14$Ml\xda\x80$\x0b\x0d\
j1\xa4I\xc2\xda\xea2;\xb6\xcd\xb1ef\x1a\xa3\
%\xa8\x03\xf5\xa1\x91\xa9\xc1s\xde\x19\xcb\xa9s\x0b\xdc\
s\xff\xc3\xa8\x04\xa2\x94\x8f\xc3\xfaxW)\x8a\xe1c\
\x90\xa2D\x9c\xe3\xbaC\x07\xb9\xf1\x9aCl\xdb\xba\x85\
V\xb3\xcd\xf2\xd2\x1ay\xe9\x03k]|}4\x8cX\
D=\xa6\xec\xf3\xfao\xb8\x8d\x1b\xaf\xdeG9\xe8\x91\
X\x83M\xc2\x0d\x1cQ\xd4\xb9\x91fW\xa5N\x1al\
-\xd59\x9c\x1b\xa0\xf9\x80vj\xd893\xc5\xd5\xfb\
wq\xe3\xb5Wq\xdb\xcd7p\xfb\xcbo\xe1\xe6\xeb\
\xae\xe2\xea}\xbbi\x1a\xc1\x14\x05~\xd0'\x15\xc0\x95\
\x810\xa6%h\x89!8\xdc\xa8\x8bm\xf4\x0a\xf8\xa4\
&\xe8\x82JE.\x0a\x83k\xd1/hf\x19\x89I\
8v\xec\x18\x0f<p\x1f\x07\x0e\x1cd\xf7\xde=\x81\
\xe5/\x8a\x89XNc\x88\xfa\xad!\x917X\x8c\x09\
\x98Z+\xf1\x91jB\x13vt\x80\x82\x0d\xff\x8c\x91\
\x0aB\x1b\xd6\xeb\xd9^<\x97\xfc\xc2\xa5\x1bZc\xcf\
\xd6ye\x0fuL}<\x7f\xbd*\x18\xc1&\xa1\xd5\
>\x18\xe48W\x90\xa6\x19\xd6\x06\xd9\xa4^\xbf\xc7\xf6\
\x1d;H\xd3\x06\xf7\xdc\xf3\xd5`\xcf\x9a\x85\xeaa\xc0\
\x88\x0e\x7f^\x81'\x9f|\x92={\xf6\xb0m\xdbv\
LTzHl\x82h\x80\xba\x88*\x89\x09\x89F\x92\
%\xf1\x5cQf\xb7\xccr\xc3\x0d7\xf2\xd5{\xeea\
mu5\xb4\xe5U\x86\x13K/\x14eI\x925A\
\x0c\xab\xdd5VV{\xa4Y\x83\xd2)A\xd1\xde\x0e\
\xc7\x95\x09{\xd3\xc4+\xa6p\xcc4\x1b\xec\xdd\xb9\x93\
k\x0e\x1edfz\x8a\xeej\x8f\xbc\x1c\xe0\xbc\xd31\
\x0c\xb0\xb5*\xe00\xb2\xf2\xd4cw\xfd\xf1e\x1c\x80\
+\xb1I\xbc\xf1'\xbeo6k\xb6\xfe\xaeM\xedu\
^\x15\xef\xbcPO\xe6B\x18\x11\xd4+\x8d\xb4\xc5\xc2\
\xb9y>s\xd7gX:\xbfD;m\x06\xc2Z\xe4\
\xe4\x988\xc1S\xef7\xf8S\xbcwx_\x86\xce\x88\
\x1f\xfe\x05\xbd\xe40\x01Q\xc6\xa16\xf5k~\xf8\x19\
Q\x1d{_\x22\x80R4 4\x05\x8dP\x9e\x90L\
\xeaDC\xde\xf9\x12\xafn\xf3?\xef\xc2\x18I\x18\xcf\
\xc2sGh\x97\xfbg\xfd7\xf9\xbd\xe1\xbfp\x8f\xac\
^\xaf\x86\x85\x0a-`\xcc(YT\x9f\xf3\xefo\xba\
^\x1a\x1c\xb0\xfc\xc4\xeb2\xb2\xdfU]\xb0\xb2\x0b\xdb\
!\xa0\x18%X\xd7DPC=\xbe\xad\xcf\xd2\xab\x99\
\xc7\xe3\xd3{\x0f<\xbdt\xea\xd8\xea\x8b}\xbe_\xa9\
\x84\xbe\x88q\xc7C\xb7\xc8\xca\xd6#\xbf\xdd`\xdf?\
Q\xd5C\xaajt\x84g\xb2\x99\x95g-\xcb\x11\xab\
\x88\x06O\xde\xed\xd1\xce\x02\x19\xa2\xbb\xb2\x12\x18\xe3^\
q\xaa\x94EQ\x97\xed\x03t\xa7\xfa\x0f\x11O\x1a\x92\
\xba\x17\xb2\x1aUx\x17\xdc\x93\x0cu\xdbh2\x5cL\
\x16}\xac\xc6(\xd5\xecZ\xf0\x85`\xb3\x84V\x92\xd1\
i\xb6\xe8\xe1\xa3\xb6f\x98\xb5\x97^\xf1\xa5'Sa\
yy\x15\xdd\xbb\x13U\xc5\xc6\x09\xb3\xd3@\xa4\xf0b\
\xf0$\x9c>{>h\x81f\xcd\xe8c~\xf1\xadM\
\xd2\x84\xd4\xc2L\xbbM*\x16I\x1b\x1c\xd8\xbd\x9b#\
\xc7N\xd2,\x1d\xfdr|\x02iD1\xde\xd3i\xb5\
\xd8\xbds\x1b\xf3\x0b\xe71\xf9\x80v\xa7\x0d\x10\xa4\x85\
lB\x12\x13\x98 \xba.u5\x18\xefQ\x09\xecV\
c\x80\xbc\xcf\xc0\xad!6\xa1\x95edM\xc3L\xb3\
\xcd\xde\x1ds\xa4\xb75\x18\xe4\x9e~^r~~\x91\
3\xf3\xf3<s\xfc$\xa7\xcf\x9d\xe5\xf4\xd9\xf3\xe4e\
\xc1Z\xaf[\x8b\xf0\xab\xb1$Y#\xe2\x06#\xae\xd5\
\x8f\xc3)\xd2\xc88\xaf\xecE\x1f}\xf80?s\xe7\
?\xe5\xfd\xef\xff%n{\xd9-h\xe9\x10cjI\
\xff\xd0\xb6\xad\x8e\xa9\x8eMD\x5c%\xf6_\xbf\xefk\
\x06\xf7\xc6\xe7\xf3%B7y\xed\xa2\x89\xe8fK}\
~\xb9QU\x11\x9d\x9e\x9e\x02\xe0\xe8\xd1#8\xefi\
d\x0d\xb2F\xc2jo\x0d[X\xde\xf2\x9d\xdf\xce\xb9\
s\xe7\xf8\xdd\xdf\xff=\x06\x83\xe0\xc0\xa4\x84\x16\xb7\x17\
(K\x1f\xf1\xa5]\xfe\xe0\x0f\xfe\x80\x1f\xfb\xb1\x1fc\
\xeb\xd6\xad\x00A\x03\xd4{\x1a\x8d\x06b,K\xab+\
\xa4\x8d\x84\xd5\xd55\x5c\xbb\xc1T\xbb\x8d\xaar\xed\xb5\
W\xf3\xb7\xff\xc6_\xe7g\xfe\xe9?\x03-A*\x0b\
R\x0bbi\xb5\x1a\xe4yN\x966\xe8\xe5=\xb2\xac\
I\xb7\x9fS8%\xcb*\xc7\xae\x10\xa2\xc3V\xa4U\
\x98n6\xd9wp?{w\xee\xa4\xddj\xa0FX\
Y\xebr\xea\xd4\x19\xfa\x05x1\xe2GJS\xa1?\
\x88-=\xbf\xb5\x7f\xff\xeb\xb3\xe3\xc7?\xdf{\x16\xbb\
\xf5J\x84\x10@\x1b\xb3s?\x8d\x91Wz\xaf\xf8\x88\
\xaf\xa9\xda\xf1\xf5\x15\xa7a\xbe\xedK\xcfc\x0f\x1f\xe6\
\xec\xf1sdI\x03\x91\x84\xc4ZJ\xe7B5\xad\x9e\
(\xf88\xee\x0d\xab\x8d\x15dIc1\xac\xd2(\x86\
\x8d\xab|\x1b\xcb8\x85H&*\xad\xa3\xdf\x9b\xd4\x1f\
\x8d?>\xf6\xfe:\x99\xc0\xcd\xa2\x96\xe0\x8b\xffy\x8e\
u\xbc\x00\xf7\xdc|\xe4\x99|\xa7\xdaW\xa1\x0a\xea\xc7\
\x97\xf3u\x89\x91\xdf\xac\xf7E\xc5\x0b\xf14\xd3\xecr\
\xb7\x5cQ2#\xbc:\xf5\xd93\xc0\xef\xb1\x19v\xe9\
\xeb\x14W\x92\xd0\x179\xde??_\xfc\xaf\xb3\xbb?\
\xd1h\xb4~\xb4te\xdb9\x87S\x17\x87\xa30[\
\x1dm/\xdb\xc4b\xad\xc1\x12\xb4\x1b\xf1e \xb1\x88\
g\xe1\xec)\x8e>\xfd\x94<\xf3\xf4\x13:X\xba \
V\x0c\xb6\xf2\xcf\xb6\x91\xfb\x18{\x09\xaauw\x18\x83\
`\x93$\x90)\xc4\x86\xaa\xcd\xb8\xd5\xca\xfa\xf0\x13\x04\
\x99\x1a3S]\xac\xa6\x9a'\x8e\xb5QB\x98\xc0\x0c\
\xce\xfb\x18c\xe9\xf6\x07t\x079\xcdN\x83\xb2\xec\x07\
\x0fy\x1fN\xcd\xcc\x0a{wm\xe3\xc9c\xa7\xe9\x16\
\x8e\xac\xad\xa4Y\x83,I\x11u\x88\x0b$\x0c\xf1\xa1\
\xca\xe8\xca\x22\x12\xad\x82yc\xe9\x0dky\xc13\xa7\
\xcf\x06\xcdK#h\xe9/\x91\xc0\x84V\xd7\x5c\xbb\xc5\
\xd6\xe9\x0e\x0d#\xf8\xd2\xe1\xca\x92\xa2\x18\xe0\xb5\x8c\x22\
\xe3\x91;\xaa\x80\xf3\xf4\xba\xab\x1c:\xb4\x87V3\xa1\
\x1c\xe4Xu\xac\xac\x84\x96\xea`\xd0\x8b[\x1ebv\
z\x86\xc4&\xd8\x91\xfd\xad\xc6#.\xa0u\xadM\xc8\
\xac\xc5)A\x03\xd2\x04\xe2\x95\xeb\xaf\xe1\xfak\x88$\
4\x81}\xdb[\xec\xdeq\x80[o\xd8O\x7f0`\
\xad7\xa0\x97\x0f8{\xfe\x02\xe7.,s\xfc\xe4)\
\xce\x5cX\xe4\xc2\xe2*\x85\x1al\xa3\x81\xb5\x19\xce\x87\
\x8aq}nU2*\xdecLJ\xd6j\xf3\xc4\xe3\
O\xf3\x81\xdf\xf9}n\xbc\xeez\x12#d\x0d\x1b\x00\
\x17.n\xff\xe8\xf1\x1f\xf9\xffh\x1b\xfe\xb2\xe3R\xb9\
\xe1\xfaS\xe8\xf2??\x8a]E\x82fk\xd5\x06\x1c\
\xd1+\xd5p\xd3\x0f\xae2\x11o\x1b*.\x8a\xb5\x86\
$\xb1(JY\xe4\xa4i\xc6\xf4L\x9b]\xbbwp\
\xfe\xdc\x02\xdd\xd2\xd1ju\x98\x9b\x9ebiu\x8d\xf6\
T\xc6\xdb\xdf\xfe6\x1e~\xe4A\x1e|\xe8!\x123\
\x85WO\xd2\xc8\x10\x17\x92}\xef\x82\x0d\xe7\xf2\xd2*\
\x7f\xf4\x87\x7f\xc8\x8f\xfc\xc8\x8f0=7MY\x94\x14\
@\xe9\xa1\xf4\x05Faqi\x91\xf6\xee]\x00\x14\xce\
\x91E\xab\xcf\x97\xbf\xece\xfc\xf4O\xfdU\xfe\xc3\x7f\
\xf8\x8f\xe4\xc5 \xc8\x99\x95%\xd6\xa6\x91\x08\x08y\xe9\
\xb1&\xc5\x95\x0a\x92\x92\xa5Y\x98\xa4\xc5e\xa7\xd60\
\xe8w\x83\xda\x84I\xd8\xbd}\x07/\xbf\xe1\x06\x12\x0d\
\xf8h-sJ\x1f\xfe\x9f\x18\x0f\xdeE\xf1\x88\x91v\
\xacz\x14\x06\x16\xfe\xd6\x91\x99\xa5w?\xbb\x83\x7f%\
b\xe8\x9d\xff\xe6\xdfL\xa9\xca\x9bql\xf5(\xce)\
\xbef\xaa\x0f\xc3+\xb8AA?\xcf9\xf1\xf4\x09|\
\xe1\x81\x14\x9f\x04Az1\x86fj\xc8\xf3\x02\x01\x06\
\xf9\x00\x80\xad[\xb7277K\xb3\xd9\x1c\xfe\xa8\x06\
{Z\x19\xc1&\xe5y>\xf2~\x1c#\xfc0\x11n\
\xb5[c\xeb\xd3h4\xc6\x9eo\x96\x84\xd6-\xed\x91\
$w\xa3$u\xdd\xf3\x09,\xa8\x98\xf5I20\x94\
+\xab\xb9[\x9b\xa8^DL\xe8f\x98Ts\xb1\xf1\
\xe8\x12\x12U\x1bI,>\xab\x88\xcb\x97\x89\x84{t\
\x9fX\x04\xe7\x86\xfa\xcd\xdd~\x9f\xc1`\xc0\xea\xda*\
k\xbd\x1ee1 M\x02\x191\xd8\xfdVE\x00\x11\
\x10U\xe1\x9d\x222\x0f\xfc\xees[\xc9\x17.\xae$\
\xa1/b|\xe0\x03?\xe8\xf8\x00\xf8_\xf8\x9d_N\
\xd0)+\xf2\x0e\x07\x8d\xe8hIb4\x10\xf8\x08v\
\x80\xea\x15+\x8a\xd5\x12#\x8a/z,\xce\xcf\xeb\xc2\
\x85\xb3\x9c>y\x9c\x0b\xe7\xce\xb0\xbc\xbc\xac\x09\x90x\
\x1dClN\xc6Po4\xb4\x18\x8c\xb5\x11\xe3\x08\x9b\
\xc8}_v\x88\xc8E\xf1\xab\x10\x95\xddl\x8a\x05\x06\
\xfd\x82A^\xe2\xda\x0dZY\x8b\xa2\xc8i&)y\
Q\xd0J\x13n\xbd\xeeZ\x16\xe6\x97\xb8\xb0\xd2\xc7\xf7\
\xd6\x10\x0c\x83r\x15\xe3\x0bf3a\xcf\xf6\x1dH\x19\
Z\x97U\xe2\x80\x18J\x84\x02e~q\x99\xd5n\x9f\
B\x15\xab!\xd1\x10\xb98\x12EU\xc9\xda\x19\xc6J\
hWi`0\xbbh\xb1\x18\xf6\xac\xc1\xa8\x89\xda\xa4\
Jb`\xeb\xcc\x14M\x1b\xe5\xe5\x18\xaa\x18\x14e\x80\
\xc8YB\x85\xf0\xfc\xfc<\xc6\x84\xc4\xc6\xda\x84,\xcb\
\xea}\x07\x90eY\x90V\x89.I\x81\x81>\x14\x8c\
\x17\xcd\xeb\xfdX\xc9I5\x04\x9a\xd3M\xd4\xb4\xd8\xbd\
c\x16W*yq\x1b\x03/\x9c_\xeer\xef\xc3\x8f\
\xf1\x85{\xee\xc3\xb9\xaa%\xb5\xd11\x0eU\xe9\xc44\
h\xb6\xa6\xf9\xf8\xc7?\xc1;\xdf\xfe\xfd\xbc\xf2\x15\xb7\
\xd4\xfb\xe5E\x89u\x95\x94K|~\xf4\xe6\xa2\xe0\xcb\
xf\xdb \xb1\xe5\x8a<\xb4\xd7\xe2d\xcak\xa5\xfd\
\x1a\x9e\x07[yA$\xc1\x98\xaarDm6P\xba\
\x01\xceyfgg\xc3\xe0\xbf\xda#/\xfa$6\xa1\
\xddl\x80+\x99j7\xf9[\x7f\xfd\xa7\xb9\xf3\x9f\xfd\
,\xa7N\x9e\xa6\xd5\x99\xc6\x17%\x98\xe8\xe8d\x0d\xc6\
\x1a\xbc\xf3<s\xec\x04\x1f\xfb\xd8\xc7\xf8\xfew\xbc#\
TM+\x9ct\xdc\x8c\xbc,9s\xfe\x1c\xbbwn\
\x0f\x89k\xee\x98\x9e\x9e&MR\xbe\xeb;\xbe\x9d\x95\
\xa5e\xfe\xf0\x8f\xfe;\xfd\xa2 \xb5\x8d\xd0\xb2\x1b;\
\xbe\xa3\x09cP\x13K\xb2\x0cu\x1e\x97\xf7\x98i5\
I\xad\xe1\xe0\xfe\xbd\xec\xde\xb6\x83$\xda\xe9\x8azT\
\x86\xfa\xb9\xc1\xbdq\x024\x18\xcfHQM\x14\xf9\xaf\
\xfb\x97g\xed\xf1\x17\xe7,\xf9\xf3\x1e\xc2\x9c}\xb5\x8a\
\xbc\x19\xd5\xa4\xf4\xae\x1e\xa7\x87\x89H8%\xac$d\
\xad\x06\xcb\xe7\x97\xb9p\xf6\x02VS\x8cM\x22\xd1,\
te\xf2\xbc@\xd5\xb3\xb6\xd6e\xc7\x8em\xbc\xf3\x9d\
\xef\xe4u\xaf{-\x22&vhF\xaak^\xb9\xe8\
E5I$\x9aH\x02\x13\xbby%\x14\x88\xba\xcbf\
\x83\xe4\xd2\x8f\xbc?\xfas\xe3\xebs)]\xdf\xbar\
k\x86(W`\x0c\x1f?Z\xf9\x5c\xf7}3^\x19\
}>I(\x0c+\xd7\xcf-\x86\x04\xd2M\x93d\x08\
\x04\xd7\xf8;\xbd|\x00jx\xfa\xd8\x11\x1e\xb8\xff\x01\
\xbe\xf0\xb9\xcf\xcb\xb1c\xc7\xb0Y\xa2Y\x96\xe1\xc7*\
\xc6*\xa81\x88~\xff\xa1W\xbe\xf1g\x8e\xdc{\xd7\
\xe2\xf3X\xd9\xe7\x1dW\x92\xd0\x97@\xac-/<\x99\
6w\x7fZ\x8c\x7f\xabA\x13/>\xa8\x0c\xfa\xb2\xae\
\x84\x1akHlB\xb7\xd7c\xf9\xc2Y\xe6\xcf\x9d\xe0\
\xfc\xa9S\x9c9{Jzk+$\x12\xf4\x13\x1b\xea\
\x11_\xe94\x8e'\x1a\xc1\xd1gX\xa9\x0c\x09(C\
\x9cK\xd4\x8b3\x1b\xcc\xbc'\xa3\x22\x9a\xc8$k\xb0\
\xb2\xd5\x1c\xfd\xcd\x8d\xbe\xaf\x82\x95\x04\xac\xa3\x9f\xf7x\
\xec\xb1\xc3\xcc\xbe\xf2\x16\x92\xa6%\x8d\xb6\x848O\x92\
\x19\xf6\xef\xdc\xc67\xdf\xfe\x0a\xee}\xf0qN\x9c^\
\xa4\xc8s0\x8a\x15\xcf\xad7\xdf\xcaL\xbb\x09.\x8f\
8'\x87S\x8f\x11E\xc5S\xaa\xe3\xd4\x99s\xcc/\
/\xe1\x14\xbcs\x181x\xd5\xb1!w\xf4v\xed\x82\
\x18\x08\x9d\xa9\x0ebM\x10\x15W\xa5\xdf\xef\xd3\x1d\xf4\
\xf16\xc5\x13\x5c\x92\xea\x8d\xf5\x81M\xbf{\xe7V\x9a\
\x99\x81|r\x83#\x1b[\xa2\xe4I\xdcOy\xe1\x11\
W\xd0\xcf\xab\xa45\xec\xb0f\xd3\x91\xd8\xa4\xb6\xea\xcc\
b\xbb\xa5\x92\x9c\x0acJ8\xbe\x82!!`\x16]\
\x91\x03\x1ec\x0b\xac\x09\xb8\xd9\x06\x19\xdb\xaf>\xc0\xf2\
\xf22\x9f\xfd\xc2\xe7\xf16\xc1Fb\xd28K|$\
Q1\xc1\x91\xea\xd4\xc9S|\xf4\xa3\x1f\xe1e\xb7\x5c\
O3\xcdp\xe5\x00c&Ir\x1bMwd\xfc\xfd\
\x0d\xc3o\xfc\xf1\x0d?\x1ay.\xb54\xd9\xf8\xcdp\
]km\xe2&`\xac\xa0\xa1\x88\x07\x805\xc1` \
8Vy\xac\x18JW2(\x068\x17\x0c\x12J\x0d\
\x8c\xf5J\xac_U\xb1\x89\x10\x06u\x87\xb1A\x84\x7f\
jf\x06\xf5\xc2Z\xb7K\xeeK\x1a\x8d&\xa5+)\
]\xc9\xf5\xd7]\xc7\xdf\xfa\xeb\xef\xe1_\xfe\xfc{Y\
\x5c^e\xcb\xb6\x1d\xa8\x06\xd7\x1b\xd1`\x8a`\xac!\
\xb5\x0d\xee\xbd\xf7\x01f\xe6fy\xc3\x1b\xbe\x89f3\
\x1cooB\xa5\xdd{\xc7\xda\xea*\x8b\xad\x0c\x99\x99\
\xc5\x22\xa4\xfd\x94D\x12\xb6\xcc\xcer\xc7\x0f\xbe\x93s\
\xe7\xce\xf1\xe1\x8f~\x84N\xa7\x9a`\x99ZR\xac\xae\
6\xe9\xb0KQ\x0er\xbc\x1b\x90\xa9\xb2k\xdb\x0e\xae\
>\xb0\x9f\xe9f\x9b\xd4X\x5cQ\x0c\x8f\x8f\xf8\x88\x93\
s\xea\x22VuR*\x8c\xe0,\xd3\x17x\xf7\xf1\xe3\
\x9f\xff\x18W\xe2\xb9\x851\x7fKU\xd3Z\xdb\xf2\x22\
\xd7\x85\xb5\x96\x85\xf3\x8b,/\xae\x90\x92\x05\x99\xbax\
\x9e\x8a\x18|QR\x94\x03\xa6\xdaM\xde\xf5\xae\x1f\xe6\
\xcd\x7f\xe9M\xf5w\x13\x19\xbff+\x9c\xe3\x86\xc9\x19\
\xc1\x7f~\xec\xf5\x89\xcfm\x96$\xeaH\x12\xed+2\
f\x9c\xd8\xd4\xb6\xb3^+\x81\xb1:\xfc\x90\x8bu\xd1\
\xe5O\xbe?\x84\x110\xf68\x19\xeb\xc40\xf4R\xdd\
\xb1\xb1\xb5\xbb\xe4'\xec\xb3d\xd3\x8f)\x10\x8c\x12>\
e\xfc\xfd\xd1\xf5\x16k\x89\xaa\x8a\xa4\xcd\x14\xef\x94W\
\xbc\xe2\xe5\xbc\xe65\xdf\xc0\x1b^\xffz~\xf9\xfd\xbf\
\xc2\xd3G\x8f\x08jTD'\xf7a\x0a\xcc\xa6\xcen\
\x05\x96x\x111\xdcW\x92\xd0\x97@\xfc\xfa\x9d\xef\xe9\
\xddq\xc7\xef\xfc\xbb\xab\xdf\x94\xfce\xac\xde&\xce\xef\
\xb6\xc6\x94e^dy\xbf\xaf\x83| \x17\xce\x9d\xe5\
\xcc\x99S\x9c;w\x8e\xbc\xdb\x95\xbc\xbbH\x9a\x84\xca\
Z\xd3\xda \xbf\x13Q\xc9N<\xa6J6\x19\xba\x01\
\x11_\xa9\x1eM$\x99\x5cJ\x8e\xe9\xf9\xc5\xfa\xe5\x9a\
0\xc2\x06\xbc\xa8\x17J\x0fO\x1e=J#5|\xc3\
+_\x8e\xc7\xd1w\x05\xad\xacAY:\x8aA\x97\xed\
ss|\xeb\xeb\xbe\x913\xe7\x168{\xee\x02\x85/\
\xd8\xb9c\x0b\xd7\x1f\xdc\x87+zxQ\xd4\x95\x01\x0f\
\x8a\xc4\xead  ]X\x9cg\xb5\xdbC\xd2V@\
E\x1a\xbf\xfe&\xbaA\xb4\xda\xc1\xb3\xbd(CE\x22\
/\x1dyY\x04\xf9\x93u9\x8f#\x11\xcb\xdc\xec,\
Y\x92\x92\xc7\xf6\xd7F!F\x86v\x9d\x81\xce\x81\xa9\
\xf5=\xc31\x1c\x0c\x06\x0c\x18\x04KRc\x86\x98R\
S\xc9\x1aU\xa3\x91\x8b\x09\x97\x83`\xa9\x11\xdak\x04\
-Oc\x02)\xea\xdc\xd9\xd3|\xf1\x8b_\x0a\xc4\x97\
,\x8dRNq#*\x8d\xd1\x91\xb0\xd6b\x05\xbcK\
\xf8\xdc\xe7>\xc7\xdb\xbf\xefm\xbc\xec\x96\x1b\xa8\x88\xba\
~$\x81\x85\xf5\x83\xfax\x9dy\xa3\xaa\xebFI\xeb\
\x06\xe3`</]\xb5~\xf1F\xd6\xebo\xb4\x7f\x87\
\xbf\x11\xbc\xd8\x87\xe1JG\x9e\x97\xf4\xfb}\xf2r\xc0\
\xca\xca\x0a\x8b+\xcb\x9c\xbfp\x81\x95\xe5eVWW\
\xe9w{,//\xb3\xd6\xeb\xd2]\xeb\x13le\x03\
\x09B\xbd\x22F\x98\xeaL1\xb7e\x86[n\xb9\x89\
[n\xbd\x89C\x87\xae\xa6\xd3\xe9`4L\x9c\xfa\xfd\
.J\x8e\x11!1BQty\xfdk\xbf\x91\x9f\xfc\
\x89\x1f\xe3\xdf\xff?\xff\x99\xb5\x95%Z\x9di\xacX\
\x1c\x86\x84J{WI\x93\x84O\x7f\xfa3\xcc\xcc\xcc\
\xf0\x8d\xaf\xf9\x86\xb8W\x82\x99\x8b\x17\xb0i\xc2\xf2\xd2\
*\x9df\x87N\xb3\xcd\xea\xea*3\xed\x19z\xdd\x1e\
i\x92\xf2\x93?\xf9\x13\xcc\xcf\xcf\xf3\xe5/\x7f\x99V\
g\xb6\xde\x9d\x81a=\xdcG\xaa\x8aSGY\xe6l\
\x9d\x99\xe1\xaa\xdd;8\xb0k\x07\x0d\xa0\x01\xf8|0\
<\x1bb\xa2\x12\xf1\x82b\xac\xa9(\xba\xe8\xe4\x01\x13\
\x9a\xe0\xfe\xdd\xde\xbd\xb77O\x9e\xbc\xbb{\xc9\x0b\xec\
J\x8c\xc5\x9d\xbf\xf5+\x7f\x09\x91o\x05\xf0\xde]\x1c\
0\xe4<eY\xb2\xbc\xb8\x8c\x10&\xab\xe1\xd8\xfa\xda\
\x05I\x8c\xd0\xef\xf79t\xe8\x10\xafx\xe5m\xb8\xb2\
DLHF\xacM\x03\xa7\xa0.\xf9]^\xd2dc\
eq\xb2\xf2X\x14\xa3b\x08~\x83\xe5ImB2\
&s\xaaJ\x90\xd4\x1d\xe2\x1b\xa1J\xbaF&\xc5\x9b\
\xb4\xe3\xeb\xf7\x22q\xb0j\xf3O:KMn\xe3:\
\x22bE\x9a\xaa\xb7\xe0\xf9\xc1$\x13\xf3\xec\xee\xa7\xc3\
\xcd\x99\xdcw\x15t\xc8\x8c\xc1%\x82\xc1\x8c\x87$h\
\x05\xbb\x22\x94%\x9c\x87<\x17\xae:x\x90w\xbe\xf3\
\x1d\xbc\xf7}\xef\xab6|bpU\x11\xe8h\x22o\
\x857\xfe\xdb\x17SR\xedJ\x12\xfa\xd2\x08\xfd\xc0\x07\
~\xd0\xfd\x9d\xd7\xfc\xe6\xc7\xa6f\xa7\xcc\xfc\xf2*\x17\
\x16O\x9e\xe9\xaf,\x1fX\xeb\xae}\xfe\xe43\xc7\xbe\
\xfb\xc2\xf9\xb3R\x0cz\xd6\x8a\xd2L\x13\xb5\x06\x11?\
~\xa1\x88\x0e\xab<\xf8\xb2V\xee4\x12\xda\x1eFM\
d\xf8\xa5\xc1\xee\xcf\x1a\x84P\x15\xab.\xbaJj\xa7\
\x1e\x9a6\x91\xce\x90\xfa\xcc\xd9l\x025\xf4\x1d\x1e]\
\x0eD\x06\xae\xf7A'\x14H\x1aM\xca\xbe\xe3\xb1\xa7\
\x8fs\xee\xc227_w-\x07\x0e\xee\x0923\xa9\
\x01\x13\xa4H\x1a\xa6\xe4\xba\x03\xbb\xb8f\xff6J-\
A<FB\xc5\xa6\xd0\xc0k\x0cD\x1f!\xc9\xda\x0c\
\x06%\xf3\x8b\x8b\x1c;y\x8a$kR`F\x08A\
\xe3\xa9\xf9\xe8f\x88z\xda\xcd\x8c-S3\xd1\xc1\xc8\
\x03\xc1-\xc7\x98\x14Gl\x81\xab\xe0\x00\xab\x8aq\x9e\
\xed\xdbf\xd8\xbdm\x07\xbe\xf0\xeb0\x93fb\xd0\x0e\
\xfb\xc4b\xa3\x07x\xd5\xeeD=^]\x8d\xd1\xd4\x08\
\xda_]\x1b/\xad\xb6\x1bMF\x07\xe91L\x96\x1a\
\xd0\x145\x16#\x19\xabk\x05\x1f\xfb\xe4\xa78sv\
\x9eF6\x8d'$@6&\xe2\xa5\x0f\xa6\x01^]\
}\xbc\x8c\x09k\x94\xd8\x84\xa7\x9ez\x9a\xa3G\x8fp\
\xdd\xf5\x87h7\x9b\xc1G\xdc\x05\x9cj*\xc3\x9a\xfb\
\xa8\x0c\x93\x9f\xb8\x09\xadOA\xcd\xba\xf7]\xe9#\xf3\
|\x18\xce)'N\x9f\xe1\x99g\x9e\xe1\xf8\xf1\x93\x9c\
:y\x9a~\xaf\xcfZ\xb7\x8bs%EQR\x14E\
\x1c\xc5G[\xceJQ\x14!\xe9\xccsV\xbb]z\
\xbd\x90|\xf6\xfb}VVVj\x1b\xd1\xd2\xfbH\xe8\
1\xb5'\xfb\xe4-T\xbd\xc4*\x93C\x09\xb6\xb3\xd3\
\xd3\x1d\xbe\xed\x8d\xdf\xc2w\xbf\xe5\xdby\xd5\xab^\xc1\
\xdc\xd6YN\x9f\x5cE\xd5\xd1h6\x00\x1f\xaa\x86&\
\xe7\xbb\xbf\xe7;8s\xfe\x1c\x7f\xf0\xfb\x7f\x88+\x06\
\xa8\x04[Zc\x04I\x12|\x84ZX\x94\x0f\x7f\xf8\
#t:S\xbc\xeaU\xaf\xc2\xb9\x1c\xe7\xa3\xa3\x99\x0f\
\x1e~\x17\x16\x96h\xeeh\x92\x98\x94\xee\xa0\x1fp\xa6\
\x1ev\xef\xdc\xc9\xff\xfcw\xfe\x16?\xff\x0b\xbf\xc8\x03\
\x0f?DbS\x02\xb1\xda\x82\x9a\xe0\xf4E \xa8\x08\
A\xcb\xb5\xd3ir\xf0\xe0U$\xae\xc0\x96\x1e\xe3\xb4\
B\x9a\xd4\xb7a\x89\x92[\x89\x8f\x1a\xbf\xde\xabNt\
K\x0cFP-\x04\xfb\xee\x93'\xa7?\xc1\x95x6\
!\x7f\xe5\xce;\x1b\xbe\xd4wO\xb7\x1a\xdb\x0a\xf5Q\
.O\xeaD-VF\xc3\xa7G\xc6\xd4\xa5\xa5%\x8a\
\xc1\x80F+\x1d[\xa0\xaa\xc7\x95\x0e\x8cp\xd3-\xb7\
\xb0en\x8e~\xbfO\xdaL\xb1\x22u\xfb[F\x0c\
\xf7\x00\xac\x1d?\xf3E\x83\xad\x90\xa4a\xc0\x1fj\xab\
\xc4\xfbB|!\xb1\xe1\xf7+\xab\xda\xba2\xc9P\xdb\
48\xa9\x0de\xe2\xd4k\xdc>_/\x8f\xfa\xfe3\
~_q29\xdf\x19\x19GM\x94\x86\xab\xb7=.\
_u\xa2!\xb2\x19\x8a\x9d\xa8(0\xf2n\x9d)\xfb\
:\x01~6P$y\x16\x99\xd5\xf8\xa6M\x8e\x94C\
\xc2\xf0(D\xa0&\x97\xa9\xe2]I\xdaHQ\xaf\xa1\
\x9b3(\xc9\xd26\xb7\xbc\xfcV\x0e\x1e8\xc0\xb1g\
\x9e\x89\xc4Q\xa9\x09VV@\x03\xfe\xeeup\xd7\xaf\
\x5c\xfe\xda\xbe\xf0q%\x09}\x09\xc5\xe9\x93g\x7f\xed\
\x03\xff\xf0\xc7~\xe9\xc7\x7f\xf6\x97\xb7\xfe\xd6\xbf\xfa\x87\
\xf3\xefz\xf7?\xde\xb9\x9c\xe7\xb6\x9d\xa5\xff)o5\
\xdb\xde\xca\xadE\xbf?\xa5E!\x15C^.\x83\x01\
R\x9d\xe4\x06AL\x1af\xb3IL@\xa38}\x88\
\xaf\x1fI\xce\x98hOI\x84\x00\xa4-\x0a\xaf\xcc\xaf\
\xf4\xf9\xfc\xdd\xf7\xf1\xf4\xc9\x93\xec\xdb\xb7\x87\xab\x0e\xec\
c\xa6\xdd\x22\xf7%\xbe,(u@\x96\x0a\xa9h\xa8\
\xf8\xf9a[\xbd\x9e\x05cX\xeb\x15\x98\xb4\xc5\xa9s\
GY\xed\xf6\xf1\xb6\x11\x12l\x8d\x83\xdfE&\xaa\xa2\
\xd0id$&$\x80^\x15/\x9en?\x8f\xb2\x1d\
\x16\xd5\xa1.j\xa8\xec:fgf\xc8\xacE]\xb9\
\xa9\xc0s\xbd\xfd\xf5\xfe\x9e\xc0\xa6J\x94\xde\x18\xd1\xf3\
\xa9\x99\xb1#z\xaa\xfd\xdexR\xda\xef\xf5\xeb\xff{\
14\x9aSH\x96p\xf6\xccy>\xfd\xc5\xaf\xf0\xf8\
\xd1\x13\xf4\x1c8\x9b\xa2\x8e@X\xc9\xf3\xe0F$2\
\x94\x9d\x93\x8aA\x1b\x13uk\x18\x14\x03\x9e<r\x84\
\xef0\x09\x85\x8b\xd8\xd6$$\xbd\x8e\xa1Eg4j\
\x9e\xd8\xc6\x8bm\xffx\xd8\xe8>\xe5\x81R\x95\x95\xe5\
.\xbf\xff{\x7f\xc0\xa7>\xf5\x19\x9e|\xfa(\xab\xab\
]\xfa\xbd\x1c1B\x9a\xa4\x94\xae\xc4\x95\x0e\xe7\x1dI\
:~\x13v\xbe\x22\x1bE\xbcn|_U\x83\x1b\x91\
\xc9H\xb3\x8c\xac\xd2\xef\x8c7!\x11\xa9=\xb5G\x07\
}\xaf\x01/\xea(C\x82[\xe6\x0c\xfa\xca\x07\xff\xe8\
#|\xfa\xd3\x9f\xe5\x8do\xfaf~\xe0\x1do\xe7\xa6\
\x1b\xae\xa1\xdb\xed\x92e)\xed\xb6\xc5\x95\x9e\xde\xa0\xa0\
\xdb\xef\xf2\xcd\xaf\x7f\x03\x9f\xff\xdc\x17\x99\xbf\xb0\x84\xd8\
$\xe8\xde\xc6\xc3?l\x97\xa5\xa88>\xf1\x89O0\
33\xc3\xd5W_U\xe3\x97\xd58\xc4+\xbd~\x9f\
\x0b\x8b\x0b\xec\xd9\xb9\x8b\xa2,XZZ\xa2\xd3l\x91\
'\x96\x03\x07\x0e\xf0\xe3?\xfa#\xfc\xf3\x7f\xf9\xafX\
\x5c^\x22\xb1\x19\x85+\xe3Mv\x5cJM}\xc9\xf2\
\xf22G\x9e9\xca5{\xf6\x86\x96\xbd\x17\x1a\x8d\x06\
\xfd|\x002\x82\xadS\x83\x10\x92\x05\x83\xc8\x86~\x1a\
\x22\xa9W\xfd\xcc\xa1CL\x1d9\xc2\x22W\xe2\xb2\xe2\
\xce;\xef\x14\xae\xdd\xb1?5\xd9\xdb\xbcj\x14B\xbe\
x\x88\x09\x07\xc7\x95n\x04N5|\xdf\xbb0\x01\x12\
Ih\xb6\x9aQ>\xacOw\xd0\xa5t.\xb4\xe3Y\
_\x11\xac\x88\xac\xf5\xef\xc4\xcf\xa5\xd6N\xbc.\x1b\xe2\
&\xc71\xac~\x8c{\x00\xa3c\xd9\xc8\xe3D\x17N\
'\xc7\xbb\x08'\x19]\x1f\x89,\xf5\xc9\xca\xe7\xe42\
\x86/lF\xa4\x9dx?\x8e\x7f\xc9h2.\xfe\xb2\
1\x9ef\x1d\x86\xf3\xf2*\xa2\x97\xba_\x8c\xeewX\
\xafUZU\xa2\xab\xc4\xdb\xf9.\x22B\xb3\xd9\x0c\xd0\
!3\xc1\x1c\x0e\x1f6\x0a\xe5\x8b\xadfq%\x09}\
\x09\xc5\x07\xde\xfb\xf7{\x00\xff\xf9\x1f\xff\xed\x0b\x00e\
\x92]%\xf3K\x0fe\x9d\xc6o7\xfb\x8d\x07\xb0\xf6\
o\xe7\xa2/\xeb\xf5\xfd+\xf0^.\x95\x80F\xc1\x95\
@\x02R\x8bX\x1b\x12P\x9b\x04ask&\x0a\x99\
\xeb\x81\xdb\x9b:X<\xc7m\xac.\xb6\xaa\x12\xe6\xc5\
#^PkA\x94\xc2\x85\xca\xe3\xf1\xb3K\x1c?=\
\xcf}\xf7?\xca\xbe\xbd;\xb9\xe6\xd0A:\xed\x8c\xd9\
\xa9\x0e\xe0\x91\xbcO\x8aF\x96zlO\xd7\x85\x82\xc0\
\x8a_^^\xe1\xa9\xa7\x8f\xd3\xcf=\xb6eb\x850\
\xac\x84\xfa\xcd\x13n\xa5dj\xaa\x8d\xb1\xe0|\x81W\
\xc1yX[\xeb\xd5w^\x89\xb6t\x12!\x10^\x95\
\xed\xdb\xb7bm\x82/\xd66hF\x8do\x7f\xed\xc4\
1\x86\xa5\x1c\xca\xe4(\x177'\xf0#HsU\xad\
=\xdc\x01\x1c\x09\xabE\x9f/}\xf5\x8b<\xf2\xd4\x11\
\x16\x96\xbb\xd0h\xe2MF\xe9\xc3\xefXq\xa4Fp\
&\xb0\xdd\xd5\x0d\xab\x9f@h\xf5\xf8\xb0\x0e\xc6$|\
\xf5\xab\xf7r\xf8\xa9\xa79xp?\xcdV\x03\xef\xb4\
\xd6UU\x869,\x04\xec\xa5\x98gy\x92T7+\
\x94\x85\xa5U\xfe\xf0C\x1f\xe3w~\xef\x0f9v\xec\
\x18\xde\x05\xc9,lF{\xa6\x13\xfe?\xb2\xed\xa1\x02\
0\xae\xd5\xe2J_\xaf\x9f\x18\x83+\xf3\x9a\xe5[\xbd\
\x1e\xf6c\xa5\xf77\xdc\xafR\xc9|\x8d\x9e\x13*\xa8\
x\xd4\x87\xea\xb7\x98\x04k-\xe2K\xfa\x03\xc7\x87?\
\xf4\x09\xbe\xf4\xb9\xaf\xf0\x97\xbf\xefm|\xd7w}\x07\
\xde{N\x9d:\xc3\xc3\x0f?\xcc\x93O\x1e\xe1\xc9\xa7\
\x8e\xb1\xd6\xeb\xd3]\xeb\x93\xa6\xed\xe0\xb0\x15\xf6V\xb4\
\xf6L\xc2\xbai\xb0\xc1]^^\xe6\x83\x1f\xfa ?\
\xf0\x03\xef`\xe7\xce\x9d\xb5ZE\xe0\xc4)\xcbk]\
Z+\xab\xb4\x1bM\x0a\xe7\xe8J?\xe0x\x13\xc3\xcb\
o{9\x7f\xf5\xdd?\xc9\xfb\xdf\xf7oX\xeb\xf5\xc8\
\xd2f\xac\xa4\x95Q\x996\xdc\xe0\x05X[\xeb\xf2\xcc\
3\xcf\xd0\xb4\x96\x83\xdbw\xe1\x8d0(\xdc\xb8\x11\xc1\
H\xe5,`\xf8\xbc\xcad\xbbQ\x11\x11u ?u\
\xe4\x88\xfe\x9bgq\xe4\xff\xc2\xc7\x9dw\xde\xa9?\xfb\
\xdb\xff\xfe=i\x9a\xb6\x9cj\x9d|\xf9\x8b\x5c\xff\x95\
fe\x9e\xe7u\xf5\xbez\xdd9\x87Q\x83w\x01V\
3\xd5\x99bP\xe4\xf4\x06}J\x97\x93\xe7E,>\
l\xc4._\x9f\x84\x9a\x0d>\xb7Y\x12Z\xadw \
\xc6\x0d\x9f\x9bK\xd4J\xfc\xc4`\xb7\xde\x19i<q\
\xf52\xac\xb6n\xc4B\x97K`2e3\x89t\xa9\
\x8b;\xd5\x9a\x85\xfd\xf2u\x93b\xaa\xd6o\x93\xd7\xab\
\xa4v\x22\x09\xcd\x920\xc9\xae\xe0\x12\xcdf\x9b,m\
233\x13!]T\xa6\x07\xa3KS\x83\xbe\xb6\xd9\
<wE\xa2\xe9Jl\x1c\x1f\xf8\xd5;\xbf\x14\xff\xfb\
\xff\xc4\xc7\x9f\x00\xb8\xe9U\xdft\x22\xef\x96\xbb\xe3\x0d\
\xf5b\xd0\xf5\x98\xc8\x18\xc4Jd['H%\xddT\
W\xf3\xbe\xfe\xe1'\x89,\x1a\xeai\x92*&\xcb(\
\xf3\x92\xc4\xa6,w{\xf4\x8e\x9c\xe0\xd1\xc7\x9f`n\
\xcb,;\xb7\xcd\xb1}\xcb,W\xef\xddM+Mh\
6\x1bdY\x16Z\xb2\xd5\xa20\xac\x0c\xfa\xdc\xfd\xe0\
#\x9c8{\x814k\xd7Io\x18\x9c$\x0e\xf4\xe3\
@\xfc*A1u%Tp\xb9\x07cq\xde\xd3\x1b\
\xf4Cki\xb4\xf7Sm\x8f*\xd3\xd3\xd3$\x89\xd0\
\xf7\xeeY\x00\xd3C\xef3z\x1c\x83T\x0c\xd2\x8d\xb3\
\xb8j\xc0\xad\x8d5*\xec\xef\x88\xa4\x96\x92\xf0\xf4\xb1\
\x93\xdc\xfb\xe8aV\x07%\xd2\x9c\xa2$\xe2\x9c\xa2\xae\
l\xe2=\xb3\xd3\xd3\xa8\xc0\xc2\xf2\x0aH\xb2\xa1a]\
\xc0[\xc1\x9f\xde\xf5)\x96\x16\x17\xb9\xfe\x86\xeb\xb8\xe1\
\xfa\xeb\xd9\xb1s\x1b\xdb\xe6\xb6\xb0{\xcf\x1e\xb6n\xd9\
\xc2\xcc\xcc\x0c\x8d4T\xb5\xa5B m\x02\xb6\xdf0\
\xe2g\x8f\x1d;\xce\xaf\xfd\xfb\xff\xc0o\xff\xfe\x1f\x93\
5gh6g\xc2\xba\xf8P\x81\x16\x11\x0a7\xd2\xee\
\xab<\xaaGuH\xd5 6T\xb0\xb5\x92\xeer.\
LXL\xb0;\xac\xda\xdf^\x03\xde\xb3R\x87\x10\xb1\
5\xa6nl\xf5b\xe2\xeaL`\x1e\x83\xc1\xa9\x925\
\xa7\x08\x15\x19\xcb\x85\xf95\xfe\xc3\x7f\xfcm\xfe\xe8\x83\
\x1fam\xadK\x9e\x97\xf1\x06\x10\xe4\xc2\x1a\x8d\x16\xd6\
61\xc6\x8f\xc0\x15\xc2D\xca\xa8\x0fR<\xf1\xf8\xa7\
6\xe5\xdc\xb9s\xfc\xf1\x87\xfe\x98\x1f\xfc\xc1\x1f\xa4\xd9\
\x0aJ\x0d\x15\x17./\x0bN\x9d9\xc3\xc1}\xfb1\
\x22\xe4eAR&\xf4\xfa\x03\x92\xd4\xf2\xc67\xbe\x91\
\xeeZ\x97\x7f\xf7\x1b\xff\x81</c\xe5$\x92Q\xd4\
\xe0\x5c\xd0)\xf5\x94\xac\xf5\x06<~\xf8)\x1a&a\
\xdf\xf6\x9d\x0c\x06=\xb2t\xdc\xce\xb6J\xf6\xe3\xfe\x95\
P\x9d\x1d\xbf\xa9\xa9\x8a\x15x\xf0\xba\xeb\xdc\x96\xc3\x87\
9w\x99\x17\xc0_\xdc\xb8\xf3N\x03\xf0\xbf\xed\x9d\xbb\
\xdd\x18\xf3\xf6\xa4\x91I\xde\xef\x89\xc6\xf3\xf3r\xa2(\
\x0b&'\x04\xd6\x98\xa0!\xea=&\x11\x9a\xcd6\x83\
AAQ\x14x\x91@\x1e\x8d\x847\xb9D\xe5\xae\x22\
P\x06\xf2\xd0xl\xba\x86\x1a&m\xf5\x18\xaf\xeb{\
l\xe3I\xdd\xa5f\xac\xa1\xe3T\xb5\xf4\xd5H\x8d\x95\
\x0er|\xeb\x07\x97I\xb6\xfedl\xae\x8e\xe2\xeb\xfd\
Z\xaf<\x81\x04\xf4l\xe2bE\x8e\xe7\x13Q\x0a\x0d\
\xa9\x88\xaeU\xe1\xa1,\x87f+&\xa1\xdb\x1d\xd0\x98\
k\xd1l6G\xc7\xca\x09G%\x15\x0f_\xecg;\
:px\xf0l\xd7\xe5\x85\x8a+I\xe8\x9f\xc7P\xce\
\x19cv\xaa\xaa\x1d\xaf\xe8\x8cD\xbca[\x93\x04\x22\
\x81\x046\xb0\x10\x88\x05U\x1b\xbc\xaexV-\xd5x\
q&IB\xbf\xd7'I\x93\xe8\x91\x1dn\xd6\xce\xbb\
:Y\xbbX\xackC\xd4\xb3\xd5\xc8\xee.\x06\x88\x04\
\x8bB\x93Z\xb4,q\xea\xc9\x9d\x00\x01o\xe8\x15L\
\xd6\xa0\xf4\x05$m\x16W\x06,\xaf\x9c\xe2\xa9#'\
\xb8\xff\xa1'\x98\x9e\xee\xb0}\xebV\xa6\xa7\xa7\x99\x9d\
\x9d%\xcb2\x5c^\xb0\xb0\xbc\xc4\xf1\x93\xa79q\xea\
4\xa5Z\x12\x9b\x06\xe1z\x15\xb2$T\x9cJ\x1d\xb6\
\x9dk\xac_\xad\x1c`\xd9\xb1m;~\xd0\x0f\xfbJ\
\x84n/\xa7\x97\x0f&\x06\xaf\xe1>o4R\xb6l\
\x99\xa5t.\x88\x8cO\x0c\xbb\x933k\x1b\x97\xe3\x14\
\xca\x22\xb4\xadZ\xedvh\x97\xe9\x80T\xc6\xbd\xd6G\
[\xf1\xe1\xf9\x10\x13T=\xb7\xc6P\x14\x05\xd2hp\
\xfc\xcc\x19V\x0b\x87K[\xb5\x19\x00@f\xa0\x95&\
\xdc~\xcb\x0d\xec\xde\xb9\x9d\xde\xc0\xf1\xe5{\xee\xe5\xdc\
\xe2J\xbd\xedQ\x8c'\xb8W5\x1b\x18\x85\x01p\xdf\
\x03\x8fp\xdf\x03\x0f\x85\xedm\xa6Lw\xa6\xd8\xbae\
\x0b\xd3\xd3\xd3\xec\xde\xbd\x9b\xb9\x99\x19vl\xdf\xc1\xcc\
\xcc\x0c\xdb\xb6og\xa63\xc5\xdc\xdc\x1cSSS\xb4\
;M\xd24hT&i\x82\xb5\x12\x5cA\xaa\xa4\xda\
\x08g\xcf\x9e\xe6\xd7~\xf5\xd7\xf8\xbd?\xfa\x08Yc\
\x0b&i\xe2|T2\xf0\x10\xdc\x9dj\x0b\xae\xeaZ\
\x18\xdb\x1f!\x82<Q\xf0\x1f\x8b\xe20I\x14s\x16\
\x8f\x8f\xe2\xfa\x22\x11\x03g\xd7\xef\xd3!\x969\xea\x85\
\xc6Jk]\x9d2\x16\x93\x0c\x8f\xa9%\xc3\x9a\xe0R\
\xb5\xb0\xd8\xc3\xd8\x844\xcb\xea\xc49~)\xaeyR\
OR\xd4$1\xc1&&\xa2\x11\x0b\xe8\x85FLD\
?\xf2\x91\x8f\xf0}\xdf\xff\xbd\xf56;W\xd2l\xb4\
\xe8w{\x9c9\x7f\x8e\xfd{\xf7\x91\x18C\xaf\x9fS\
8\xc7T\xbbM\xab\x99\xf1\x9d\xdf\xf9\x1d\x9c8u\x92\
\x0f|\xe0wIbE\xbbt\xd0l\xa6\xb8\x81\x0f\xdb\
d\x12\x1c\x9eR\x94G\x9f~\x9aV\xab\xc3\xd6N\x07\
W\xe4\xd8\x0dz\x841\x11\x08\xf7\xb2\xc9\x16\xa9\xa8\x07\
\xf9\xa6\xb2\xb4\x05W\xe2\x92q\xc7C\x0f\xc9\xfe\xd7\xbf\
>k\xb7;?e\xb2lO\xee\xc2\xe4&\xb8\xec\x8e\
t\xa5 \x109\xc7^\x08Q%[\x1b\xe1\x15\x9b\xcd\
&\xbd\xbcWO \xac\xcdpn\x80\xb5)\xde\x07k\
e\xfcxEm\xb2\xedlF\x86\x9d\xd1\xb7&i\xfb\
\xeb\xee\x07f\x1cj4\xb9v~\x1d\xbb}\xd2\xa2Z\
7~_jsh\x88\xd7\xf0\xd8\xe7\xe2\xa3\xbbD\x17\
F\xa3\xda\xc6fw1['\xf61\xd9\xbbDN\xb9\
.y\x9f\xd0\xd0\x15\x1d?F\xee9\xf7\x12\xe3\xf2#\
\x09\xab\xfa\x1d\xe7\x03#?\xa8\x7f\x04\x0e\x85\xaa\x0e\xa5\
\xff\x82\xca\x8eVz\xa1\x1a\xf8\x13^D\xa6X\xe6E\
5\x96\xb8\x92\x84\xfe9\x8c4\xc9\xa6\x8b~.\xa3s\
\xd1\x8d\x92B\x11['\xa0j\x0cVl\xb4\xe7\xbbt\
\xf5\xb3,K\xb2,E\xc407;\xcb\x85\xf9\xf9\x17\
n\x03\xc4#\xc6\xd3L-\xa5\xcbq\x85\x0f3[#\
$\xd6Pz\xa24\x0e\xb1:\x18\xd6?$\x8a\xe0\xc4\
S\x14\x9e\x95\xf9UN\x9e\x0f\xc9S\x9a\xa6Xk\xf1\
\xa5\xa3\xd7[%id\xf4\x8b\x82,i\xe0P\xac\xb1\
$\xd6R\xe4E`\x84\x8eTb\xab6\xad\xd7\xe0w\
\xdel61\xea*\xb3fD\x84\xde\xa0\x8fS\xa9E\
\xf0\x19\x99\xe5\x83\xa7\xd1Hi4S.\x07W+2\
l{\xab\x00\xa9El\xcar\xbf i\xb6\xc2\xfbe\
9t\xc6\xba\xcc\xf0Q\x9a\xa5\x97\x0f8\xb7\xb0D\x81\
\x80\xb5\xa1\xd5e,\xa29y\xbf\xcbu\xfb\xafb\xdf\
\x8e9Z\xa9%1pp\xef..,,\xe1d|\
\xe0\x0d\x89h\xa8\x1ag\xcd\xf6H[.\xac\xd7j/\
g\xad{\x06\xd5\xd3\xdc\xff\xe0\xa3c\xe7\xa1QH\xd2\
\x94,KI\x93\x94f+\xa3\xd1h\xd0j\xb5\xc8\xb2\
\x8c\xa9\xce\x14\xc6\x82M\x12\xac1\xb4Z-\x8e\x1e=\
\xcaC\x0f=\x84M\x9a\xa1e-\x19\xea]<\x06\xa3\
P&\x7fi\xac\x95\xf8\xc9B\xdd\xbac^\x1d\xc0\xaa\
\xb5\xa9\x1a\xc4\x9f}YR\xaa\x06\xd7\xb1*\xd1\xaa\xa5\
\xa04\xde@\x1c\xaa\xb6>\x9eA\xf2,\x1cP\x89\x0a\
\x06A\xe3\xd50*~\xa5\x11\x0eQ\xddT\x87\xa4\x87\
\xf5\xc7\xda\x98\x84\xa2(y\xf2\xc9'\xf9\xf8\xc7?\xce\
\xb7\x7f\xfb\x9bi\xb5Z\xb5l\x1bF\xe8\xf5\xba\x9c\xbb\
p\x9e\xed[\xb7\x82*E\x9e\xd33\x86,\x0b\x12\x5c\
o\x7f\xc7;8}\xe6\x0c\x9f\xf9\xdc\x17\xc2v\x12\x18\
\xd3\xa1\xfa\x1e\xaa\xc8\x1e\x18\xe4%E\xbf\xe0\xc1G\x1f\
\xe3\x957\xdf\xccl\xab\x11\x92\xe2XC7&\x90\x16\
E\x04k\xadT\x16\xbc\xc3\xca\x8a\x8a\x06\xaf\xe1\xbb\x93\
\xa9|\x1b\x5c\xc1\x84^*\xb6|\xfb\xb7\x9b-\x0d\xb9\
\xc6f\xc9\x0f\xabH\xcb;/\xfeR\x1d\x83\x18\xd5n\
\x9f\x14\x89\x87\xd8\x0e\x17(\xfa\x03\x9c/\x83\xd9\xc5\xe4\
g\x00b!\x02F\xd9\xd9\x1b}.\xd6*7\xe7\xf5\
\x0c\xeb\xfa\x13\xafo\xb6=\x93\xb4\xc5uI\xe7\xe4\xf6\
\xaec\x0a^\xde~\xaa1\xa9/\x9a\x00\xd1\xf3\x8bM\
!Y\x95\xc4\xa0\xba(\xdbk\x0217Fb\xd3Z\
!\xc4y\x0f\xb6\xe6\x8f\x8c\x0c\xa4\x88\xa2\xbf\x97$\x8d\
\x17u\xef\x5cIB\xff\x1c\x86+\xdd\x8eI\xa4\xf5$\
\x96Ge\x82\x09/v8\xf0\x8c=\xb2\xe1sk,\
\xc6\x1a\xb6m\xdd\x16\xe5?\x9e_\x0c/\xa6@p\x98\
j$\xec\xdf\xb7\x8b\xb5\xe5U\xce\x9d\xbb\x10p\x89\xc1\
\x93\x05$h\x98\x06\x99%*wv\x14\xc1\x09!\x89\
\xadn\xda6<\xf6K\x07e\xa8f:\x9bR\xba\x02\
\xd3h\xe2#/\xb0,J4/HR\x83\xf7e\xbd\
\xbfjrht\xafQUf\xa7\xa61\x0a\xd6(e\
\xfc\xcc\xf2Z\x97\xd2C\x92\xa48\x1d\xb6\xbe%\xfa\xc7\
w:M:\x9d\x16\xaa\xe1\xa6\xbdy\xa58T:\xbc\
*\x92&\xf4\xfa%\x17\x96\x97y\xf2\xc8Q\xbc\xc0\x9e\
\xfd\xfb\xd8\xbd}\x0b\xb5\x1f\x89\xd7Z0|<\xea4\
\xb6~\xf4^16\xa1\xb7\xdacaa>\xae\x9f\xc1\
\xa3$U}S\x1c{v\xce\xd1\xb0\x0a\xc5\x1a\xea,\
\x9dV\x03\xc1a4\xc1G\xadX\xa9\x9c\xb6$\xc8H\
5\x1a\x8dM\xdawa6nG\xf4\xcbG[Q\xa5\
*E\xeeXXZ\x18\xc3\x19\xab\xf15\x96\xd3{\x87\
1\x96,K1\xd9\x14\xd6\x04\xc2\x9c\xfaa\xf5'`\
\xc2\x86\xd5\x0b?\xae\xbe\x8c\xdf\x08\xba\xa0a\x9fT\xb6\
\x85\xa3\x13\x04\xc3\xb0\xe5\xae\xf1z\x89+\x8f\x18!\x1f\
\xf4\xc9\xbd\x04\xa2\x94*\xea\xc3D'MS\xb0&\x12\
\x89\xe2\xfa\x18\x1b\xdb\x8f\x82D\xac\x9d\x12\xaa1F&\
5\x00#\xde\xcf\x8fWVC\x85b\x83D\xd4\x1a\xf2\
\xb2\xe0\xab_\xfd*\xb3s\xd3\xbc\xf9Mob0\x80\
\xd2\x07+T\xaf\x9e\xc5\xc5\x05\x92\xc4235\x0d@\
\xb7\xd7#I-i\x9a\xb0}\xfb\x16\xfe\xdaO\xff4\
\xe7\xcf\xcf\xf3\xe8#\x8f\x906Z\xa8s\x01\xbe\xa0&\
\xb8t)\x14\x08V\x84\xf3\xf3\x8b<}\xec(/\xbb\
\xf6j\x1aYF\xe1#\xc3\x1fP\x1d\xfa\xc5\xa3\x93\xfc\
eQ\x11\xf5\xaa\xdc\xdc_\xd4\x93\x973&\xfcE\x8f\
\xbd\xd9)k\x1a\x07\xff~\x965\xa6=ZW\xc7\xdc\
e\x90`\xd4\x0bb\x85V\xab5\xacb\x0e\x8b\xfaX\
c\xc8#y\xe9\xdc\xb9\x8d\x90\x11C\x0d\xd9\xf0\xdd\x8d\
9\x00\x15<i\xbd\xa0\xda\xb8\xb0\xbb\x8edy^\x02\
\x91\xad^\xd7\x8d\x86\xc2KTB\x9f\xb5\x1f\xe7H\xa5\
t\xe2?\x9b\xc4\xa5\x96\xffl\xefy\x97\xf3\xf91z\
\xfbe/9\xec\xcf\xf5\x8b\xaa\x16\xe1\x8d\xd4>\xdfU\
\x05\xb8\x92\x97\xeb\xf5\xfb\x17q\x8dR\xa7*\xbb\x8e\x1c\
\xb9\xebE\xed\x5c\x5cIB\xff\x1c\xc5-\xaf\xff\xf6W\
\xa5j\xfe_\xab\xab+\xadJ\xa7\xb1:\xc1\xec$\xa0\
\x1c\x83\x9a\x88\xff\x11\xfb\xac\x8b\xff\xaa\x9e\xed\xdbv\x92\
\xa6\x09\xbd~\xbf~\xed\xf9\x86\xa8'QO\xb3ax\
\xe5\xcd7\x82WN\x1c{\x86\x13\xa7O\xb1\xbc\xdae\
\xb9\xdb\x0d\xeb\xab!\xf1\x14\x12\x9c\xb880\x0fu-\
5\xb6-\x8dM\x10\x11\xca\xa2\x08m\xd4\xc8\x9cV\x1b\
ZP\xa2\x82zG\x96\x1a\xf2\xde\x80]{\xf7\xd2\x1d\
\xf4Y^Z\x0d\x8bb\xa4\x9d\x8d`\xbcg\xaa\x19\xdb\
\xe9:\xc4\xcd\xf6{9\xeaC2o\xc4\xc4vP\x15\
\xc1\xe7\xbb\xd9l\xa2\xc5ZX\xded\xf21\xbao\x05\
T,\x853<z\xe48_\xf8\xca\xbd\xe4\xa5\xa3\xef\
\x1c\xd9\xa3Oq\xf5\x81\xbd|\xc7\x1b^\x8b\xd1\x9c\xa0\
\xff\xe9\xea\x01gT\xfadl\xbf\x8aP\xaa\xc3\x18\xa1\
7(p(bM\x94\xde\x0a\xc9^\xa2%sS-\
\xa6\x1a\x19\xc6\x17$\x92\xd2HM\x90ER;\xb2\xd0\
\xf5\x03jE\xc8\x19m\x7fW\x122\xd6\x12\xb0\xacD\
\x8fj\xa2\xa0{d\xa6\xabs\xa4\xad6\xc6$$I\
\x82\x88\xd6\xb3\xf4\x865\xa1\x92(2Lv\xbc\xe0\xbc\
\x0f^\xebV\xe2\xf6\x97c\x95\xccbB\x875`W\
G{\x87\xa6&k\x85u]/v=z\xe3\xcb\x8b\
>i\x92\x06\xa7\xaaD\xd8\xb1c[]\xb9m4\x1a\
\xb4[S,,.p\xfc\xe4I.\xcc\x9f#\xcd2\
\x8c5\x18\x13D\xa2M\xd4_\xac\x99\xca\x84Z\xa3U\
AF\x1cP*b\x9b\x91pd\xac\xc6\x04X\xa3\x9e\
\xaf%H)\xf9X\xd1\x22TD\xd5\x97|\xfes_\
d\xaa3\xc3+n\xbb-\xe8\x97J\xd8\xee\xbct,\
,,b\x8ce\xaa\xdd$\x8f\x8c\xf9m\xdb\xb6\xd2\xeb\
\xf5\xd8\xbam\x0b?\xfd\xee\x9f\xe2\xe7~\xee_r\xea\
\xcc\x19\xb2\xac\x19\x13\x0b\x13v\x99@\x92\x04\xe7/\xe7\
<G\x8e\x9f`\xeb\xcc4{wl%K\x02\x1cA\
\x8c\xc1\xaa\x11klM\x92\x1a\xab\x84\x0a\x95\xa4\xff\xc7\
\x1a[e\x9a\xe3/n\x8b\xef\xcfA\x884\xf6\x7f\x87\
\xcd\xd2\xb78\xef\x8d\x8f\xd7\x8en\xa0\xe8\xb8QT\xe7\
u\xa3\xd1@\xaca\x04\x1d\x11\x17.\xb4\x9aMV\xd7\
\x0aN\x9e<\xc1\x98&p%L\xbf\x81C\xd0f\x84\
\xca\xd1\xcf\xf8\x0d\xaa\x9d\x96\x8d\xdf\x83\x8d\xc7\xc1\xf5\x1f\
\xf3c\x0c\xf5?\xa7\x85\xcb\xafI\xd4\xc7f\xb3\xfb\x89\
\x8f\xe4\xc6\xc8/p\xceS\x96\x8eF\xd6`mu5\
`\x84\xeb{w-\x15\xe8A\xd10\x08^\xa9\x84^\
\x89\x8b\x86\xbc\xe6;\xef8\xd4_Yy]Q\xe6\x7f\
\xb5\x9f\x0f^+\xc6X#)\x22\x22\x1b\xb6%\xd5\xc4\
\xea\xa7\xd4U\x9e\xf5\xb3\xa1\x8a\xc4\x12\xc2\xc6d\xce\xfb\
\xe0\xd4\xb3c\xc7.\x8c1\x14\xce\xe3U(J\x1fn\
\x8e\xaa`<\xe6\x92\xbe\x9c\x11s\x19\xd7\xcf\xa05\xfb\
\x17W\xd2\xc9\xa6iY\x8b\x98\x82C\xbb\xb7r\xf5\x9e\
m,..\xf3\xcc\xa9\xd3\x5cXXbe\xadO\xe9\
\x94R\xfb\xa8\xd3Pi\xc2`\xd2\xd0^\xf6\xd1\xfd\x05\
/\xd1q&\xa9}t\x15\xa5(%0\xb6\xd5\xa1\xc5\
\x00Q\xb8\xe1\xd0U\x5c{\xcbM\xdc}\xef}\x1b\x88\
\xf8\x83UO\xcbXv\xcdL\x91\xa6)\xce+*\x06\
\xf5\x96</\xb1&\x89\xfa\x9f\xa1\x9ak\xacE]A\
Q\x96\xd8$\xc1\x95%\xcdV\x86\xf6C\xd28\xba\x8b\
\xc60B\x18\x8c\xc98}n\x81\xcf\xdf\xf7\x18\xf3}\
!kL\xe3\xc4\xb3\xe6J\x1e~\xea$\x99\xbd\x9f\xd7\
\xbd\xe2V\x9aR\x04MU[\x89\xb6\x87\xa8\xbd\xcf}\
 \x00\xd4\x96\xabY\x8b\xa7\x9fy\x94A^\x82\x09\xad\
:+\x11+\xa4\x8e\xa9\xf6\x14\xadFFQx\xbc-\
!\xeb\x90\x17\xbe&\xb0y\x0dJ\x03\x15\xe6\x08\x1f\x9e\
\xfb\xb2\xc4\x1a\x8bM,\xc6\xa4\x1bJ\xa3\x04\x96w0\
@\x08,\xfc\xd8\xeeKl\xb8I\xa9\x893u\x1db\
4\xe39\xe8\xbdA*%\x07\x0b^K\x02A\xc3#\
F\x19\x149\xde\x17\xdct\xe3M\xec\xdf\xbf\x9f\xce\xd4\
T\xfd\xfd\xaaB[\xc1\x17F%\xad$2s\x9b\xd9\
\xb8\xd7u\xb3\xd9$\xb1)\x8dF\x03\x9b$\xcc\xcc\xcc\
\xd0l6\xe9\xb4\xdb4\x9a)\xed\xa9p\x0e$i\xd4\
5\x8c\xc4\x84\xf3\xe7\xcf\xf3\xc9O~\x82\xdf\xf9\xdd\xdf\
\xa5\xcc=\xd6\x04?y\xc4F8\x04\xa0\x8aQ\x8fx\
G*\x9e\xd4\x1af\xda\xed\xa0u\xdbh\x91XK\xd6\
\xceH\x93\x94~\xbf\xcf\xfc\xe2\x12\xe7\x16\x97p\x22\x18\
k#^;\x0b\xb8-\xf5\x01\xc7\xea<k+\x05\x9f\
\xfc\xf8]t\x9a\xd3\xbc\xec\xb6\x97\xb1\xd6]CM\x82\
+\xfb,\xad,\xe3\xbd\xa7\xb1\x7f/Y\x961\x18\xf4\
\xb8\xb0\xb0@g\xaa\x83\x1a\xe1\xc6\x9bn\xe0\xaf\xfc\xe4\
O\xf0\xfe\xf7\xbf\x0f_\x9a(\x0e&\x0c\xca\x82$\xb5\
\x01\xb3-\x06\xc92\xca\xb2\xe4\x91\xa7\x8f\x925\x1al\
\x9bk\xa3\xeaI\xac\xc5{\xa5\xd7\xef\x05Lhe\xcd\
\x1b\x13\xd2 *\xa6\xb9\x88\xbce\xb9\xc8\xfe\xc9\xd7`\
\x1c\xfc\x1f*\xfe\xd1o\xfc\xc6T\x9a6\xfe\x1abv\
\x05\x8f\xf8!\xdb\xd1\xc4n\xcfhLB\xfe\x934\xa5\
,\x1d\xdb\xf6l\xa7\xef\x06\xb4M\x8bJ\xf2M\xe2\xe4\
\xc4\xab\x926Z<\xf4\xc8\xe3\x1c>|\x98k\xae\xbd\
\x96\xc4\xa6\x81\xdc\xe7\x1d\xcf\xc6\xa0D\x8c\x8e%\xa1\x93\
\x1e\xf0CV\xf9\xc5\x9d\x95d\xe2\xf3c\xaf\x8f\xac\xcf\
\xa0\xc8'\xde\x9f \x06\xf9\xc9J\xe6xgk3\xc2\
U=\x19\x9c(\xa8\xc8&\xd0\xa7K\xdd\xe6\x86\xebs\
\xf1<\xae,\xc7\xd7\xd7lR\x09\xbd\xd8\xef\xd5\x9d\x1b\
Y\xbf}\x16;2\xe9\x86\xd4\xa4\x1c}\xfa(\xa7N\
\x9c\xc0\x15\x05IVa\x87#4\xc3YA\xc8U\xfc\
\x17.s\x0b\xbffq%\x09}\x09\xc7u\xaf\xfd\xee\
\x99\x99T\xde\xb0t\xe1\xfc?\xf4\xce\xbf\x1c\xd5YU\
\x1f\xb55\x12\x14T\xc4lH\x90W1\xcfzzS\
\x96\x05\xadV\x8b\xed\xdb\xb7\xaf\xbf\xc6a\x94\x1d\x1b_\
yv\x95Q\x13\x19\xd3F=Y\x1a\xda\xc0\x14\xb0\xaa\
\x9e\xd4\x08;f\xdbl\x9d\xb9\x96n\xbfdum\xc0\
\xe2\xf2\x0ag\xe6\xcf\xb3\xb0\xb4\xc2r\xaf\x1fX\x96\xb9\
\xc6\xe4\xd1`$\x0d\xd5(%\xb4Q5\xe0\x00\xbdW\
R\x9b`\x0cX\xe7\xc8\x1a\x86\xab\xf7\xee\xe5\xfa\x1b\xae\
\xa5\xa79\xbd\xdej\x9d\xacV\x09\x8b1A\xc8~\xaa\
\x91\x91\x8e2+k\x05\x81\x91D\xdeHL$\x0d\xa8\
\xc5\x99\x84\xb5^\x17\xafJQxR\x9b\xa0\xe5\xc5\x0c\
(\x0c+\xfd\x82'\x9e>\xce\xc2\x9a\xc3\xb4\xe6(T\
(\xc5\xe3\xc91\x02\x8f>y\x9c=\xdbwp\xcb\xd5\
\xbb\xd0\x81\x1b\x8a2\xeaF\xfb=`\xaa\xd4$t\xfb\
9\x8b\xabk8\xb3~\xe2a\x14:\xadF\xd87\xaa\
\x18\xb1\x94H\xbc\xc1\x8d\xb2\xa1\xab\xd6p\x05\x84\x08\xed\
vkL\x10\xae\xf6A\x83\xc9\xc7\xaaM\x80\xee\x8e\xa8\
\x0cl0\x90Vm\xfe\xd1\xf5\x1d\xdf\x82Q{Y_\
'`\x0e\x87\x96\x8a\xf7\x05?\xf0\x03?\xc0\xf7\xbc\xf5\
\xbb\x99\x99\x99YW\xf9\x0fS\x83\x8al6\x94n\xa9\
\x1caL\xac\x8c\x8e\x1e\xd7\xba\xb5L\x05+\x90\xfa5\
\x17l*k\xafx\x01\x8a\xb2d\xff\xfe\xbd\xfc\xd8\x8f\
\xfd\x08\x9d\xe9i~\xf37\xff+E\xae\x91\x1cbj\
S\x08(q\x83\x01\xd7\x1c<\xc8\xae-S4\x8c\x89\
\xfb=\xc3\xd8\x14\x9b$\xf4\xf2\x1eY\x96\xa2\xaatw\
\xee\xe0\xc4\x99\xb3<u\xe28\xabE\x8e\xa4a\x8aT\
\xb7<\x15\xacMI\xb2\x84\xa5\xc5\x15\xfe\xec\xaeO3\
53\xc3\x9e=\xbb\xe8\xf6\xba8UlbY\xebw\
9{\xf6\x0c\xdb\xb7o\xa7T\x8f\x0e\x06\xb5\xddo\xe9\
\x0b\xbe\xe9\x0do\xe0\xec\xd9\xb3\xfc\xce\x7f\xfb=\xca<\
\xc0FB\xdb\xde\xe2\xcb\xb2\xc6\x99j\x92\xb0\xd2\x1f\xf0\
\xd8\xd1#\xdc\x96]\xc3\x8e\xed[\xe8\xf7\xfa\x94^q\
\xa5V\xbbc\xdd\xf0\x22B\xa2\xaa\x7f\xd2V7\x0d\xac\
>\xab\xc1\xe1/V\xc8\xf4L\xf2m$\xe6-\xaaj\
\x9e\x8b\xcfxY\x14\xa4&\xa5\xd5\xe9\xd0\x9e\x9e\xc2w\
\x0bL\xc4(Wb\xed\x00Ib\x19\x0c\x06\xfc\xc1\x1f\
\xfe!\xdf\xf6m\xdf\xc6\xf6m;\xe8\xf7\xfbx7\x91\
\x84]R\xcdc\x82\x189\xf1y\xdd\x84\xcdo7K\
B'w\xc8:b\x93\x19\xaf\xaaN\xea|\xea\xc8\xf8\
\xaa\xc3\x04\xb5\xfa\x8es\xc3\xf7\xfd\x88\xd8\xfc\x10\x9b=\
)~\xbf~\x1b\xe1\xd9$\xa1\x17\xbf\x17N&\xe7\x9b\
u\x15'+\xc9\xa3mx\x19\xd1v\x1dMDE\x84\
N\xb3C\x96e5\xe6\xfe\xdc\xb9s|\xfc\xe3\x7f\xc2\
\x89\x13'I\x92t\x1dqM\xf1\xaa^\x07\xa2\xd5]\
\xf9\xc5\x8b+I\xe8K1n\xbf=\xbd\xad\xbd\xe7\xe5\
\x9a\x17?\xd5\xcf\xfd[\xd5\xfb}\xf1\x0c\xac\x99\x12\x12\
Y\xdd\x97\xa1U\x7fY\xe1\xbdcvv\x96\xd9\xd9\xd9\
\x805\x8b\x17\xf1\x0b\xb5\xfc\xc9\x98\x9b\x9e\xa2\x99&8\
\x9f\xd3j\xa45x^c\x15i\xdbl\x8b\x99\xa9&\
\xbbv\xceQ8\xa5\x9f\x17\xcc/.\xb1\xb0\xb4B\xe9\
aie\x15\xe7B\x85Hc\x05\x14?\x94\xee1\xa6\
D\x0a\xc7\xce-3\x5c}\xe0\x00\xfb\xb6\xef\xc4&\x96\
\x85\x85\x05\xcc\x06\x03\x80H\xa8\x1c\xb7f\xa6\xb0i\x12\
\x92-\x91\xc8\x22\x8cxB\xf1AvD\x84\xc4Z\xac\
D\xe2\x895\xf4\xba\x03V\xbb}ff[aFj\
\xcc\xa6`x\x15(\x9c\xe7\xc4\xc9\xb3\xe4\xa5\xc3\xa6\x80\
IP)C\xb2\x86au0\xe0\xc8\x89\x93\x5c\xbdg\
\x0b\x0d\x0dZ\x97A@=2\xb8\xc5\x8f\x0dX\xa1\xfd\
nY\x5c^\xe3\xec\xc2B\xf8\xccHbg\x11Rk\
\x99\xeeL\xd1H\x12\x12\x1f8\xe2\xde{\x5c\xa5\xb1\xa9\
&\xb0\xb9\x09\xc2\xecHh#[\x8d\x95V\xe7k\xa6\
z\x96eQ\xcc\xbc\x92\xbeJj\x87\xae\x8d\xdbF\xe3\
\xfb|\xb8\x1d\x00fL\xb2+T\xd8\x0c\xce\x07i\xa5\
\xb2,\xb9\xe9\xa6\x1b\xf9\xee\xb7\xbe\x95\xa9\xe9\x0e\xa5w\
\x0c\x06\xe3\xdd^#RW3\xc6\x93\xd0([2f\
\xd9g\xeb\x84\xd3\x95\x8e\xd2\x95QI\x22\xe0\xa0\xab\xf7\
\x18Y^\xe9\x5cm\xa7\xea\xbd\xe3\x8d\xdf\xfam\xfc\xd9\
\x9f~\x8a\xc3O\x1c\x0bp\x063\xbam\xd0i\xa5\xec\
\xdb\xbd\x95mSm\xacz\xd4\x95\x81\xec\xe6A\xf3\x82\
L\xc0x\x87E\xb0Y\xc65\xfb\xf6Q\x96%\xc7\xce\
\x9c\xa4[\x0cH\x12\x83\x97\xe1dO\xc4\x22\x0a&M\
8v\xe28\x7f\xfc\xc7\x7f\xcc;\xde\xf9\xfd\xb4[m\
4\x09\x13/\xf1\xca\xd2\xea*&Mh\xb7\xdb\xa4Y\
\xc6 /\xd1\xe5\xa0'\x9ae\x19oy\xcb\xf7\xb0\xb4\
\xb8\xc2\x1f}\xe8#X\x0b\xce\x15\x01\x0fm\x82\x87\xb7\
\xfaP\x01\xb7Y\xc2\xe2\xc22\xc7N\x9d\xa2\xd3i\x83\
M\xc8\xcb\x82\xc29T6\xbei\xa9\x8a\x13\xf4\xb6\xa3\
\x8ft\xcf\xbf\xf0#\xc6\xff8\xf1w\xde\xf7\xbe\xcc&\
\xc9\xdf\xf0\xa8\x8dx\xe5u\x1e\xf1\xa3U\xaf\x8d\xc2\x11\
\x88s\xb3\xb3\xd3\xec\xdf\xbf\x97c\x8f\x1f\x1d\xff~T\
\xd7p(Ib9\xf2\xf4\xd3\x1c?~<BG\xd6\
\xcb\x0d\x99K\xe9jNb8'\x06\xb7$\x99p\x1c\
\xaa\x0cR\x9ec\x12j\xd2\x8b\xa7&\xeb\xb5A\xc7\x93\
\xbcb\xe2\xfeU\xeb4W\xcf\xfd\xe8\xf8\x13\x0a#\xa2\
\x5c6\xb1j\xdd\xfa_\xa2\x12:*!\x08\x1b\xab\x19\
l\xf4\xbb\x93\xf7\x901\x91\x7f\x86]\x1f#B\x9ae\
\xb4c\x12\x9a\xf7\x0b\xce\x9e=\x8b\xb5)\xaetH\xa2\
:Z\xad\x8a\x8e~\x8b\xb9\xe4\x0fs%\x09\xbd\x12#\
a^\xf5M\x7fy\xb73\xfaW|>\xf8\x9f\xbc+\
\xaf-Jg\xbd\xf7b\x13\x1bZ_>2r_`\
\xf5\xdcm[\xb7\xd1l5\x03\x91\xc5?KP\xf8s\
\x88\x99\x99\x99p\xd1;O\xa7\xd9\xa0t\x96\xa2(\x19\
\x14%I;emm-8\xdd\xb8 \xe8\x9df\x86\
\xa9\xdd\xdb9\xb4\x7f\x0f\xdeA\xe1\x94^?gmu\
\x95~\xbf\xcf\xea\xeaj\x8dAt\xea1V\xd8\xb9k\
;\x07v\xef\xa0\xd5\x08\x15\xd7\xc1\xa0G\xe9r\xba\xbd\
\x1e\x902>p\x19$\x11\x1a\xad\x16&MP\xaaA\
\xc9\xd4l\xd3\xca\x92\x0e\xa4n\x0f\x89\x09\xfd\xe3\xbc,\
XZ\xee\xb2\x7f\xe76\xca\xee2V\xab\x94l\xe3\x98\
\xbf\xb0\xc8Jw\x8d\xb4\xd1\x22\xd7\x8a}j\xc1\x047\
&\x15\xc3\xe93\xe7\x18\x0c\x0a\xb2T\xea6K5P\
VV~\x15@\xdd\x89 \xc6\xd2\xed\xe7,\xafv\xf1\
\x8c;\x08\x19\x84\xc4X:Y\x93D,&&\x90\x81\
\xbc3\x22\xd0\xac\xd4\xfb\xc5(\x08%x\xd82\xbb\x05\
\xef\x8b@$r\x9e\xbc,\x03\xb7:2\xfd\xad\x0d8\
]\xc3\xe5\x0e\xdcq\xf0\x8c\xff\xad\x12\xae\xd1v\x9a\xfa\
\xc0Vw\xce\xf1\x867\xbc\x81\xe9\xe9i\x02\xb9\xcaD\
\x95\x87\xe1\xfe\x0d\xe2\xf8vl\xd9j\xb4\xc6/\x8e\x9e\
\xd1\xc1.6`\x8cMbBK]\x15\xa2dTM\
\xb9\x11\x1dk;\x1ac(\xca\x02W::\x9d\x0eS\
\x11\x12`\x13\x8b\x8b\xac\xf7z\xc2\xe2\x1dV=\xae\x18\
\x04\xcd\xcdH\x8c\xf2\xae\xc4\x88\x09\xfa\x8b\x85\x04\xa90\
5dY\x83\xeb\x0e\x1e$I\x0cO<s\x1c7q\
ST\x81\xc1`\x80\xd8\x80\xb7}\xf8\xe1\x87i\xb5\x1b\
\xbc\xed\xado\xa3\xd1h0p\x05\xcdV\x93~\xb7\xcb\
\xf2\xf22i\x9a\x05\x12\x15\xd0_]\x09\x95~#\xb4\
\x9a\x19?\xf4\xc3?\xc4\xc2\xf2\x22\x7f\xf2\xf1O\xd2l\
\xb6k1kcL\x80\xa0D\x17\x1b\x93XN\x9d\xbe\
\xc0\xf4\xd4,{\x0f\xec'\xd7.\xa5\xba\xc0\xb2\x15\x09\
\x0d\xf8\x91\xbb\xa9\x88Z\xef\xf9\x8d]\xb7\x15\xd9\x99\xfb\
\xb9\x22\xd3\xb4Il\xdf\xde\xf9kN\xf5\xcd\xe1\xda\xf5\
c\x9e\xe7U\xb8X\xb5\xdb,\xb7\x09\xe7u\xb0\xb9\xdd\
\xbbw7\xc7\x1e\x7f\x1a\xa2\xda\x81QY\xcf^\x17\x89\
Z\x92\x96\xa2\xc8\xd7\x11Y\xdd%\x86\xfc\x8d*\x95\xa3\
QN\xb6\xcfu\xe3\xef\x8d%\xbb\xa32T\xa3\x9f\x13\
\x8f\xefO,o\xb2\xf2\xba\xe1\x8e\xd9dy\x8c'}\
f\xc4Vt|}\xfdsNB/\xd5\x8e_W\x89\
\xbcD\xe5\xf4R\xac\xfe\xd1\xe5U\xff\x1f\x0c\x06,/\
/\x87\xfb\xa6$\x18c(\x8b\x82f\xb35V\x19\x0e\
\xdb\xab=\x159Z\x9e\xef\xbdh\xfa\xa0U\x5cIB\
_Bq\xcb7~\xcfN/\xe6]\x9a\xf7\xff\xc6 \
\xcf\xf7T\xcc\x09cL\xdd\x1e7\xc6F\xd9\xb8\xf5D\
\x8b\x8bE\xf4|\x1e\xe2\xe5\xbcbm\x90\xc6\x99\x9b\xdb\
\x12\xc0\xcb^\x83&g\xf8\xa5\xb1\x93{\xe3\xd8\x1cS\
T\xb5gj\xe2\x8f\x0fU5\xf5\x9e\xbc\xc8\x99\x99\xee\
0\xe8\xad\x91\x10\xac!\xad\x07\x9b%\xb5\xaeY*\x9e\
\x22\x0f\x09\xa3:e0(\x02\xf3\xd8\x1a\xacII\xb0\
L\xb53vv\xb6Q\x16%\xceo\x8f\xb2NJ\x9a\
Z\xa6\xb7\xcd\x90\xe7\xfdP\xe5)sT-\x8d4a\
my\x0d\xe7J\xd2\xac\x1d8\xe3U\xf2\xe3\xc2\xf2\x0b\
<]\xe7h4[hT\x94\x0cL\xe7\xa1;\x90\x89\
mi\x22\xbb4\xcb2\xb4T\x1e}\xfc\x09\xae?\xb4\
7T\x93F\xf6\xcf\xb0\xcd\x1b\xd6\xaf\x88\x07\xb3(\x0a\
\xbc\x17\x9c\x96\xd84C]\xd5\x1a\x8e\x92?\xf1/\xb1\
\x06ueH\x7f}t\x0b\x11E4x\xb4{1\x94\
\xdeQ\x16\x9e3\x17\x16q\xde0\xeaK*\x1a\xdab\
\x99Xv\xccmE\x8b\x12D\xc9]\x89&Mz\xbd\
^\xed:\x15Z=\x82T\xda\x95@b\x84\xab\xaf:\
\xc0t\xa7Mb\xa0\xd7\xeb\xd1\xed\xe7\x0c\x8a\x92^>\
 \xcfs\x96WW\xf0\xde\x87e\x96\x15\x9bz\xd8\xee\
N6\xa8l\x94EI\x925(=8\x02\xc4\xa1\x1e\
|\x898Dk)\xcb\x92\x1d;v \x22\xf4\x8b\x82\
F\x92\xd6\x15\xd4\xe1\x09\x07#\xc2\x95\xf5\xef\xbb\x89f\
\x93\x18\xa1t\x81,U\x14\x1e\xef\x1d\xaet\xac\xae\xad\
\x92ZC\x9a$\x18k\x99\x9e\xee\x90\xa5i\xa8\xb6\xab\
'\x8d\xcbL\xac\x1d:\xd4\x8c\xb5\x087\xd2q\xf54\
\xd2\x04_\x16X\xad\xf4a\x0d*!\xc1\xac\xe8K\x88\
g\xd0[%k4\xd9\xb3c;\xfd\x22\xe7\xa9\xe3g\
(\xbd\x801$\x8d\x94|0\x08\x93\x0f\x17\xe4\xcb\xda\
\xed6\xf7\xdd\xf7\x00[g\xe7\xf8\xce\xef\xfcNl\xa3\
\x8d \x98$\xc1\xa9\xb2\xb8\xbcB\xdah\x12,\x0a\x94\
\xe5\xd5U\x92$!\xc92L\x22\xbc\xfd\xfb\xdf\xce\x89\
Sgx\xf4\xa1\x87i4\x1aQ/\x97Z!\xc2\xa3\
\x94\xf1<\x7f\xfa\xe4I\xb6\xee\xd9\xc3\xfc\xf2\x0a\xab\xdd\
~\xb0\x1ce\x98\x80\x06\xe2\x97\x07\x95\x81\xc0\xbe3\xf7\
\xdf\x7f\x85\x94\xb4q\xc8?\xfa\x8d\xdf\x98\xc2&\xef*\
]\x99i`v\x85\xf1|\xf2\x83\x9b\x0a\xb4\x85W\xb3\
,AK\x8f \xdcp\xe3u<\xf8\x95\xfb(\xba9\
\xc6\xf9\x08\xa2\x09\xd5\xfed\x22\x1b\x0d\x13F\xbb.\xb9\
\xb9\x94n\xe5\xd8D\x95\xa8\xee\xa0f\xd3\xfb\xce\xa8\x8f\
\xfbh\xe8h\x96\xa7\xc3\xe4\xd2\x8c\xae\xa7\xca\xfa\x0a\xf0\
z\x8f\xd8\x8b\xfcj\x98\x98\x8fm\xe3(\x12g\xd4\x8f\
\xb6\xfe\xc9P\x5c\x98\xcc%7\xabD\xaf\xabd\xfa\xf5\
Ia\xe0@\xc45\x9bL\x8a/u\xbf\x1eQ\xee\xd8\
\xe4\x13\xc3\xffI\xe8t\x8d\xed\xc2J\xc2\xab\x99\xa2\x94\
\x18Qj>\xbd\x88W\xe4\x1e\xf5\xfe\x1f\x9d<yw\
\x9f\x179\xae$\xa1/\x89\xb8\xc3\xbe\xea\x9b\xcb\x97\xa1\
\xfe\xaf\x96E\xff\xed\xa5s{G\xaf\xd6\xe0t\x80F\
\xc7\x83\xe7\xf4\x0b\xde\xfb8\xf8(y\x9e\xd3jM1\
5\xd5\xa1\xd9l]\xf6\xf7GC.\x81\x07\xad\xad\xe7\
\xe2s\x83\xe2\xbc\x82st\xb2\x06\xd3\xed\xce\xc8\xc2]\
-\xb9TMx\x1b\xcd\x94,\x81f#\x0dI\x8e(\
e\xe9\xf1\xa5\x8f\x02\xe4\x06_\xf4Bb\x1b\xf5=\xc5\
\x87\xb6\xe2\xecT\x07\xf1%\xaaA\x00\xdfh\x12\xbc\xc4\
M\xca\xa0p\x08Id$\x0fW!\xb1\x09\xbd|\xc0\
\xd1\x93\xc79\xbfp\x9e\xdds[i7\xa7\xe8\xcc\xcd\
\x90\xb5;h\x92`\x92\x0c\xa7BY\x16\x01G\xa7#\
\xc9\xa6\x1aN\x9c:\xc3\x89\x93g\xd8\xbfs\x0b\xf8\xa2\
\xc6\x09\xf9(\xf0\xef|\xac\xb4E\xdd\xcbr\x90Cb\
Hm\x8a\xf8H\xda\xf2\x0e|I\xbf\xbb\x86t\x12T\
\x1dy\x91\x93D\x09\x9f\xba2V\x11\xbf\x18\xea\x02:\
\x15\x16\xd7\x02\x1e\xd4\xc7A\xd8C\xed\x83\xdei\xb5\xc8\
\x92$\xe2\xb4\xb4\xae\x86\x14E1v3\xb1\x22\x01\xee\
\xe1=\xd6\x18\x1a\xa9a\xaa\xd9\xa0\x95&Xq\x98F\
\xc2\xb6-\xb3\xa8\x0a\xae\xd2X\x95\x80S\xeb\xe5\x03\x8a\
\xa2\x88\xfe\xea%e\x11\x9cZ&\xb5\x0a=\x01\xabe\
\xd3\x06ky\xc1\x99\xb3\xf3\x91\xdb\x19ZL\x9e\x90\xd8\
\x88\x08I\x92P\x94\x05\x17.\x5c`\xad\xbf\x16!\x1b\
\x93\xe7\xdb\xf8\xb2\xf3\xa2@\xfd\xf8\xcdBF\x92\xd3\xc0\
\xda\xf7\xb5\x01CY\x94\x01_l\xc3\x80\xbe\xb2\xd2\xe2\
\xc0\x81}\x00\xa4i2ff\x10\x8e\xb7\xe2\xbd\x0b\x13\
;\xe77Q\x84\xb9\x98#Y\xbc2$lu\x9aZ\
\xf2\xbcO\x9a\x08W\xed\xdb\xcb\xe2\xd2\x1a\xcb\xbd\x1e\xa5\
\xf7\xe0\xd6\xe3\x8b\xf3\x22'MR\xbe\xf4\xe5/3;\
;\xcb\x1b\xde\xf0M\xf4\xfb\xbdX\xd54t\xbb]N\
\x9d:\xc5\xce]\xdb\xc9\x9a\x0d|\xe1XY[\xc5\xf9\
\x92F#c\xff\xa1\xfd\xbc\xe7=\xef\xe6\xfd\xbf\xf8>\
N\x9e<=\x22cU\xf9\x90k $\x8a\xe2\xfa\x05\
O<}\x8c\xe5\xd5\xd5X\xad\x0f7<a\xdc\x81E\
!Q\xe3Ori}\x9c\xbf\x90q\xc7\x1dw\x98F\
[nq\xca7(\x88\x1f\xc1nN\xe6$2\x92\xc0\
\x84\xf7'\x92I\xef\xc2wD\x98\x9b\x9b\xe3\xd6\x97\xdd\
\xcc\x03_\xbd?\x5c\x08>@\x86B\x928\xca\x8c~\
\x01\xe3Y\x90\x9a\x9e\xfd\xf7/\xdeE\xda\xf8\xf3\x13\xaf\
\xe8\xa5>?\x84\xdb\xd4\xeb#\x97\xfe\xcd\xe7z\xff}\
\x09\x85\x82\xe6\x02\xef\x7f\xf2\xc1\x95\xfbxv;\xfak\
\x12W\x92\xd0\x97@\xdc\xf2\xfa\xe5Y\xd5\xd6\x9b\x9c\x1b\
\xfc\xb0sn\xab/\xf3\x89\x04tR\x80\xe3\xd9\x87\xf3\
>\x0a\xd0g\xd1ah\x0bY\x96a\x8c\xbdH\xa5s\
8\xf89?\x89\xe9\xf3\x1b\xb3\x13bhl\x80Vb\
\x1b\xc6\x04\xe6\xbdw\x8e\xf6L\x9b\x99\xa96\xe2\x06$\
\x16|\xb9\xfe:\xb0\xc6@\x96\x92`\xb0i\xca\xb6\xad\
;X]\xed\xb2\xb6\xb6\xc6`0`-v\x11\xd4\x06\
-E\xe7=\x92\x08\xedN\x9bv\xa7\xc1 \x1f\xd4\x15\
\xc0\xb8\xc6\x94\x1ez\x83\x02\xd2\xc0\x1a_\x8f\xa948\
\xe3\xe89\xc7#\xcf\x1c\xa7\x914\xc9\x9a-l\x1a+\
\xa6\x92b\xac\xe0k|O\x956\x85\xed\xec\x17\x8e\xaf\
\xdcw\x1f3\xaf\xffF\xb6O5\x91\x98\xa8\x94\xd1m\
\x0a\xaaA\xcc\xd1nfl\xdf6\xcb\xf1\xc5\x1e\xe0\x91\
2\x0f7\x0b_\x80/i\xa5\x09\xfbw\xed\x0axL\
\xf5`4h\xa4V\xc7\xc5W\x09C\xf5\x07\xa5\x83\x0b\
\xf3K\xa0\x16#a\x9d\xa5\xaa1\xf8\x82\xb9\x99)Z\
Y\x03\x11\x17\x19\xcf\x09\xb9\xc66o%\xd8N\xe5\xb8\
aqE\x89\x15\xa5\xddh\xd1\xcc\x0cVK\x12\x814\
Ipy\x0fS\xe9\x83F6n\x96\x0a\xd3\x8d\x16^\
Zc\xe7\x8e\x88\x8c'\xa1jPc\x83\xe8\xbf5,\
-w9\x7f\xe6|\xc0\x98j\x90k\xf2\x1a\x93\xe3$\
\xb4\x9f\xd5+KKKt\x07\xfd\xe0\x97\x9d\x8cW#\
\xc7\xbc\xe3\xc5RM\x0c6JB\xab\xf3St\x84\x88\
eC\xe5\xc9;p\xde\xb1\xb8\xbc\xc4\xcc\xd2\x14[\xb6\
\xcc!b(\xddHwY\x87\xd7\x94w!\x11\xd5\x11\
1{\xa3\x827\x06e\xf8Ww\x13\xb5\xb2h\xad|\
\xa9\xe2\xf2\x22\xd4C<\xb4ZMn\xba\xf1\x1a\xeey\
\xe0!\xbc\xf7\x94\xa5\x8f\x1e\xde\xa1R\xec\xd43\xd5\x99\
\xa2\xdf\xef\xd3\xef\xf5\xf9\xc4'>A\xa7\xd3\xe1\x96[\
n\xa1a\x1b\xe4yhe\xf6\xfb\x815\xbfuv\x0b\
Y\x9aP\xe4%+~\x15\x95)\xdaI\xc2\x0d7^\
\xcb\x1d?\xf8N~\xf5W\x7f\x9dA\xbf@5\x9e\x03\
\xd1\xec\xc6{\x87\x10\x14\x0dN_\xb8\x10&{YZ\
\x93\x22\x02I^Fv\x8av\x8d\x93\xa8+v%&\
c\xf7\xb7|Kb\xb0\x7fME\x12\x17\xe4\x98\xea\x13\
r\x0c\xb3|\x19\xcbr.\xe2\xb5%\xc1\x18e\xff\xfe\
\xfd<\xfc\xd5\x07p8\x1a\x8d\x0c\xefC\x8b]\x99$\
\xc5<\xc7\x9c\xa3N\x1ae\xeca\x18\x13\x89\xe0\xa6\xb9\
\xdaP\x86i|Ar\xf1\xe5]b\xaf\x98K$\xc5\
\xb2\x8e\x98\xe3&~#JD]r\xe7OV@c\
1`\xe4f\x12LVb\xcb_\xeb\xa5\x8f/\xe5y\
&\xf1\xeb*\xd0\x13\x8e|\xc3\xdf\x19\xc7\x82\x1a1%\
\xf0\xdf\x16\xf2\xc1G\xe0\xee\x97\x04d\xe6J\x12\xfa\x22\
\xc7-\xb7\xdc\x92Y\x9b\xbe\xa5,\xfa\x7f\xc59\xb7\xcd\
\x97\xb9D]>\x89\xf6x\xf1$\xda\x80\x01\x7f\x19\xf6\
\x99U\x88\x08\xd333LOO\x07G \x93R\x96\
\x05eQ\xd0h4(\x8b\xe2\xa2\xcb_o\x1byq\
-\xb7\xba%QO\xe7\x835\xa6hA\xa7\xd5\x04\xef\
\x226'\xdc\xec\xcc\xc4\xec7\x80\xe7C\xa2\x91e\x96\
\xa2,\xc8\x1a\x09Yc\x96\xb2\xf0l\x13\xa1\xdb]c\
\xad\xbbJQ\x84\xca\xe4\xf4\xd4\x14\x9d\xa9)\x92\xc40\
\xc8=F=\xaa\xb1\xcd\xab\x82z!\xcf\xcb\x98\x08\xac\
g+\x8a1\x88I)\x9cb\x1bm\x1c\x96~\xe9\x10\
\xefq\x1a\xb4+\x9bY\x1bk*\xa6u$\x8f($\
Y\x0b(9z\xe24\x9f\xfb\xd2\xdd\xbc\xfeU\xb7\xb1\
mf\x9aR]\x1c\xa7\x02\x86\xb1\xfa\xd5\xa9v\x93k\
\x0f\xee\xe3\xec\xe2#\x0c\x0a\x871\x0d,\x1e\xf1%R\
\xe6\xec\x98ms\xe3\xb5\x870\x16\xd2,\x89I\xd6\x90\
\x8cT3%\x09\xad\x1bc-\x14\x9e\xd5\x95\xb51\xe7\
\x0c\x88\xd8N\xaft\x9aM\x92\xd4\x92\xa8\xa3\xacZa\
.&{\xa6\xd6\x8f\x03\x0d\x98\xb4*qnf6H\
]9\x8f\x93\xa0<\x90I\xb0\xdd\xf4#d0\xc2\xe2\
j\xfd\xc2\xb2t8W\xe2\xbc'\x1d!.x\x09$\
+\xb1abR\xe4\x83\xe8\xce3<\x0b*\xac\xaa\xf1\
\x86\xa4\x91 F\x82O\xb6\x08Ib\x11\x02#\xbd\x82\
D\xa8\x0f\x89W\x854\xb5i#\xe8\x8e\x8ew\xff\xea\
\xb6\x98 \x181uk\xbd\xaaT{\xe7\xf0\xa2$&\
a~\xfe\x02\xb3\xb3\xb3x_\x8eW@\x82\xaf\xe2H\
\xdbm\xdc\xa2p\xa3\xd8Ppz$\x02v\xb4\x81\x13\
\xc8\xfb}f\x9b\x0dn\xbd\xfe:\x1ez\xecq\xf2~\
\x8f$kQV\x07\x9c\xd0\x99\xf0>L\x04WVV\
\xf8\xe8G?\xca\x96-[\xd8\xb1kg\xbc~\x84$\
\xc9\x02>\xd4$\xccm\x99\x0b\xd5\xea\xb2`0\x18\xd0\
lf\x0c\x06\x9eo\xfa\xa6\xd7s\xfc\x99\x93\xfc\xde\xef\
\xfd\xc1X5\xb4\x1a3\xaac\xe1\xa2.\xab1v\xa4\
z7\xac\x84\x8a\xe0\x141\x03\xdc\x87\xb9\x12\x1b\xc6\xec\
\x96\xe9\xd7{\xfc\xf7(\xcf'\x011#L\xf4p\x1d\
%by\xe6\xe8\xd3(\xc1\xed\xab\x97\x174\x9bm\xac\
\x95PI\xdf@\x0ft\xddR\xeb\xd7\xfdz\xa8\xcbe\
\x85\x7f\x0e\xdfya\xe2\xd9\xbb!\xbd0\xc5?Qx\
\xaeu\xd1\x8dHP_\xab\x08v\x9da\xbak\x8c\xf9\
\xad\xd2\xb9\x7f\x7f\xfe\xb1\xcf\xbed\xd4+\xae$\xa1/\
r<\xfc\xf0\xc3\xee\xb6\xd7\x1e\x9c\xf3\xca\xd5\xde{\xa9\
=\xdd\xc7\xea\x8c2\xd6\xae\xd1Xa\xab\xb5\xcf\x8c\xa1\
,\x8bX\x11\x0b\x1f,\xca\xe0\xa8b\xad\xa1\x915\xd8\
\xb6}{\xfd\xfd\xa2\xf0\x047\xf0\x10y\x9e\xaf\xc3\xac\
\x94.\xc7\x98@`\xc9\x8b\xfe\xfav\xd1\x18\xfef\x9c\
\x95\x0c j\xc6.\xb2<\xcfI\xf1\x14\x83.[\xa6\
\x9bXQ\xacJ\x98I\xd63\xd0q\xa2\xd0(;9\
tP\x22\xbe\xb0aQ\xafL\xcdN15;\xb5\xee\
\xb7\x9d\xf3\x94\x83<\xb4\xb3\xe2\xc5\xdeh4X[\x1d\
\x90\xf7\xfa\xd8\xd8\xa6\x1eM\x0c\xd4DI+7\x94*\
\xd2\xa0\xc0\x1d\x5c\x8b\x04\x12c\xc8\x8b\x00\xa1\xb1A)\
\x14\x15\xc1cq>\xa4P\xd64x\xfc\x99S\xac\xac\
t\xb9\xfd\x15\xb7\xb2{\xcf.Rk\xf0e\x1e\x84\x8f\
4&]I\x83\x1b\xae\xbd\x0a1\xc2\x83\x8f>\xce\xda\
\xa0GQBk\xaa\xc3\xf6\xb9\x1d|\xe3M\xd7\xb2c\
\xae\x8d\xf1\x05\xfd\xa2\x88\xad\xb7\xe1~\xd7:\x09\x8d\x18\
1IY^X`yq\x05I\x9a\xf84\x10r\xac\
\x17\x8cxlb\xd8\xbdgg\x10\x96\xf7\x8au1\xd9\
\xcc\x1d\xddn?\xb4\xee\xacV\xdc\x06\xbc+\xc8Z)\
\xb8\x82V\xabMj\x12\x8c)0\x1al<\x03\xd62\
TZ\xc7\xe9@\xa1*\x5c\x0c\xca(\x15cH\xc4\x8c\
\x95\x9d\x0d\x8a/\x07hR\xe0\xc4\xe2\x8aA\xdc\x9b\x1e\
\x17\xb7\xaf\xaat\xf6{kLMOaM \xe6y\
_\x062\x94\xd3\x91\x1e\xbcb\x92\xb4:\x90\xa8@\xa9\
\xe3\x09h\xcd\x08\xae\x88F\x11\xefX\x9d\x03\x15\x83^\
\xe2q\xf7\xce\xd3\x1b\x14\xac\xae\xae033C\x99\x8f\
\xden\x02c_DP\x1b\x94\x0a\x86\xc2\xdfA\xf6K\
\xbc\x86\xb2\xaa\xba\x08k\x88\xf3H\x91\xb8\xbf\x22n/\
\x9e\xbb\x16\xc1\x979\xa2\x86T\x0cn\x90\xb3kf\x8a\
\xf2\xe0U<\xf0\xc8\xa3\x14e\x81I\xd3\xe8\xb6\xe5p\
\xb9\x86\xfd*\x06k\x12\xe6\xe7\x17\xf9\xe0\x07?\xcc\x0f\
\xfd\xc8\x0f\xd2iw\xe8\xf6V1\x06\x5c^2\xbf0\
\x1f\xc4\xcb\xdb-\xbcz\x96\x22Q\xa9\xd9lb\x1a\x0d\
\xbe\xfb{\xbe\x8b</\xf9\xe8\x87?F^8\xc4(\
V-\x22\x16\x87\xd4>\xf7\xe1\xbc\x1bV\xf4\xc3\x04\xb9\
f\xe9\x96(\x9f-/\xbc\xf8D\x87\x97b\xdcy\xe7\
\x9dF\x0d?\xed\x95\x9d\xa1\xae`\xc6\xda\xed\xa3\x0aG\
az;\xeeH5*,O\xc4\x8ck\xe1Hm\xc6\
\xe9c\xc7y\xe2\xb1\xc7\x19\xf4\xfa\x18\x854:\xc6%\
6\xc5\x0a\xf8\x91\x02\x825v\x84`9\x14\xb0w.\
'K,\xa5s\xa4Y\x98\x88\x8f&\xcb\xc6T\xe3\xbc\
\xd6RGU\xa5o\xe8\xdc:\xfc|\xadg<A\xb0\
\x19\xed\x8e\x84M\xa9fU\xb1\xa3d\xc6\xf5F\xab{\
Hj.6\xc93C\x07\xbdj\x1fN\xdc\xaf\xcaQ\
\xb2\xad\x8c;\xda\x8dM&k\xc4\xcdP\x1e\x0d\xa8;\
9\xb5k\x9c\x0c\xfd\xe0G\xb1\xef\xd5Zd\xd62\x02\
\xfc^\x97\xf7z\xf1\xe3e%\x9d\xac\x10_\x22t\xc8\
\x88w\xa5[\x0f\xb9\x98\xa0\xeb\x8b1\x05\xc2\xa3e\xae\
?\xbb\x9a,\x9e\xe2\xb9\xe7\xcf/x\x5cIB_\xe4\
\xb8\xee\xba\xefN\xbc\x96\xb7y\xd5tD\xb3p\x0ck\
5\x19\xc1\xbf9\xa9\x93Q_\xdb\xeay\xbc\x0b\x15\x9d\
$k\xd2\xe9\xb4i\xb7;5\xd9\xe7\xd9D=\x08\x8c\
\x5c`\xcf'D\x04QH\xad\x06\x9b\xc8\xc8\x0a\x0d\x04\
\x98\xcd0@\x9b\xbd\xeeQ3\x84\xb2W\x15\xdbK\xad\
g\xe9J\xfcE\xf5;\xab\xdf\x84K\xf7e\x86\xfa\xa1\
\x9e\x00\x93\xf3\x9a\xd4\xb2F\xc7\xce\xcds\xe6\x93\x9f\xe5\
\x96\x9b\xaf\xe7\xda\x83\x07\xd8\xb7g'e\xbf\x17\xc9#\
\x12\xed\xf0<\xd7_\xbd\x9f\xfd{wq\xee\xc2\x22H\
B\xab3\xc5\xd6\x99i\xa6\x8c\xa3a\x5c\xac\xc0*r\
\xf1B\x1b\xea\x85\xc5\xc5\x15\x8cIpU;\x1a\xc2\xa0\
\xa6\x9e\xb9\x99N\xedm_1\xc6\x03\xdb;\xa7,}\
h\xdf\x8f\xec\xdf\xd0\xf6U\x8cTrL\x0e\xe3\xab\xa4\
\xd7\xb0\x11\xa6\xab\x06\xe1\xd7\x82\xd0#\xefM\x1eA\x0d\
\xda\xa7\x22A\xd4\xbd\x1e\xcc\x8d\x0b\xad\xaaX\x95\x13c\
\xb0bH\xd2\xa4\xae\xd4\x8d\xb7\x17G\x9c`\x18I\xce\
'$\xac\xea\x9b\xd2\xc4k\xf5\xcb\xa1o\x89\xc5\x04\xd1\
\xf8\xe82\x92\xe79\xcem~c\xd8\xac\x13Q\xf9\xbb\
K\x94=\xaaY\xff:\x9cXV`\x15\x8d\x12X\x95\
l\x95Q\x8f:\xc5\x9a\x94\x1dss\x5cs\xe0 \x8f\
\x1e=\x1a|\xed\xad\xc5$&\xaa\xb8\x8e\xec\x05c9\
|\xf80w\xddu\x17\x7f\xe9\xcdo\xa6\xd3\xe9\xc4\x8a\
g\x93~\xbf\xcf\xf9\x0b\xe7\xd9iw\xd2\xe9\xb4\x18\xf4\
\xfa,--\x05\xbco\xa3\xc1\xdc\xdc\x1c\xef\xf8\xfe\xbf\
\xcc3G\x8f\xf1\xd9\xcf\x7f\x91\x99\x99\xb9\xcb\xbaEI\
\x05\x1e\x0d\xcfrA\xfdK\x81\xe8\xf0\x12\x0c\xe9\x1e8\
\xb0\xbb!\xbcCEDA\xad2\xe6\x13\xbfn\xec\xba\
\xd8\xf0\xa3&b\xe1\xc3\xe4\xfe\xb1\x87\x1faeq\x09\
\x1b\x13P\x11\x8d]\x8a\xc0\x867\xa6\xd2\xca4q\xb2\
U\xd9t\xca\xb0\x00\xe0\x03W\x00)\x91\x12\xca\xbc\xac\
I\x9b\xe2\x87I\xda\xa8Ve\xf5hG\xaa\xa80\x0e\
s\xb2c\x9be\xa8\x11\x08\xd5Y\xe3%\x8e\x1b\xe1\x1e\
f\x5c\xbc.\xc5\xd7\x89\x1eD\x9d\xe1MZ\xd8u\xb9\
&By\x88\x09\xde\xa8\xa8~\x9a\xc8\xc47F\xf7}\
\xf58\x92\x98\xfa\xf1\xf1#\x89?m\xa2\xa2\x81\x96\xe5\
\xb0\xb3b\x86\x84\xa6j\x0d\x9d\x9f`\xa3\xc7\xfd_\xef\
\xa9\x89\xe3\x9bV?0Z\x88\xb9XB\xaa\x86$\x8d\
\xf2KF\xd8D\xa6\x15\x89B\xc9^\xf5\xb7\xbd\xeao\
<\xfd\xf0\xeaQ\xb8\xff%\xd1\x86\xaf\xf7\xed\x8b\xbd\x02\
\x7f\xd1\xe3\xf0\xe1\x9e\xbb\xe9\xd5|A%y\x97\xaa6\
a\x5c\xf6\xe4rB\xbdb\xac%I\x12\x1a\x8d\x06i\
\x9a\xd2\xeaL\x8d$\x92#\x84\x83\xcb\x8c$\x09\xd5F\
\xf5\xba\xce\xed\xe1\xb9\x84\x11A\x9d\x92\xa6)\xd3\xd3\xd3\
\xf1\x06=\x5c\xeep\xd6\xbd\xf1\x85\x17\x92\xcc\x91\xe7#\
\x12!\x1a5\x1c\xd711c\xe5\x09\x82\xb8r^\x96\
\xe4e\x81\x91\xb4\xfe\x95\xcb\x96\xe0\xa8\xb6C\xd7\x7f\xaf\
\xae\x81\x09x\x12\x9c@\xda\x98\xc6\xbb\x9c{\x1fx\x94\
\xc7\x1e\x7f\x8a\xdd;\xb7s\xe8\xe0\x01\xf6\xee\xdeN\x82\
\x92R \x0a\xedf\x93,I\xd9>;K\xe9\xcaX\
\x15\xf3\xa4\xde\xe1\xcb\x02\xf5\x05\xd6\xb80x\xeb\xe8\xec\
yxL\x0d\x96\xbe\xc2\xc9\xb3\xe7P\x9b\x226\x05\x09\
\xc3\xbd\x15\xc1\x88c\xc7\xf69\xda\x8d,L\x06\x10\xd4\
X\xc4&\x0c\xf2\x12W:H3L\xe50/\xa1\xbd\
\x1fn:J\xab\xdd\x88;\xdd\xbf`\xf3g\xef=\x1a\
\x13\xc50\x91*p\xa28\x97\xa0\xe2\xf0:\x9c\x5c$\
\xd6\x06+V\xd5\x91j\x7fMc\xa2b\x983\x22\x8b\
\x15\xaa\xf8#\xda\xa3\x13\xec\xdeH\xab\x01\x0dZ\xa2x\
\xc5\x9a\xe0\xc4%(\x8a\xc5\xa0\x0c\xca\xf2\xb2\xdaf\xc3\
J\x84\x0f\x95b\x1f\x99\xf7\xdeE\xa2H<W|}\
\xf7\x1d=\xbb\xe3\xb9=\xd9\x8d(\xb0b\xd9\xbdg\x17\
\x17VW9\xbb\xb0\x18HPFjA\xf2\x0a\x9fi\
E\xe8\xb4\xdb\xdc\xfd\xe5\xaf0\xdd\x99\xe2[\xbe\xed\x9b\
\xa2\xf6\xa7\xa7\xd9l\xd2\xebuY[]#\xb1\x09i\
\x92Q\xf4\x07\xacu\xfb\x18\x93\xd2n6\x99\x9d\x9d\xe5\
\xa7~\xea'Y]]\xe5\xe9\xa7\x8e I\x02*\x15\
\xabv(IVU\x8d\xe2\xf5W\xd5\xeb\xc4y\xf1\xca\
'\xe1v\x0bw\xbf\xe8d\x87\x97R\xdcq\xc7\x1d&\
m\xca/8#\x0d\x08\x0d\x8d\xda\xf1\xad\x8ag1\x0e\
\x05i;h7\xda\x9c>\xf2\x0c\xf7\xdd\x7f\x7f\x9c\xe0\
[D\x82\x94\x9bA\xc1\x1b$U\xd4U\x8e_\x95\x8d\
\xef\xc8\xb2*\xdb\xe7$a\xcbl\x87N'#/\xfa\
\xa1s0Z\xd9\x8cp\xad\xf5lw\xad\xd7\x096\xd0\
\xd9\x8c\x8f\xb1\x19|\xd1m\x1a\xfd~Um\xac\xe1G\
^/\xe3\xfb\xc3{\xc8:\xc7\xa5Xq\x9d\x94v\x1a\
\xabb\x8eT\x13\x8b\x09X\xf3XR)@\x12\xbf\xeb\
#\xe16\xaex]\x09\x8d\xf0\xa3z\x7f\xd4\x90\xac\x91\
\xfd1\x126\xd9|\xdb\xd6G\x18\x03\x8b\xbc\x1f\xdd\xec\
\x86\xd7g=\xae\x0c'\x06N\x95?\xd5\xd2\xfd\xccR\
\xe1\x16^*8\xd0\xd1\xb8\x92\x84\xbe\x04\xc2;ub\
\x82\x05\xc4\xa5\xaa\xa00l\xc7C\xbc\xd9&\x86\xd9\xd9\
YlLD\xad\xb5\xa8\xd8 \xe0m\x04\x91\xe4Y'\
\x92\xc6\x84\x01\xcb9\x1f\xd9\xdd\xeb]z\x9eKXk\
\xe94[\x97\x14\xf7}^\xfb\x13\x1do\xb5\xc7I\x7f\
\xe1\xca\xb0\x1f\x92\xf4y-?l}e\x119\xd9\x06\
\x09\xc8\xcfn>\xa0\x95\x06\x0f\xfb\xe5~\xc9\xfc\xe1\xa3\
\x1c9~\x8aF\x9a\xb0m\xb6\xc3\xeem\xdb\xd8\xb3k\
\x07\xb3\xd334\x9a)\x89\x0dD!\xbcG\xd4\x91\xbb\
\x02\xaf.\x8a\xb0\xc7\x0a\x82L\x90\x0c\xd4`\x10JI\
(\xb1\xcc/\xae\x82\xb1\xc1k\x5cB\xf5\xc3H\xd0\xab\
\x9c\x9b\x9e\xa2\xd9H\x91\x11\xf9Fc,y\x9eSj\
\x14+\x97!\xd3\xbe\xaeT\x88\x90&\xa1\x82:\xba\x87\
k,\xe6e\xce\x976\xd2\xc9\xf3\xd1?\xdd\xf9x\x9e\
\x89\xc7K\xa8\xc0\xd4\x83\xb7\xc6\xd6c\xfd\xc2D\xa5@\
'\x12\xd1J\xaf\xc0\xd4l\x1f`#\x09\x1a\xcfFw\
\xfe`Z`\xa2d\x95\xc1H\xd8G\x89\xd9\xfc|\xd7\
h\xd7\x19\xc4\xf1\xab\xd7|}\x93B\xb5r\xb1\x1d\xd9\
\x0f\xeb\xf7\xdb\xe8\x0d\xd2\xabG}PCh5Rn\
\xb9\xf9F\xd6\xee\xb9\x97\xc5\xd55\xd4I \xfa\x8d|\
7\xcb2\x8a\xb2@\x0b\xe5\xae\xbb\xee\xa23\xd5\xe2\xd5\
\xb7\xbf\x9a4m\xd1\xeb\xad\x92f\x19\xdd^\x17U\xcf\
\xdc\xdc\x16\x92FF\xbf\xd7\xc7;Gb\xb6\xd2\xec\xb4\
8x\xf0\x00\xefy\xcf\xbb\xf9\xc5_|?\xe7\xce\x9d\
\xab\xa1\x19c\xfbx\xd3}\x803\xc8\xcb\xe0\xeeK\xb5\
\x1a\xfe\xc2\xc4\x9dw\xde\x99\xdc\x05\xdct\xddU?\x8e\
\xe1{\x1dL\x08\xe9l\x1e~b|4c\xbd\xfbp\
\xaexq\xdc\xf3\xd5\xaf\xd2[]c:\x0b\x12]\xaa\
\x95&\x99A)\xf1.\x9a\x9a\xd4\xe9\xe7\xc41\x8c\x9d\
\x9b\xeb\xae\xbd\x86\x7f\xf6\x7f\xfd\x9f\xcc\xcc\xb6i4\xd7\
K8\x15\x91\xec\xb6Q\x12\x07\x17\xf7\x95\x0f\xef\x8f\x16\
DF\xbe\xefk\x14wxn&\xecJ#\xc1\xc7\xf8\
\x09\xc7\xb3\x89\x98$&\x15~<\xd7\x1a5C\x99|\
\xdc\x08N6\x98\xe8\x98\xf5\xba\xe3\x05~W:\xfaE\
N\xbf\xdfgP\x94\xc1\xa0\xa4B\x16`\x22\xd0\xc6\x8c\
'\xd1\x1b\xec\x97M\x8e>\x17\x0f\x83+=\xff\xf1?\
\xfe'\x8e\x1e=\x1a$\xd66\xf8J\xd0<\x96\xc3\xa2\
\xfa\xdf\xb4w\xf2\xcc\xfc\x91#/\xc9.\xc5\x95$\xf4\
E\x8f\xbb|\x92|\xfb\xd3Nup\xf1*\xd3\xa8\x10\
oH\xe6\x82\xd7u'`\xbb\xac\xa9oz\xaa\x1a\xda\
\x9db\x10\x0dN@U\xd2:i\x1fV\xdb\x1f\xd6\xfd\
\x84\x90\xb8\xe6y\xc1\xca\xca\x0a\xab\xab+\x0c\x06\x03\xac\
\x1d\xef\x07\x8f\x8f\x07\xa6^\xaf\xf0^`X{\x1d\xe2\
\x9a\xbc*\xa2J\xbb\xddfjj\xaa\xae\xc8\xad\x0b\xd9\
81\x80\xe0o_E9\xf2\xfb6I\xf0\xce\x91e\
YP\x01(\x8a\x09\xf6t\x02\xd6\xd2\xeb\xf50\xa9\xa5\
\x18\x95\xda\x89\x91\xa5\x0d\xf2\xa2\xc0\x1a\x83\xb5A1\xc0\
9G\x1a\xabp\x15\xe3\xb8\x8a\xd9\xb9in\xbe\xf9f\
\x8e>u\x84\x93gN\x916\x1a\x91!\x1dHOb\
S\xfael\xc1$\x19\x89I\x19\xa8#\x1fx\xd6\xce\
\xaep\xec\xf4\x22\xad\xc3\xc7\x98j7ie)\xfb\xf6\
\xecfzz\x9am[f\x99\x99\xee\x904\xdb\x88w\
x\x5ch\xe9j\xc0BV6\x94\xb8 N\xaf6A\
M\xca\xe1'\x8e\xd0+<B\x8a\xb5\x19\xa5wXq\
$(\x99Uvo\xdf\x12\xda\xde\xa2\x91\xcdm\x11c\
\xb9\xb0\xb0D\xa3\xd9&\x1fM@\xa1fo\xa7i:\
\xac\x84\xd6\x22\xcf&\x9e\x00\x1bOl.'1\x15c\
p\xce!\xd6lH\x8aK$\xa1(J\x10\x82W\xbd\
\x09\xd0\x07%`=m\xb4\xca\xac\x8ec%\x95U\xbb\
\x9b\xfaq\x09\x16[\xb7\xe6\xb4\xd6B\xad\xb1a\xaaX\
+\xa8\xf7\xd8D\x10g\xe3~\xf6\x0c\x06\x03\x8c\xd92\
\xb6\xacP\x8d\x0d\x93\x06\x97\x17d\xcd\x14\xc1\xa3(e\
\xe1\x82\x83\x97\xd5\xda\xcb\x99\x91v\xfc\x10r3\xb2\xbf\
6\x98\x90\x19\x03NC\xf2\xe1\xbc\xa3\x99f\xdcv\xeb\
\xcb\xb8\xef\x81\x87\xe8;G_\x03\xbbW4\xe8\xb9\xba\
\xa2\xc0\x10\xe4\xa4\x00>\xfb\xe9\xcf\xb1s\xfb.\xae\xbe\
\xeej\x8cII\xa3\xdejQx\xd6\xd6zl\x9d\xdb\
\x821\x9e\xb5\xd5.\x9dfN#\xed15\xd5\xe1\xe6\
\x9bo\xe4\xc7\x7f\xe2Gx\xff\xfb~\x99~\xbf\x8f\xd8\
\x94$M\xa2]\xe7h\x22*\x13\xfbD3\x8f\xfbJ\
\xfc\xc0\x15v<p\x17\xf0\xba}\xfb^Q\x14\xe5\xdf\
LM\xd6\x14\x11\xd9\xf4\xca\xa8Q\x1a1!\x9a\x18\xa7\
'[\xdc\xed\xac\xcd3\x87\x9f\xe2\xe8\x13O\xd3L\x9b\
\xd1\xbaxTD%\x1c+\xf5\x05\xaa\x06\x93d\x01\xc7\
i\xb4\xc6M\x87v|\xf8\xec\xf9\x0bgi\xb62\xf6\
\xee\xd9\x1e\xda\xf8#YMhA\xb77\xdd\xce\xc9\x8d\
\xda\xb8s\xb0\xb9\xa7\xbc(\xd1\xfa6<q\xa3\x89b\
\xe5I\xbf\x09\xf1O\x8c\xc4m\xaf0\xa6\xd4\xdf\x1d\xeb\
VMJ\x5c\x8d\x8a\xbd\xfb\xf1\xc4\x14B\xa7\xc6\xa1\xb5\
\xcc\x9bW\xc5;\x8f\xf7\x8as\x1ek\x0d\xa5\xf7,\xae\
,\xa3>\x98N\x04\xac\xbc\x86\x09\xf3\x06\x13\xf4Q\x1c\
l=\x15U\xdd \xb9\xde\xc0>\xb4\x22j\x1aC\x96\
59}\xf2\x1c\xaa\x82w\xba.\x01\xf5\xce\xd7z\xa0\
\x88?\xb1\xd6\xd5\x0f\x9ey\x89&\xa0p%\x09}i\
\x84\xaa\xf8\x0dl\x8a\xe4\x22\xfd\xf3\xb2(\xa8\xce\xaa\xbc\
\xc8i\xb7\xc7\x07\x89\xa0\xb3X\xddp\xcd\x88\xd8p\x8d\
;\x0d\x9f\x8b\x17\xaf\x89\xcb\xe9\xf6\xfb\x14yN^\x04\
,\x9c\xaa\x86\xca\xea\x0b\x80\x0bUU\x92$Y\xe7\xd6\
\xf1B\xc7\xe4E\x1d\xda\xe4J\xbf\xc8C\xfdK\xd6\xfb\
\x0e\xe61\x11\xda\xbd{7\xafx\xc5+8u\xea\x14\
\x0f>\xf8 \xfdn\x0f\xef\xc6\x81\xec\x82g\xb0\xb6\xcc\
\xd6\xa9&\x07^\xfb*\xbe\xf0\xa5\x82\xe3'O\x04-\
Q\xdb\x0c-X5\x11\xcf\x18\xda\xc8N\x82\xdcMX\
\x17\xb0VYs\xca\xeab\x0f\xf1\xab<}\xe2,Y\
\x92\xd2j\xa4$\xa9p\xe8\xe0~:\xad\x0633S\
\xb4\xda\x0d:\x9d\x0e\x16E\xd4`\x8c%K3\x8cX\
\x96V\xbb\x9c\x9d\x9f\xe7\xde\x87\x9f`\xb5W`\x1bS\
u\x86#\xdea\xc4\xb3ev\x9aV3C\xf0\x88W\
\x8cI\xb0i\x83\x81*yYP\xba\x12\x92\xc9IF\
HB\xb3\xc4\x90Za<\xafx\xfe\x95\xd0\x00#\xd0\
!Q\x88\x8d3\x97\xcd$\x96\xea\xf5\x18m\xc9\x8f$\
IR\xbb\x09\x8c\xc7\xf0F\x10\xdb\x961\x09\x0d\xe7D\
\xbc6\xcc\xc5\xc4\xc7`4\xf9\x85P\xa1\xb1\x22<\x17\
\x0f\xf0\xb1\xad\x99\xdcG\x86`\x1b\x8b\xc1\x97\x8e\x99V\
\x8b\x1b\xaf\xbf\x96\x07\x1ey\x94M6\xaf\x8e\xc5\xa5%\
>\xf8\xc1\x0fq\xc7\x0f\xff\x00\xbbw\xef\x8eI\xa4\xc1\
\xb9\x82^\xafG/k\xd0j\xb7\x03a\xaf\xdf%I\
\x83R\x80M\x0c\xaf{\xddk8u\xea\xfb\xf9\xed\xdf\
\xfe\x1d $\xe8\xce\xb9\x0d\xda\xa1q2\x22\x1e\xd0T\
D\xde\x05\xfc\xfa\xf3\xda\x09\xff\x03\xc5\xa1\xabH\x8c1\
oV\xe1U\xce<;\x03\xe4\x8b]W\xaa\xb0\xba\xbc\
\xcc\x83\xf7?@\xbf\xdb\x0b\x02\xf56\x0d\x15\xd2\xf8\x99\
1\xc8\x8a\xf8\xa0L\x22\x00v\xaccPE\xbf\xdfe\
ye\x1e\xd8\x89\x910\xd1\xab;I\x8c\x10\x916\x0a\
\x19\xaf\x84\x8eng\xdd^\x9fl\x18\x8d8\x91\x05\xa4\
Q\xe5\xc62\xfc\xad\xb0\x05U\xfdv\x93\xbd\x17\x11B\
\xb6JR}\xf5\xe0\xc6\x93\xe3I\xfb\xd0uj\x17\x13\
\xe4\xd6QE\x0c/\x88j$\x8b\x05\xea\xa4\xf3>\x8c\
\x1b\xde\x05\xc3\x90\xf8\xf9J5%\x10\xb8F\xee\x19#\
p1\xf5.\xe0H7H~7\xdcY\xf1\x18\xa8:\
\x14\x8b\xaacyy\x99\xc5\x85E\x1a\x8d\x06.\xea9\
\xaf\xdb5\xa1\x0b\xf3\x8b-wr\x99\x97p\x5cIB\
_\xfc\xd0\x82\xe2<\xd8\x0b\xc0\xbe1\xf1\xe7Z\xfed\
\xfc\x0a\xaa\xb0r\xae,\xe9\xf5z\xf4\xfb}VVV\
h4\x1a\xb4\xa2wl\xcd(\x07\xc0\x0fg{q\x98\
\xca\x8b\x9c\xb2t\x91xQ\x06\xe1n\xd58\x93\xf3\x14\
E\x19e^\xd2 \x16\xbe\xaeZu\xb1\x96\xc1\x06\x95\
\x1d\x11\x9cw5f\x15\xbd\xbc\xae\xdd\xe5z\x0d\xcb\xc4\
EX\xaf\xddH\x05j\xb5\xdb\x0d\xc9\xb9\xb5\xebVQ\
} \xc1\xb4\xdbmn\xbc\xf1&\xde\xfc\xe67\xf3\xde\
\xf7\xbe\x97\xa3G\x8f\xe2\x18\xb7\xd5\xb3\xea\x99k\xb7\x99\
\xcd\x0c\x99)\xf9\xc6\x97\xdf\xc0\xb6\xb96O\x1d=\xce\
J\xbf\x0f*x/Xk\x22\x01\x00D\xecX\x0b(\
/+\xecb\x86\xb1\x1e$\xa3\xef\x95^\xb7D)8\
\xf2\xe5{i\xa6\x01\xe3\x9b\xa4\x86V\xabA#Mi\
6[dY\x1a*\xd7bYY\xe9s~~!\x10\
\x98$\xc1xGY\x0c\xb0i \xa3%\x06vo\xdf\
F\xa7\xd5\xc4\xf8<h\x0b&\x81\xe43\x18\x0cB\xb5\
k\x83}l\x08X\xdbf+#I\x0c\xa6,\xc2\xe0\
(\xa15V\xede\x7f\xd9 Q\x9d\xf8\xdf0\xf9\x1c\
%4\xe9%\xf2\xbf\xca\xd5i\xfcH\xaf\xd7A\x0c\xed\
\xf3\xf5\xe7\xa8\x97\xaa\xfd'\xc3\x04\xd8\x06\x99\xad\xbaB\
!a\xa6 \x17\xf1\xd3~\x81]sG6\xb0\xee\xdb\
\x8fl\x97'\xb5\x09\x08\x1c\xdc\xb3\x8f\xd5n\x9f\x87\x8f\
<\x1d>.6l\x8b2v\xf3\xca\xd2\x8cS\xa7N\
\xf2\xa1\x0f}\x88w\xbe\xf3\x9d\xcc\xcen!5\x01\x86\
R\x16%\xddn\x974M\xc9\xd2\x94\xa2(XXX\
\xa0\xd9\xcah$\x0d\x1a\xd6\xf2\x96\xef\xfeN\x96\x17\x17\
\xf8\xc3\xff\xfe\xc7\xa4I\x12\xf7y\xf5gF\xca_a\
\x9f\xa9\x88\x05m^s\xcb\xed\xfb\x9ez\xf8\xeeg.\
~\x14\xffb\xc4\xfe\xe4\xc0U\x92f\xff\x13 *\xc3\
I\xc6\xa5\xe4\xbaF\xa3:\xa2\x93u\xc0\xe3\xc7\x9e\xe1\
\xc9G\x1f\xa3\x1c\xe44l\x12tCG>\x9fV\xd2\
cU\x8bX\x15\x1bY\xf1\xb53\x99\x825\xc1\x98\xa2\
\xdb]\xe1\xfc\xf9\xf3\x88q\xc3\xd6q\xd5J'\xb4\x9f\
7\xcb\x03+\x95\x89*\xd6WB\xcd\xba6{u\xed\
9*\xe6\xbf\xab7X'\xd8\xeba\x9fm~\xbf1\
j('\xee'\xa1=>R\xa9_GF\xd2u\xff\
\x1f\x7f\xcd\x0d!<\x12\xd2OEk\x1c;.\x8c}\
\xce\x97\xd1x\xc3U_\x0c\xf0\x9b\x09\x15\xedQx\x85\
\x18eLv{\xdd\xfe\xdah[\xab\xc9^\xf8\xf0\xf9\
\x0b\xe7YY\x0d\xf7|F\xa0\x03:\x8a\xf7\x11V\xc4\
\xfb\x87\x8e\x1c9\xf2\x92V\xac\xb8\x92\x84\xbe\x04\x22\x11\
],\x85^\xd0?\x19wJ\xda\xe8\xf3\x22\x12\x88#\
^\xf1\xce\xd5Ii\xcf\xf9Zx\xbe\x22,T\x7fn\
\xc2\x1c8\xb4\x19\x0d\xd6&\xc1\xf7\xbbj\xe5SU?\
M\xb4\xfa\xdc\x08\x0f\xfa\xec#\xb4&\x1di\x1a[\xab\
_\xc3\x86\x9d\x8e\xdd\xc0m\xcd\xf4\x1e\x14%CG\x98\
\xf1\xef\xa4iJ\xe9\x1c\xab\xab\xab\xac\xae\xae\xb0\xb6\xb6\
\xc6\xca\xeaj\xc4#N\xe0\xb3\x08\x17\xceTfI\x0c\
\xac\x16=\xae\xd9\xb3\x83\xad\xd3m\x8e\x9c8\xcd\xc93\
\x17\xc8\xb5\x04o\x86v\x9fRi\x93\x9a@\x1a\xb25\
\x02\x1fO \x01\xa9qx/\xa8\xa64\xa6\xb7\x82(\
\x85\x08\x85zz\xab\x05\xaa}T\x97\xd1\xb2b\x92[\
\xacI\x11\x12\x9a\xad&e\xaf\x8f\xaa\xd2l6)\x0a\
\x17\xa4\xa5L\x80\x0e\x18\x8dUP\x81\xee\xda\x1aI\xb3\
\x15|\xd0\xbd_\xe7\x03=\xba\x1f\x1bIh\xe5j1\
\xd4$}\xbe!<\x17m\xbf\x8b\xc5\xb02kb2\
6L\x9a\xc6\xc3\xb2q\xbb\xd0KHL\x9fK\xc5\x7f\
\xa3\xefT\xfe\xeb\xa31n\xc4\xb8~%F\xd7\xab\x8c\
\x86^>\x9e\xaa\xa1K\x913\xbfx\x82\xb3\xf3\xf3\x9b\
\xacHu~\x85\xb6a\xbb=\xcd\x91\xa7\x8f\xf3\x99O\
\x7f\x96o\xff\x8e\xef\xa0\xd1h\xd0h40F)]\
\xc9\xea\xda*[ffIS\x8b:\x98\xbf0\xcf\xf6\
\xed[1\xd2`\xdb\x969\xee\xb8\xe3\x0e\xce\x9c;\xcf\
\x97\xbf\xfcU\xc4d\xb1b5\xc4\x1c\x8e\xfd\xae\x17A\
x9\xb6u\x03p\x12\xf8\x8b\x8e\x0d\x15I\x92w\x1b\
cn4\xd6\xd2/\xf2\x9a\xb1\xfd\x9c\x17\x18O3\xab\
p\xcf\x97\xbeL\xd1\xed\xd3J\xb2\xa0\x04\xe4\x95\x91\xae\
t\x1du\xf1\xc1TP\x1a\xa9\xaf\xbf!\x95\x0e\xba\x83\
>\xcb\xcb\x8b\xe1w.\xcb\xa7=\xbe\x17\xf5\xa2+@\
\xcc\xc6\xde\xeb\xfe\xa2b\xf2\x01r\x14\xefA&\x946\
+\xf8W\x95|^\xec\xfb\x8e\xa03=\xdaI\xf0\xb8\
\x8bN\x836#XAE\x9ad\x02\x221zk\x0e\
]\xa2\x00}\x0b\xd8m\xfc\xf0\xd8\x86\x02\xd0P\x9f\xb5\
\x82\x15x\xd5h\x8b;L\xdc\x87\xb7x\x7f\xc9u\x1c\
\x8d\x85\x85E\x5cY\xe2\x93\xa4\x86\xa3\x8d\x86\x08NT\
s\xfa\xa7O\xf3\x12\x9f\x10^IB_\xfc\xd0b)\
_3\xd3\xe9\xbc\x0a:\xb4^\x81\xc0\x9a\x1dw<\x18\
\x0d1\xb2\x0e+S\x9d\xb8nb\xe0\xb0\x13\x8b\xc8l\
$\xe7x\xc5\xb9!\xf3qx\xeb\x0e3:?\x22\xc2\
2\x1e\x9bk\x06\x85$O\x82lQ\xc4\x16\x06<\xa1\
#1\xa6f\x81\x8fIb\xc4\xac\xc4\x98\xf1\x8br\xbc\
\xbd4\xb2\xfe\x1b\xfc\xbe\xf3\x9e\xd4X\x0ao\x10I\xea\
A@H\xe8\x15\x9e\xb5A\x8eJ\x16\x88>\x22\x8c\xee\
i\xef}\xed\x9b\xdd\xedvY\x5c\x5cba~~S\
C\x80\xc4\x0a\x89\x81,\x11f\x9a)\xf3\x17.0\x97\
$\xdcv\xf5~\xae\xdb\xb7\x8b\x13g.p~q\x99\
\x85\xa5\x150\x96~\xe916\xf8z;\x17f\xfb\xc6\
\x0e\x07VkC\xb6aL\x82\xaf=\xcf5\xe4\x87\xb5\
\x86\x9c\x0d7\x08c\xa8\xfc\x95\x1d\x16\x03t\xf3\x22`\
DE\x83\xa6\xa45\xb8\xa2`ff\x8e=;w\xa3\
\xcea4\xd8\xf9eY\x86S\xa5?(X\xebu\x01\
\x09r\xad2B\x0c\x10\x03^\xe94[\xb8~I\xe2\
\x02\x867\xd8\xdb\xc7DD\x0d\x9b\x8d\x93\xeb\x9c\xaf\xc7\
n\x10Q\x90\xde\x0f1\xccA\xc6H\xf1\xf1\xd1\x95\xae\
\xc6\x0d;W\x8eM\xa8\xc2$l\xfc\xa64&\xa3\xa4\
lJ|\x133\xee\x0f=z\xc3\xad\x12\xd1p<\x12\
\x9c\x0e\xaf\x8b$M)\x8a\x1c-=I\x9a\x047\xae\
\x8b%\xad\x1a\xc8Tj,&\xf5\xa1Za\x18b\xfe\
\xdc\x10\x83\x1d\x94r\xc2c\x96\xb6)\x5cI\xab\x991\
\xbf\xb8\xcc\xc2\xca\x12K\xabk\x9c>\xbf@\xb7\x9f\xd3\
\x1f\x148\x130~\xd5\x9e\x86au\xd8\x98d\xecz\
id)\xf7|\xf5A\x9a\xcd\x0eo|\xe3\xb7\xd2h\
\xa6\x94\xa5!k$\xe4y\xce\xc2\xf2\x02[ff\xc1\
\x08\xbd|\xc0\x85\xc5yvl\xdbN\xaf\xeb\x99\x9aj\
\xf3\xe3?\xfec\xcc\xcf/\xf0\xd0\xc3\x8f\xd3juP\
\x1bvpU\xc7\x8ec\x93&i\x22\xa0\x09\xea\x7f\xee\
\xda\xdb\xde\xf0=O\xde\xff\xb9\xb3\xfc\xc5\x0d\xf9'\xff\
\xf9\xdf\x1d\xc2\xda\xefBHJuR\x11\xc9j\xbe\xdd\
\x06\xf2La\xe22\xa9%VuL\x12\xac\x0f\x15\xfe\
\x87\xee\xfe*\xf3\xa7\xce\xd2 h\x8d\x9a\x11fxe\
%P\x15\x1d\xc4\x8c\xdf\xe2\xd5W\xb8\xe88!\x8b\xe3\
|\x9a\xa4,,,PD\x97\xb4\xaaj\x1e\xbe3\xec\
6\xac?\xdf\xed\xc8Z\xb2.\xdd\x19z\xa0_<\x0f\
\x1a&\xc9\xe3\xfbD\xea~\xfeE\xbe\xab\x8acB\x17\
X\xc71\xcb\x93\xbf?\xa9\xbb\x1dP9\xd5\xbe\x0e\xdb\
l&\xd6'\xe8F\x07=\xe3R\x22\x5c&b5m\
\x92\x82'\x98\x03\xc8\x103_K\x85\xc6\xf1b\xa8C\
\x1a\xef\xdc\xf5O\x0c\xbb\x1e\xf5\xb6Ol\xa7\x8fE\x04\
\x8bp\xe1\xc2yJ\x17\xb4\xc2''\x09Q\xedC\x8d\
\xc8\xbf}\xaa\xdd~\xc9+U\x5cIB_\x02\xe1}\
)\x06=\x85\xca\x05\x90\xed\xd5H\xf4l\xa5\x9a^\xca\
QUA\x17\x97Wc;H\xb1\xeb\x05v\x99$<\
<\xb7\xdf\x1a\xfd\xbeA\xc5\xb0\xd6\xeb\x91\xbb\x88\xaf\xc3\
\x8c89\x85\xf0u\xf2\x1e\xc88KK\x8b5\x8ev\
\xdd\xf2\xbdb\x93\x04\xf0\x08B\xd3Zf[\x0dVW\
W\x81>3\xad)\x9a{w\xb2w\xe7VV\xd7\x06\
\x9c[\x5cbai\x8d\x95\xee\x80^Q\x90\x98\x80\xcd\
\x0b9aP/\xf0U\x9b\xd9\xd8\x11\xbc\x92Y7t\
+&\xe4\xa4j\xea\xf7\xbd\xfa(\xc54\xacm\x18\xaf\
\xa4\x89\xe5\xc0\x9e\xdd\xc1\xaa\xb3\xe8\x86w|\xc0a\xaa\
\x11\xfaE~\x11\x1dX\x8f\x98 \x86\x8c\x0f>\xd6\x95\
_@]\xcd\xa9*\x04\x13\xf1\xc2V9\x9fM\x8c\x90\
)\xec\xe6C\x9b\x85\x0d\xab\xbf\xfe9V\xfc7\xae\x84\
Jm\xd9Y\xe9\x17z\x1f\xa5\xca\x8c`2S\x13\x1a\
\x02\xe68\x18\x1ft\xf3\x82\xe5^\x8f\x13O>\xc5\xfc\
\xe22\xe7\x16\x17\xc9\xcb\xa0\xfb\xeb\xc4@\x96\x11\xcei\
;\xa6\xd5X\x13\x0e%\xb6\xcbGB\x04\xbe\xfc\xe5/\
3\xb7e\x86o\xf9\xe67\x00\x1e\x97\x87\x0eJQ\x94\
\xac\xf6\xba\xccLM\x93\x00\x83~\xc1\xf9\xf3\xe7\xd9\xb5\
}\x07\xd3\x9d)\x0e^u\x15?\xfe\x13?\xce/\xfe\
\xd2\xfbY\x98_\x0a\x0eS\xc6\x8c\xd9\xd9G\xc2M\xd4\
\xdc7W%I\xfa\x0f\x80\xff\x9d\xbf\xa0\x04\xa5\xbf\xf6\
k\xbf\x96\x90d?g\xe0V'\x88\xfa\xa10\xd2P\
/\xf6\xf2\x97g\x00\x97\x17\xa46e\xb0\xda\xe5\xe1\xfb\
\x1f\xc4\x0fr2\xcc\xc5k\x5c5f\xbb\xd24\x1e.\
\xb1\xaa,\x8e\x9e\xf1\xcb\xcb\xab\x18\xb1\xa8\x0e\xa1W\x97\
\xd2\x89\xae\xc6\xc8\x17\x02\xe7\x7f1\xd4\xec\xb3\xbf\x15^\
\xfe\xb5\x5c\xe15/fo\x1a\x94\xca\xfc\x90(5\x82\
\xf1\x0c6%CLzU\xf1|~QUv\x87\x97\
\x90D\x97\xba\xa2,XXX\xac\xdd\xde6\xde(\x96\
\xbc\x17\xbf5\x9fn\xceC~\xe9\xdf{\xf1\xe2J\x12\
\xfa\x12\x88\xa7\x9e\xba{\xe5\x86\x97\xbf\xf1\xe7\xb1\xdc.\
0\xa7\xf0\xfc5\x84\xbe\xd6q\x09!\xddu-O\x0d\
7\xce\x85\xa5\x15N\x9f=\xcf\xd5;\xb7\x85\xf6t\x5c\
N%j,\xfc\xff\xd9\xfb\xf3h\xcb\x8e\xfb\xbe\x0f\xfd\
\xfc\xaaj\xef3\xdc\xb1o\x8f\xe8\x11=`\x9e\x01\xce\
$@\x90\x92(Q\x12e\xc9\xa1\xa4x\x90\x15;\xb6\
\xe4\xe49\xf6K\x9c\xbc\x95\xf8\xbd\xb7\xac\xe7\xb7\x92\x97\
\xc4/~\xce \xc9\xf2\xf2$\xca\x8a\xed0\xb6c9\
\xb2DJ$\xc1\x99\x00\xd8 \xc6\x06\xba\xd1\x0d4z\
\xee\xbe\xb7\xef|\xa6\xbdwU\xbd?\xaa\xf6>\xc3\xbd\
\xb7\x07\xa0\x01\x02d\x17\xd7e\xe3\xdes\xce>{\xd7\
\xae]\xf5\xab\xdf\xef;\xc4\x07\xbd\xf2\xe2~k\x93[\
y\x1e\xcb\xab+\x14y\x8e\x97Z\xb0\xbd\x1ba\x9f\x96\
\x98\xd0\xd2\xc6\xf4\xec\xd9\xb3\x95+\xce\x1ae\x00,\xb5\
Z\x82(\xd0:\xd8\x8a\xfaf\x93^\xafG\xbb\x9ba\
\xdb\xad\xc0bt\xb0mj\x8c\xa9F\x0d\xbbC\x93[\
\xc7\xf2j\x8b\x85\xa5%\xe6W\x16\xe8d=z\xbd\x0c\
O\x8eW\x1a\xa7L\x00\xe6o4\x81y5\xe0\xce3\
\xa0\xd9Y\x05\x83.\x06\x8b\x0ec\x0b\x0e\xed\xdd\xc5\xed\
\x07\xf6\x80-\x1d\x89B\xb3\x04\xe7\x94n\xb7\x1bpM\
\x1e\xd0\xc1\x83\xbe\xf407\x0aD9\x9a\xf5\x14\x87\x0d\
X(\x5c\x1fS\xb9Frh\xb8\x8d\x06\xa2\x83\xa52\
%j\xc3\xe8\xc4G\x96\xfe[- \xadW\x0e\x1fl\
v\x8dn(\x04\x86\x85\xae\xf0\xcaWZH\xae\x9df\
\x126A^i\xf0\x9e<\xea\x85y\xaf\xf1\xa2(p\
x\xe5\x99_\x5c`yy\x99K\x97/\xd3\xea\xb4i\
eY\x08`uJ\xd20!\x0b\x8e\x04\xe6pt\x8f\
\x12\xa56(S\xba\xe1\xf3\x8c\x8a\x08_\xfd\xeaW\x19\
\x1for\xef\xbd\xf7\x06\x952\x09\xd2X\xedv\x07#\
\xc1AI\x94\xd0\xeef,\xad\xb60IB\xadV\xe3\
\x91\x87\x1f\xe4\xcf\xff\xf2\x9f\xe3\xef\xfd\xe6o\xd1\xc9z\
\xf8\xc2\xa2L\xa3\xc4\xfcD\x02D\x99\xfd\xf13^\xf8\
\xf3\x07\xee\xfe\xe8\xff\xd22+\x97/>\xff|\xeb\xad\
\xdd\xc9\xf7\x5c\x93zQ\xfcM\xa5\xd5'D)\x11\xbc\
8\xe7A\x8d\xc8j\x8d\x10\xeeF+.\x83\xb8L\xf1\
\xe0\xac\xa3\xb0\x19/}\xef9\xce\xbcq\x8aIu\x15\
\x03\x92j\x5c\x5c\xdb\xfc)\x22\x5c\x9c\x9d]\xa3\xc7|\
\xa3\xccJ\xde\xe9v5m\xdf>\xc64V\xcbn\xc0\
%\xde\x98\x94c 5\xf5[\xc4\xf6:\x17*]\xce\
\xd1\xcd\xba\x5c\xb8p!&B6\xb8~/\x13\xe0O\
\xcf\x1f\x7f\xf2]\xff\xfc\xdd\x0cB\xdf\x1d\xcd\xb7m\xef\
RC\xd7\x8f\x00\xfb@\xa6\xae\xfe\x18\xbd\xdb\xdb0a\
\xc4\xfb m\xd1\xcas^=y\x9a=\xdb\xb7Vd\
\xa2JBYb\xec9\xc0\xb0\xdcHd\xf8\x8a-B\
\x00J\x99\x13\x87\xa2\xd5\xed\x91;\x0b&\xfa\xd4\xac\x87\
\x09r\xae\xca\x84...V\x92\x18\xce\x0f\xbb=;\
\xe7I\x12S-\x1aI\xa2\xd1R\xc3\xf9\x09\xdc\xd2\x0a\
\xad\xd56\xce\x07\xedFe\xb3\xf0Y\xa3pZ1\xb9\
e\x92\xbd;f\xe8\xe5\xbb\xb8\xbc\xb8\xc0\xfc\xe2R\xc8\
~\xad\xf6\xe8ZK/\xef\x81\x98\x0d\x82\x9c\xb2\xe44\
(\xd7\x15\xcb\xf8\xb1L\xa4\x10\x0c\x05\x07v\xdf\xc2]\
\x07\xf7RW\x9e$(\xa7\x8e\x1cK\xd1\xcb3\x9c\x1b\
\xc1Nz\x15\x0d%=^\x04\x13K\xf7\x85\x0a\xb8\xac\
j\xf7_\xee\x11\x06\x8f8\xf0\xcb\xa8\xff\xb4\xc7o8\
\xd1\x97\xc7\xba2^\xae\x5c,\xd45\xac\x18\x8a\xacg\
Y/\x11Wf\xc9\x87\xf0[\x04\x89\x18\x15\x03\xf1\x1b\
\xa1\xdd\x10F`\x99u\x8f(b\x09j\x14\x05\xc2\xe5\
\xc5\x15VZ\xab,--\xb1\xd2Z\x0d\x04\xc3\x98\x99\
V&\x05\xdd\x0c\x5c\x5c\x0f\xb6\xf0\x98Zi'\xdb\x9f\
\xb27\xca`\xafG\xd4\x12\x11\xba\x9d._\xf8\xc3/\
266\xc6\x9d\xb7\xdf\x811A\x035\xcb2\x16\x97\
\x96\x98\xf4\x9e\xf1\xf1\xa0\xb2\xb1\xb8\xb0\x88\x88b\xfb\x96\
-x\xe5\xf9\xd1\x1f\xfd\x11VVW\xf8{\x7f\xff\xb7\
pVQ\xd7\xb5\xf5g\xa8\xb0A\x9aIS\xf3\xc7\x09\
3\xff\xdb\xd8\x81G\xfe\xf6k\xaf\x1d^\xe6]\x8eK\
\xbb!\xed\xd7~M\xfd\xf5[n\x99q\xde\xfe5%\
j\x0c\x90\x8d\xaa)\xd7\xd3T\x84\x18\xe6\xdd.\xdf\xfd\
\xceS$r\xfd#4\xe8\x8a\xfa\x11\x19=\xfaJ\x1a\
JX^^\xae\xb2m\xe5{\xca\x9f\xabm\xbaF\xaf\
\xf3j\x99\xd1\xb7\x1a\xd8^\x8f\xd6\xc0[\xc1\xe1\xbe]\
\xc7\xddH\xbe\x09\xe8cG\x07\xfa\xd4G\x05\x8e\xc2{\
\xb2<c~~\xberu[\xbf\x83\xe8*\xdc\xbb\x9a\
\x15_\xb6\x9bA\xe8\xbb\xa3\xf93G\xbe\xbdx\xdb\x03\
\x8f\xff3Qr+\xc2\x07+\xd8U|}\xf0\xcd\xeb\
\xb1\xe5a$P\xbb\x8e\x07DD\x05\x91td\x00\x92\
$\xd7w\x18?Z\x02\xeck2\x82&I\x04\xb4\xc6\
\x15\x86#\xc7_c\xb2\x91\xf2\xc8}\xf7\xa0\x10jI\
\x0a>\x88\xb3\x8bX@\x0f\x92o\xc3?#\xc1h\x99\
Y\x1b\xccV\x89\x08\xbd^\x8f</*px/\xf7\
\x90\xc2\xd2\xe2\x22^4\x85\xcd\xd0\xba\x1e>\xeb\x87\x83\
\x91$I\x10\xadHj5\xce\x9d?\x13$1D\x91\
\xdbb\xc0\xb6M\xe1\xbc\xa5\xd1\xac#\xe2\xc9\xb2\x1e\xe4\
9\x89\x11&&\xc6\xa87\x1b\xb4Z]\x96/\xcf\xe3\
r\x8b\xb5\x05\xb5Z\x8d\xc2\xf5\x90\xa8\xebF\x0e5\x03\
\xb7lj\xb2mz\x8c\xc2k\x96[]V\xbb=\x16\
\x97WYmw\xe9t\xdaQ\xa7.d\xb1\xac\x0b\x18\
\xc9T\xe9\x90U\x1bh\xca;\x8cR$Z\xb1u\xeb\
f\xf6\xdc\xb2\x9d\xfd;\xb6\xa3}\x81\xd8.\x0e\x17\xbc\
\xc9\xa5\x1f\x18\xf5\xf2\x82\xa5\xa5\x15\xf2\xac@L\xbd*\
\x1b\x97\x99\xe9^/g\xbcQ\xa7\xd5\xcb\x18\x1f\x9f\xc6\
9;\x94\xfc\xcez\x9d\xe8\xb5>\x10h*\x19\xba\x1f\
\xce\x05B\x9cs6\x98*\x94\x8a'@\xda\xa8\xa1\x9c\
\xa7[\xb8\xe8g=,\x96\x9fFC\x01-\x09\xbdn\
\x8e\xb3\x8eF\xda\xa0\x93u\xaa\xcd\xc1P\x1fD\x02\x99\
u\x0e\xef\xc0n\x10\x8c\x8d\x0e\xe8J\xaa\xac(\x10o\
P*\xb8E\x09\xc1\xcaT$\x94\xack\x89\x09\xda\xa4\
\x12\x16\x88R\xf5@yh\xa45\x8a\xa2\x08\x98/\xa5\
(\xfd\xdf\xad\x22\x8d\x00\x00\x80\x00IDAT\xb4\x17\
[-\x10G\xd1m\xd1\xebuh\xad\xb6YZmQ\
 tz9\xb9\xf5A\x99B)P\x06\x12\x13\xef\x11\
\x95\x83\x98\x107f^E\xfch,\x7f:\x15\x9f\x89\
\x90\xcd\xd4i\x82\xd1\xd1\xfb\xdb\x98\x0a\x13\xe8\xe2\xb3\x19\
\x08\x87\xc2\xca\xca*_\xf8\xc2\x1f1\xde\x1cc\xdf\xde\
\xbd\x95\xea\x85#\xa8G\xa0\x84\xf1\xe6\x18\x96\x9c\xe5\xe5\
U&\xc7\xc6\x82\xa2\x85q\xfc\xc4\x8f\xff\x18\xaf\x9dx\
\x95?\xfa\xa3\xaf`m\x8eR)\xce\x06l\xb3+\x1f\
\xf8\xb0\x95\x04\xd4A%\xfe?L\xc6'\x9f\xba\xfd\x81\
O\x1e>\xf6\xdc\x97/\xf0\x03^\x9e\x7f\x1cTM\xa9\
\xff[ml|Li\x8d\xf5\x8e\xc4$\xc1x@\x86\
\x0355\xe0\xc3\xeb*Lb\xa9\xc5\x1a\xa0!\xe2<\
\xa2<\x1a\x8d\xd2\x86cG_de~\x81\x89\xb4\x1e\
\xec+\x06\x87\xf7\xc8\x8e\xa0\x1c\xd7k\xe0<\x95\x98\xfd\
\xf0\xef\x82fqq\x91v\xbbMjT|n]\xf5\
\xac\x15#\xe2\xed\xd7\x1b\x94\x8e\xb6\xb7Z\xbe\xdf(\x88\
-\xbfu\xc8\xd3C\xa0\xb0Y\xa8j)\x1d\x03\xbc\x91\
\xe3\xa9a|\xf7\xa0d[y\x8c\x0a\x0e\x1f\xbf_\x89\
`L\xa8^9$\x06\x89\x81\xa8\xe4F\xe7\xa7\xab\xf4\
\xd7`\xffJ\xec\xef\xe1>Vd\xbd\x82F\xb3\xc1\xc5\
\x0b\x97YZ^@k\x82\x02\x8bs\x03\xeboy\xce\
n\xd9c\xbf\xc1{\xe0\x99\xbb\x19\x84\xbe{\x9a\x97\x0e\
\xdf\xf1M~\x1f\xd8\x0b\xb2\xf3\xbd\x9f\x0d\x1d\xbc:\x05\
\x0aT*('<\xf7\xcaqz\xbd\x9c\x07\xef\xbf\x0f\
\x8cB\x11<\x8eC&*\xb84\x0df\xd6\xaa\x92U\
\x0cF\x95\x0b\xba\x8c\xeb\x05\xa3e \xe3\xbc\x07\xa5\x22\
\x01gP\xa5\xc2!.H\x95\x94\xf3N)[T\xab\
\xd5\xf0\xde\xb30\xbfP\x91`F\xb3\xa6\xcaC-b\
\x0e\xbd\xf7(%A\x22E\x85`krr\x9c\xe9\xb1\
&\x9dV\x9b\xd5v;(\x11D\x89\x0f\x9c\xa3\xf0\x16\
W\xd8\x18T\x18\xb4\xd2\xcc\x8c\xd5\x98\x1eo\xb0k\xeb\
4xE\xe1\xa0\x93\xe5t\xda\x9d(\xa5\xd4\xc1{O\
\xe1C\xd0\xd1\xeb\xf50F\x93\xa6)\x89\x16\xb6n\x9e\
a||\x9c\x99\xe9IR#h24\x05*\xa8\xd8\
\xe1$\x04z%\x83\xd6\xe6\x05y\x16E\xeb\xd7dV\
\x14J\x19\x0a\x07\xaf\x1c?\xc1\xf9K\xe3L\x8f\x8f\x91\
(Mjj\xa4JS\xafiD\x85\x8d\x8bF\x91$\
)\xd6y\xf2(\xf5e\x12\x83WQ\xaaD\xe9*\x18\
\x0a\xf7\xc7\x91\x159\x0e\x85\x8d\xeeV^\xc2\xc2\xec\xa2\
\x1c\xca`\xcb\xa23Iy\x9eJ\x85\x8c\xe5\x95T\x1b\
\xc2{\xaf}\xa1\x13q\x95\xfcS\x90.\x8c\xff\xca\xfa\
RM\xceY\xf2\x22\x8f\x99#_\x8d\xcf\xe0%\x1d0\
\xc7\xc7^?\x81\x8e\x0eX\xd6\x05\xfb\xcf\xc2y\x1c\x91\
4\x17\x83O\xaf\xfa\x9b\xbf~ve\xb0\x8a`\xab\xa0\
\xa0\xd4\x03\xf4\xd1_\xde{\x8f\xb3a\x5c\xa8z\x1d\xad\
\x14\xce\x15\x0c1\xd8+\xb5\x00\x8d\xf7p\xe1\xfc\x05\xbe\
\xfc\xa5\xaf\xf03\x7f\xe2\xa7i4\x9a\xd4\xeb\x8aN\xa7\
\x8ds6\x18:(\xcdX\xa3A\xd1\xcb\xb8t\xe9\x12\
\x9b6mB\xa9q\x924\xe5\x97\xff\x83_fe\xa5\
\xc5\x93O}\x0f\xe7\x0a\xb4\xd1\xd8\xc2E8\x87\x88\xaf\
\xc0\xd6V\xbc\x97mJ\xf1O\x10Y\xb9\xf3\xfeO\xfc\
g\xabE\xf7+g\x8e|{\x81\x1f\xb0\xac\xe8g~\
\xe5W\x9a\xe3\x13;\x9b\xa6\x9b\xfd\xd76/\xfe\xfc\xd4\
\xf8\x84\xac\xe4\xed0F\xdf\xc4\xf1\x94\x0f\xd5\x16WX\
\xb4\x11j\xb5\x94\xe5\xe5E\x9e\xfe\xd6w0\x91\x8c\xb4\
^v\xe0J$\xd6\xd2\x19\xa8\xb4w\x1c\xcd\x84\x02\xb4\
[\x1dZ\xad\x0e\xe9\xd4\x18E\xd1\xd7\xc9\x1cUV\xd9\
\xe8\xf8\x83\xed\xed\x0eR\xaf5\x13Z>W:V\xb7\
\x8c(\xa6\xa6\xa7\x82\x98\x86[{\xceo&C[\xe2\
\xe5\xaf'\xe7}%M\xe12\x03:|.\x12+5\
\xc2\xe2\xe2\x22y\x96\xa1\xd4\x15Q{\xff\xbc\xd3MK\
\x92\xc5\xbb\xfay\xbb\x19\x84\xbe{\x9a?v\x8c\xc5]\
w\xba\xdf\x1ak\xca.\xe0\xcfx\xe7'\xcb\x17\x07\x1f\
:\x1f\xda\x15\xc5\xec\xdf\xf16\x82\x11-\x11\x88\x15\x00\
~`\x915*\xa1\x9b{^x\xf5$\x97\x16W\xb8\
\xeb\xf6\x03\xec\xdc1\xc3x=\xa1Q\xab\xe1|F*\
!\x1b5\x18hT\xbb\xfb\x91\xc0\xd3mP\x96\x0c\xea\
C)\xed\xd56\xddn7\x04}.\x96d}\x08.\
+'\x1bk1i\xca\xf4\xf44\xbd^\x8f\xf9\x85\xf9\
\x01\xc2\xc7\xda\xe9\xa5\xd1\xac\xa14\xd8\xdcG\xe1\xf5P\
\xc6\x0a\x13\xbd\xc5yOml\x8c\xe6\xe4D\x10\xfe/\
\x0a\xb2,\xa7\xdb\xed\x92e\x19\xbd^\x0f\x8f\xc5\xbb\x02\
gsr\xdb!1&f\xb4R\x9c2\x8c\xe9\x04\xd7\
\x08\x13M\xb3\xd9\xc4Z\x1b\x9d9|$Gi\xd2\xd4\
\x90hE-\xa6j\x9d\xcd\xc1\x06\x8dW%>\xf4a\
d_{ W\x81\xb7\x9e[O'\xcb\x11\xad\x83\xfb\
\x94\x0ee\xf9\x8a\xecbj,wZ\xb43\xc7\xdc\xd2\
rp\xe3Q\x9a\x9ai\x92h\xa1\x9e*j\xa9\xa1^\
\xafSO\xd2\x80\x815I\xa5\x03\xab]\xb4\x1c\x8d}\
\xa8\x06\xf1\x8b\x12\xd5%U\xc0\xdb\x9aZ\xd2g\xcc\xc7\
)spA(\xdd\xbb\xca\xa6\x94\x1e\xc9Z(\xbc/\
\x03\xaf0\xefj\x15\x1c\x956*\x99\xad%O\x09Z\
)\x94Vh\x0d\xe2]\x88\x11\xd1\xe8u\xd6\xc3</\
*\x993\x88:\xb5.\xb8&\xa1\x04\xaf\x15Y\x1e\xf2\
\x99\xa2\x03\xb6\xd3\x13\x9c\xbe\xac\xf5h\xfa\x90\x8b\xb5\x01\
\xe8\xe0y\xba\x98\xd5\x09\xfa\x84\xce\x15\xd5\x22\x95\xe59\
i\x920\xbdi\x86=\xfb\xf6\xb2if\x13\xa7O\x9f\
\xe6\xf4\xa9\xd3\xa4i\xda\xefk\x91*S\xec\x22\xee\xe5\
\xe5\x97_a\xd3\xcc\x0c?\xf2\xc9\xc7\xc3F\xc6\xd4*\
\xfb\xd4N\xa7M=IH\x92\x84N/\xc7/-2\
>\xde$I\x12n\xd9\xb6\x8d_\xfe\x0f\xfe\x1c\xaf\xbf\
q\x9aSg.\xd0h4P\x89\xaet\x0f\xfb\xb6\xc3\
*|\x91\xa8iD&E\xcb\x7f7\xa6\xc6\xff\xab;\
\xee\xff\xd4w\x8f>\x7f\xf9L\xb4\xf7|\xa7\x16\xc7\x0a\
s\xb2{\xf7\x87k\x93\x93K\x16\xa6\xc6\xb3l\xb6E\
s\xf7\xd6b\x99\xb9l\xf3\x8a:w\xf8p\x87~<\
q\xcd\xe7\xb62\xb7\xf0\x93\xad\xc5\xd6\x96N\xd6\xfd\xd3\
{v\xef1\x0aY7PTJ\xf5+;v@w\
\xb8\x1c\xebQ\xb8=x\xc3\x87gC\xe3)\xb2\x8cW\
^x\x89\xe5\xa5%&\xd2z\x90L\x0b\x9b\xbd\xc1\x94\
f\xf8\xffR\x87\x09\xae\xb8>Ts\xe6@zoy\
y\x99\xe5\xe5e6M\x8d]Q\xc2(\x1e\xfb\x1d\xba\
u\xd7\xd7\xaa\x9bW:&U\xaa\x99\x9e\xe5\xe5e\x8e\
\xbd\xf2\x0a\xf7\xde{/[\xb6\xcc\x90&\xf5j}\x91\
RI\xe5:\x02Q\x19J\x92(\xb8\x01R\x86\xb0\xbe\
n)x\xb46\x88(.^\xbaH\x9e\x17\x81\x8b\xb0\
~\x9e\xca\x0br\xe7\x05\xce\xbd'`07\x83\xd0w\
U{\xc2\x9e}\xe5\x91\xe5\xdb\x1e\xdc\xf4M%\xb2\x0d\
\xf8\x19\x8f_\xb3\xddy;\x82\xcfw.\xe7\x1a\x82 \
\x9d\xd6\xf1E\xc1\xe5\xd56\xdf>\xfc,c\x8d\x84}\
{v\xb1\x7f\xdf\x1ef&\xc7\x193\x12v\xfd\x12J\
\xc4\xc1:\xce\x05\x9bBJ\x1eD\x7f7_\xae\x1a\x83\
\xd7\x11\xb05\x9a^nC\x86\xcdo\xbc\xb6dY\xc6\
\xc4\xc4\x04\xd3SS\xb4;\xedh\x91)\xebd\xdb\x02\
q*M\xd3 \xc0\x0f!\xe8\x88\x84\x13\xf1\x12t\xeb\
Da\xb1\x11\xe3\xa7QF\x936\x1aLo\x9a\x06\xa0\
\xe8uC\x86\xaf\x13\xfem\xad\xb6\x00\x8f-z\xe4Y\
\x0ft\x82V\x06\x15\xb3sE\xd7\xa2\xb4\xa2\xa6B@\
\xe7T\x90\xbc\xf2\xbd\x8c\x0c\x87\x18\x1d\x02_\xa3H\xd2\
\x14\xf1\x96\x0a\x0f\xe8\xc1\xe3p1\x93\xe8Q\xf4\x5cN\
V\xd8\x88Y\x1cq9q\x9e\xdc{j\x8d&\xae\xc8\
PJ\xc7c\x08=\xe7\xe89h\xe7=X\xb5\x95\xc4\
\x928\x8f\xd2\x8a\xc4$\xc1B6\xfe^b-\x9b\xb5\
\xfaP\x1f\xa6F\xa3\x92 a4;\xbf\x186\x08\xda\
#x\x8cIC(9p\xab\xba\xdd\xe0\x0fVj\xd8\
\xda\xa8t\xb0Q6TTH\xaf\xf6\x9f\x14\x19\xce\x8b\
\x0e\x0a\xa1E^M\x90\xed\x8a\xd2)UVt}<\
\x9cs\x96<\xef\x0d\x95\xfdD\xa9\xca\xee\xd0z\x87\xd7\
\x02\xcaT\xbe\xdf\x8e\x10\x04\xfa(\xd528\x12\xd7\x06\
\xa0!,/u\x16{\xbd\x0e\xb5Z\x8df\xb3A\xad\
V\xe3\xe0\xc1\x83\xec\xdf\xbf\x9f\x83\x07\x0f0=\xb3\x85\
\xf1\x89\x09\x9a\x8d\x06\x97/_\xe6\xf3\x9f\xff<\xcf?\
\xf7bu\xff\x833\x94\xc1\x111\xce.\x88\xdc\x7f\xfb\
\xdb\xdffb|\x82G\x1f\xfd\x08\xda\xe8\x005q\x05\
\xce9Z\xed6SSS`\x85n'\xe3\xf4\xb9\xf3\
\xec\xd8\xba\x85\x89\xc91\x0e\x1c\xd8\xc7\xaf\xfc\xea_\xe4\
o\xff\x7f\xffG\xb2<C\x94\x0e\x0bp\x7f!\x1f.\
\x1fx\xaf\xbc\x97\xfd\x22\xfes\xca\xc8\xbf\xbc\xeb\xa1M\
\xdf\xccy\xf4\x7f?\xfe\xbd\xaf\xcf\xf1\xf6,\x92\xb17\
\x1f\xd7\xf7\xddWLH\xbd\xf91\x8f\xdb!\xa2?\xe6\
\xf0\x17\x9d\x1d\xfb)\xb4ZI\xfd\xe4\xb4\xf7\xf6B\xb2\
U\xf65\x99Y\x9a~\xff\x8f\xfc\xb1s\x9c\xd3\xe2|\
\x9e\xfb\xa7\x8b\x95\x95\x17\x8a\xb1\x86J;\x17\xda\x8bZ\
\xa7sG\x8f\xae\x0c~\xc9C\x1f\xfc\xc4\xff3i\xd6\
\xb6\xae,\xac\xfcj\x9eg\xb2\xb8\xbab\x8e\xbd\xf0\x12\
[\xb6l\x09\xfc6\xe9\xbb!\x97\x0a\xd0\x83\x10\xa0+\
5\xa55\x8dZJ\x91ui-,\xf3\xea\xcb\xaf`\
\x5c\x94\xb0se\xac\x89\x17\x11\xe7\x03\xfb9\x03\xe6\xc4\
\xd3\xf0\xc8f\xa0\x162\x15\xd7\x8e\xa8jw:\xb4\xdb\
\xedx\xcb\xde\xf5\xb1\xcbu5\xa5\x14IbX\x5c]\
\xe1\xf0\xf3\xdf\xe3\x9e{\xee\xe1\x96[vP3\xf5\x8a\
\x04\xd6\xdf\x98\x0a\xb9\xf4\xef\xd3\xf7O\xed\xa3:\xfb0\
\x9f\x9a0?\x05\xbc\xf6\x15o\xabX\xfc\xdf\xe1\xf8\xd4\
\xbb^\x9e\x09n\x06\xa1\xef\xb6\xe6\xe1p\xde\xba\xf4\xc8\
\xff\xd1\xdc2\xb9\xaa\xb4\xfa\x04^6\x81\x97\x11\x0d5\
\xef\xfd\x90tC\xd8\xf9\x0e,\x88z\xbdC\x0f4w\
\x95'\xab\xccZi\xde\x5c\xd3\x03Y\xaf\xfeqT\xf4\
[Q\x01i\x9f\xa4\xe4\xdea\x11Z\xcb9\x17_<\
\xc1\xf3\xc7N\xb3}\xeb\x16\x0e\xee\xdc\xc6\x8e-3l\
\xdd<C=5!\x00\xb5\x05\xce\xe5\x94\x81`Y\x96\
\x05\x82U\xa6@7/p^p\x85G\x8b\xa1@\xb8\
8{\x99,\xcb\xf0h\x88\x16\xa6!\xc7\x10t\xdc\x1c\
`\x8c\x22m\xa4$\xa9\xe1\xf2\xe5K\xa1\xfc\xed|\xc5\
\xa2\x0c\xb2s\x16\x9d\x08u\xad\xa87R\xb2,\x0f\xf8\
@_j\xca\x85r\x89\x19`VU^\xc6.dI\
]t\x1bR\x89\xa1\x9e\x18\x1acc\xe5=%\xcbB\
\xd99\xcfs\x0a\x07\xd6\x16\xe4yA\x91g\x90$\xb8\
\x02|\x19\xf8\x96\x99\xe6h\xcfgU\xd0-\xed\xf5z\
(\xad1\x03L\xf7p?C \xea\x01+\xb0\xd2\xed\
\xb0\x92u)\xbc\x04\xfd;\xe9SZD\x09\xca9|\
\x114V\xa5*\x01\xf7\xb1\x8a\xd6\x83\xf2\xa6\xaa\xf8\x96\
9\xc8\x02\x22\x0aI\xc2/\xb1\xacw\xb9\xd5\x1bX\xd8\
\x1c\xae\x1c\xbfJ\x82\x9b\xd4:r#^I\xf4\xbe\xf6\
\x9c=w\x96{\xef\xbb\x1b#\x9a\xac\xdb#It\xcc\
o\xc5\x8d\x82\x04\xdc#*0\xef\x9d\xb7\xe0\xfbd(\
Q2\x14\xd4\x0e=O\xc4\x8c#B\xc9_NMB\
\x96u\xd1i\x1a\xa5\x95\x02\xde\xd2{Ocb\x8c7\
N\x9f\xe5\xf4\xd9\xb3$\xb5\x04\xeb\xf2\x8a\xa9\xaa\xd0\x03\
e\xbe0~\x5c\x1c\x0c\x85\x0d\x81\x9a\xd6\x0a\xeflE\
\xfa(\x8a\x02-\x82\xd1\xa14\xdf\xeb\xf5\xf0\xaa\xa0\xd1\
\xa8\xb1y\xf3ff6\xcf\xb0{\xf7N\x0e\x1e<\xc8\
\xc1\x83\x07I\xd3\x94F\xa3QY\xe0\xfa*\xaaql\
\xda\xb2\x89\xbf\xf4\x97\x7f\x95\xdf\xfc\xcd\xdf\xe4\x99g\x9e\
!1\x09&I\x03\xe652\xec\xf1A\xf2)\xcb\xba\
|\xe9\x8f\xbfL\xbdQ\xe7\x03\xef\x7f\x04\x80,\x0fR\
5+\xadUD+\x9a\xcd1l\x9e\xb3\xb4\xb2L\xb3\
Q'i$$&\xe1\x91\xf7\xbf\x9f?\xf9'\xff\x04\
\xff\xfc_|>\x8em*m\xc4\xd0\x11*fD+\
\x96\xb7\x005\x8f\xfbE\x90\x8f*\x95N\x1f\xbc\xf7\xb1\
\x7fz\xe2\xc5\xaf\x9d\xe5\xfa*\x99Wm\xbb?\xfc\xe1\
\xfa\x8c\x9b~\x00\xe7\x1f\xf6\x9e;\x9dw\x7f\x01Q5\
[`\xc1k\xef\x95r\x1e\x82\x16\x9a:\x14eo\xf7\
\x8a\xa8\xbb=\xa2\x9c\x93B\x91g\xe9Dc\xbe\xee\xa4\
\xcd\xd8\xf6l\x8bsj\xcb}\x1f\x18\x0b]\x1d\xa0R\
\xednK\xf9NK;A\x9c\xf7$\x22\xf2\xd2s\xcf\
s\xd7\xddw3\xbd{+\x99\x0f\xfe\xe3a\x93\xa3\xc2\
\xc6DJg\xb0\xfe\x06\xb1?\x0a\x19\x9a\xa6\xbb\xdd\x0e\
\xa9S\xbc\xf4\xcc\xf3,\x9c\xbf\x84\xca\x1dF\xe3\xf1\xde\
+L\xcb\x8b\x7f\xd9{\xffwN\xbc\xfc\xcc\xbf\x18\xbc\
\xfe\x83\xf7<\xf2e\xbc\x1c\xc2\xfb]\xfd\x8d:\xa5\xec\
\x1fa\x1bTb\xec\xe3\xe69\x8e\xbbS\xa7Os\xcf\
]wb\xed\xb0\xc9\xcehP\x9a\xbbQq\xf4\x91\xa0\
h\x14\xc2t\x9dy\x13\xb7\xce\xf1\x87`CW\x0d\x92\
]\xec\xdb\xb0\x91\xb3V\x91\xe3Q\xcd\x84\xae\x81o=\
\xff\x0c{gwr\xfb\x81\x83l\x9f\xdc\x82Q\xe0\x0a\
KY$\x8b'\x1d2\xaa\xf1\xb6\xf8\x91\xf3\x01\xa8\xd7\
\xeb\xb4\xdb\xbd0\x8f\xf9\xe0c_D\x92\xab\x97\xfe\xfd\
uW\x80\x17\x94:\xac\xfd>.\xb3\xb1\x83|\x07M\
)\xb5u9\xeaW\x0f\x9d\x8b\xf8\x00\xc7\x08\xa5\x0f\xa7\
\x0a\xbf\x19\x0e\xbf\xeb\xf1\xa0p3\x08}W\xb6s\xe7\
\x0ew\xf7n\xfe\xd8\xd7\xeb\xbe\xf6u\x81\x9f\xf4\xc1\xf3\
q8\x91\xf3n\xad\x87\x5c\xa5\x0d\xc6\xbe>2\xa8-\
\x0a\x95\x06\xd7\x87v\xe1x\xe3\xfc,\x97\xe7\xe6\xa9i\
\xc5\xf6\xad\x9b\xd9\xbd};\xfbv\xed`rb\x8cF\
\xa3I\xaf\xbb\x82\xd2\x82\xc5U\x93[\xe9=\x5c)l\
\xea\x14\xeb\x0d\xbd\xac`nq\x11\xbb\xd6.\xb9\x7fN\
\x84\x89\xa3\x14\x1e^XX\xc4Elce\xfb\xe9\x02\
S\xcc\xda\x8c$M\x83\xd8\xbf#\x88\xe2\xbb\x12T\xfe\
\xe6\xd6\xd2\x12{Z\xaf\xd7\x83\x0d\x1b\xa1\x84k\x9d\x0b\
\xae\x18\xce\xd1\xe9v\x07\x08h\xc3\x93\x96\xf7\x9eD\x87\
\xac\xa0-B\x99\x98$!Q\x86J\x0d0f`J\
\xf1\xe4n\xb7K\xe1|\xd0(\x95rI*\x8b\xe2@\
i\xcf\x08U\x86k\xb88d\xb0\xebf\xef\xd6\xbb@\
\x86\xfa\x1246\x06\xec\x121\x94\xaa\x842l\x90\xb8\
9s\xe6\x14&\xe2p\xd34\xa1\xb0yU:\xeb\xb3\
w\x15\x82C+\x01K\xe5\xfb \x1e\x8c2U\xd6\xb4\
,}\xba\x81\xfeSZ\xa1\x95\x8e%y\x89\xdf\x93\x06\
\xb8A\xbdN\x96e\x88\x18j\xb5\x84\x22\xcfy\xea\xe9\
\xa7B\x90\x90\xd4\xaf(\x95\xd2\xcf\xa6(\xd2$\x89\x19\
\xd4\x02l\xde\xc77\x8b\x90\xe7\x81\x88066\xc1=\
\xf7\xde\xc5\xa1\xdb\xf7\xb3s\xe7\x0ev\xdf\xba\x97\x99M\
3\x8c\x8d\x8f\xe1l\xd0\x08\xf4.`\xa3\xbd\xf3A\x1c\
\x9b\xfe\xa61^\x11?\xff\xf3?Oku\x95W\x8f\
\x1f\x87\xbc@\xa2V\xa9R\x11\xef\x9b\xe7$&\xa5\xdd\
n\xf3\xedo=\xc9\xcc\xa6M\x1c<\xb8?\xe8\x9b\xfa\
@\x82+\xb3\xcf\xf5z\x1d\xb1\x8a\xd9\x85\xcbX\x1c\xdb\
\xb7\xef\xa0\xd1h\xf03?\xf33<\xff\xc2K<\xff\
\xdc\x8bh\x9d\x04H\xce\xc04U\x96\xe6\xfb%z\xf0\
\x1e\xed\xf1{\xc4\xba_\xd6\xa9y\xff\xed\x8f\xfc\xe8\xdf\
9v\xf8\x8f\xbf\xf5\xa6\x1f\x9e\xc1\xf6\xc8#\xc9\x1d\xf5\
z\xbd\x96O\xfeU\xef\xfd\xcfZoo\xf7\xde\xa5x\
j\xa0\x9dw.\x11(\x10\xaf}\xd8\x09)\xa5\xa4\xf0\
\x1e\x03\xe2\xc3\xbf\x1e\x87O\x11\x12\x1ccV\xe1\x95\xf7\
!%\xeeK\xfd\x9c\x90\x14(\xe3\x00\x85\x88\xf7\x90\x18\
C\xd6\xe9\xf2\xdd\xa7\x9e\xe2G\xb6\xff\x04\xf5F\x8d^\
\x91\x83\xd6\xe4\xce\x06\x8d]\xae^u*1\xa1\x8d\xb4\
\xc6\xca\xa5y\xff\xcaKGp\xbd\x9cTk\xaf\xb5\xea\
X\xebN\x14\xe2\xfe\x0a\x96\xa5\xd7\x8f\xca\xcb\xa3\x9f\xcf\
\xbd\xfb+\xc6\xab\xfd\x0a\xfe\x16\xf0\xd0\xb5v\x9f\xb5\x05\
s\xb3\xb3\x81,w\x833\xa1\xee-\x1e/h\x14\xdb\
\xb5\xc1\xe8u4/`\x15A\x18\xdf(N\x9e?\xc3\
J\xab\xc5=\x87ng\xf7\xf6[H\x8c\x09\x1b\xe7A\
\x08\xd8\x9b8\xed\xca~\xf8\x067\x17\x13\x15\xab+\xad\
\x0a\xdb;\xd8\xc2s\x16\x9c\xa9\xbd-\x0es]\xf4\xe4\
\xef_\xbb\x19\x84\xbe;\x9b;\xf5\xc27\x96\x0e\xdc\xfb\
\xf8\x7f\xad\xb5\x9a\x00\x1e\x0b\xf5\xca\xfe\xd0\x1e\xc4\x03\xbd\
W\x03\xd2\x81\xf3\x07\x029H\xc5\xecU\xe6\x1d.\xf7\
\x9c<s\x9e\xd7\xdf8\xcd\xe14a\xc7\xd6-\xec\xd9\
\xbd\x93\xcd\x9b7\xb1e\xeb\x14\x1a\x8dx\x87+2L\
\x0cd .\xfc&\xa5p\x8as\x17.1\xbf\xb8\x8c\
W\xa6*G\xc3\x88\xc3N\xd9\xe9.\x10\xa2\xe6\xe6\xe6\
\xaa\xc0\xa6\xecd\xeb\x82vf\x9e\x17\xd4\xa6'H\x92\
$\x12\xa5\xa2\xa8p\x0c\xa8\xaf\xe47\xbe\xde5\x8f\xde\
\xba$\x09\x8fd\x11\x1d\x9c0\x06M\xc0\x84\xc2 ^\
hX-@\x08d\xa5\xd2\xb6\xd5\x16\x16\xa5Y\xe3,\
Tf\x91[\xabm\x9c\x0be|=\xe2o\xa4<\xd8\
5\x02\xd7#m\xbd\xc9y\xddK/\xc5\xacG\xb5V\
}\x95a-\xef\xd9 \xfbTU\x84\x1f\x85\xf7\x96\xa3\
\xaf\x1c\xe5\xd8\xab\xc7\xb8\xf7\x9e{\xe8t\xbb(e*\
\xa7\x93\x12\xef(\x123\xf0\x02:\x15\x06\xf1Rz\xe4\
zd\x9d\xd5\xc5\x18M\x92\x06\xa2\x98\x10\x5c\xb1\x12\x93\
b-$\xf5\x06\xde\x05\xf8\xc0w\x9f~\x9a/\xfc\xe1\
\x1faL\x8d\xb4V\xa3\xd3\xe9\x90\xa6\xf5\x91\xa3\x0dC\
?D<Y\xde\xc5F\xd6k\x90\xd8tLMM\xb3\
c\xeb6\xee\xbe\xfbn\xee\xba\xebNv\xef\xdeM}\
\xbc\x11\xcc\x1d\x8c\xc1)\x17\xbc\xde[\xed!\xbcZ\x80\
}\xf4\xcb\x88Uf9\x06\xe3\xbbv\xdd\xc2\x9f\xfd\xb3\
\x7f\x9a\xdf\xfa\xfb\xff\x803\xa7\xcfa\xc4\x84r\x84+\
1\xa2\x06\x10j\xb5\x1a\xb3\xb3\xb3\xfc\xd1\x1f}\x89\xf1\
\xf1?\xc1\xb6m\xdbp\xdeb48\xeb\xe9v\x02\x1c\
#IR\x0a\x9b\xb3\xb0\xb4B\x9a\xd6\xd9\xbc\xd9T\xf7\
\xc9;\xb7a\xc9\xa4\x9c\x9bF*9\xca\xc3mX\xb7\
Mi8\xf4\xc0'\xc6h\x9d~\xe2\xf8\xf1\xe3o\xd6\
\xe3Z\x00y\xa8\xb6}\xa7\xb7j\x7fV\xe4\x7f\x09\xef\
\xb6x\xa4\xe1}\xf9\x80\x85\x12\x84\x87$d\x83C\xb4\
\xec\x9c7\xb1\xdb\x06\xe7V\x94\x88x\xa5\xb1\xae\x90\x10\
\x98\x17\xa1\xbc\x11UKdp\xa0\x12\x9e\xb3<\xcf\xd1\
i\xc2\x91\x17^\xa41\xd1\xe4\xfd\x8f~\x04\x9d\x06\x9b\
\xe2\xc2\x83\x96>&\xb4\x92\xaf\x97\xf5/\xa6V\xab\xa1\
-<\xf7\xec\xb3\xac\xac\xac011\xd1K\xbd,\xe6\
\xbe\xf8\x9b\xb5Z\xed\xd8\xb1g\xbf\xf3m6\xb0F=\
\x95\xad\x9c\xb8\xb5\x18?\xa7\x9a\xfa\xbf\x15\xf8u\x0f[\
\xfcHj\xad\x22\xbf\xc4j\x89R\x8a<+8s\xe6\
\x0cy\xdeW\x03\x19\xec\x93\x91\x1b\xfb&o\xd5\x9bk\
\x15\x01\x95\x10\x8c\xf6OcT\x15@\x95\x1f(\xcf<\
(\x0f\x8c\x5c\x8fI5\xb98.\xb7\x16\xf9\xd6\x0b\xdf\
\xe5\xe0\xe2\x01\xee9t'ci\x9d\xac\x95\x91\xe8\x04\
=\xa0\xe4\x17-\xe1)\xca2\xbd\x1f\xfe\xfe\x1b\xb9\x04\
\xaf\xa7vS::u\xbb\x19\x97/_\x8e\x15\x10\x8f\
\xc3Vsky\x8fE\xb0J'\x0f\x03\xa7\xdf\xd1\x9b\
\xf4&\xdb\xcd \xf4\xdd\xdb\x5c\xa6\xd5\xf9\xc4\xf1\xb7\xb4\
\xe2wE\xd8\x0a\x0c)\x14\xbf\xd7\x83\xcf\xb2\x95\xcc\xcd\
pM*b\xa9\x0cVB\x86\xcacX\xeeft\xce\
]\xe2\xd8\x1b\xe7\x18k\xd4\x98\x99\x99`\xc7-\xdb\xd9\
\xb3s\x07c\xb5\x1a\x93\x13u\x948\xac\x84\x0c]7\
w,\xac\xacr\xfc\xf4\x19\x8a\xfe\x92\x01\x0c\xfb&\xf7\
]/|\xa5e\xba\xb8\xb8\x16sS\xce\xe1\xce\xd9*\
\x00\x1d8b\x98\xa1\xe4\xfa\x939\xa3\x1a|\xa5\xbc\xd4\
\xa0\xaf\xb0\x12Y\xc3P-w\xc2Re\xfb\xa4\x22,\
Y_\x80R\x95p\xbd\xd6j(\xeb\x07T\x99\xd5\xd2\
\xcb8^\xc5\x8d\xf7t/{H\x0f\xdb\xfe\xa9Q\x96\
n\xbc\xf7D\x0c02\xb4\xe7\xc2:\xcb\xbf\xfc\xdf\xff\
%I\x92\xb0{\xf7n\x12\x93\x84\xcc\xafsU?\x95\
\xea\x09\xde\x05-\xbd oeQ^G)\xa2\xc1\xec\
q\x940\x8a\xe3.\xcfr\x12\x1d\x88^\x01\xe6!q\
\x13b\xb1\x85\xa5\xd3\xcdX]Y\xe1\x95W^\xe1\xeb\
\xdf\xf8\x06\xdd\xd5V\x90\xde*\x0a\x8c\xb9:h%/\
\x0a\x8a<gjj\x8a\x9d;wp\xeb\xfe[9p\
\xe0\x00\xb7\xddv\x1b[\xb6la\xac\xde$\xcb\xbbA\
\x0c\xde\x85MM\xb7\xdb\xc5\xeb`\xa9X^_Y\xa6\
\x0c\xe3#\x9c\xa7\x8b\xa2H\xfd\xb8:\xe0\x85\xf7\xee\xdb\
\xc7\x9f\xfaS\xbf\xc0o\xfe\xc6\xdf\xa7\xdb\xee\xe2\x82\xfa\
Y [iCQ\x84>\xd1J8q\xe2$\x7f\xf0\
\x07_\xe4\xe7\x7f\xfe\xdf\xa3\xd9l\xa0\x8d\xa6\xd7\xeb\x05\
<rn\xa9\xd5\x1a\xa4J\xe3\x9c\xe5\xc2\xa59\x8e\xbc\
\xf4\x0a_\xfa\xf2\x13\x1c9r\xa4\xbf\x99\xb8\x82@z\
9W9W\xae\xac^\x80ig\xdd\xa7E\xe4\x13z\
|\xcfo\xde~\xfb\xee\xbfs\xec\xd8\xca\xd2\xf5\x92\x96\
\xee\xbe\xfb\xf1\x83\xc9\xc4\xd8c\xbdn\xfe_\x17\x85U\
J\xab\xcd!Xt\x15\x8ci\x84\xd8y\x95\x1cQ\xe9\
Dd\x83bC\x84\xed\x0c^\x8ew\xe2E\x0d$\x05\
\x9c'MS\x0a\x1f\xc6\xe3\xe1\xa7\x9ffay\x89\x8f\
}\xfcQ6m\xdd\xd2\x9fs\xbc[\x17\x13Z\xce\x03\
%\x9cV<\x9cx\xed5\x7f\xfa\x8dS\xbdM\x13S\
\xaf\x15y\xfe/l\xee\x7fGe\x8d\xb9\x17\x8f~s\
\xe5Jg\xcf\xf1\xe3\xbd\x93\xd0\xbb\xf5\xd6\xbb\xbf\xae\xc6\
\x9a\x7fM\x90\x7f\x80\xa7q\xc5+\x16\xc1\x16\x05s\xb3\
\xf3\x01\x1e\x92\xaco\x07=\xd0\x05\xd7z{nh[\
\x93Q\x1d\xd0\xf9\xbd\x86O\x13\xf4\xa35\xbd\x22\xc7\xd4\
S\xbc\xb7t\xbb=\x9e}\xe5yZ\xdd6w\x1f\xb8\
\x93\x9d\x9b\xb7\x90\xb7\xb3\xa1\x11Xi\xa6:_\x05\xa4\
\x10\xb1\xbe\xde\x05\x92\xeb50\xde\xab\xde\x1b\xd8\x80\xf7\
mC\xaf<\xe4\xbd\x0b\x99\xd0\xe5\xe5\xe5\xb8\xd6\xe8\xc1\
c\x94\x03\xddy\x10\xbb\xcaWx\x0f\x90\x92\xe0f\x10\
\xfa\xaeng\x82\xb6\xde\x85C\x0f\xfe\xc8\x7f\x8b\xf8\xbf\
\x80\xef\x97V\xca\x04C\xfco\xb9\xde\xf2\xc9\xd5\xe2\xd7\
\xd1W\xdfn\xa0\xfa0\xde'\xd8\x1dZ\x0fV$\x10\
cj\x06\xe7\x83CQ\x17\xc7\x89\x0b\xf3\xbcv\xf12\
\x13GO01\xd6d\xeb\xf4\x143\xd3\x93L\x8c\x87\
\x8c\xd4\x99\x0b\x978s\xee\x22\xb3K\xab\xd4\x1a\x13\xe4\
Y\x0e.\x04\x15AB4\x06E\x03\x17\xea\xbdc\xb5\
\x13$\x95\xaaR\xe9@\xa1\x1a\x1c\x1aE\xadV\xc3$\
\x86D\x0b\xe2] \xdfH@Ez\xd6\xc7J\x95%\
\xdb\xcaKy\x9d\xc5\xb1\xfc\xbd\x94\x09\xba\x9eV\xfa\xde\
\x17Q\xca\xc7#\xa0\x1d\x8a@nB\xa4\x0an\x00\x16\
\xe6\x17\xaa\xcf\xba\x81\x09\xd4\xc5y\xab\xb0\x19\xbdn\x8e\
\xd6*f\xc2L\x0c\x82\xfa\xe3@\xa9>\xfb=l\x22\
\xfa\xe5n\x93$!\xb3\x1c\x83\xe7\x22\xb7U\x9fZ\xeb\
\x82\xa4Pt\xa3RZ\xa3URi\x5c\x96\xa5N\xa5\
<\xce\x09I\x92`\xadc\xf6\xe2,\x7f\xef\xd7\xff\x1e\
\x07\xf6\x1f\xe0\x96\xdd\xb7\x90\x17y\xd4\x85\xcd\xb1\xd6V\
\x99\x03\xef\x1d\xedN\xaf*_;\xeb\xb0y>\xd4_\
C\x999\xd7Ow\x88\x08\x85sx_ J\xe1\x9d\
\xc3ZK\xbb\xd3\xc1EL(@\xbd\xde\x0c\x99{5\
\x0c\x8b(|\x81\xf3\xe1\x1e(\x0dcccl\xdd\xba\
\x95{\xee\xb9\x87]\xbbvq\xeb\xad\xb7R\xab'L\
OL\x0e\x9c\x8be\xa5\xbdL\x96\x85\xf2w\x9a\xa6X\
\x04\x9d\x06\x1c\xd8@\xcd\xa3/]3\xb2\xe1\x11\x19f\
\x97\x05\xf8\x80p\xef\xbd\xf7\xf0\xd9\x9f\xff9~\xf7s\
\xff\x0c\x04\x1a\xf5:\xbd^\x8e\xb5\x05\x82\xa6\xb4\xca\x1d\
\x1f\x1b\xe3\xd8\xb1\xa3\xfc\xbb\x7f\xf7\xfb|\xfa\xd3\x9ff\
ll\x8cB9\x94\x16\xda\x9d\x0e\xde:\x9acM\xbc\
\x83\xc3\x87\x0f\xf3\xd5\xaf~\x95\xd9\xd9\xcb\xf1\xac4\xa5\
\x8d\xeczm}\xb6o\xd5j\x1e\x12\x87\xfeU?\xc6\
\xc3\x07\x1f\x9c\xfa[\xab\xee\xfe\xe7.\x16E\xce\x91#\
%\xbbn\xf4\x83\x8a\xbb\xef6w\x98-\xbbpj3\
\x89\xfa{\xdd^\xf7n\xbc7\x88(gmu\x22C\
\x1b\x94\xeb\xb0\x85\x0c\x81\xa2\x06\xe50\x9e\xe0l\xe5\x1d\
\xd8\xa8Q\xabDB\x9c\x1b?/\x8e,\xcb\xa2'\xb8\
\xd0\xebe\x1c{\xe1%Rc\xf8\xe4\xa7~\x8cz\xb3\
N\xd7\x16}\x87\xf05\x13\xac\xc2\x98$\x94\x9c\x15\xde\
\x15\x96\xd7O\x9c\xf0\xce\xbbW\xb5\xd1\xff\x9f,\xef\xfc\
\xbb\xe3\xcf\x1f^\xe5:`\x0b\xc6d\x0b\xbe;\xf6\x0d\
\xa9\xcb\xbc\xf2\xec\x1a\x1a/jt\xc3\xe0Q*a~\
a\x89^/'\xd5\xe6\xba6\xd5\xa3\x92K\xefT~\
\xa4\xfc\x9e\xc2\x0e\xbb\x9c\xf5\xd3\x0eA\xf0\xcdRT\xf3\
\x9c\xf3\x05b \xb7Y\xa8H\xa4\x06q\x9eS\x17\xcf\
\xb3\xbc\xbc\xcc\xc1]\xfb9\xb4g?\xa9\x0a\x90\xa8\x22\
\x0f\x98\xef2\x95\x5c\xc2%\x06\xbf\xcfGkc_\xaa\
\x97\xf8a\x1c\xe9h\xe1\xc5\x0d\xea\x82\x8a`\x0b{E\
c\x96\xa0c]cyy6T\xb9\x86H\x93\xa5\x12\
S\xf9]\xbem&\x19\x07\x96\xde\x91\x9b\xf0\x16\xdb\xcd\
 \xf4\xdd\xdd, K\x99\xfd\xed\xe9DY\x11\xf9\xef\
=2\xf6\x03\xa5\x1fz\x85\x16\x80\xdd\xaarS\x1a\xd4\
P\xac\x8dMb\xad\xa5\x95\xe7t\x97Z\x5c\x9a_\xa2\
QKHt\xd0\xec\xcc]\xc8^eN\x10\xe7\xa2E\
\xe8\xda\xc9\xa0\xcc:z\x09Y\xc8<\xcb\xd6\x083\xc3\
\xb0\xf8~\x92&h\x15j\x9b\x81\x80\xfa\xeek\xd6Y\
\xb4\xd6A\x87\xd3Y\x10\x1d\xa6c\x81^\x9e\xd1\xcb\xb3\
\xc8\x94\x8e\xa4\x92\x11\x9c\xd5\xd6\xad\x9by\xf8\xe1\x87Y\
^^f~\xfe2\xedv\x87n\xb7K\xab\xb5J\xbb\
\xdd\x09rQ\xd6Q\x14!\xe0J\xd3\xa4\x92b\x0a\xd9\
3\x17t\x5c#\xc4\xc1\x98$\xb0\x99b\xd3#\x99\x80\
\xa0\x03*8k\xa3V\xeb\xf0\xf5\x04Qf\xa1(,\
G\x8f\x1d\xe5\xe8\xf1\xa3\x00k\xdc]\xca\xff\x96\x01o\
\xf5QQ\xfd\xf0\x9e~\xe6\x1d\xfa\x19`\xa5\xa3\x94\x91\
\xb8\x0a\x12`\x8b\x22H\x1e\x0d\x90\xa7\x14z\xe8;{\
\xbd^\xc8\x84\xe59I\x9a\xf2\xe1\x0f<\xc2\xc3\x0f?\
\xc8\xbe\x03\xfb\x99\x9c\x9c\xc4h=\x90\xc5q\xc8\x9a\xcc\
\x89\xaf6*\xeeMf\xd5\x07[\x92\x84L\xa6\xb5\x96\
\x8f}\xecQ:\xab]\xfe\xf5\xbf\xfe\xbd\x18\x9c*\xd6\
\x9aKh\xea\xb5&/\xbep\x04\xa5\x14\x9f\xf9\xccg\
\xa2]\xadC\x89F\xeb\x84\xd9K\x0b<\xfd\xd4\xd3|\
\xe7\xc9o\xd1\xeb\xf5p\xd6\x93\xa4i\xac|\x8edC\
\xafp\xfe\x11\xbb6\xcc\x9e\x17\xa6\x05\xff#\x1a\xff\x81\
)f^\x9a\xd2\xfe_\xb9\xbb\x1f\xfd\x82\xc3\xad\xbev\
\xe4\x9bg\xe1\x11\x05\x87\xdd\x1dw|\xb4\xa9\xeb\xb5\xbb\
\xac\xe7O\x19\xc5/{M\xcf9\xb6\x06\x82\x9a\x1f\xf5\
<\x5c7\xf0\xbd\xae\x00\xc9\x07\x99\xaf\x90\x11-3\xfa\
\x9e\x927#j\x00\x12Q\xca+\x09\xd4\xb5\xa1p\x8e\
\xe3/\x1f\xa59>\xce\xc7>\xf1q\xb4\xd6A\xb57\
\x92\xd2F\xcf#\x8c!\x83\xd6\x8a\x13\xaf\x1c\xf5Y\xb7\
\xfb\xd5\x89Z\xf3\xff}\xb65\xfb\x9d3\x87\x0fg\x5c\
\xa7\xf0\xf8\xf1\xe3\xc7\xb3\xddw\xdf\xdd\xaa\xb9\xb1\x7f\x0c\
\xeao\x88\xf3\x0a\x85l\xb4z\x88\x08\xad\xd5\xe0\xde5\
\xd1\x1cN\x9c^M\xd7s\x14\x86\xf4\xfdb\xd7Wf\
\x9c\x03\xa9\xca \xd94\x90\xcd\x8c\xd1d\x104\x09\x04\
\xa2$\x09\x84\xc2\xe5^\x8bg\x8f\xbd\xc8jk\x95\xbb\
\x0f\xdd\x19\x0f\x06\xe0\x11\xef\xaaLh\xffY.!2\
\xee\xca\x99\xd0\xab\xbe&Wp\x05T\x15\xb4hee\
\x85,\xef[\xc1\xafIb\x84\xa3$\xdd\xf9\xde\xe5\xef\
\xcb\x0dx\x13\xedf\x10\xfa\xeeo~\xf6\xc8\x13\xad\xa9\
C\x87\xfe1\x13\xfbn\x05\xfe4\x9e\xddk\xde4@\
\x00xO\x96\xe9G\x17\xc5\x11\xcc\xd4\xa0q\xa6\xe0\xc8\
\xbb=\xb41\x98\x81\xd2x'w\xb4{\x01'\x03\x8e\
Bk\xd0\x86\x9e\xf3A\x17~\x9dg<\xc8\xf2\x04\x12\
K\x96e\xb4;\x1d\xf2\x81\x87\xbclZ\x05l\xa2\x12\
\xa1Qo\x84l\xc8\x00\x80=\xec\x88\xa5\x0a\xe6\xac/\
K\xe9\xeb\xeb\xebU\xfa\xa4oW\x7f\x0ed\xe8J\xdb\
Q\xe7,*\xa9\xd1Ym\x87`$mnx\x02\x1f\
\xfa\xf0\x07\xf8\xa5_\xfa3\x00\xe4Y\xc6\xca\xca\x0a+\
\xab\xab\x5c\xbe|\x99\x95\x95\x15\xce\x9f\x0fY\x83\xd9\xd9\
Y\x96\x16\x17YX\x5c\xa4\x88\xa4\xa8<\xb3dE\x98\
\xb0\xad\x0b\x93sI\xbc\xa9n\xb7\xb8\xea\xdc\xbc\xf7h\
\x15\xa4\xa5B\xa6\xaeG\x92\xd4\xc0\xab\xe8\x16DTC\
\x08}lm\x90@R\x12\xc8DJ\x0d\x97\xfa},\
g*5\x98\x1d\x18\xc5%\xf6u\x01\x07\xc7Y\xf9\xbb\
\x11\x83VAL_\x89\xaeJ\xdf\x83}\x1a\xa0\x85!\
.0\xda\xd0iw\xd8\xb6c;\xbf\xf0\x8b\x9f\xe5\xd1\
\x8f\x7f\x04\xa3\x85N\xd6\xab\xfa0HK\xd9 \x83T\
\x8e\xbd\xf2\xbc\x05\x92$\xbaFY\xf7\xe6\x07F\xe5x\
UPo\xd4\xe9v2\x92$\xe1\xd3\x9f\xfe4\x97.\
\xce\xf1\xd5\xaf~\x1d\xadS\x8c\x1e\x0e\x1aE\x14Y\x9e\
\xa1\x95\xf0\xcc3\xcf\x92$\x09?\xf6c?\xc6\xa6M\
\x9b\xc8\xf3\x82s\xa7\xcf\xf1\x95\xaf<\xc1K/\xbd\x14\
q\xb8\x9a$-\x83\xd9r36P\xc2\xf5\x1bfl\
7\x98\x9b\xbc\xf8 _1\xa5E>P\xd8\xeca\x81\
\xbfb\xe0\xfcmw}\xe8\xd7\x8c\xaeMX\xff\xf13\
J\xeb?\xe1\xf1?\x85p{\xe1}\xe2\x1d\xd3\x81\x1a\
\x5c\x94\x14\xb0\x0d\xe7\xbe\x81\xeaCE\x94\xda\xf0\xbd\xd5\
i:\x94G\x9c\xe0\xb5\x18\x81\xb0\xc1\x13\xe5\xab\xec\x17\
\xe2\xa2\xc2B \xbd\x08P3\x09\xf4\x02\xb4\xe2\x85g\
\xbe\xc7\xee\xbd{\xd8q\xeb\x1et\x9a`EU\xf3[\
9\x0f\x18cJ<\xb7_Y^\xc1f\xc5\xff9\xde\
\x18\xfb\xb7\xf5\x19\xf5\xd4\x93\xbf\xff{\x9d79\x1a\xfc\
\x99#G\xe6\x0f\xdd\xf3\xbe\x8b8\xda\xc0\xf8\x95\xdel\
\x8cf~~\x9e\xe5\xe5e\xb6o\xd9|\xc5!8*\
\x8d&oZG\xe5\xfb\xd3Bb#0\xe8\xc5\xf5q\
\xa3\xd6\x81\x13\xcf\xd1\xb3\xaf1\xb7\xb2\xc4\xbdw\xdc\xc3\
\xb6M3\xf8^QeB\x87\xf5A\x07\xe7\xb4\xc1o\
\x18\xf6\xa4\xf7kz\xf3\xfa7\x99\xce\x05\x13\x95n\xb7\
[\xe1@\xfb\x99\xfe\xfe)\x01\x8b\xe9\xa4\xda\xcaML\
\xe8\xcdv\x03\x9b?~\xfcx\xef\xc0\x83;\xff\xa1!\
\x99\xf0\xf0\xa7A&\x07\x87}%\xd3\xf4\x03\x10\x80\xae\
\xdf\xfa\xf4\xf6\xf2y\xd3JE[\xc5<0~mN\
(Y\xa6\x14\xbe\x08\xb2<U9S\xe1\xc5\xe1\xbdB\
I\x1f\x9758qX[\x90e\x19E\xb16\xe1 \
J\x08\xf1\x86\xc2\x984,<\xce\x22\x04\x07 \x17\xa5\
W\xca\xcc\xc9\xdb\x0d\xc7Y\xb3k\x1e\xe9\xc2@<\xf1\
\xa1\x1c\xae\xd2\xc0zv\xa0UB\x96\x05\xb9\x9e\xf0\xb7\
 o\xa4#\xb6\xd0[\x87\x08l\xde<IQ\x04\x97\
\xa6$\xad36\xdedl\xbc\xc9\xae];B\x7fH\
 b\x84\xfe\xcaiw:\xd8\xc2R\xd8\x02[xz\
\xdd\xbc\xc2l:\xeb\xb0\xb6\x9f]v\xd1^\xd3\xba\x80\
\xb7\xb4\xceq\xe2\xc4\x09\xbe\xf1\x8d\xaf\xb3\xba\xda\xc2\xe8\
+:\x81\x04\x88\x80\xe8\x81\xcc\xc6\xda\xbeN\x12\x83s\
\x8e<\xcf\xa3z\xc0\xfaS]\xc8l\xf4\xb3\xa9.\x06\
\x9a&I\xc2\xb9\x13p\xc2\xce\xf9\xa1\xa0v\xb4ey\
\x97]\xbbo\xe1\x97\xff\xfc\x9f\xe7\xde\xfb\xee\xc6\xb9\x9c\
N\x9e\xa3\xb5\x0eJ\x04\x85%\xad\x19\x8c\x86\xcc\xda\x98\
\x09.\x83\xa2R\xff4E\x09d6\xe3\xad\xb4\x92\xed\
_\x14E \x9c\xe49c\xf51>\xf6\xe8G\xf8\xda\
\xd7\xbf\x86\xd6\x04\xd8\xc8\xc0s\x17\xf0\xa1\xc1\xaeU\x1b\
\xc5\x93O>\xcd\xca\xca\x0a\x8f<\xf2>\x16\xe6\x17y\
\xfa\xc9\xa7Y^^\x1e A\x04O{\x91\xe8\xc2\xe3\
UL\x18\xa9\x11\x5c\xb1\xc2E\x0a\xd50TE$\x88\
\xef;?\xea\x8e\xe3\xf1\x89w>\xf1\xb0_\xf0\xbb<\
\xea\xdff\xd6.\x80o:o3\xa7dFJ\x81.\
Q\x80\x17\x15\xc7/\xac\xc55\xab\x106\xf7\xff\xe0\xca\
\xbf\x95\xa72@h\xac\xfa\xb0\xff\xf7 \xb3\xa4\xa4\xf0\
.\xc8\xcby\x85\x88+Y2C\xdfUjNf\xdd\
\x1e\x8dz\x9d\xae\xcd\xe9\xf4z|\xedK_\xe13\x9f\
\xfd9\xc6\xb7\xcc\x04\xb1\xf9\x22\xf4J\xc9$QJQ\
Okh\x05\xf3\xb3s\x0b\xa9\xf1\xff\xa5o\xb5\xce~\
\xf1w\x7f\xb7\xf5\x96\x06\x03`\xad\x7fU)\xdf\x12d\
\xbc\xea\x00\xca\x8d\xbd\xab\xfe\xa2T\xc2J\xbbE\xab\xd3\
\xae\xb2\xbaW\x1aco\xa5m\x9c\xf5\x8b\xfd\xb8\xce\xb3\
V\xaaB\x5cK\xab\xeee$<\x96\xd5\xae\xd0BB\
\xa1R\x10\x8bj\x19\x1e\x07\x89\xc1\xa4\x06\xdb\xb5\x9c\x9f\
\xbfH\xf6R\xce\xc1\xbd\xb7\xb2\xff\x96]\xc1\xf5N\xb9\
\x12\xdc\xcbF\xf0\x137\x8c\x8c\xb9\xc6\xfe\xbb\xfauy\
\xefXY]!\xcb2t\x92\xac\x9f\xd1\xf7tE\xc4\
\xad\x90\xccs\x13\x13z\xb3\xdd\xe8\xf6\xda\xb3_;\xb1\
s\xe7#\xff\xc5\xd8\xb6\xa9\x5c\xf0\x7f\xce\xc34\x0c3\
\xe5\xa1\xdc\xe9_yP_\x9d\x80\xe2\x184\xfcZC\
\xd4\xb9\x9a\xe2\xf2h9n4\xd0\x5c\x13xVh\xa9\
\xf0\xf2z\xc7)A\xe0\xe2\x10\xa3\xc8]\x81/\xc2d\
`\x9dG\x94\xa9>\x1b\x16\xc6\xa8I\x0a\x94\x16&a\
\x12\x1b\xa8\xda\x8d`\x03{\xad\xc0\xbc\xee_oIg\
u(\x15\xfc\xc3%\x96eKarQ\xbe\xf2\x12\x1f\
\xb8\x07\xf1j\xfa\xec\xc9\xc1Z\xa1\x5ca'\x1c&G\
5\x04\xc2W\xa37lM\xb9\xb3\x5cPJ\xa2\x8d\xc5\
+M\x22:d\xf2\x5c?H\x98\x9f_\xc1K\x1d\x5c\
J\xc0\xb9\x86\xeb\xd5@\x1e\xcb\x84{v\xed\xa4^K\
Xi\xb5B\x06P\xc5\xe3\x0e\xea\xf7)\xd0i\x82N\
\x13\xd2\xc6p\xf9\xae\x1fH\x86\xcfi\xf4\x10\xf6tt\
x~\xf2\x13\x9f`\xef\x9e=\xfc\xb3\x7f\xfe\xcfX^\
Z\x0d\xe5\xe1z\xbd\xc2\x9b\x8e:\x07*\x1f\xcb\xe6\x03\
R\x94\x83\xde\xdbY\x96Wx)\x11\xb0#\x95L_\
\x0a\xf9\xab~9^\x10$\x92\xb8\xbc\xb8\xfefG\xf7\
\xf1\xaf\x96\xbe$T\x99\xe1\xb5y\xc6\xfe\x03{\xf9\xc5\
_\xfc\xf7y\xf8\xa1{(\x8a\x9c\x22\x0f\xa4\x1eW8\
\x8c\x12t\xa2\x90\xb8\xf0i<b3\xb4\xd64\x9a\x0d\
\xc6'&0\xb5:\xde\x09K\x8b+\x14Y\x86\x93+\
g\x96\xd6\xea2\x96\xffF\x14\xb3\xa7*\x19{\xef1\
\xc6\xf0\xea\xab\xaf\xb2\xb2\xb2\xc2X\x13j\xb5\xc6\xf0\x18\
r!$I#\x09\x0a\x11\x8e\xbd\xfc*\xc7^~\x95\
\xe1\xc56\xea\x07\xfbp~N\xfa\x90\x14#\x06\x97\xc1\
\x9e[\xf6pp\x7f\x84!\xd4\x0c\xbd\xac\xc3\xb9\x0b\xe7\
8y\xf2\x04\x97\xe6/\x05\x0cu\xa2\xc9\xad\xc5{\x85\
F\x8b\xedS=\xc4\x12l\x16\xe3\xf8O\x05\xf0\xdem\
\xaf\x90~\x82\xf8\x11\x1dbK\xd8\xd8(\x1d\xe6?\x97\
;\xb4\x08y\xee\xd0\x08\x9dv\xcfOOO\xcbXc\
\x8c4\x09\x9b\xc8v\xb7\x1b6\x08\xde\x92\x17\x19\xa6\x96\
\xe2(H\x924\x94\xcc\x07\xb4<\x03\xf9\xab\xc4\x05\xaa\
\xe8\xe6\x96\xc7g5\xc0'\x02\xa9\xa8\xec%!\xef\xf6\
\x10\x81\x9a\xd2,^\xbc\xcc\x93_\xfb6?\xfe3?\
M\xe6\xa2\x9d-\xfd,\x96\x17\xefScX\x9c\x9bw\
c\xb5\xfa\x7f\xf5wW:G\x1f?{\xf6\xad\x19\xac\
\xc7VK\xcce/\xa6+\xa2\xaa\xb9\xcb\xad\x09\xa0\x0c\
\xceyZ\xbd\x8c\x85\xd5\x95j\x8c\xd9\x01\x1c\xf4\xd0\xf8\
\x1bU\xbbX\xb3\x1e\x0c\xcfOk2\xa7\x1b\xc8,\x95\
Rc6\x1f~^-\x16\xa3\x0d\x22\xa1j\xd2\xe9v\
\x83\xe4\x98\x0e\xb0\x9b\x12\xee\xe2\x9c\xad\xe0?>&\x07\
\xac\x0a\xd6\xa3\xb9\xcd\x22\xbc\xc6\xe2\x8d\xc7\xfa\xd2\xd9J\
p.\xaaV\xd8\x02\xbc\x0b\xca\x18\xf5\x84\xd5\xde\x0a/\
\x1e{\x81\xa5\xe59\xf6\xed\xdc\xcdTs\x1c\xa55\xbe\
\x13\x147zE\x90\x8d\xb2\xe5\xbc\xa6T\x90\x9fe-\
\xfe\x7f(\xf0\xbe\xca\xf29\xda\x9dA\xde\xcb37\x7f\
\x19\x1bJ\x06\x95)Hy\xaf\xe2q5^\x9ey\x8f\
\xc4\x9f\xc0\xcd \xf4\xbd\xd6\xdc\xb9s\x87;\xb7\xcd<\
\xf6[\xde\x98]\x88\xff\xe9\xa0\x81\xb7\xb6\xdd\x90\xb2\xfc\
\xbbm\x1c\xcb\xa0\x8e\xe5\xd5\xce=\x96C\xca_Gz\
\xa2|\xc8\x07w\xfb\xce{\xf2\xa2\xc0\x8c\xea>J\xf0\
\xe9\xb6\xbe\xc0)\x85h\x13I>\x83\x9a\x9a\xe51\xcb\
\xa0f\x1d\x09(6\xda;_\x7f[\xc3\x12UW\xc0\
\xe0\xf9\xc0:\xd7*d?;\xdd\x0cP\x01\xcb7\x8a\
\x95t\x9e\xe9M\xd3\xcc\xcc\xccT\xba|\xd6\x15\x83\xe2\
.#W\xb1\xfeUYW\x0c\xd9\xaa\x8e.B\x0e5\
$`m\x9d\xe3\x13\x9f\xf8\x04c\xe3c|\xees\x9f\
\xe3\xd2\xc5\xb9@H\x8b\xc1^)]U]\x93\xa8X\
\x0e\x1d\x92\xfe\x09\xd8\xe1QOh\xa5\xb0#8\xdf\xaa\
4\xebJX\xc0@_\x11\x17\x93\x01u\x82\x8a\xf4\x15\
\xb3\x8c\x01Kk\xb16\xe7C\x1f\xf9 \x9f\xfd\xf7~\
\x96=;w\x91\xe5]\xea\x89AES\x04g]\x08\
\xeem\x81u\x8eZ\xa2\x99\x98\x18g\xd3\xa6I\xea\xf5\
:\xcd\xb11\x94N\xb0\x08\x97f/\xb3P*3\xdc\
\xa8\x81\x12\xdb\xe2\xd2\x12\xdf\xfa\xe6wh4\x9a\x814\
\xe6\x873\xa1j\xc3\xe7\xea\xdaN\xc4g\x16$\xe1\x8e\
[o\xe7\xbe;\xefg\xef\xde\xbd4\x9bM\x8cQ\xe4\
.\xe3\xfe\xbb\x1fdn\xe1\x12O>\xf5m\x9e{\xf1\
9\xba\xad\x1e\xcd\x89q\xba\xdd\x8e\xf8\x08\x17\xf1\xaa_\
&w2<\xfd\x94\xb7g\xf0\xfe\x97#ID\xc49\
\xeb\xf3n.\xb5f\x12\x86\x81\xf3X\xebq\x85\xe3\xb6\
C\xb7s\xe8\xd0\xed\xb2}\xcbv\xb6m\xde\x1e\xc8#\
Q\xdafn~\x963\xe7O\xf3\xc2\x91\x17\xb8|\xf9\
r\xc8\xf0R\x80\x96\x91L`\xc4\x86\xbaPQq\xbe\
\xb4\x8f-\x85\xfaU\xb5\xb1\x19<U\x15\xf7E\xa2\x14\
'^9\xc6\x91\x03/q\xe0\xae\xdb\x11#!\x0f\xea\
\x89\xc1\x8f\xa5\x97\x17`\xdd\xbf&w_\xe7\xd7~\xcd\
=q\x83D\xfc]O]\x90\xba\xe4\xeb\xbe\x18\xb5]\
E4\xa8\x02\xeb\x83\xbd\xe5\xd0\xbd\xdd\x80D\xf9V\xda\
FNg\xeb%H\xbd\x84\xa0>\x90\x8bT0}0\
\xaa\xd2\x5c\x15\x05\xb6\xd4\x105a^\xe9\xda\xac\xd2e\
u\xce\x91S\xd0\xf3\x16\x8c\xa2\xb09\x16a`\xff\x1a\
\xac\x8d\xcb\x82\xbb8\x0a\xaf\xd0P\x19|\xbcv\xfa$\
\x0b\xcb\x0b\xdc{\xc7]l\x1a\x9b\xc1\xd4\x13|\xa1\xb0\
.\x8f\x1bV\xb9\xae\xf5r\x8d\x0d\xeaU\xde/*\xe0\
\xd3WW\xaf\x92\x18\xf72/\xf8\xdbf\x8f\xac\xbcY\
\xb9\xb3w\xbc\xdd\x0cB\xdf{\xcd\xbf\xfa\xe2\xd7\x8e\xee\
\xba\xf3\x03\x7fy\xac1\xf6\xeb^\xf8\x19<\xf5\xb7~\
\xd8\x1f\xec\xb6Qi\xa9\x124\xaf\xb05v8\x08\x8d\
\x81\xa6\xd2\x0al\x90\xb5i\xb5\x02D\xcb\xa3*_q\
E9\x99\xc7]o\xf9\xf1\x0d2\xa4Wb\x18\x94\xf8\
\xb2\xb7\xd2\xbc\x0aR$eSJ\xe1\xb4\xa1p\x9e\xd5\
v\xa7\xb28-\x17\xf3j\xa1Q\xc2\xd6\xad[\xd9\xb2\
e\x0b\xce9\x8c\x09B\xea\x95\xde\xe8\xa8\x13J)\x8f\
^b%\xfb\x89c<&\x92\xcb\xa4\xba\xde~9-\
.\xe4Q\xd72\xefuH\x8c\xe1\xd1\x8f~\x84\xed[\
\xb6\xf2\xaf\xfe\xcd\xff\xc1\x91\x97^!\xcb2\x8c18\
W\x0c}\xabHi.0\x12\x84\x02\xde\x17U\x99\xde\
:\x87Z\xd7z\xb3\x9f\x93\x86\xfe&\xa5,\x8d\xfb\x81\
\x8c\xaf\x05\xb46\xe4Y\x06Za\x92\x1a\xa2\x14[\xb6\
l\xe1'?\xfdi>\xfc\x91\x0f\x91\xc6,\x8d\xd8\xe0\
\xf5\xad\x8d\x90e]\x5cnI\xd3\x84\x99\xc9\x096M\
O355\x8dI\x14Z\x99j\xec\x14@\xbb\xdd\xe5\
\xd2\x85\x8bU\xd0\xfd\xd6\x97\xfb\xe1\xe0\xf1\xb9g\x9f\xe5\
\xec\xb9\xb3$&\x1d\xc8\x9a\x0cW\x19\xae\xad\x85M\x87\
S\x0e\xe5\x14\xca)\xc4+\xeai\x83\x07\xefx\x88C\
{\x0f\x91\xa8:\xb3g\x16\x19\x9b,\x98\xde4E\xbd\
9Nf;l\x9e\xba\x85\x1f\xfb\xc4O291\xc3\
w\x9e\xfe&Y7\xc3H\x12\x02\x0f\xe5\xa5\x1f\x10\x88\
\x94*8\x03\xcf\xc1\xc8\x83\x14\x82O\xf1\xa1\xe2\x91(\
-I\xa3\x8e \x92e=\xa6\xc6\xa6\xd9\xbfo?\xf7\
\xdf\xff\x00\xfbv\xef#\xd55\xaf\xe2\xc3.\x22\x14Y\
\x86\xd20\xd9\x9c`\xcf\xce=|\xe0\x91\x0f\xf2\xd2K\
\xcf\xf3\xad'\x9fdna\x16I\xc0\x0f|\xb9Z\xaf\
\xcf\x00\xd1I\x80\x86\xbb\x18\xd4o@\xc8\xca\xf2\x9c<\
\xebr\xf8;O\xb2e\xdbV&\xb7\xce\x84\xc0'\x96\
n\x9d\xf7\xe4\xed\xb6\xc5\xfb\xbf\x08lz\xcb\xb7\x7f\xa0\
\xad\xaef\x0b\x13\x8d\xc6%\xe0Py\xfd\xc2\xc0\x80G\
\xfa\x16\xc4\xc0\xdc\xdc\xdcPV\xf7\x9dm\xc3\x1b\xfb2\
\x1b\xedU0'\xf16\x0b\xd5\x88T\x93\x15\x05\xbdn\
\x8f\xc2\x06\x1d\xdd@\x9cl\xd1\xed\x05\x85\x93\xb2\x0c\xef\
\xc4a\xbd#\xb3\x05y\x9e\xa1\xea)\xf8\x11\xf2i\xdc\
\x90U\x90\x0e\x1cVb\x06\xd2\x83$\x8aKK\x0b<\
\xf9\xfcs\x1c\xd8s\x80]\x9bw2V\x1f\xc3;\x05\
\x89\xc1\xe5\x96\x12\xbc\xf1v\xb4@\xdat\xcc/\xcc\x0f\
\xc9yI4\xd6\xb0E\x9c\xbf\xf1S\xc0\xafswG\
8\xf2\xfd\xb8\x7f\xd7\xdfn\x06\xa1\xef\xcd\xe6\xce\xbe\xf2\
\xd4\xe2\xa1\x07\x1f\xffc\x11i |j4#\xfa\x9e\
\xc4\x86~\x1f\xdb [\xb5d\x82\x8a\xf4\xb3\x1b\x22\x8a\
F\xb3\xc6\xca\x8ae\xfe\xf2<NT\xcc\xe6\x85\xcf;\
\x7f\xc3\x93Wk\xda\x95\x5cG\xcalc\xa9e\x17\x97\
6\x88\x96\x9cA\xb9^\xc8\xbc\xa3\xdd\xebb7H\xb2\
\x88\x08S\xd3SU)n\x83o\x03\xca\x92x\xf8\xbd\
,^\x07\x98\x9c\xc3c\x02+_\xf5\x17\xb3\xc1\xecU\
\xf8|\x95C\xc6$*\x94\xc3E\xb8\xeb\xae;\xf8/\
\x0e\xfe\xa7<\xfd\xcc\xf7\xf8\xd2\x97\xbe\xcc\xab\xaf\xbeJ\
\xbb\xd5bXl\xbe\xef\x964\xda?>2\xda!`\
Ra\xadm`%~=\xf2\xf72\xd8.\xb3\xb0e\
\x1b\x1f\x1bgrr\x92m;\xb6\xb3k\xd7.\xde\xf7\
\xfe\x87\xb9\xff\xbe\xfb\x11\xe5)\xb2.\x010\xec\xa3\xfd\
_A7\xcb\xd0\x1efff\xd8\xbee+SSS\
\x01[\xa8<Fk\xac\x0d\xdd\x92YG\xab\xd3\xe1\xe2\
\xa5\xb9 \x05\xa3\x15Z\x1b\xb2\xe2F.f\x8a\xdf\xff\
\xfd? \xcb2\xc6\x9a\x13AT=Ja\x0d\xdc\xf9\
\xeb;b\x0c>\x95Whg\xf8\xc8C\x1fe\xef\x8e\
}\xb8^\x80\xa6\xf42\x8b\x22'Q=\xbc\xd3\xd4\x1a\
\x0d\xac\xcb1I\xc2'>\xfaI\x8a^\xc6w\x9e\xfe\
6:I\xb0\xde\x06\xeb[\x1cN\xfa\xc2\xb5\x12or\
\xc9\xa6\x1f$^\x8a\xf43\x95\xca\x05L\xb3wB\x9e\
\xe7\xdcq\xe0\x0e\x1e\x7f\xfc\x93\xec\xdbs+XG\xb7\
\x93Q\x14N\x94/%\xd7<\xda\x1b\xc4\xfb@<s\
\xe1\xd9x\xe4\xfe\xf7q\xeb\x9e\x83|\xe5k_\xe1\x85\
c/\xc5\xb8$\x94t\x8d^\x1b`\x968p\x11\x1d\
\xf9Y\xfd\xec\xf2`VT|Ph0i\x8d3\xa7\
N\xf3\xf4\xb7\xbf\xc3\xa7>\xf3\x93\x94\xfaS\x81\xdff\
}\xb7\xdb\xfbGg\xbe\xf4\x95\xd5\xcf\x7f\xfe\xf3\xcb\xdc\
\xc0v\xee\x1c\xf9\x9d[\xb9TA\x076\xb8\xdd\x12-\
p\x97\x96\xfa2\xa4oG\x16t\xf0\xb8k\xcead\
SX\x06\x91>Bj\x0a\x0a\x0ag9}\xfa\x02K\
\xedU\x16\x17\x17Y]]%\xcb\xb2\xe8\x06\x16~\xca\
{U\x06\xa2:\x8d\x92q\x89\x0e\xff\xe2\xaf\x18d\x97\
\xf3\xa3\x10\xb8\x07F\x1b\x92ZJ\xb7p\x1c{\xe35\
\xda\xad\x0e\xfb\xf7\x1e`\xbc9NM\x0b\xd9\xc2J\xbf\
O%\x10\x0b+\x17\xb3\xf8=\x956\xb5\x5c?\xf1P\
\xc5\x92\x7fku\xf5\xca\xfd*\xbc(p\x96#\xdb\x1c\
\xef\x91(\xf4f\x10\xfa\xdem\x96\xd53\xbf\x935w\
~\xa9\xa6\xcc?\xf4\xf0\x11\xf0)\x94\x18Q\x19\x0aD\
o\xb4d\xc6\xd5\x00\xe2o\x97BG?sWb\xfa\
\xd6?\x0fu\x95B\xd6\xe8\xcbe\xfft\xbb\x1d&'\
'I\x12\x1d\x08J\xceWd\x8c \xa1\x92p\xfe\xfc\
,o\x9c>\xcf\xa1[w\xe2p\xb8\x22G\x13\x80\xed\
\xa6\xc2\x18\xc6,\xe4\x1al\xecF\xfd\xb5\xf6\x85\xc1r\
\xf6u\xd9\xde\x89C\x5c\x14[\x17\x1d\x16K\x15\x88\x1b\
\xadv\x8fN/\x0fd%Q\xd5\xe9(\x825\xa8\xd1\
\x9a}\xfb\xf6E\xfd\xcb\xe0\xbf\xaeE\xb0y\xb0\x0f\x0d\
\x9a\x9d\xb6/\xed4\xfa\xd5\xc4\xf2\x99\xa8\x00]\x88\xfa\
\x95a\xb1\x0e\x8b\xa0\xa8\x10\xf0\x87DS\x89\x9f\x0a\x01\
t\x91\x85\xb2\x9a6\x86\x0f\x7f\xf0\x03\xdc{\xef\xdd\x1c\
9r\x84\xb3\xe7\xce\xf1\xc6\xc9S\x5c\xbcp1f8\
\xfb\xde\xeb\xeb\x1b\x0b@%\xa9)\x8a$1(\xa51\
&\xb0\xe9\xd34\x1d\xfa}jj:\x06\x80\x81\x09?\
99I\x9a&\xd4\xebu\xd24%MS\xa6\xa7\xa7\
\xd9\xb2e\x0bI\x92DM\xc7\x02\x97\xfb\xca\x14@\xe1\
\xb1\xbd\x8c<\xcf\xd8\xbe}\x1b\xd3\x93\x13LMMQ\
3\x09J\xf7\xf1\xc1\x00\xbd\x22\xc3\xe8\x14\xad\x15\xadv\
\x8b\xb9\xcbs1\x93&A\xc3s\x03\xcc\x5c\x7f\x9c\xa8\
\x91\xdf\xfd\x9a\xf7\x85l\x89\xe6\xe9\xa7\x9e\xe2\xe4\xeb'\
IL\x12\xc8JZ\xaf\x19ok\x83\x8d\xe1\xefWC\
\xb24\x1eAa\x9ca\xba\xb9\x89\x87\xeez\x98\xed\x9b\
v\xe0;q\xdc{EM\x0cE\xd7\xd1Zl\x83\x13\
\x8cL\x90$)\xd6\x15x\x1c\x8f\x7f\xf4\x13x/<\
u\xf8)\xb4\xd1\x88R\x14\xae\xa8T\x10\xc4\xab\xa0}\
\x1c\x1f\x02c\x92!\x90\xb6F\x02\x9b\x9f\x80\xfb\xee\xb6\
\xbal\xdd\xbc\x8d\x8f}\xf8Q\x1ez\xf0a\xb4J\xb0\
\x1dK\x9e9\xbc\x85\xc4$a\xd3\xe4\xe2\xb8\x93H0\
q\x05q\xae$\xb70\xdd\xdc\xc4O\xfd\xc4g\x18\x9f\
\x9a\xe6\xc9\xa7\xbf\x13*\x0a\xd6E\xe1\x8b\xf8\xbc\x88\xc3\
K0\x83p\xb1\xab|Ip\x81!\xd3\x80R\xb2I\
\x13\xa4\xe3\xc6\x92\x1aG_<\xc2\xce\xdd\xbb\xb9\xfb\xa1\
\xfb\xf1Z{\x87ca\xb9u9\xb7\xfe\xaf\x7f\xfe\xf3\
\x9f\x7f\x1bRi\x87=|\xac\xff\x8c\x8a\xac\x99\x86\x5c\
4z\xd0\xc60;;\x8b\x88\x8e\x1b\xb9@\xe1\x92\x0d\
6q\xfd\xf13z\xda\xee\x8a\xef_\xeb%\x1f\xde\x1f\
\xec\x93\x05e4^\xa0WX\x92\x9a\xa1g{\x9c\xbf\
t\x9e\xf3\x97.\xb0\xb0\xba\xc8r\xafC1(uZ\
W1\x07\x19 [\xba\xdc\x84\xc7\xf5!\xb7\xbd8x\
\xc2\xa6\xb8\xaa|\x8cJ\xf6\x8d\x9c\x95\x97\xa0\xc4a}\
\x18/\xca\x07\xc5\x8c\xd7/\x9e\xe5\xf2\xf2\x0a\x07o=\
\xc8\xcc\xc4\xa6\x80'\xce=JY\x8a\xdc\x85R\x90+\
\xe7\xa7\xf2\xbbb\xf5&\xdc\x84+\x7f\xf1H\xd3\xda\xd0\
j\xb5Y]mE9\xbc\xe1\xcf'I\x85\xe5\xdeQ\
\xe4<\x07_xO\xf8\xc6\xc3\xcd \xf4=\xdd\x8e\x1f\
?\xde\xe3\xee\xf4\xecm\xe9\xb6\x7f#H\x02\xf2\x90\xc7\
7\xbf\xdf\xe7\xf5\x83\xd0\xd24\xa5(:Q\xc2\xa9o\
!\x09\x0a\x14\xbc\xf0\xca\x09&''\xd9\xb1}+\x22\
\xdd\xb0p\xc6\x05V\xf9\xbe\x0e\xe6F\xd8\x9fA\x8f\xf4\
A\xa2\xcb\x95\xda\xb0\xbb\xd0(Q\xacd\x8a\xbb8\xe1\
\x0f\xbe\xee\xb0\xde\xe3\xbc\xd0\xeat)\xd6\x09\xd0\x9d\xf7\
\x95o\xfd\xd6\xad[\xd7\x88|\xa7iZeFgf\
f\x98\x18k\x0eA\x06\xba\xdda\x15\x99\xa5v\x07G\
_\xd6\xa8\xe8e0P\xba/\x8a\x22\x0a\xd2\x87\x8c\xa3\
\x84\xc0\x03| \x99\xa8$d\xa1\xc7\xc6j<\xf2\xbe\
\x87y\xd8?D\x91\xe7\x95(u\x9e\x17\xc1Fs\xd0\
i\xab\x22\x02\xd8\xe1\x92U\x0c\xe8D\xc9\x9a\xc5\xafr\
F\x8a\xef/'s\x17\xdd\xa4F\x9dv$\x8aDw\
:\xab\xd4\xd2h\xb1\xda\xeb\x22&\xe8?N\x8c\x8d\xb1\
u\xf3.\xa6\xa7\xa7I\x92\xa0[\xbb\xe6>\x02\xb5Z\
J7\xb7\xe4\xd6r\xf1\xc2\xec5*D\x5c{\xeb\xeb\
\x97v\xf9\xfa7\xbe\xb1\xfe{\x06\xb5\x1fe\xfd\xf1\xda\
\x1f\x1f\xfd\xffVN\xe12\xc7\xe4\xf8\x14\xf7\xdf\xf1 \
[\xc6\xb6\xa2\x8b\xa42\x80\x08@G\x85\xf6\x8a\xbcc\
i\xd1B#4'\xea\xa4\xa9\xc6)\x8d!\xe5\xb1\x0f\
?J\xaf\xd7\xe3\xe9g\x9e\x86DP5\x1d\x17g{\
\xd5g\xc19\x87\x91$X\xf7\xe6\x9e\xfb\xef\xba\x9f\xc7\
\x1f\xfd8\xb7l\xdb\x89\x90\x90\xf7\x02\xe9)\xc1\xe0\x95\
 6\xda\x1c\xda\x00\xe1(\x9d\xa7B\xacm\x10SF\
\xb7\x9eDi\x1e\xfb\xd0c\xa4i\xca7\xbe\xf5M\x8c\
Xp.`\x06\x03xu(\x10-U\xc9}Tl\
P\xe2\xb0\xce\x07\xa8J|M!\xa1\xac\x1b7d\xdf\
}\xea)v\xed\xd9\xcd\xb6]\xb70\xbf\xb2h\x8b<\
\xbfkvn\xee\xad\xc9\x22\x5ca8\x80\x9c\xf5a\x92\
\xd80{ h\xb42\xb4[-\xf2,#\xd1\x9a\xc2\
\x167<\x0b\x1a\xc6\xd3\x9ap/\xfc\xbf\xf7x\xf1\xe4\
\xceQ\xe0\xe9\xf9\x82\xd7\xde8\xc9\xebg^g\xb5\xd7\
\xa5Wt!1X\x05W\xe2\xc6:\xe5\xe2\xc67\x1e\
}\x84gZ\x8d\xaf\x8d\x88\xb7\x83X\xf3\xa1\xb3\xf4X\
\x09\x1b\xe5\xe5\xac\xc5\xe1\xe7\x9f\xe1\xd0\xbe\x03\xec\xda\xb6\
\x0b\x93\x1a|\xe6\xa8\x99\x1aE\x9ec\x8b\xa0NR\x12\
2%\xaa)(\xefq^]\x97\xda\xb7\x88\xd0\x8dD\
\xba\x8d6\xa8\xf1\xfc\xfe\xb5\xd7v\x85\xab\x86\xb5\xef\x9e\
v3\x08}\xaf\xb7#G\xb2Wi\xfc\xc6\x9e;\xea\
\x9f\xaf7\xd2\xff\x1e\xe4\xb3\xc3\x19\xd1\xbe.\xde{Z\
G\xf4\x1dka'\xddl6Y]]\xad\xb2\xa0!\
\xa8,q\x91\x863\x17\xe7\xf8\xd27\x9f\xe4C\xef{\
\x90\xfd\xfb\xf6\xa2\xb4\xc7\xdb\x02g\x8b\xe0g\xef\x03;\
w4\xa3\xd4\xcf3\x0d\x06\x00Bao\xec\xc65\xb0\
\xe9-\x22Q\x00\x9d \xca\xbf\xb8\xbcB\xe1\xed\xba\xe5\
8\xad\x14\xcd\xb1&;w\xeeD\x94\xc2\xb9~\xa6\xb1\
\xd3i\xa1\x8df\xe7-;\xd9\xb1m\x1b5]\xe9\x0e\
T\xb3\xdd`\xa0\xd2\xcb\x8b\xea\xda\x9c\xf7\xe4\xd90\x06\
\xab\xd3\xedR\xf42z\xbd\x1eE\x91\xb3\xb2\x12\x18\xf1\
\x891\xd4\x92\x84\x1c\x17\xc8<\xd6V\x19=m\x04\xa5\
\x0dEa\x19\x1b\xab\xc7 \xb4\xaf\xdbY2t=E\
p )\x83\xd0h\xe59h\x0f\xdb\xd7\x16u\x03\xb8\
R\xc1\xc6\x0cr\xd8x\xb8\x0d\xdcK\x0a\x1a\xb5\x14\xc1\
\x05\xf7\x12\x1cJ\xa5l\xdd\xb2\x99\xed\xdb\xb62\xde\xe8\
C\xb4K\x7fw\x19\xb1\x8e\x0d\x194\xe1\xf4\x1b\xe7h\
\xb7\xdb\xa8\xa8&P\xa9,\xbc\x89%dp\xe1\xacG\
\xaf\xfbg\x0e\x7f\x87\xe7\x9e{\x8e\x9a\xee\xa3u\xbcs\
C\xb6\x81k\x8f\x13K\x99\x83\x928\x03\x90\x0a\x05\xd4\
u\x93{\x0e\xdc\xc7Lc3\x095$W\xb1\xf4\x19\
\xd5\x10$f\x80<\x14\x9d\x1e\xab\xde\xe1\x5c\xc6\xe4\xd4\
8I=8\x035kc|\xe2c\x8f3?\xbf\xc0\
\xabo\x1c\xc3'\x822\x8a\xa2p\xe8\xab\xccP\xce{\
\xc8-\xb54\xe1C\x1f\xf9\x10\x8f~\xe0Q\x12\x9d\xe0\
\xb30\xf6\x8d\xd4p\x85\xc3\xe5\x01\x9e\xb2\xdan\x93\xf7\
2\xba\xdd\x8c\xa2\x97\xe1\xbd%\xa9\xd7\xa8\x8f\xd5H\xd3\
\x94D\x92\xc0WW\x82r\x9eDy~\xec\xb1\x1fC\
9\xc5\xd7\xbf\xf55\x0a\xb1\xd5\xa3\x5c\x12\x10\x95/1\
\x8b\xd1\x08\x03\x85\x8d\xf2Z\xeb\xf5\xae\x8a\xd5p\x0f\x5c\
8w\x9e\xc3O?\xed\x7fd\xe6S\xb4VV\x8f\xfc\
\xfa_\xf9\xabo\xb7\xb8\xf8|\xf9\x1f\xe5\xf8\x8e\xbfQ\
Z\xe4\x8a\xd2(\xabYZZ\xa2\xd7\xebQ\x9b\x18C\
{\x1d\xc9\x89W\x9e\x9fF\xc9\x80\xa3)\xc65\x9b\xf1\
u\x96\xa0\xc1\xf7\xf4\x5c\xc1Rw\x95\x97\x8e\xbd\xc2\xb9\
\xd9\xf3\x98F\x8d\x1c\x8bO4N\xec\x9a\x00n\xcd\xf1\
Dp\xac\xc5<\x97\x0ex2\xb2\xe9[\x13\x94\x8e\x9c\
[\xf9\x1c\xe3}t\x91SX\xef\xd0u\xc3k\xa7O\
\xd2Ymsp\xdfA\xc6\xebu\xda\xabm\x12\x95\xa2\
\x12\x873\xc1\x0d\xc9Y?d1\xcc\x101k\xe3g\
Q\x22fWk\x15\xb4\x9aWV\xaa\xb9K\xad\xbdf\
'\xde\xefL\xda\xf6\xd25\x8d\x88wI\xbb\x19\x84\xfe\
@\xb4\xc3\xf9\xe9\xa3\x9c?\xf4\xc0'\x0e+\xf1\x1f\xf1\
\xc8NF|\xe6\xdf\xfd\xed\x86\x10AoXK\xd34\
d5T(\xeb(\x9d\xf4\xb3U\x02\xca\xd7\x99[\x5c\
\xe1+\xdf|\x8aW\x8e\x9f\xe0\xf6\x03\xfb\x99\x99\x1eg\
fz\x8a\xdcZ\xea*!\x14`\x87E\xbb%b(\
\xc5\x9b\x91k\x1e\x98\xe4\xdfDV\xecJ\xbb\xea\xa8\xc7\
\x88\xd3\x8a\x95V\xc8\x84\xba\x91'_\x89\x90\x179S\
S\xd3LOOV\xe7S1\xc4\xb5\xc2\x88f\xfb\x96\
\xad\x18\x15\xaej\x880/q\x87\x1f\xff\x98\x9aa1\
\xe5Fb\x86d\xc4\xb7\x8c\xd7\xb1@^\x04W\xa5\xd5\
\xd5UVV\xda,..\xd0m\xf7\xc8q\xa0T\xc5\
\x8aW*f?\xbd'\xd5\x91\x98$}\x9bQ|d\
\xa8\x12\x82(\xeb-D\x06\xac\x8aL|\xeb\x83\xf5b\
\xe9\xe1\x0dP\x14\x01f \xd1\x1e\xb6\xbaO\x12\xec\x17\
\xb5\x1e\x94\xa2\x09\x96\x8dJ\x0c8K\x9eu\xa9\xd5j\
l\xdf\xbc\x8d\x99\xcd\x9b\xa9'\x86\xd4\xe8h\x9bZ\xc4\
\xe3\x94\xf6\xb0\xb1?\x06\xc4\xb9.\x5c\xba\xc4\xe2\xd2\x22\
Z\xeb\xeb\x8e9K\x87\x9e\x0d^%\x8bA\xffW\xbf\
\xfa\xd5\x10\x9c_A\xf1i\xbd\xd1\xe6]\x80\x80\x94\xb0\
\x96\x00\x9fP\x887h\x9br\xf7\xc1{\x99j\xcc\x90\
\xf8:\xaaH\xf0\xd6GI\x9c\xb0\xf9Q\x12\x03]\x15\
J\x98\xbdN\x86\xf8 \xe34)\x8a4M\xf0\xce2\
\xd1\x9c\xe0\x93\x1f\xff$\x9d?jqqi6\xca6\
\xba\xb5\xe5J\xfa\x18;\xf1\x90u\x0bvn\xdf\xc9\xe3\
\x1f\xf98\xb7\x1d\xbc\x1d\xb1\x1aq\x06\x1b\x9d\xba\x8a\xbc\
G\xb7S\xd0i\xb5\xe8\xb53:\x9dNt\xd1*;\
\xc2S\x14!(E\x09\xd3\xd3\x93\xd4\xea\x09I\xbd\x06\
\xc6\x83h\xba\xad\x9c\x0f\xbc\xef\x03dy\xc6\xb7\x0f\x7f\
#\x94d\xbd\xaf\xb2\xc6n\x1d\x11\x03\xad\x0c\xdee\x03\
\x04\x97\x81g$\x9e\xbb\x084M\xeaO\x1c{\xd5\xef\
\xde\xb5\xfb\x82\xa9\x99\x7f\xef:o\xffu7\xc1\xb7+\
\xd6\xe4\xbao\x08z\xafJ)\xda\xed\x1e\xdd<cF\
Oao(6y\xe3\x162\xa0DI%\xc7\x8bG\
_\xe1\xf4\x853,w\xdbx\x03\x98P\xc9q\xd8u\
\xc7\xfd\xe8p\xd1\xb8H\x8a\xbc\x01\xe76 U\x888\
\xbc\x172\x17-XU\x0a\xcaq\xfa\xe2\x19\xf2\x22g\
\xef-\xbb\x98\xacO\x04u\x10\xa2\x99F\x22a>\x03\
\x0ak#\x5cI\xa2\x93S)\x9f\xc0\x15\xe7}\xa5t\
\x95\x09m\x8e5\x83\xa1\xc5\x9a\x13E\xbc\xf7\x9f{\xaf\
e\x98n\x06\xa1?8\xcd\x1f\x7f\xee+\xff\xd3\xa1\xfb\
\x1f\xff\xbch~]\xf0\x9f\xf6>\xdc\xdf\x00\xea/\x1f\
T_n|\xaf\xd8\xe4*o\xf0#O\xf7\x1a\xcc\xcf\
\xe8^\xf2*;\xe3\xb5_0b\x038\xd2\xdcU\x82\
\xd6Qa\xf1\xb5\xe2\xeek19\x9e\xe0t\xd4\xeb\xe5\
\xec\xdc\xb9\x87\xd5v\x97Ng\xb5*\xf5\xf6w\xdb:\
x\xb2'\x86\xb6\xcd9yn\x8e\xd7\xce\x9c\xa7QO\
\xd9\xb1c\x1b;\xb7n\xe7\xe0\xce\x9d4\x93\x84F\xbd\
N\xad\x96 \xdeR\xd8\x0c\xe7,Z\x14\xca\x07\xe1|\
\x17\x83 \x8d\xae\xf4\xe6<\x1e[\xf5\x9f+\x01g\xc8\
\x00C\xdc\x97\x99\xbc\x12o\xa44^I\xfc\xbb\x07\xa7\
\xf0J\xe1D\x91\xd6\x1aXI\xe8\xe4\x8e\xb9\xf9\x05\xbc\
\x13\x04\x1dw\xd2\xfd\xa0\xcbh\xc3\xbe\x03{i\x8c\x8f\
\x0d\xf5\xb4\xf7\x1e\x9b\x15\x1c8\xb8\x87\xc4(\xd25%\
\xed\x18\x87\xaa\x01\xdf\x94\xa1\x08u\x18~\x00}\x07\xcf\
D\x0bhMsf\x8aMSSl\xde4\xc5\xd2\xca\
2sK\x8b\xf4\xf2\x8c\xac\x17 \x11Z%\xe1|\x05\
\xbc+B\x0c\xe9K0\x1exg\xfbZ\x85\xe2H\xb4\
T\x8cR\x5c\x10\xc4/\xc7\xa8\x08\xb8\xc2!\xa20J\
\x10m\xaa\xec\x90\xa8\xe0m\xef\xa3\x96\xa3'\xbc/d\
F\x83.m\xe1=\x8df\x83\xed\x9bw\xb0if\x13\
c\x8dz8\xce@\x9f\x89/\x03\xda\x90\xa1u\xde\x07\
\x9cm\xec\x9a\xf3\x97\xe7\xb947K\xee,\x89IB\
\x89x\xa0\x9f*\x89\xafQ\xe7\xa1R\x17\xd3\x97\x98\xda\
H\xd0\x1a\xd0\x9d\x04py\xc1K/\xbd\xc4\x91\x17_\
\xae2\xf2\x83\xb0\x83\xb2\x14\xaf\x08\x8f\xa6w\xb6\x9f\xd1\
\x0e)\xc1\xb80\xba\xe8\x97\xad\xb0=0^\xd8\xbf\xe7\
\x10M3\xcd\xeaR\x8e\xeb\xf6\x98\xac'\xa4&\x09Y\
>U\x0a\xbf\xfb\xa0\xe9\x18!\x16((z\x8e\xf6R\
\x07\xedal\xb2\x81\x18\x8f\xa9\x19\xf6\xee\xda\xcbG?\
\xfc(_\xf8\xd2\x17X\xee.QOk\x14>\xb0\xd7\
\xf1*8\xda\xa0Q(\xbcu\xb8\xdc\xf1\xc1\x87>\xc6\
G>\xf8\x116Oo\xa1\xd7\xe9\x91H\x8ar\x06\xa5\
\x84v\xab\xcb\xfc\xe5U\xb2v\x11\x82O\x1f\x9eY\x1f\
3\x96\xe1\xf1\x0fX\xe9\xb0\xd7r\xcc\xf7\x16\x18\x1f\x1f\
gr\x93\xa1\xd6L\x83\xd4\x97\xe4\xd4\xeaM>\xf2\x81\
\x8f\xb0\xbc\xba\xc0\x0bG\x9fG\xd7\x12\x0a\xe7*Q\xfa\
2S\xac\xbc\xae\x5c\xb4D\x99\xb0\xc9)\xf5EK\x0c\
\xaa\x80\xf7\xe2\xc5A#I\xdddc\xfc\xa57\x8e\x1f\
\xfd\xe8\x13\x9f\xff\xfc\x95\xd9&7\xa0y\xa7\x16\xe2\xb9\
\x86bX\xf5\xca\xa0\x88\xbf\xc7H\xca\xf2r\x9b\xd6j\
\x07\xbb\xd5U\xc6\x1b\x95\xc3\xdb\xc8\xbc\xed6\x12\x9d_\
\xa3\x0b=\xfc\xbev\xb7M-I\xd1Fp\xce\xa1\x8c\
\xc6\x8agni\x9e\xef\x1d}\x89\xd9\xd6\x22V9h\
\x18\xbc8\x0aWT\xe7P\xe2\x93\x872\x81\xa3\x18U\
\xa9nt\xb8O%9\xa8z\xdb\xc8zU\xbe\xbe\xae\
\xfe;C\xa9Q\xeb\x0a$>\xaf=\x1b\x9e\x0fI\x85\
\x8b+sdE\xc6\x1d\x07ng\xdc\x8c\x05\xf2\x9e\x08\
\xce\x81\xe8R\xff9\xbc\xdfG\xda\xfd\x90\x84\xa0\xf43\
\xa52\xf4Bh\xb3\xb3\xb3A\xabZ%\x88\xee\xeb\x18\
\x87\x8a\xa7C\x90\xc2\xe3>\xf8rc\xe5\x8fn\xd0\xb0\
yG\xda\xcd \xf4\x07\xab\xd9\xe3\xcf?q\xee\xb6\xfb\
>\xf9?x\xc3m\x22\xfe\xb6\xa8k\x0b\xf4\xcb\xf37\
\xdb\xc6\xcd{On-\xbbw\xef\xa6\xd9l\xf0\xf4w\
\x9f\xc2\x97\xde\xe7\x0c\x8a\xd0\x03(D%!x0\x86\
\x9e\xf7\x9c8}\x9eSg.\xf0\xfcs/1=>\
\xc6\xd6\xcd[\x98\x9el\xb2\xe3\x96-L\x8e\x8f1\xd6\
\xa8\xc5\xac!\xd8<\x8b\x99\xbc(4_&Y\x02r\
}H\xd8}\x03\xfa\xd5\xc0\x5c\xaa\xf0\xf1\xa7\x12\xcf\xae\
dG\x14N%,,\xcd\xb3\xda\xee\xa2\x93\xda\x1a!\
\x11\x1d3\x97[\xb7n%M\x12\x94X|$*\x8b\
\x87\x89\xb1\x06\x13\xcd1\xfaa\xd4\x95\xdb\x1am\xfd\x91\
\x8f\xd85)\x0a!\xd109\xd9\xa4>Vc\xf3\xb6\
\xcd,\xaf\xae\xb0\xbc\xbcL\xb7\xdbeyy\xb5\xcf<\
\x1e j\x95\x19\x14k\xfd\xba%\xbf2c\x10\xd8\xe0\
e`\x17\xaf\xc0\xbb\x90\xfd\x8cA~\x11\x176\xe7=\
\xa9\x96\x80\xdf\x13\x8b\xc6\x93&\x09&iR\xaf\xd7\xa9\
'\x86-[\xb6\xa0\x8dF)\x8d\xcd{HZ\x96\xbb\
\xcb`q \xf3\x1da\x01y\xc4$\xf6\xf2\x8cK\x97\
.\x91eE\xd4 uC\xa4\xa5\x1b\xd1\xb2,\xe7\x89\
'\x9e\xa0\xc8s\x9acc\xd8u\x80\xc0e\x00\xda\xbf\
\x03\xeb\xa0\x00\xa2\x8e\xa4w\x1e\x8da\xbc1\xc5\xd4\xf8\
\x0cx\x13\x82k\x0b\xb9\xf5h-h\xd1\xfd\xe0Y\x08\
\xaf\x8bG\x89\xaa2\xaay7\xa7\xe5\xa1VK\x82\xac\
\x95U(-\xdc{\xe7\xfd\xac\xb6[|\xf1\x8f\xbf@\
\xde\xc9p\xca\x92\x8c\xd5P\x18\x8a\x22\xc3\x15\x16\x87\xa7\
\xa6k\xfc\xe8\x8f\xff\x18\x0f\xde\xfd\x08\xca\x1blOh\
$\xe3h\xa7\xb0\x99e\xf1\xf2\x22\xb3\xb3\xf3\x14Y\xc0\
\x18\x97\x95\x88Q\xc2\x95\xabp\x9c\x00\x1a\x9f[V\x96\
V\xc9\xf3\x9c\xc9\xc9q&7MP(\x85\xcd2\xea\
\xf5&\x0f<\xf80\xc7O\x9d\xa0\xe7\xf2+JhI\
\x09\xc1\x11\xc1F\x08i\x19\x88z\xef\xbd\xf2\x12\x9et\
\xeb\xce\x16\x9d\xce\xff\xeb\x89\xcf\x7f\xe1\xcdZr^O\
\xf3\xce\xcb\xac\xf2\xde\xfa+\x01\x0a\x09L\xff\xbcW\xb0\
\xda\xea\xc7\xc5\x1biz\xbe\xd9&\x224\x1b\x8dP\x9d\
q\x0e\xd1\x0a\xab\xe0\xcc\x85\x0b<\xf7\xeaK,\xf7V\
)\x12\x22\xf1\xa8T\xb7x\x07zi\xbd\x8e[\xf3\xbd\
ac\xd9\xd7\x86\x0e.Z^\xa0\xc0rye\x9e7\
\xce\xbc\xc1=\xb7\xde\xbd\xe6\x9a\xb5V\xf8h\xb2\xf1f\
\x96\xe2\xd5\xd6\xea\xfa\xc6\x01\x11f\xe7\x05\x8d\xb8\xdf\xbb\
uvB\x9f\x84\xfc\xba\xbf\xe0\xfb\xd4n\x06\xa1?x\
\xcdu\x16:O\xd7\xa6\x93\x1fW\x89\xf9u\x81O\xae\
GV\xba\x89\x0d\x1dnJ\xa9J\x9a)\xcfs\xb6l\
\x99\xe1O\xfe\xc9\x9fe~\xe12\xaf\xbf\xf6\x1a\xa3\xfa\
ue\xebwa\x08&\x95J\xb0\xce\xb2\x92e\xac^\
\xce8;\xbf\x88\x16O\xb3\x9ePK5\x9b\xa671\
3=\xc9\xc1}\xfbI\xb40\xd9\x18#M\x15\xae\xc8\
\xc1\xf5BF\xcaGY\x92\x8a9\x1e\xbe\xc1\xf5\xfd\x9f\
\xa0\xb4\x0f,\x7f\xf3A2'\xfc\x04\x8f{\xe5-J\
\x14\x1eM\xe1<\xaf\xbdq\x96^\xe6H\x1a\x067\x8a\
Q\xb4\x8e\xa9\xe9)\xee\xb8\xfdv\x94\xd6\x8c\xea\xdd\x8d\
\x8f\x8f31>F\x89r}\xab\xcb\x92Z\x1b\x83\x96\
WE\xa2\x15Fk\x92\xa9Ml\x9e\xdaD\x96e8\
\x1f\xe0\x02Y\x96\x059\x96\x18,\x86,\xa0\xaa<\xea\
G\xef\x8d\x8bX\xdb\x12^\xd1\x87\x17\xe8XZ\x0f\x01\
\xa2)\x09R1[\xa8\x8d\xa0\xc4\xa3\xb4F#\xd5k\
\xe1w\x1f-ac\x88\x93\xa6\x94\x0c\x94!\xb9rO\
\xb4F\x8cex[Px8q\xf2\x14\xadv'\x1c\
C\xfa\xc1\xb1(E\xdf\xcb}D\xc7t\x83~\x1c$\
\xb4\x0d^\xffK/\xbd\xc8K/\xbd\x8cI\x92(\xfd\
4l\x85:\x88I\x8e\x01R\xcc\x80\x0e\xdc_q\xa5\
*(\xa5X{\xbd\xd9 \xad'H\x110\xd0\x85\xcd\
\xc8r\x8dQ\x0a\x95\x9a*\xd3\xa4*\xc90\x19\xda\x81\
x\xef\xe9\xf5z\xac\xae\xb6\x19Sc\xd4\x8c\x82B\xa1\
\x13x\xe4\xbe\xf7\xd1n\xb5\xf9\xce\xd3\xdf\xc4k\x0bE\
\x10qW\x85Fy\xc5\x81\x03\x07y\xf4#\x1fc\xc7\
\xb6]\x18j\x14\xbd\x90].\xba\x8e^\x9e3w\xf1\
2+\x8b+x/\x88\x17\x14\xae\xf24\xdfh\xbc\x96\
\xdd\x9c\xd6jdy\x97v\xbbM\x96\xe58\x81\xa4\x99\
\xa2j\x0ao<\xdb\xb7\xeedjr\x0bo\x9c?\x89\
\xa9\xe9\x803\x8e\x90\x8f\xaa\x1fEbU \xa8R(\
\xf18oK!\xfe\xb8!\xf1^\x8b\xb4\xd0\xf2\xf9\x17\
\xbf\xd3\xfa\xb7\xbc]\xc2\x92\xc3\xcd{e\xcf1\x9c\x0a\
\x95\xb5o\x0aY\xff\xbc\xc8\x98\x9f_\xa8\xa0$\xd6:\
\xb4VW\xf9\x82k'U\x86y\xd6\x85>\x14\xc8\x9c\
\xe5\xe4\xe9S\xbc\xf2\xfa\x09\x96\x8b6.\x0d\xb8\xcf\xab\
\xcd2C\x8er\x1b,e\x1b\xd9\x83nDD\xf2\x1b\
\xbd\xee\x06\x9fG\xc1KiG\xd6\xdf\xe4\xf8\xc2\xd2\xeb\
\xe5,--\xae\xf9\xaeRa T\xd5\xae\xfd\x96+\
\x15\xca\x96\xde;\x16\xe6\x17*\xe8\xd0\xc8\xb9\x97\x98\xa4\
\x5c\xd0\x8f\x9e<\xf9\xc7\xcf^\xf3\x17\xbc\x0b\xda\xcd \
\xf4\x07\xb0\x9d9\xf3\xed\x0eg8w\xe8\x81\xc7\xfe&\
bN \xf2\x17\x04\xdf\xf4^\x14\xf8\xe0Jr3\xfc\
\xdc\xb0y\xef\xb9p\xe1<\x07\x0f\x1e\xe4?\xff\xeb\x7f\
\x9d\xbf\xfbw\xff.\xc7\x8f\x1f\xbf\xe2g\x92$!\xcf\
\xc3\xe6S\x99Z\xb0\x89,\x09.8\x96\xbb\x19\xd2\xcd\
\x98\xbd\xbcJ\x96g<\xf5\xcc\x116M\x8c\xb3\xfb\x96\
\x1d\xdc\xb2u\x0b\xdb7O\xd1\xac\xd5h\xd4\xebx\x97\
S8\x1b\xe4j|,mz\x85H\xb1\xc6\xd9\xa7O\
\x96*\x89S\xe5\x8f\xc5\x89\xa6\x10C!\x86s\x97\xe6\
y\xe3\xec\x05L\xad\x8e\x13\x15\x1d>\xfa\x13t\x96g\
LNN\xb2\xef\xd6[q\xd62\xe2\xca\xc7\xf8\xf8\xf8\
\xdb:d\xdc\x00S[\xc2\x1fH\x95F\x14\xe8\xb4\x86\
\xb5\x05\xcdt\x0c=1V\xe5!JbrpEY\
+\x0b&Be\xf7iL\xffu\xef\xc3\xfb\x15\xc3\x19\
Z\x1d\x7fw\xce\xe3\xc9\xfb8\xd1\xf2\xf5\x8a-_~\
su\xb6C-\x90`\xd5@y;l\x16zy\xc1\
\xf1\xd7\xdf\xa0\x97g\xe4\xd6\x92\xea\x14\x10\xf2\xdc\xa2\xd3\
\x84\x1b\xd6\xbc\xe2\x89'\xbeF\xb7\xd3E\x1b\x832\xc3\
7\xb3\x1c9\xe2\x877\x03*J\x0e\x05\x87\x9a\x12\xf0\
\x12\x02P\xaf$\x1a\x068\x0a\x9fc\xb4\x8d\xd0\x84\x8c\
\xac\x08\xda\xa6&\xd1\xd5\xe6\xc0y\x1f%i\xca`\xa1\
\xd4e\x0d\xcf\xd7\xcaJ\x1b\xd1\x1a\x95(j\x8d\x94,\
s\x18e\xf8\xd8\x07\x1f\xc5\xe69\xdfz\xea\x1b\xd8\xc2\
\xd2h4\xd8<\xb3\x99\x87\xef\x7f\x98\x07\x1e|\x98z\
\x92\x92\xf5B\x06[\xe3\x11/\xac,\xafpyv\x9e\
\xa2\x17$\x85\x125\x9c\xf5\xbe\x96\xd6\xe9tH\x12\x85\
(M\x96e\x5c\xbc8\xcb\xd8\xf48S['h\x9a\
:+\xabKdYF\x9a\xd4B\x09\xb9\xc8\xafP\x10\
P\x88Dy2\x1fzRU\x81\x82x\xf0K\xa9q\
\xff\xd3\xf6\xfb\xf3\xf4\xe2\xf3\xefH\xc6\xca\x8b\xa5\xeb\x15\
\xcbhf\xae\xf8\xc6X.\x1e\xd4\xa3|K\x05\xb4u\
\x0a'\x81,\xa8H\xd2\x94\xc5\xf6\x12g.\x9e\xe7\x99\
\x97^@\xea)$\x86N\xafMR\x1f~\x1e\xaeK\
\xa2n\x9ds\xbe\xe1:\xa7\xa8(\xcd\x16\xeeh\x82\xe0\
1l\xde2\xcd]\xfb\xefZ\xf3\xfe@b+\xb3\xa1\
on\x0b\x1f2\xa1\xaer\x86\x1b\xe9U/\xde\xeb\xcc\
g\xff\x92\xf7\x103\x1en\x06\xa1?\xc8\xcd\x1e\xcf\xe7\
^\xe2\xc8\xb6\xff\xe2\xb6\x87\xf8}\xef\xe5\xcf\x22\xfe\x17\
\x04\x92\xb2D?\xc8\x9e\x7f\xa7O\xeej_y\xb59\
\xe7J\xec^X\x07\x90>\x22\x1c\xba\xde\xb7k\xd3'\
\x0b\xcd/,\xb0\xba\xba\xca\x9e=\xbb\xf8+\xff\xc9\xff\
\x85\x7f\xf1\xcf\xff9O=\xfd4\xceYj\xb5\x1a\xde\
9\xf2\xa2 IS\xf2<\xc7Z\x15\x81\xfda\xe1Q\
F\xc5L\x18\xc1\xb7]\x85\xac\x8e\x18HU\x1d\x07\xcc\
\xaftYX~\x8d\x97^~\x95\xa9\xb1\x1a\x9b&'\
\xd9\xb6u3\xd3\xd3\x13\xec\xd8\xb1\x8dZ\xbd\x162\x99\
\xce\xe1l\x81\x8a\x920\xde\x17A~D)\x12-(\
\x15\x16=\xa3\x15I\xa2\xf0&\x0d\x1a\xa7\x92\x90\xa9\x94\
\xc5\xcb\xcb<{\xe4UH\xea8\x95`\x1d\x88\x0e>\
\xe8\xb5Z\x8dn\xb7KROx\xf8}\x0f1>6\
\x8e\xa8 \x1e\x9e\xa6)\xed\xd5.\x8d\xb4\xc6\xe4\xf8x\
\xe8\xc6\x8d\xfa{M\x86\xf8\xfa\xee\xff\xa8\xde\xa7h\x09\
\x96\x9c\x0e\xb4D\xb8@\x8c8\xbd\x0c\x87\x80\xaa\x84C\
\x0e\x1c\xb2,\xdf\x99\x92\xd1< \xd7Rf\xfbF\xaf\
\xa5\x14\xcfWJ*\xf2\xc9 \x97C\x22\xb5\xd9W\xba\
\x89\x83\xc1(C\xfdS\x95e\xe3;\xda\xdd\x9c\xb3g\
/\xb0\xb2\xb2\x02\xa2I*H\x84\x0f\x01\xe8F\xa4\x84\
\x92m\xaeL\xec\xa7RD;f\xa9\x9cCkM\xd1\
\x0bv\xb3\xb5Z\xc2\x93O>\xcd\xc9\xd7O\xa2\x8d\xc1\
\xe8\x04\xbc\xac)g\x86qdC\xc0m]\xf0\xa1.\
\xaf\xc6\x87\x0e\x0c\x1b\xa0\x98qW\x0a\xb4g\xb9\xb5\xc0\
\xfc\xd2\x1c;\xa7\x9a1s\xeb\xe8v\x83\x16\xa8\xf7\x8e\
Z]\x07\x8fo\x1f\xce\xad4\x0bHK9\xab\x22l\
\xae\x92\xc4\xb0\xba\xb4\x8as\x96M[6\xa1RE\x9e\
\x07\x22\xd8\x87\x1f\xf9\x08\xa9I\xb8p\xfe<\xb7\x1f\xba\
\x93;\xef\xbc\x83\xf1\xc6D\x90\xf6\xecI\x90]*\x04\
\x97[\x16\x17\x96Y\x9c_\xc2Y\x8f`0Rn\xd0\
J|\xf0\xf0x\xd8(r\xd4I\x12H'\x04\x8bX\
\x8b\xa7\xd3\xee\xd0\xbd\xd8b\x8b\xda\xc2+G\x8f\xd2\xeb\
\xf5\xaaL\xa1Q\xb2\xee\xb1\xbc\x0bl\x980\x17\x00\xe4\
\xb8\x000\x86>\xea\xf7|\xd6)&.\x1ey\xfe\x0c\
\xefP[\xcd;g\x9b\xf5\xa6\xf5\x91hT\xab\xade\
\xaa\x956\xa4\xbd^\x8fs\xe7.\x90\x98\x94V\xabC\
\x9a\xd6\xc9\xb2a\xf5\xa8Q\x8e\xd3\x86\xf3\xf9F\xf3\x80\
\x0a\x0c\xf87.\x9c\xe3\xc8k\xafbk\x82%\xa7\xf0\
`\xd2\xa4O\xec\xba\x02V\xf3z\xdahF\xd4\x8d\x04\
\x82\xba\x92\xa4\x1by]\x8d\xcek\x83\xbf+|aq\
\xbd\x1c\xa3\x85[6o\xe7\xc0\xbe\x83L5'\xb1\xed\
<T\x10\x5c(\xbf+\xad\x11\xe7)\xf0h\x14\xd6\xfb\
\xa1C\xaf\xf5\x8a\xf7\x03\xd5\x17\x83u\x8e\xc5\x85E\xea\
\xf5\xc6\xe8\xfb\x06&(zF\x92\x0f\x02\xff\xea\xad\xf5\
\xd6;\xdbn\x06\xa1?\xc8\xed\xc8\x91\x0c\x8e\xf0\xea\xf7\
\x1e\xf9\xea\xde\xfb\x1a\x87\xeb:mz\xf8\x08\xb0\x05H\
\xaeNO\xfa\xe1m\xad\xd5U\xe6\xe7/3\xbdi\x8a\
\xdd\xbbw\xf3\x9f\xfc\xd5\xbf\xca\x1f\xfc\xc1\x1f\xf0{\xbf\
\xf7oX\x5cX\x04\xc2\xee<1f\x00L\x1e\x02P\
\x1f\x99\x8e\x15\x98_\xa2\xc7y\xc4\xffU\xc9Kt\xb0\
\x87T\x9aK\x8b-./\xaer\xfc\xf4\x19\x14\x9e\x99\
\x99i\xc6\xc7\xc7\xd8\xb1}\x1b\xdb\xb7lf\xd3\xcc&\
\x8c\xd2\x18%\x18IQF\x05\xedAq\x08AB\xc5\
\x9b\x14L\x9d\xc2:t=\x10\x91\xce\x9e\x9b\xe3\xf8\xeb\
g\xe9ZB\x00\xea\xfb\xb6\x90i\x92\xe2\xbd#\xcb2\
\xa6\xa66s\xff\x03\x0fP\xab'\xf4z\x05x\x8f\xcd\
s\x8ch\xc6'&H\x93\xb7Wla\xed\x226\x9a\
-P\xd5\xce\xa2\xc4\xd9U\x9f\x1d\xf8\xffkmj\xe3\
\x027\x1bY/^_S\x14\x0e\x0ao\xe9\xf6rN\
\x9e<MV\xd8@\x12\xc3\xf7%_nP\xab\xd5j\
x\xef\x99_\x98\xe7\x0f\xff\xf0\x0fiw:\x18\xad7\
\x08\x0e\x5c\x95e\x87\x91\x80~\x88u\xdfg\x81\x8bw\
\xa0!s].^>\xcf\x98\x99`\xcb\xc4\x0e\xf2N\
\x8e\xf3BVd\xa8L\x07l\xa8\xaa\x80\x0aU\x1b\x12\
\xd9\xf7P\xe4\xa1\xdc\xea[]\x94Yar\xcbD\x90\
X\xf2\xd0\xac\x8f\xf1\xe8\x87\x1e\xc3\x16\x05\xe3\x8d\x09\xb2\
\xac@r\x8d\x8aJ\x07\xa0XXX\xa6\xdd\xea\xd2j\
u\xf0E\x10\xcfWN\xdd\xb0l\xbd1\x0a\x1b\xc7\xc1\
\xa9S\xafs\xf4\xe8\x11:\x9d6^\x15\x11\xaer\x85\
1R\x95h\xa3a\x82C\xbc\xcf|$\x9ex`g\
\xd1Rg\xb9\xdeA\xfb\x16Z&\xf5^\xc3\xb9\xcf!\
\xf2\x9f\xe27\xa6a\x97\xf7iyy\x99\xbc\x08\x98e\
w\x83\xe5\xe3\xbc@\xee\x1dg\xce\x9e\xe3\xa5\xe3\xc7\xe8\
\xfa\x02\xa7\x03\x06\xb4d\xc8\x8fv\xcch\xf6\xf0*\xd0\
\xd65\x99S\xfd&\xbbzM\x066\xfe\xae\x09\x10\x91\
 \xe7e\xd8\xbfk?\x87\xf6\x1d@\x9c\x90\xb7\xbb\x98\
h\xdaP:\xd9\xd9\xa8\x02b\x8b\xe2\xba\xb3\xba\x10\x8c\
R\xba\xddN\xe5j\xd5w]\x8d\xb2\x8bA\xe7\xdfv\
:\xbd/\xf1n\x93\x9a\xb9J\xbb\x19\x84\xfeP\xb4\xc3\
\xf9\xa9\x17X\xdc\xb9\xf3\x91\xff`lsc\x07&\xf9\
\xdb\x82\xfc\xb8\x87&|\x7f3\xa2\xef\x96\xd6\xcf\xac\x86\
Ucqi\x89\xc5\xa5\x05f6o\x0a\x96\x91\xe2\xf8\
\xecg\x7f\x8e\x87\x1f~\x90\xdf\xff\xfd\xdf\xe7\xe9\xa7\x9f\
bii\x89v\xa7\x83V\x8a$\x0d\x99\x85\xbe\xdd\x5c\
\x7f\x1e(=\xa8C\x99\xb9\xfac\xf8\x9bx,\x0aU\
\x9f\xc0E\xac\x90s\x96\xb9\xd5\x8css+\xbc\xf2\xda\
\x19\x12-\xccLO291\xc6\xcc\xa6\x19&\xc7\x9b\
\x8c\x8f\x8fS\xab%4\x9a\x0d\x1ai\x0d\x93$d\xa4\
,\x15\xc2j;\xe3\xd2\xc5\x0b,\xb5z\x5c^\x5c\xa5\
\x93;\xd2F\x13\xe7\x05F\xf0Hy\x9eS\xab\xd5x\
\xdf\xfb\xdf\xc7\xbe\xbd{\x83>`\xadF\xb7\xd3!/\
\x0a\xb4\x126o\xdeL-\xe9O\x15o\xef\x0c7\xd0\
oU_\xae\xf7\xad\xa3\x8e>\xa3\x8b\x94\x8c\xbc><\
\xf1\xdb\x0d\xb4[F\x09,\x83\xc7\xe9\x7f\xe3z=0\
lI\x9a\x159\xda$tVz\xbcq\xe64\xf3K\
\xcb\xe8$%15\x94p\x05K\xd4\xe1\xf3\x18]l\
\xfb\x8ea\xc3\xef+3'\xdf\xf8\xfa78~\xfcx\
\x0c@u\x0c\x98\x86]|B 8l+\xb9V\xf2\
I\x0deg\x9d8D\x05\x8cc\xab\xbb\xc2\xdc\xc2E\
\x1a\xbaIM\x8fa\x92\x04\xf1B\x91\xe7d:\xe0\xab\
\xd3\xa4t\x0c[\xef\xea\x82\x16\xa81\x8a\x22\xb7\x81t\
f`|r\x0cm\x92\x80#\xf5\x81XWtl\xac\
$hla\xc9\xf3\x9c<\xb7\xb4\x96:\xb4\xdb]\xac\
u\x18\x9d\xe2m\xc03\xe2C\x98j\xd5\xb0.\xed\xa8\
F\xfbh\xbf\x0dg\xb4\x1dEaI\xc6R\xe6\x97f\
y\xe1\xe8\xb3\x9c9w\x92\x8c\x8c\xa4\x99\x06\xa6\xb3\xbd\
\xf2SP1\xf1\xc3&1l\xfbD\xc0;%\xa2M\
\xda4\xb7\x03\xdf\xe5\x1djsG\xbf\xd9\x9a\xbe\xfb\xa3\
_G\xf9_\xf10q\xb5\xf7\xcf\xce\xcd\x05\xec\xb5\xd6\
\x14\xd1\x02\xb7\x1a\x17o\xb19\x81\xf3\xb3\x97\xf8\xde\xd1\
#\x14F(,8\xc5\x10\xfb\xfdFH+\xdd\xa8V\
\xe9\xe6\x96Nl\x11b\xe2s\xd8<\xbe\x89\xdb\xf7\x1d\
`\xf7\xd6[(:9\xaa\xf2N\x8bNw\xd1\x1c\xa1\
p\x96\xc2\x16k\x1c\xcf6\xca\xf0\x0eU\x85D\xe8\xb4\
;\xb4\xda\xed\x0d\xf1\xa0^\xd0 Ou\xac\xc9\xd9\x80\
c\xf8nm7\x83\xd0\x1f\x9e\xe6\xcf\x9d;\xdc\xe6\x1c\
\xaf\x1f|\xe8\xe3\xff@\xa1\xf7 \xdc\x0b\x92\x96;\xe3\
\x9bd\xa5\xb2)\x96\x97\x979\x7f\xee\x1c\x07\x0f\x1e$\
\xcbs\xb4\x16VVV\xd9\xbd{7\xbf\xf2+\x7f\x89\
\xcf|\xe63<\xfd\xf4S<\xfb\xec\x0b\x9c;w\x8e\
\x95\x95\xd6\x9a\xa3T\xeb^,\xe1\x96?\x83\x98<W\
\x96l%P\xe3\xbd\xb7x%\x18\xa5H\xc7kxW\
\xd0\xeb\xf5Xh\xe7,\xb5\xe69}a>\x12Z<\
I\x92P\xab\xd5HL(\xd7\xa4iJ\xbb\xd5\x22\xcb\
\x0a\xbc2\x88Jq\xb5&:\x81\xc2K\x10~*%\
~\xac\xc5\x179\xd6\x15l\xdd\xb6\x99\xc7\x1e}\x0c\x93\
h\x8a<'/\x02k\xd5hE\xa3V\xa7\x91\xd6\xae\
\xdee7\xb8\xbd\xd5\xf2\xdb\x9b\xfdN\x19X\x087>\
'\xc5\xb0\xb2g\x5cP\x06\xff[)\xe6./p\xf1\
\xd2\x1c\x9dnF\xbd1Fn\x83\xf2\x82\xd2o}!\
\x1f]e\xb41\x9c9s\x86/\x7f\xf9\xab\x14Eq\
\xc5\xcc\xb5\x94\x8b\xbc_\xbbR\x95\xd9\xd0r\xad\xac\xfa\
\xa14\x05\x10\xc8m\xc6\xdc\xd2,Zj\xec\xde\xbe/\
l\xc2\xb4\xc1[\x1b\xb2gy \x82\x0d\x06\xb1~D\
r*\x88Ji\xc0\xd3\xebd\x5c\xbe\xb8\x80Xar\
f\x924\xc2Kr\x9f\xe3\x8aP\xba\xd7^\xd3\xed\xe5\
,/\xaf\xd0i\xf7B\xd9\xdby\x8c\x18\xb4R\x14\xc5\
\xe0\x9d\xb8Z+\xcb\xf5k\xbd\xe0!<\xa3\xe9X\x8d\
\xb9\xa5\x8b\xbcx\xec\x05\xce\x5c:\x83\xa9\x99P\xd1P\
vH\xae\xcd{?4V\x86\xca\xc8^\x81\x18\xbcx\
\xd1\xda\xe3\x5c\x11yZj\x1c\xe3j\xbbw\x7f\xb8v\
\xe6\xcc\xb7\xdf\x09v<\x00\x85\xe7\x92\x86o\x00\x9f\xbe\
\xda{\x97\x16\x17\xc9sK\x92\xe8\xeb\xc2\x84\x8e\xda\xbf\
\x96\xf7\xc3\xd2\xcfr\xe6\x0a\x9e{\xf5e\xda6C\xa7\
\x09\xa2L$\xeb\xb8\x18|*\xbc\x1f\x0c|\xe3\xed\x1a\
\xba\xbb\xa3wzM\xeet\xf8\x19\x96\xb5\xaf\x0f6\xc7\
\xc6\xaf\x8b(lQ\x0c\xc9\x16j\xaf\xd8\xb1y+\x07\
v\xeea\xf7\xd6[\xc8[\x19\x06M\x91\x17$I\x9d\
^/\xc79\x8bsP8G\x96g\xd8\x01\xc8Q)\
q(\xd7\x98\xa1\xed\xf5z\xf4z\xbd\x0d_\x17O\x17\
\xf1\x8d\xe9\xba\xd93\x0b/_\xf3\x0d{\x17\xb4\x9bA\
\xe8\x0f_\xf3'\xbe\xf7\xd5/l\xbd\xfb\xf1\xafoJ\
\xf8\xbf{\x91\xbf\x00\xb2\xa5\x0a\x99Jg\xa5\xeb\x0c\x02\
F\xd9\x89\xee*\x1b1u\x95y\xedj\xde\xf4\xa3\xe5\
\x955\xfau\xa3NE#L\x9b\xe4*\xba\xa5Y\xaf\
\xc7\xa5KsXkI\x8c\xa92J\xe5D\xb0g\xcf\
\x1e\xf6\xef\xbf\x95\xcf|\xe63\xcc\xcf/q\xe2\xc4\x09\
N\x1c\x7f\x9d\x97\x8f\xbd\xc2\xa5K\x978\x7f\xfe\x02\xca\
\xe8J\xec\x5c)\x152\xa2\x02\xce\x82\xf3E\xc8@U\
\xc6\xc2*jI\x9a\xa8#\x07\x16\x87\xe8\x94\xb4\x19\x03\
\x8arG\x1e\x0eH\x06\xe4\x99@\x16\x1dDz=D\
\x12H\x02\xc6\xd0E\x9dG/\x91\x1cA?\xca\xaa\xa5\
\x86v\xb7Csb\x9cO\xfd\xf8\x8fs\xeb\xc1[)\
|\x01&\xc8\x1aIa\xc9\xf2\x8c\x9d\xdb\xb6R\xaf\xbd\
\xf5,\xe8\xda\x85\xecjGR\xd7\xf8\xbe\xb2\xfb\xe4\xba\
^\xd7\x1b\x1d\xd6_\xf9x\xfdq\x17\x83\xb2x\x9eQ\
\x9d\x95\xc2\x06M\xc07\xce^\xe4\xfc\xa5\x0b\x14\x85g\
|l\x9c,\xcf\xf0q\x0cZ\xcfU1\xd1\xaa\xd2\xc9\
]\xff|D\x1b\xf2\x22\x0f\xaa\x08\x22\x18\xady\xe2\x89\
'8s\xe6\x1c\x8dz\x93D\x1b H+\xf5\xe1\x05\
Q\x94_\xc0\x15!\xd2t\xd1\x17\xdd\xfa\xe1\x88T\x0d\
d\x9f]\x99\x8d-%\xbf\xb4\xa7m[\x9c\xb8x\x1c\
o\x14\x07v\x1e\xc4\xda\x82\xa2\x97SK\x0c\xcb\xab]\
\x8c6\xd4j\x0d\xf0a\xc3c\x22\xa6U\xa4t\xac\xd2\
\x14\xd6\xa2\x9c\x043\x01\x0b\x0b\x97\x16i-\xb7\x98\x98\
\x9c\xa4\xd9\x0c\xd87AQX\xc7|\x94\xea\xeav\xba\
\x94IH]\xaa\xcf\x0d\xe0\xfd\xaa\x0a\xc4\xa8,p\xa5\
\xeb\x10\xaf#\x12f\xcaK+|P\xe6\xad5\x1a\x14\
*\xe7\xc4\xd9c\xbc\xf0\xeas\x5c\x9a\xbfH\xd24\xa0\
-J\xc7\xe8\xddy\x8a\x98=\xd6\xe2\xfb\x19.\x154\
oKA|\x15\xbfGI\x02h\xbc\x14\xe59j\x11\
\xff\x1f\xe53\xad\xbf\xc4;\x86\x0a\xc5\xa9^\xf7e\xea\
\xe9)A\xd6e\x8d\xdb\xa8C\x9c\x98\x1a\xcb\xabmV\
\xdb]j5M\x92(J\xde`\xc5\xec\xb6\xebO\xe0\
\xa5\x9b\x8f\xc3\xf7-M\xc3\x8dD\x19\xcd|g\x95\xe7\
^~\x91\xa5\xbc\x8bM4Yn#\x05n\x10c\xeb\
\xc0\x86\xb9\xaa\xafO\x1a\x0e\x22#\xd8M=0\xcf\x8b\
\x0a\xd0\x81R)#(Y\x94D \x8fISZY\
w\xe8<\xab\xcfn\xb0\x9eTf\x0d\xde\xa0<dY\
FM\x19\x0e\xee\xde\xcb\x81\x9d\xfb\x98\x1e\x9b\xa0\xdb\xea\
QO\xea\xb8\xdc!&\xa1\x97gx\x11\x0a\x17\x08\x9f\
\xbd<\x8b\x1b\x5c\x156_1\xf3\x1e\x0c \xc2\xbf\xa3\
\xf0\x1c)\xf5\x7f\xe3yt:m:\xedN\xdf-i\
@\xae.~@\x89\xe3\x8b~\xf9\xf5\xd7\xde\xb1\x11u\
\x83\xda\xcd \xf4\x87\xb3\xb9\xd9#O\xac\xfa;>\xfa\
\xdflj\xa6\xe7A\xfe\xb2\xc0!\xefE\x97\xec\xf9 \
o\xf8\xc3\x9d\x15\xbdp\xf1\x22\xbdn\x1e5&G\xc4\
\x96\xdbm|\xd4\x99\x9c\x99\x99b\xcb\x96\x0f\xf2\xa1\x0f\
}\x88\xe5\xd5\x15\xe6\xe6\xe68~\xfc8\xc7\x8f\x1f\xe7\
\xf9\x17_\xe4\xfc\x85\xf3\xf4z.j\xc5\xc5\x05*\x8a\
\x81\xfb(\xb13\x1a\x94\xfbj\xe7\xdf\xbf\x05v\xa04\
;\xaa\x7fX\x15\xcb\xaa\xa0v\xf0h\x81\xcd3\xe8\xf0\
\xd2\xea\xb4)\xac\xe5#\x0f=\xc0\xe3\x9fx\x0c\xe7\xf2\
\x01m\xcb \x06\x95\xd6\xeaLOo\xbaFe\xd0\x1f\
\x8e\xd6\x1f\x07>\x06g!\xa7\x97Y\x8b\xf5\x01\x13\xfc\
\xda\xc9\xd3,\xae\xacb\xbd\xa0\x93\x94v\xaf7\xc4\xb2\
\xbf\x91\xe7Qf\xc3\x8f\x1c9\xc2S\xdfy\x9a\xb1\xe6\
x\xdc0\x0d,\xb2\xd1\xeb|\xe8\xf3\xceW\xc1\xdbz\
\x8fy\xb9G\xf3\x12\xa0\x0e\xaer~\x0a\x7f/\xc4\x22\
\x89\xe7\xec\xdci\x1a\xf5:;7\xed\xc2)KVx\
\xd2\xa4F\xab\xdd\xc2ZO\xbd\xde\x08\x8eP\xd1\x02\xb4\
\x12\xcb\x8fr@At\x5c\xc5\xcc!\xf4:\x19Y\xf7\
2\xab\xb5Z\xfc\xbe\x00\x1f\xe8\xf5zC2\x5c\xca\xc5\
\x05]\xc9ue\xeaF\x09`\x22\x82\x95<\x08\xeb\xa7\
\x8a\xa5\xce\x22G^{\x99\x93\x17_\xa5\x95\xafR\x9b\
\xaa\xe1\xb0H\x8c[\xads\x88\xb7\x90\x07O\xf5^\xaf\
\x8b\xf7\x81\xe0\xa7\x93:V\x14\x85\xf5\xf4-\xaaT\x0c\
p4Z)\xbc\xf7\xe2\xbcM\x9d\xb8\xf7O\xa8\xe6\xcf\
^\x84\xff\x95w\xa8t\xfaZ\xbd\xd39\xe8kg\xae\
\xe5a\xee\xf5r\xda\xad\x16\x8d\xc6T\xc02\xba\x11\xb8\
KI\x90\x1b\x81\x8b\xf4\x83\xa2ai1\xd1\x8a\x9e\xb7\
\xbcq\xe1,\xe7\x17.c5\x14x<n@x\xbe\
/\xfe\x16\x84\xdd\xa5_}P2||B V\x05\
\xbb\x84\x8fj\xafP>d\xc9\xa5\xf0\xa45Cs\xbc\
I\xad\xd1\xa0\xdd\xed\xb0\xda\xedE\x079\x86\x9e\x89!\
\xc1:\x1f\xccIT\xdc\x97)\xa7H\x95\xa2\xd3\xed0\
5>\xc9m{\xf7s`\xfbN\xb4StZ]\xb4\
N\xb0\x16\xac\x03\xeb\xc2\xc6\xae\xc8\x0b\xb2\xc2R\x146\
\x04\x98\x12\x8c/|\x9c3B\xc5\xc1\xe3b z\xb5\
{\xb2\xbc\xbc<\xe0\xe0\xb7\xb6\x09,;\xc4g\x8d\x1d\
M8\xde\xe3=\xd4n\x06\xa1?\xc4m\xee\xe87W\
\xe7x\xfc7\x0e\xde\xef\xbf\xac\x94\xfc\xc7\x82\xff%\x84\
\xfa\xbb\x81=\xff}o^\xf1\xfak'\xe9t\xdaL\
MM\x91\xe5\xbd\xb8x\x86\x97\x93\xc4\xd0\xe9t\xa3\x95\
d\x8as\xe1\xf5Z-a\xcf\x9e=\xec\xdd\xbb\x97O\
|\xe2\x13\xac\xb4Z,--\xf2\xfc\x0b/\xf0\xc2\xf3\
/p\xec\xd5ct;\x19\xbdv\xa7b>&:%\
\xeb\x96\xf3\xc6\x1a=\x93\xea|\x86\xff>\xa2[\xba\x86\
\xfd;Z\xaer\x03\xff\x0f\xf5z\x9d{\xee\xbd\x8b\x7f\
\xff\x17\x7f\x91\xb1\xf1q\xf2\xac\x1b\x8f\xe9B\x10\xea\x0b\
\xa6\xa66\xd3\xac\xbf\xf3\xa5\xf8\xe1\xf6\xd6K\xd77\xb2\
Y\xdfO\xed8<\xde\x0b^<\xd6\x0bK\xcb\xab\x9c\
<u\x86v\xaf\x0bJ\x93&\xc1C>\xcb\x8a7\x1d\
\x84\xca\x06\xec\xdcP\xda\x8b27KK|\xf1\x8b_\
d~a\x81z\xbd9\xb4P\xf7?\x1f2M\x83\xfa\
\xa0\x1e\x1b\xff<J\xcd\x1d\x0cZ\x07\xfa\xbf\xf4I'\
`\x99\x8d\x11z\xd9*\xe7fOS\xd3\x09\x9b\xc6\xb6\
\xe1\x0a\x83G\x91\xdb\x1c\xd7^\x05q4\x1b\xcdJ\xa6\
\x8a\xea\xeb\x86\x14U\x07\xbeG\xe1\x9c\xa7\xd3\xe9\xf4\xb5\
K\xa1r\xc3\xda\x88\x90\xb2\xb6\x12S\xfe=f\x9f\xcb\
\xcc\x9d\x0c\x04OJp\xaa\x00e\xf1\xdar\xb9\xbd\xc8\
3/<\xcb\xa5\xa5\xf3Hjq&\xc7Y\x10\x13N\
\xd1\xba\xa0\xae\xabq\x18\xc9\x99\xa8'\xfc\xdc/\xfe<\
G\x8e\x1c\xe1\xf9\x17_\xc6f=t2\x11\xa0.\xe2\
q\x116\xd3G4\xc4~\x15\x11\x11\xb5\x1f\xcf/\xc3\
#\xff\x1b\x1c~g\x84\xc5\xb3L$\x95\xfb\x07c\xde\
\x8d X\xadV\x8b\xc5\xc5E\xb6n\xdbD^\xf4\xfa\
\x19\xd08\x0f\xe9kX\x12\x82\xadn\xfcjo\xb98\
\x7f\x99\xa3\xaf\xbeJ\xe6\x0b\x9c2!\x04-\xc5i\xa3\
{[\x9fz8\xa2:\xe1\xfb\xe3\xbe\x1c1\xceKp\
\xae\xf2`\x94\x22\xef\xf6\xd0&a\xd3\xc4d0\x09\x99\
\x98dbb\x02e4RK8q\xea$sK\x81\
p\x85Y/\xf3\xdf\x1f=\xce\x85m\xbe\xf2\x80sx\
\xa7\xd86\xb9\x85{\xee\xba\x9b\xe9\xf1q\x5cf\xa9\xe9\
\x04\x93\x06]h[\x04M\xdc\xd2\x8c\xa2\xdb\xe9\xc6\xb1\
\xab\x10\xad\xfbv\xc1\x95SY\xa4F\xaa(\x14;\x82\
\xf1V\xd1=\xaf\xfc\xdb\xdc\xdc\xe5\xfe\xb8]\xaf\xaf!\
\x11\xef^8\x95v\xdev\xf7\xad\x1b\xddn\x06\xa1?\
\xdc\xcd\xc3\x13\xc5\x89\xe79r\xe8\xa1G\xff&>\xd9\
#\x9eB\xe0'\xc3\xfa\xeaS\xf8\xe1\xc5\x8a^\xb8p\
\x91,\xcb\xd0\xda@\xde\xdf\x5c\x96\x8cr\x88ev\x1f\
\xb2\x9c\xd6:\x0a\x97\xa1tA\x96\xe5\xe0\x15:\xd1l\
\xdf\xbe\x83\x9f\xda\xb3\x97\x9f\xf9\x99\x9f\xe1\xe2\x85\x8b\xbc\
\xfa\xea1^x\xeeyN\x1c\x7f\x9d\x13'N\xd0\xe9\
\x04\x0b\xbb+z\xc6G\xe7\x9a\xea\xbf7\x082\xfb\x19\
\x98\xc1E~m\x00\xfb\xd8c\x8f\xf1'?\xfbsL\
\x8cO\xe0\x5c\x1eIQ!\x08U\x0e\x8c1l\xdd\xba\
\x95\xc2y\x92\xef\x97]\xc9\xbb\xb4\xb9\xa8u\xe9c\xa9\
\xcf\xa18}\xe6\x1c\xe7.\x5c\x22+r\xd2F\x13\xa5\
\x92JL?H\x7f\xdd\xc0\xe6\xcb1\x170\xbc\x87\xbf\
\xfb]\x9e|\xf2I\xd24A\x97v\xae\xeb\xf0\x9e\x14\
\x81,\xa1\xe9\x13\xd4\xd6}\xac\xd7\x1d_#\xc7R\x0a\
g\x0b\x92F\x8d\xc5\xf6eN^\xd4\xd4\xf6OP7\
\x13t\xb3\x1c\x1d5\x14\xbb\xdd6Zi\x1a\x8d\xc6\x15\
\x8f\xe7\x062ha\xb3\xa7\x10\x09\xa39\x04\xdc#\x82\
\xe7#\xe5\xd2\xab\xa6\x92\xca\x0dV\x5c\xf2\xbc*B\xe9\
^Y\xac\xca8q\xea8\xc7N\x1ee%_%S\
\x19J<\xa6&8\x14\xd6\xe6x\x97\xa3\x9cE\x91\x93\
\xf8\x8c\xcd\x935\xfe\xca\xaf\xfcE>\xf8\xc1\xf7q\xe9\
\xe2\x07\xf8\xdb\xff\xbf\xff\x85\xa3'\xceR\xf4z\x011\
\xac|\x94\xf2\x1a\xa8^\x04\xcd\x1d\x8f\xd3xo\x15\xe2\
>\xb6\xff\xbe\xda\x87\xfd\xca\xadO\x9d<y\xb2{c\
\x07\xc9\xda\xb6}\xa5i\xd8\xec\x8f3\xac\xde)\xa3\xf2\
h\x00\xddn\x97\xd5\xd5\xd5\xcau\xecjl\xf4\x8dZ\
\x89\x03-\xf0|\xef\xa5\x17\xe8\xb9\x02\xd2\xa0\xe3:\x9c\
]\x1d\xdc\x88\xf4ys\xbe\xb2\xb2\x94\xf2d\xe3\xed\x0c\
\x1a\xb1\xe2B\xa0\x98b\xb8u\xefnv\xdf\xb2\x93\xf1\
F\x93T\x19l\x84Ix'\x88\xd7\xd8\xcc\x91g\x05\
*Ux\xeb\x87p\xe7n\x84\x80\x18\x82\xdb\x90\xa1W\
\x0ev\xee\xd8\xc6\x1d\x07n\xa7\x99\xd4B\xb6U\xa9*\
\xeb\x19\xce\xd7\x05C\x0dk\xe9\x16\x8e\xae-PZa\
\xb4\x09\x1a\xbbC\xcfc_+\xb4|N\xcb9bp\
\x8c\x0f\xfew\xc8\x84\xbaj3\xbbF\x07\x15N\x83\xec\
>\xc0\xa6\xe6k\xb0\xf4\xf6\x8e\xa4\x1b\xdbn\x06\xa17\
\x1b\x80;\xfe\xbd\xaf\xcf\xc1#\x7f\xf2\xd0!\xd30\xe3\
\x8d\xff\xc6\x22\x8f\x8b\x97\xa8\xba\xeb\x87j^\xd7\x82\x19\
]\x93\x99\x18\xf5\xf6\xbdJ\x09\xedzC\xde5\x8b\xe9\
u\x16\xb8\xd6\xb0\xa9\xb5fyy\x99W^9\xca-\
;w\xa2\xb5\x1e\x12T\xb7%\x06\x8c\x00<\x0f_\x19\
v\xd7y,\xd5y\x1c\xceyzYA/\x0b\xfc\x83\
z#\xe5\xbe\xfb\xef\xe5\xe1\x87\x1e\xa0\xdd\xear\xf2\xe4\
IN\x9e<\xc9\xab\xaf\x1c\xe5\x8dSg\xb8p\xfe\x02\
Y\x9e\x91\x98Pf5\x89A\x89\xd0\xeet\xa8\xa5\x0d\
\x8c1XkQJ\x82\xc6c\x5c@*G\x13\xaf\x86\
\x1cI \xb8!Y\x1b\xec\x06\xb7n\xdd\xca\xa7\x7f\xf2\
\xc7y\xfc\xf1\xc7@\x1c\xdd^\x0bp$IBa-\
Y\xd6#+,;v\xed\xa2\xd9\xac\x91*\xa1\xd3\xcb\
IG\xc4\xd4\xdf\xeb[\x92\xc1\x0cc\x89\x8f\x1b\x0ar\
\x8a\xb5Q\x9c6&\x10+\xb2\x8c\xa4V\xa7\x9b\x15,\
./q\xee\xdc\x05\xbaY\x0fo\x14\x89i\x04\x19\xac\
\xb8\xea\xac\xc7\xad\xbf\x96\xfe[\x93\x01-7\x17UZ\
-h\xcfv;\x19\xdf\xf8\xfa\xb70\x92\xa0\xb4B\xab\
\x90ID\x97\xd8\xb1x=1c\xa4<\x14E\x1e\xcf\
a\xad\xceiy\xae!\xf3\xa5B\xb6\x14\x85(O%\
\x93\x15\xb1\x8e\x22B\xe1{\x90\x1a\xe6Wg9s\xf1\
\x0dn\xbd\xe5\x0e\xd2\xa4\x06\x85\x8b\x19\x22K\xb6\xbc\x80\
W\x9ez\xa3\x8e\x912\xcb\x15\xa4\x96Jq\xfb\xaa\x1c\
\x1a3\x96e\xe63\xfc#\xfdE\xbbt\x11\x93\x01\xfb\
\xcd\x81\x8eQU&ix3\xa6\x95\xc4\xb2\xafE%\
\x82\xd5\x1e\x93h\xe6W\x16\xf9\xee\xf3O2\xbbt\x09\
\xab\x0a\x9c)P\xe2\xf1\xe2b\x80\xe0\xd0\xe2\x11[\xa0\
|\x17\xe5z\xec\xbde\x86_\xf9s\xbf\xc8\xc3\xf7\x1c\
$\xb1+\xec\xdd6\xc9\x7f\xf4\xe7\xff\x14\x7f\xe7\x7f\xfc\
\x07\x9c85O\xda\x9c$\x13\x22\xa6!>\x87\xc1\xae\
\xd1\x07\xcdU\x17p\xa2\xe2S\xad\xfco\x15\x93;?\
\x0e'{\x5c\xf7\xacu}\xcdm.DD\xdd\x0e\x9e\
\x22\xcc\x07^+\x83\x88H1\xa0\xd6\xa0pd\x99g\
n~1\xe0\xd7\x1d\xa8\x0a/\xd4'\x96\x85\xfb3\xaa\
\xbf\x1c\x02,UD\xa2\x9f\xd68%\xbc\xf4\xca1\xe6\
\x16\x16\x91\xf1:\x85\xf3\xe4#\xce?y\xbe\x81\xba\x85\
\xd71b.\x97\xa0\xe8^V\x04w\x8aZ\x92pp\
\xdf~6Oo\xa2Yk\xd0\xa8\xd5P\xd6A\xcfb\
\x10\x5c\xb4O\xb5\x99\x8d?\x01\x1f\xeaG\x9e/cL\
\xc0{\xd6j\xd8\xbc@\xf9\xf0\x1d\xc6$\xec\xdf\xb3\x97\
\xbb\x0e\x1cB\xbb\x80]\x16\x1f\xb4>\xbd\x13\x94\x0fn\
m\xa2\x0d\x9d\xd5U:\xbdn\x5c\x1b4\x88\xc2z\x17\
S\x9d\xaa?\xbf\xf8~\xf1\xbf\xaalD[]\xa5\xe3\
\x9a2p?\x92$\xa1\xd3i\x93\xe7\x05\xb5Z\x12t\
\x81\x8b\x11\xf5\x07\x98t\xca\x1f\x7f\xed\xa9?\xbe\x99\x09\
\xbd\xd9\xde\xb3\xcd\xc3\xe1\xfc\xf8qr\xee\xbe\xfb?\xbb\
\xddl\xfd\xa0\xd7\xea\xff*\x9e\x87AvF\x99\xee\xb7\
W,\xf2]\xd4B\x86\xd3\xf3\xda\xeb\xaf\xf1I\xf9\xe4\
pG]\x13\x06-Nv\xeb\xcb\xcc\x91\xbb\xb0\x08\xde\
v\xfb!\xee\xba\xeb\x0e>\xf3S?\xcd\xea\xea*\xa7\
O\x9f\xe6\xf4\xe9\xd3\x1c;z\x94\xd9\xd9Y\xe6.\xcf\
\xd1\xedtILB\x9ew)\x0a!IS\xac\x0b\xec\
b\x91\xa0k\x99\xa6\xb5\x80E\xb2E\x10!'\x90>\
\x9c\x13\x9c\xb3l\xde<\xc3\xfb?\xf0~~\xf4G~\
\x94\xcd[g\x02\x06\xb4:O\xe8\xf5:X\xe7p\xce\
\xd2\xac'\xcc\xccLW\xbb\xee\xabY\xf6\xfd\xb04[\
\x14\x14\xdea\x1d,/.q\xf6\xfcy\x16\x96V\x10\
m\x02\xbeQ\xd4\x95\xb3\xd97\xb0\xa5i\xd8\xa4<\xf5\
\xd4\xd78~\xfcx%l\xbdQ+\x8d\x13\x82\xc6\xa0\
\x1b\x92hZ\xdb\x1c!\x07YfD\x87\xff\x95h \
\xeb\x94D\x96\xaf\xc34\x12..\x5c`rl\x9a\x99\
\xc6f\x12\xa9\x0dd\xcf\x1cKKK\x14EN\xa3V\
G+\x1dlD\x95\xeb\xabC8\xdf\x17\xe2\x173\x90\
\x09+/`\xf8\x0c\xafW72\xb8\x1c\xd9\xd0\x11F\
SH\xc6\x99\xf3gx\xfe\xe5\xe7XX\x99C\xd7\x15\
^\x1cN\x8a\xf0\x9dR2\xb5\x1d\xc6g(\xbb\x8a\xcf\
\x96x\xdf\xfd\x87\xf8\x0f\x7f\xe9\x17\xb8m\xff^\xc4\xb6\
\xb0=\x8f\x97\x94{\xef\xb8\x95\xbf\xf8\xcb\xbf\xc8\xaf\xff\
\xfd\x7f\xca\xf9\x85UtZ\xc7\x89\x1e\xdaL\xf4\xabI\
:FqN\x09rPk\xf3\xfb\xfb\x1ey\xf4g\xde\
8\xfc\xf5\x0b\xbc\x8d\x81\xa8\xb7\x9b\x04\xe3+|My\
>\xeb\xcdg\xb6\xb0\x15\x0eq\xf8=\xe1\xdf*\x8b\xb9\
F\xfa\xca\xf7\xdf%\x01\xd39\xb7\xb4\xc8\xc93\xa7!\
1dE\x81\xd3#\xf8N?\x8c}\x0f\xaf\x0d\x1e\xd4\
E\xb3\x890'K\xe1I\xd1l\xdb\xb2\x99\xdb\x0f\x1d\
bzb2Hf\xb9@\xa8\xf4\xae\x8f\xb1\xafF\xad\
/\xb3\xa7\x80\x0b8]7``R\xfa\xd8w\xbb]\
\x94\x15\x94\x83\xc9\xe68w\xdev;\xbb\xb6\xefD\x0a\
\x87x\x8f\xaad\x9e\x158\x1f2\xa0\xce\x92\xf5r\xba\
YF\xe1\x1c\xca\x18\x9c\x04%\x0c\x08P\x01\x91\x88\xe2\
\xbf\xca\xfc\xb0\x860\xa6\x03\x19je\xa5\xef\x1b\xef\xdc\
:\xcf\xae\x97\x17\x80\xb1[o}<9y\xf2\x89w\
\xc2\x0a\xf6\x86\xb5\x9bA\xe8\xcd\xb6\xb6\x1d9\x92\x1d\x83\
o\xdcz\xeb\xe3O\xfb\x86\xdd\x94\xd4\x93\xbf\xa1\xf0\x9f\
\xf5\x9e\xed\x10\xca\xf3%q\xe9\x07\xb9T/\x22\xbc\xf8\
\xc2\x8b,..R\xaf\xa7C\x98\xd0\x8d?\xb4\x8e\x7f\
\xe4:\xcd\x18\xa1\xdb\xed\x05\xb0\xb94\xe8\xe5\x1d\xea\xf5\
\x94\xbb\xef\xbe\x93{\xef\xbd\x9b\x9f\xf8\x89O\xd1\xedv\
\x99\x9b\x9bcv\xf62'_\x7f\x83\x0b\x17/r\xfe\
\xdc9\x96\x97\x97YYY\xa5\xb0\x05E^\x90\x17=\
zy\xa8\xe6\x95\x8c\xcaZ\xad\xc6\xd4\xd4\x14\x87\x0e\x1d\
\xe2\xd0\xa1C\xdcw\xff\xfdl\xdf\xb6\x0d\xad5\xd6\xda\
\x10\x22W5[W\x91>D\x14\xb7\xec\xb8\x85Z\xad\
\x86s\x96\x02}\xc3I5\xef\x8d6\xbcX\x94\xd9\x87\
\xe5\x85\x15\xe6\xe6/svn\x0e\xa7\x05\xa3S\x941\
\x14\xae\xcc\x14\x96\x9f}{\xb9&I\x920;;\xcb\
\x17\xbf\xf8E\xacs$:ZfV\xd9\xf1\xf5?W\
\xca3\x85 \xa1\x9f\x8d\x1a\x0aD\xfc@\xe0Y\xc2@\
F\xff\x8d}\xe4%\x88\xba;\x1f\x1cbN_z\x9d\
\xe6\xde\x94Di\xbc\x04\xa5\x07\xbc\xc2\xda\x8cV;\xe0\
\x8d\xeb\xf5f\xd00E\xa1\xc4\xc5\xe0\x22\x1e\xcf\xfb0\
.+)\xa7x\xdel\x84\x89\xber\xab\xaa\x01\xceQ\
\xab%x_\xd0):<\xfb\xda\xb3\x1c?s\x02[\
d\xd4'jdE\xa7\x1f\x94H\xc4E\xe3\xd0>#\
\xa1\x0b\xd9\x1c\x8f}\xe0N>\xfb\x99\x8fq`\xbb\xa7\
\xe6\x16hw2\x8c\xaec\x12Egu\x81G?\xfc\
\x00^\x1c\xbf\xfe\x8f\xfe)\x17\x963\xbc\xea\x07W\x83\
\x0eZ\x00.f\x98\xc1\x19\xd1\xfa\xde\xba\xf3\x7f\xfb\xb6\
\x87\x1f\xff\xe3W\x9fy\xe2s\xbcMR\xbc\xcd\xce\xb2\
arrk\xe4\xc5\x10\xed\x9b\xd7\x1d)Y\x961;\
;Ka\x0b\x94R\x146nZ\xab\xe0n\x04\x93^\
\xfeVf\xa2K\x96\xbc\xf7\x1c\x7f\xed\x04s\xcb\x8b\x98\
f\x13+\x81\xbc\xa3\xd7\xc0=\x86u3\x07\x9d\x92*\
\xd2Z\x96\xa1\x11\xc6\xebc<t\xe7]\xec\xd8\xbc5\
T\x84\xbaE\xc4\x88\x86\x9e\xf3>\xe8\xc2VA\x9b\x0a\
\xbf\x07\x0c\xa9\x10\x93\xfc(7p?\xac\xa3\x96\xd4\xc9\
\xb3\x0co\x1d\xb7\xcc\xec\xe0\xaeC\xb73=9\x89\xb2\
\x1e_\x94\xc7\x8d?\xca\x83u8o\xc9sG/\xcb\
\xf1\xae\xac\x0eX\xda\xbd6\xb9-\xa8%uj\xb51\
l\x16\xf9\xef>\x06\xc2\xeb\x10\xad\x86:\x98Xyq\
\x9en\xb7\xcb\xfc\xc2|\xf5\xfe\xb5\x9f\x11/\xf8\x9d\xca\
\xa9\xb3'O>\xf1\xce\xe0\x8bo`\xbb\x19\x84\xdel\
\x1b5\x7f\xf2\xe4\x13]\xe0\xfc\xae;?\xf0k\xcd\xc6\
\xf8>\x11\xff~<\xe3\x1e)E\xee\xbf\xdf\xe7\xf8\xf6\
]\xbc\xf7\x18cXXX\xe4\xc5\x17^\xe4}\xef\x7f\
\x1fT\x0b\xc7[\xdfhfYVe\xaf\x0a\x9b!q\
\xf6\xb5\xd6R\x14\x05Z\x07\xad\xc4\x1d;\xb6\xb3o\xdf\
^\x1ex\xe0\x01\xbcs\xb4;\x1d\xda\xed6\xadV\x8b\
v\xbb\xcd\xf2\xf22\xadV\x8b\xac(H\x12C\x9a\xa6\
h\xad\xd9\xb6m;\x9b7\xcf055U\x95\x9a\x8a\
\xc2b\xad\x1bb\xc2\xf7\xcb\x95a\xb7\xde\x1ck\xb0e\
\xfb\xb6j\xb2+\x19\x99\x01\x93\xf7\xfd\xbe+ow\xeb\
/\x84~$\x0eX\x5c\x5c\xe0\xfc\xb9\xf3\x5c^\x98\x0f\
RK*\xd8S\xa2\x0d\xb6\x0c@\x07\x8eqC\x9bW\
#k}\x08\xd6\xfe\xe8\x8f\xff\x98S\xa7N\x0ddA\
7\x08~\xa5\xcc~\x8e\xfcy\xc3Hu$\x13*\x0e\
\x11\xd3\x0f\xb0\x95\xaa0n\x95\x85\xaa\x04\xfc^\xbb\xb7\
\xc2\xf9Kg\x19\xdf9\x1e\xcb\xf6\xe1\xf3&\x09p\x8e\
,\xcbH\x92\x1aP`0\xb1\xe20Hz\xb9\x91\xfb\
\xd9 \xfd\xe3\xc4\xe1\xa5@\x19\xb84w\x89\xa3\xaf\x1d\
\xe1\xf5\xf9\xd7\xb1\xc6\xe2\xb4\x8f\xa4C?\xa0\xddX\xa0\
\xa4 q\x19\xa9oS\xf7\xcb\xfc\xf4O|\x80\x1fy\
\xf4^\xa6\x1b=V/\xbcB2\xb3\x8b\xc9\xe6\x0c\xce\
[\x9c\xefQK\x1a\xe4\xddE>\xf8\xf0\xed\xb4\xb3\x9f\
\xe5\x7f\xf8\x8d\xdf\x09\xa1\x01\x06\xeb\xf5ZX\xb6\xe8@\
\xdbq\xca\x83\xaby\xe4\xb3J\xf8\x89\xbb\xee\xff\xe8+\
/?\xff\xcd\xa7\xb9\x11\x93\xcch\x1bo\xde\x22^f\
\xfa\x90\x86\x8d\x93\x07y\x91\xb3\xb4\xb4\x14%\xbc\xfc@\
\xe2\xbcd\xaf\x87q2j\xbe4*\xac6\xb7\xbc\xc0\
\x85\xb9\xcb\xa8$%\xf3\x16mR\x8a\xc2EV\xf8\xd5\
OY\xf9\xc0\x82\x17\x1cR8\xb6o\xd9\xc6}w\xde\
\xcdt\xad\x86\xcfrT\x92\x04\xa8\x09\xeb\x8f\xfe\xc1D\
\xed\x1a\xebN\xe9\x07\xbbY\xb7\x87\xb8.\xb5Z\x8d\xdb\
\x0e\x1c\xe2\xee=\x07\xa9)\x13\xa7\xc9\xb01\x12\x17\xad\
m\x83L\x02\xd6\x05]\xdc\xcc\xe6x%\x88\xd1\xb8\xc2\
\xb1\xdak\xf1\xc6\x99\xd3X<3\x13\x9b\xd0J\x93\xa8\
$@X\xaeq\x0e\x1d\x5c[\xf3<\xa7\x15\xf1\xb9~\
CU\x02\xf9\xaeS\xae~C\xc6\xc9;\xdcn\x06\xa1\
7\xdbU\xdb\xd9W\x9e\xba\x0c\xfc\xec\x81\xbb?\xba[\
\xd7j\x1f\x15\xef\xff&\xc8-\xf8\xe8\xbc1\x12\x8d\xae\
7\xb9\x8d\xeaz\xda\xab\xac\xd5\xe2\xaf\x9c\x0cpWY\
\xec\xaf\x96\x9b\xf5W)\xdf\x89\x0a)\x82\xe5V\x8b\xef\
~\xefY\x1ey\xff\xfb\xb0>\xd8c\x8eJ\x89T;\
n\x1f\xe4z\xaa/\x97\xc0\xa1^\xa7\x8b\x101\xc3\xe7\
\xa8\x07\x18\xbd\x89\x09\x13?\x9e\xcc\xe6d\xed\x9crz\
\xd7\xa9f\x22\x9d`\xdb\x8e\xad\x83\xfd]\xbd^j\xfd\
\x15y\x8eu\x8e^\xd6\xa1\x97\x8dL\xc0Rf=\xfb\
\x9f\x13q\xe4E\xc1\xf6m;H\x8c\xa1F(y:\
\xef\x08\xa6\x88r\xc5\xf8`\x8d\xc4\xd4H\x107:\xf9\
^\xad\xff\xafe\x81\xbaR[#v\x1fW\xa3\xf2\xb8\
C_\xafJ\xe6-\x14.X-v\xbaA`z\xa5\
\xb5\xca\xfc\xfc\x02\xf3K\x0b\xe10F\xe3\xd0\x18\x9d\x84\
1\xe8\xc2\x8d\xee\xdf\xcb2\x9b6,Q3Z>^\
#\xb5-\xc3\xd9\xe6\xa1wK\xc0N\x1a\x13\x02\xb9\xf1\
\xf11\xfe\xe0\xf7\xff\x1d\x7f\xf4\x87_\x80XzT\xa2\
\xe3b\x1c\x08=U\xff\x89\x8b\xa5n\x8f\xb7\xb6*\xe5\
\x05\x8b\xd9\x81R\xf1h\x07V\x19\xcf@\x80*\xb1\x96\
\xaed\xd9\xeb\xa8C\x1b\x0d\x10\x9c+Ht\x8as\x96\
\xcb\xf3s\xec\xdb\xb2\x0f\xe3\x83\x98\xbc\xa0ACb\x12\
\xea\xb5\x1aJ)\x8chp\x01\xafW\xe2B\x81H\xac\
\xea_}u\xbfF\xef\xef\x08k\xdfG\xc6\xbd\x8d\xd7\
fb&.+2\xa4&8\xe38;\xf7\x06\xcf\xbe\
\xf0\x0c\xb3\xcb\x170c&\xe0\x19%T\xc6=\x91a\
]d(2\x14m\xe8\xce\xb3s[\xc2/\xff\xdcO\
\xf0\xbe\xbbv\xa0\xdc2b;x\x84\xce\xe2Y\xb4w\
\xa4c[\xc8m\xe8c\xd1!\xbb\xfb\xf8\x07\xee\xc5\x16\
\x7f\x86\x7f\xf2\xbb\xbf\xc7|\xab\x17\xfc@0Cf\x06\
%\xd9\xc6+\x1b\xf1\xb5\xa4\xca\xdbI\x8c\xfe\xef\xefz\
\xf0\xd1\xff\xee\xe5\xec\xf2\x1f\x05\xdb\xe5\x1b\xd7\x8c\xf0\xb8\
\xd3n\x93\xf7\xbe\x12^_;\xcb\x86\xf3KL\xc2\xdc\
\xdc<\xbd\x22\x08\xd6\x8f\xbe\xee\x22yM\xd6\xa8v\x94\
\x19>!\xf7\xb0\xb0\xb2\xca|\xab\x85Ou\x98?\xb3\
\x22(%xY?\xca.\xe1JEA=I\x11\x0f\
\xb6\xdb\xc1\xd9\x82\xdd[\xb6\xf1\xf0\xbd\xf72\xd5\x1c\xa7\
\xe8\xf4P\x1el\x96\x0fA\x06D\x84\x8ag/\x03\xcf\
\xd2\xc0\xfcg\xf1(\x93\x82\xf7\x01_o=\xc6)\xa6\
\xc7'\xb8\xeb\xf6;\xd9\xb9y+I\xe1\xf0\xb6\x08r\
N\x80\x96\xb0\x99R.(\x038\xe7\xb0XP\x1e\xad\
5\xbd\x22c~u\x99\xc5\xe5%.\xce\xcfa\xbd\xa7\
(\x1cEQ\xd0h4\x98\x1e\x9b\x8a\x19\xdd\xf0\x8c\x0e\
2\xdf\x87\xaf\xbf\xaf\x83\xaace\xa5\x9b\xf5h\xf7\xba\
\x88\x0e\x9f\xf3\xdecJ\x0a@\xf0\xe2\xb2J\x9b\xf1\xa2\
k\x8f\xf36e\xd1\xdf\xcev3\x08\xbd\xd9\xae\xb5\xb9\
\xd7\x8e|\xf3\x14p\xe6\xe0\xdd\x8f?\xadR\xff\xab\xa0\
~I`\x93\x0f\xe3(\xffA\xc3\x8cJ\xf4M~\xe9\
\xa5\x978\x7f\xe1\x02\xdb\xb6mC)M\xaf\xd7\xc3\x98\
w\x1a\x810<\xb7\xb4;\x9d\xea\x1cC\x8bA\xaa\x0a\
\x13Sa\x8b\xa1\xcf\x89\xbar\xe6\xba\xd7\xeb\x91\xa6)\
\x0b\x8b\x0b\xa4F!\xe3\x0d\x0c\x82R\x1a\xe7,>f\
\xdbB\xbc\xe6\xd7h\x87\x0ef\x15\xfa\xe7\xf3\xfd\x9b\x0f\
\x87\xcee\x04\xb7\xe6}\x10k\x0f\x12Y\xe1oEL\
\xfa\x15\xde\xd1m\xf7\x82c\xd6\xc5YVVV\x82\xfb\
\x8f\x98~`+*\x06A\xef\x04\xfe\xb3\x1f\xb4X[\
PK\x1b<\xf3\xcc\xb3\xfc\xde\xef\xfd\x1e\xddn\x974\
\xa9\x91\x98\x84\xa2\xb8B_\xbb2\x00-\xae\xf1;\xfb\
\xad\xcc\xb2\x86\xf2jI\xae\x90\xf0\xbfh\xdb\xa4\x22^\
O\x5c\x08(E\x84\xcb\xf3\x97\xd9\xbdu_t<J\
\xd1\xa2H\x8d\xa92\xee\xc3\xa77\x98I.\xaf\xf9:\
\xc6\x8eW}\xa7\x1d\x89\x18=\x97\x07\xe3\x85\x1a\x90X\
^;\xf3\x1a\xcf\xbf\xf2=2zHC\xe1T\xd1\xff\
\x86\x98\xd5\xb3EN=qH\xd1B\xf5.q\xcf\xa1\
\xcd\xfc\xd2\x9f\xf88\xf7\xdc:Cj\xe7\x11\xdf\xc6{\
\x8bEP\x22\xac.\x9d'-r\x9a\xd3\xdb\xb1\x80\xc5\
 ^\xa1E\xf8\xd4\xc7?\x80\xc2\xf0\x9b\xff\xe8wY\
\xee\xb6\x91T\xe3Jf>\xa5\x5cU\xa5\x19)\xe2\xad\
\xf7^\x19\x11>\xec\x95\xff\xdd;k[?\xb7\xbc\xf3\
\x91\xff\xf2\xdc\xb9\xc3\x1dn\x14\xb6C\xfc\xbdx\xeap\
u\xc5\x13\xef=+++\xf4z=\x92\xa4\xb9q\xd7\
\x8fl\xaeJ>M\xaf\xc81\xcd&\x17.\xcd\xd1\xcb\
\x0b\x94\x09\x04\xa5\xb0\x07r\x15vt\xa3\x96&u\xf0\
\xe0\x8a\x0c\xd7\xb3l\x9a\x98\xe0\x91\x07\x1e`,\xad\xe1\
\xf3\xe2\xeaf'~\xcdc?t\xaeY\xa7\x8b2\x1a\
\x0aG\xd1\xcb\xd89\xb3\x95{\xee\xbc\x8b\x89Z\x83\x9a\
6\xf8<\x0bA\xee\xc8\xe6\xb2\x9c\x03r\xef\xf0J\xc8\
\x05\xday\x97S\xb3g\x99]\x98g\xa5\xdd\x89\x98\xd0\
 \xed\xe0\x85(^\x0f\xce+\x94\xa8k\xce\x86:\xef\
\xd1\x22\xb4Zm\xda\xadv\xf8\xdb\x08\xa1+\x5c,\xe2\
\xf1\xdf\xd1\x0a\xc3;\xa49{#\xdb\xcd \xf4f\xbb\
\xde\xe6N\x1cy\xe2\x04\xf0_\x1e\xb8\xef\xb1\xcf)\xa3\
\xee\x10/\xff\x0f\x81\xbd\x1e*I\xa7\xc1\x0f\xbc\xd70\
\xa3!\xa3\xe4\xd1Z\xa1\xb4fnn\x8eg\x9ey\x86\
O}\xea\xc7\x08Lr3\x80\xa7\xbcZ+\x17\xd7\x1b\
;7\xe8*9\x11\xd8\xca\xce\xbb\x18|B\x15xV\
>\xe3\xeb/\xe8C\xc2\xcf*\x08.\x9f?w\x91\x85\
\xb9y&\x1a\x09[6mf\xcb\x96-\xa4iB\xa9\
\xa7\xec|\x1fg78\x99*?\x5c?\xac\xd8\xd4\xf1\
\xb5\xebu\xe0z\xcb\xcd\x8f\x80\xdd\x86\x88\x0e\x03,T\
\x173\xa0\xb9\xa3\xd5\xedp\xf9\xf2e\xe6\xe6/\xd3\xc9\
z\x88NHk\x0dD\x05}\xcd\xc1Q\xfc\xfd\x08\xaf\
\xb56\x1c=v\x8c\xdf\xf9\xdc\xefp\xe1\xfcy\xea\xf5\
z\x08\xfe6\x94Y\x8a\x84\x1f,\xce\x86\xf1\xa1\xc5\x07\
\xa2G\xf9\xb6\x12\x9bV\x0a\xd7W\xbf\x0f\xc2\x0b\xd6\xda\
%\x96\x8bq\x99q\xc4\x05\xb9\x1c\x8d\xc1\x98\xe8W/\
\x8215jI\x8aFc$A\xa3C\x001r\xca\
eP\xd1\xb7}\x1c\xbd\xa0\xf5\x1d\xb4\xaaLi\xe50\
\xa5p\xe2\xd0MM\xabX\xc6J\xc1\xf7\x9e}\x86\xb3\
\xb3g\xe9\xf9.b\xc0\xabP\xde\x0d0\x85$J\xc9\
ghrt\xb6@S\xaf\xf0\xc9\x8f\xdf\xce/|\xe6\
Q\xb6O\x0a\xd9\xca,\xa22\x84\xe0z\x15\x9c\xe03\
\x9c\xeb\xd1m[L\x22\xd4\x9a\x9b\x10j\x884\xb0\xbe\
\xc0\xe5->\xf5\x89\xf7S\xf8\x9c\xdf\xfe_\xff\x15\x0b\
\x9d.^\xd5\xb0bb\x1620\xe65H0\xa3W\
\x11\xf0\xe2\xb4\xe0'\xc0\xff\x85\xc9\xed\x13['\xb6<\
\xf67\x8e>\xff\xb5\xd3D\xe7\xcb\xb76\x82\xe4\xa3\x88\
k\xe0\xa5\x8f\xe7W\xf1N\xfa\xe1\xfe\xf5\xdes\xf9\xf2\
e\xda\xed6\x13\x13cW<\xea(y\xc9\x09\x88I\
\xe9\x14\x19\xe7g\xe7\x02Y\xc7\x85\xb9\xa3\x9c\x07\xae:\
\x1dh(l\x81q\x9ef\xad\xce\x83\xf7?@\xa2\xae\
\x1e\xaeT\xe3\xc7\x85\x9c\xbd\x8b\xaeX~\x10j\xe3<\
F\x09\xae\x97\xd3Lk\xec\xbau\x0fw\x1c8H\xc3\
\xa4\xb8\xa2\xa0\xdbjS\xd3\xfd\xefR\x0c`U\x81\x5c\
\xa0\xe3\x0a,0\xbf\xbc\xc0\x1b\xe7\xce2\xbb8\x87\xae\
\xa7P\xd7\xe4E\x09q\xd2\x14\xce\xd1\xeeu\xa3#\x92\
\xef\xaf\x06WU\x87\x09\x84R\x80\xa5\xa5EVVV\
\x82n\xae\x1fx\xe6\xaac\x89\xd5\x22\x07\xe7\xac\x99{\
k\xe3\xe3\xfb\xd3n\x06\xa17\xdb\x9bi\x1e\xb0\xaf\xd9\
\xb9\xa3\xbcp\xe4\xa5\xdb\x1ex\xbc\xebE\xfe\x13\x81\xdb\
=\x92\x00\xb7\xc4\xb7\xbdk\x83O7\x82\x0f\x1at\xa2\
P*h~\x96\xad\xddj\xf1\xcdo~\x83\xc7\x1e{\
\x94z=\x0dv\x83\xd7\xba\x9d}G\xce\xdf\x06I\x9a\
\xc8\x94wN*&\xe9\xb5\xb64M\xa2\x04H\x0dg\
\x0bf//\xb2\xda\xeer~v\x8e\xf1f\x93\x99\xcd\
\x9bi6\x1a4\x1a\xf5\xca\xf2r(\xd9\xe8\x01)\xad\
\xe8J\x89\x9d O\xb36Kz\xedm]\xe2\xcc\x9b\
l\xa3\xa3\xb1\x9dYZ\xad6\x9d^\x8f\xf3\x17/\xd2\
\xeb\xf5(\xbcC)C\xbd9^\xe9\x81ZkA\xc9\
\x80\xecX\xdf\xc6\xf0\xedj\xa3\xda\x8dZ\x1bN\xbe\xfe\
\x06\xff\xf3\xff\xfc?q\xf9\xf2<\xf5z\x93\xa2\xb0\x18\
\xe3\xb0W\xd8\x0fy,\xce\xe5a\xd3$\xee\xdaAi\
D\x88@\x08\x90\x80\x92\xf9?\x9a\xb5\x04\x9c`\xc4\x04\
\x09$\xa7h\xa4M6Oo\xc1[O\xadV'1\
)\xe2U\xb0\xa4\x1d !\xbd\x95&\xceW\xf2Mk\
\xaeY\x1c\xa4\x8av\xaf\xc3s\xcf\x7f\x97\xb3\xb3g\xb1\
\xaa@\x0c\x14\xa5P\xbew(\x0f\xce[\x94d\xe0V\
\xa1\x98cz\xac\xc7/\xfc\xd4G\xf8\xb9O}\x00\xd5\
\x9b\xc3\xae.\x92\xd0\xc1x\xb0\x12\xed%\xbd\x22/z\
\xa4I\x0dO\xc6\xea\xf29<\x16\x93L\x90$\x1a\xa5\
\x14\xddn\x17l\xc1\xa7\x1e}?\x8dz\xca\xdf\xf9\x8d\
\x7f\x1c5.\xd3\x90]\xf3&Z/F\xd7\xa8\x00\xa3\
\x90\x80\xe8q\xe2qM\x11>\xeb\x13\xb9\xf7\xb6\x07\x1f\
\xfbmk\xf3/\xbcf\x97\x8er\xe4\xc8\x88\xa9\xfa\xd5\
\xdb\x81\x03\x8fLQ\xe7>`w\xd8K\xba\xa8\xc7\xba\
\x16cS\xce\x83\x16\xc7j\xcc\x84\x8e\x92\xaaF\xc7\xe9\
\x9a \x14E\x9eg\x5cn\xad\xd2\xcd3\x94I\x22Q\
\xa8o\xc3\xe9\xae\x14\x86\x8a\x0b\xdf[8\x8c\x12\xf6\xec\
\xda\xc3\x8e\xad\xdb\xb0y\x0f\xac\xc59\x7f\xc5 \xb6$\
2\x95\xa3\xac\x9c*%BW\x9c\x80\xedfl\x9a\x9c\
\xe2\xe0\xde}\xec\xdd\xb3\x17\xe3\xc0x\x09\xce\x04\xca\xc6\
\xeb\x8aC\x05\x82\xb1A\xd4<\xf5\x02]_\xf0\xda\xa9\
S\x5c\x9a\x9b\xa5P\xe0SC\xcf\x158\x1fH\x8c\xbe\
\xf0h\xd1X\x1f\xc4\xeb\xabG\xa5\xd4\xe9\x8d\xd9~\xbf\
QY\x9e@\x96RJ\xd3\xe9t\x06\xdc\xc2\x06\xb4T\
\xab\x0f{O\xe1\xff]c9{O\xb1\xe2\xcb\xf6\xc3\
H{\xbd\xd9nT\x9b\x9d\xb5\x80\x9f\x990o\x1c?\
\xf2\xcc\xefl\xdar\xe0\xf7\x94\xd8g\xb4\xa8G\xbc\xf8\
16\xd8\xe4Hh\x5c\xf1\x87\xab\xbc\x1e\xcbz\xe5\xcf\
[\x8dQJ\xc9DW1 \x83d\x07\x12J\x8c\xcb\
+\xcb<\xf8\xe0}\xec\xd8\xb1\x03\x11E\xe1}\xb0\xdc\
\x14\x89;|\x7f\xc5\xed\xfd\xf5^\xdf\xf5&=J\xa5\
\xc5A)\x15\x91>\xf6\xac\x9c\xe4\x06\xa5|\x86\xfb\xaf\
$ \x09\xa24\xc6\x18\x10E\xe1\x1c\xddn\x8f\x0b\x17\
/\xb1\xb8\xbcB\xb7\x9b\x85 \x5c\xe9 \xe9(*\xa8\
\x95X\xe2\xf5\x87uMTXh<\x12\x09\x1a\x11+\
+!\x98\xf3\xd2\xff\xbd\xfc\xdbz\xfdT]\xdf\xa0\x0b\
\xd0\xc8\xeb\xe1\xdc\xd5\xc8g\xc3\xa9\x94lV\x89\xa5\xb1\
<\x87vVp\xee\xfc%\xce_\xbc\xc4\xd9\x0b\x17X\
XY\x0e\x96\xa8Z\x83\x89\xe2\xd218\x08\xa4\x1b\x15\
\x7f\xa4\x22\x13\xfb\x91\xfb\xa768\xef\xb2\x95\xc7*\x7f\
d\xe8\xb7\xb5\x81]\xe9\xd4\x82w4\x1bc\x5c\xbap\
\x89\x7f\xfc\x8f~\x9b\xb3\xa7\xcf\x82\xf7\x03\x01\x9dD\x8b\
\xc1 ;\xd3\xcf4\xf9\x80i+\x8a\x98Qq(_\
\xae\xa8\xae\x02\xc5\xae7.\x00\x8cN\xd1*A\xb4&\
1\x09\x88\x0e\xd8\xce\x81rz\x18\xc7A\xb8\xdbg\x90\
J\xca\xcc\xd8f\x0e\xec;HC7\xa9\xd7\xc6\xa9\x99\
\x1aJ%$:\x85\x88\x05T\xa2Q\x08\x0a\x1d\x04\xc7\
\xfd\xc0w\xc7\xee\xf0.\x90a\xca\x1f\xbc\x0f\xd9\xda\x92\
\x09\x15\xc3''\x0e\x8f\xc7$\x86\xc2\x15\xe4>\xa36\
\x91\xf2\xda\x85\x13<\xfb\xf2a\xce\xcd\x9e\xc2'\x16\xb4\
\xc3I\xdf\xa1[\xbc\x03gIL\x01v\x01]\x5c`\
\xdfv\xc5\xaf\xfe\xd2\x8f\xf2\x93\x1f\xbf\x9b\xa4;\x87)\
VI\xa5\x8b\xf6\x16\x226\xda\xfb\xd0\xefJ\xeb\xea\x1e\
*\xc0\x17\x8e$\xa9\x85\xebD\x85\xf9\xc9\x83\xd2\x8a-\
\x9b\xb7p\xe0\xc0A^9\xfa\x0a\xcb\xcb+x@K\
\x82\x8d\xb2TZ\x87\x5c,\xa2\x10%\xe2\xa2g\xa4\xc3\
)\xe5\xd9\xaaE>\xaaE\xee\x99V\xe9\xf9\x99\xed\xbb\
\xba\xf3\x17wt\xe0\xfc\xb5L\x10\x02\xc8\xd4\xd4\xf6\xba\
\xaa\x99\x9f\x10\xf8i\xef\xbd\x09\xf7.\x14\xa8T\x14\xd4\
/\x1f\xc5\xf2\x06$\xa6FV\xe4<\xfe\xf1\x8f\xb3y\
\xcb\xe6J\xf7\xd6\xbb0\xde<\xe1\xdc\xcb\xa0\xcc\xe1\xe3\
\xad\x89$\xba4\xe5\xc2\xfc,\xa7/\x5c\xc4\x8b\xc2E\
\xe7(\xe7\xc3\x98\x15\xcay\xa9\xdc\x94\xc8\x00\xfb<\xcc\
\x1c>\xcb\xd929\xc5\x03w\xdf\x83\xb7\x16q\xe1\x1e\
P\x8e\x87\x0df\xc9x\xe4\xf0j\x0c\x1c\x95R\x5c\x9a\
\x9b\xe3\xd2\xdc,\x892l\x9f\xd9\xcc]\x87ng\xe7\
\xf6\xedH\xaf\xa8\x9e7\x89\x01\xae\xb8h/[\xed;\
\x03)\xa8\x97g\xb4m\xc6s\xaf\x1c\xe1\xe2\xc2\x1c=\
o\xf1J(|\x81\x95\xb2\xf7|tx\x0a\x16\xa2y\
7cbl\x82zZ\x07\x0bZ\x95UsY\xe7\xa7\
/\x81e\x8cFD\xf1\xea\xab\xc79|\xf8\x99*(\
U\x22x\xe7\xa3\x12\x06\x1e\xc7\x8a\xc5\xfd\x1f'^\xfe\
\xca\xb1\xeb^8\xde\x05\xedf\x10z\xb3\xbd\xe56?\
?o\x01?\x7f\xe9\xf5\x85\xcb\x17\xdf8\xb6i\xc7\xbe\
\xaf\x81lFd\x0a\x91T$\xb2%\xca0\xa5D\x8f\
_\xa1]5\x85:\xb2\xd0_o\x10:\x9aY+\x83\
\xa02\x90\xab\x02A\xefPZ\xd3\xe9\xb4\x98\x9c\x9a\xe4\
\xa1\x07\x1f\xa4\x13\xf1\x98C\xb3\xe0ufF\xaf\x9e\x22\
\xbe\xde\xb9D\xae\xe1s\xd7q\xcc*\xf0Rx\xa5\xd0\
iJ\xe1\x1cKK\xcb,./3w\xf92\xab\xab\
-la\x83\xa0\xb5\x0fkC\xa2\x15Z\x05l\x98\x08\
q\x91\x033\x10\x14:\xbf\xb6\xbf\x14\xc3A\xe5h \
\xb7QpZ\xfen\x8b\x10\xa0\x0c\x12\x8e\x0a\xa0\x9b\x15\
tz=\x96V:\x5c\x9a\x9d\xe7\xd4\xb93\x9c:}\
\x9aV\xd6%+r\xc4h\xbc\xe8\x90\xe5\x88\xe4l\x8b\
\xc2K 0T\xae\x82kzy}i\x9ak\xed\xf9\
Q\x13\xaaQ\xb6\xab\x8eN\x5cJi.^\xbc\xc4?\
\xfa\x87\xff\x88\xa3G\x8f\x05R\xcf:\x0eLUp,\
A>\xc7\xdb\x02k\xb3\x10\x80z\x1b\x02P\x88ez\
\xbf&\x08\x1d>Y\x15\x02P\xd1!\xd8\x12\x1dY\xd0\
*l\x1e\xe2bY\x05\xa3V0\x18\xa6\xc6\xa6\xd9\xbf\
k?uiPO\x9b\xa4&\x04\xb2J%!\xe0\x14\
\x15\xdchD\x06J\xd2l\x18\xb8\xaf\xd7\xbf\xd5\x18\xa9\
|\x0e\xc1+G\xe6zxm1\x0d\xcd\xab\xa7\x8e\xf1\
\xdc\xcbO\xb1\xd8\xbdL\xd2L\x10\x09R:>J0\
)q\x18,\x89\xca\xf0v\x1e\xc9\xe7x\xe8\x8eM\xfc\
\xb5_\xf9Y\x1e84\x8dt\xe6P\xd9*\xa6\xe8E\
\xa6|\xf07\x17\xafJ\xd7\xef\xe8i\xef+\xe2a\xc8\
~vB\x0995h\xad\xc3\x18w9I\xaa\xd8\xb3\
{'\xfb\xf6\xed\xe1\xf8k\xaf\xd2Zm\xa3u\x8a(\
M\xa2u\x1c\x0c\xa1r@u\x17\xcb\xe3\x87\x90\x0ea\
/\xa8\x9f\x15Q\xbf\xb0e[\xda\x9b\xdczKo\xf1\
\xd2\xd9\x8bW\xec4\x1eI\xb6o\xdfZ\xafO\xd5\xde\
\x8f\xf0\x88\x17y\x18H\xfa\xcfX8\xbc\xc7\xaf\x19\x7f\
6/\xe8e]\xb6l\xd9\xc4\xfe[oejr\x22\
TXP\x18\xa3\xb1E1x\x17\x86F\xa2SP(\
\xe1\xfc\xec\x1c\x17._\xc6\xc6]\xa9\x17= \xb95\
2\xe4F<\xe1\xb1a\x93p\xe7\x81\x83l\x99\x9a\xa4\
\x16\x89\xa2.js\x12\xe1G\x83?\xfd\x100\xfe\xf7\
\xc0\x97\x88R\x9c9w\x96\x85\x85\x05\x0e\xee\xdf\xcf\xdd\
\xb7\xdf\xc1\xd4\xf8\x04\x89h\x8a^\x8fD\x05\x98H\xf5\
\x9cW\xf0\x10\xaa\x8d\x9bW\xc2\xfc\xca2\xcf\x1ey\x91\
\xe5n\x9b\xae-\x10\x15\x04\xe9\x9d\xf4\x03^)7\xe7\
\x94\xa7!L6\xc7i\xa6\x8d(K\x16\xe1S\xf4\x97\
\x90\xfe\xf8\x1f\xc8\x8c\xfa`\x9ar\xf4\xe81\x9e{\xf6\
\xf9\x88\xcd\xd6U\x12#\xbc\x0f\xeb\xa1\xd3S\xf9\xaf-\
\x9d?\xb5\xc2{\xb0\xdd\x0cBo\xb6\x1b\xdd\xfc\xfc\x85\
\x93\xb3\xf3\x17N\xfe\xab\xcd[\xf6\xfc\xa1\x13\xff{\x02\
\x07\x04\xb6\x101\xa3\xc0UW\xed\xb7;\x08\x1dm\x83\
A\xe8\xc0Q\xc3O\xcc\x12.//\xf2\xa1\x0f\x7f\x98\
z\xbd6\xe4\x00\x15pt\xdf\xef \xd4_\xc3g\xae\
\xf0z\x94\xc7q\x221\xab:\xfc\xe3|?\xd0\xf4\x80\
\xb7\x9e\xac\xd3cqq\x99K\x97fYX\x98ge\
\xa5E\xa7\xdb\xa5\xd7+@TXG\x08\xc1a\x00\xb4\
\xf53\x948\x09Y\xae2S98\xf9\x96\xa74\xb2\
\xc8\xac\xa7\x91\xe7}\xb0\xce\xd3F\xe1\x9c\x0dv\x83\xed\
.sK+\x5c\x9c\x9b\xe7\xdc\xc5\x8b\x9c=\x7f\x9e\xb9\
\xf9yV\xdb\x1d\xac\x03\x9d\xa6x\x15\x02\xaa\x82\x18|\
\xa2p\x12\xae\x1f\x11,\xfd <\x94\xa2\x83\x1a_\x99\
\xc1Y\xa3\xd4w\x9dA\xa8\x94jD\xd5\x8f\xaa\xfe;\
$\xa4\x82DX\xa7\xd3\xe1\xef\xff\xd6\xdf\xe7\xd9g\x9f\
\xa7\xd9l\xe2\x5c\xc0*\x8f\x8e\xf7\xc1 T\xf0\xd8<\
\x04\xa0\x0e\x1b\xe4m`@\x96K\xa27a?\xf8(\
\x0f\xa7bvS\xb4\xa9\x02P\xe2\xbds\x22Qr\xa9\
\xafC\xea\xbdG+\xcd\xe4\xd8$\xfbw\xed\xa7A\x83\
f:Fjj(\x15\xb3\xa9\xa2\xaa\xf3\xd3\xa2\x01A\
\x95A\xb0\x1a\x0e.7j\xa3Ah\x88\x9f<^;\
\x9c8T]\xe1\x12\xcb\x91\xd7_\xe2\xc5c\xdf#\xa3\
E\xee\x06\xca\x98\x12\xaa\x15\xe1\xce\xe6`\xdbX;\x8f\
q\xb3|\xfa\x13w\xf2\x17\xff\xf4\x8frpg\x8am\
] )\xba$\xd6\xa2\xf11A\x1d\xe4\x9b\x82\xd0\x7f\
\xfc^\x01'\x1e\x91\xaa\x06A^\xf4\xc8m\x17Q\x1e\
\xd1I\xb8O\xe4\x14y\x07Q\x9em\xdbf\xb8\xed\xe0\
\xad\xcc\xcf\xcf\xf3\xc6\xe9\x0b8/$\xa9!+\x82D\
\x94\x93\xb2\xa2\x22\xa1\xb7E\x89\x92`\xab\x19GL\xaa\
DM\x89\xc8'\x95s\x9f\x9a\xd9\xbas~\xf3\xd6\x9d\
f~\xf6\xdc\x85\xc1\xbe\xda\xbd{w\xa3\xb6{w}\
\xd3\xe6\xfaX\xad\x91nR\x9aO\x82\xfb\xb3\x08S\xe0\
\xcd@\x06^\x88\x01\xa8\xf3\x16\xef]\xfc\xa1\xcaN\xbf\
\xf2\xcaK<\xf9\xd4w8u\xfa\x14\x22\x9a\x1d\xdbw\
`\x8c\x0e\xb2D\xebm\xbc%T\x88:\xce\xf3\xfa\xd9\
s\x5c^\x5c\xc6k\x1dd\xcdb\xb6\xbe\xbcw\xc3\xcf\
q\x0c\xbac~\x22\xcf3\x12\xa5x\xe0\xce\xbbh\x9a\
4dAmP\xeb`\xdd'p\xb8\xb9X>\x1f\x1c\
?KKK\xec\xdd\xbb\x97\xdb\xf6\x1f\xa4\x91\xd4p\xd6\
\xe2\x9c\xc5h3\xf4(\xc6\xc7\xaf\xaaOx\xc0\xa4\x09\
+\xed\x16\xdf{\xf1y\x96;\xed \xb8\xaf\x83\xa3\x98\
W}\xa8\x8f\x17\x17I\x9c\xe1\x01W\x08\xca\x0b\x8dZ\
\x9d\xb1\xe68J\xf4\xd0|\xb7v\xfe\x18`\xf1;\x87\
\xd6\x9ag\xbe\xf7,/\xbf|\x14\xa5\x14J\xe9\x88\xed\
.7\x91x\x84g\x95w\xff|\xfe\xc2\xa96\xef\xc1\
v\x13\x13z\xb3\xbd\x1d\xcd\x02\xbc\xfab\xeb8\x1c>\
v\xf0\xc1\xc7\xfe\x86\xf2\xe6\x93\x22\xfe?D\xd8\xe5=\
\x11@\xf6\xee$,\x05_nU\xed\xae\x83\x96\xa7e\
vv\x96\x97^|\x89\xf7\xbf\xff}\x03\xef\xddP\xef\
\xf9\xfb\xden$\x8eR\x94\x02\xef\x11%x\x1b\x16+\
TY\x8a\x0e\xf2++\xadU\x96W\x03\x80\xbe\x96\xa4\
$\x89\xc2$\x09\x891\x8c\x8f5H\x93\x94Z\xadF\
\x9a\xa6k\xc0\xf5F\x14J\xcb`\xc2\x1c?\x00\xe2\xcc\
\xf3Afwp6\xc9\xf3\x9cn\xb7K\x96e\xe4y\
\xa9\x83Z\x90[O\xe6=\x0e\x8dV*\xc8\xb1\x103\
nJ\x86\xf2%\xce\xf9+\x06@R\xb2\xbf\xdf\xe1\x22\
\x97\xd6\x09\xf3\x97/\xf3\x8f\xff\xc9?\xe1\x85\x17\x8f\xd0\
l\x8e\x93ey\x84\x1d(\xbc/\x86\xcf[\x06\x05\x80\
\x82dR\x10,\x8a\xac^\xe5\xae\x09\x97[vy\xb0\
s\xd4\xd5B\xee\x06\xbeG\x95L\xf4\x02RmHU\
\x83\x03\xb7\x1c$\x95\x06u3N\xaa\xeb(\xa9\x85c\
D&y\xdfv\xf1\xcd\xb5\xb5\x12gR\x9d\x97U\x05\
\x18\xcf\x0b\xaf<\xcb\xabo\x1c\xa3\xd5[bl\x22\x89\
\xfe\xf6\xfd\xc0Qy\x07\x92\xa1\xe9\xe2\xed<cj\x99\
\x9f\xfb\xe9\x0f\xf2g~\xee1\xc6d\x11\xe9\xce2\x96\
8\xc4\xdb@\xac[\x97\xd0\x17\xf1\x01\x02\xaa\xecm\x81\
<o\x93$5\xacd\xac\xae\x5c\xa2\x89\xa1V\xb7\x88\
h\xb4\x05\x9f+p]\xee9\xb4\x8b\xbf\xf6\x97\x7f\x89\
\x9d\xff\xfa\x09\x9e\xf8\xe6\xf7\x98[\xbaD\x926q\x92\
\xc4\xe3\xa9Xf\x8d\xf8\xee@<\x93\x80\xff\xf3\xe2\xbd\
\xd3\xe2i\xe2\xfd\xed\x22\xea\x1f\x0a\xfe\xf4\xed\xf7|\xf0\
\x92s\xbc\x0c\xee{\x0a\xb9\x00L45\x93N\xc9\x12\
\xe2\xba\x88\xbfE\x1c\x16\xe7m\x84k\xcbp\xbf\x16C\
\xcf\x1a\x04\xb8\x8d\xb7a\x83w\xfc\xf8q\x8e\x1d;\xc6\
\xef\xff\x9f\xff\x8e\xfb\xee{\x90\x9f\xfa\xa9\x9f\xe0\xfd\x1f\
x\x1f\x1b5'\xe0\x0aG\xb7\x9b\xe1%\xd8[J\xb9\
\x99\xab\xbe\xb8?f+KV\xe7\x83\x8b\x96\x0f\x95\x80\
\x1d[\xb7\x92\x9a\x84<\xcf\xfb9\x8779\xd5fY\
\xc6\xa1}\xfb\xd1i\x02\x04\xcc\x7fj\x12\xc4y\xf2<\
\xaf\xf4\x0a6lJ\xb88?\xc7R\xb7\x8dJ\x0db\
\xa27\xfdHI#\xeeY\xa2\x85\xb3\xc7y\x8f\xc3\x93\
ey\x08\xf0\xd5\xb5]\x82\x88\x0enL\xd6\xd3n\xb5\
\xe2\xe6@\xe1\xac\x0dc\xbf\x94\xf5\x08)\xf9\x9e\xcf\xe5\
=\xa9\x11\x0a7\x83\xd0\x9b\xedmm\x87s\x00Y=\
w\xf8\xd5\xe3\xc7\xbfs\xeb\x83\x1f\xfa\xa7\xa9K\xffs\
%\xf2\xab\x0e\xad\x08\x01\xc0\x9b\x9aVd\x8d\xee\xe2\xf0\
\x225\xaa#Z\xb1\x12K\x16p\xf9{<\x8e\x1d,\
\x07\x89`m\x16\xf4\x0b%\xc8b\xa4I\x8dn\xb7\xcd\
\xb7\xbe\xf5m\x1ex\xe0~\x92$!\xcf{(\x1d\xca\
8\xd6m\xb4\xb3\xdd\xa8]\x8d[p5\xe2\xc6\xc6\x9f\
\xef\x03\xd8\xcb`\xceE\xdc\xd7\x00\xa8}\xe4\xf3^\x0d\
\xf7Ku\x1d\x03\xfd\x16\x90k\x02Z\xa3u)7\xd3\
\x870\x0c\xe2\x05{xzy\x8e\x14\x05\x0a\xb8\xb4\xb0\
\xd8\xbf2\x0f\xcd\xe6\xf8\xd0\x95\xa6\xc9\x95\xd5\xbd\xb2<\
\xc3\xd9\xd2\xd9\xc9\xaea\xfc\xeb\x8a\xcd\xaaC6P\x18\
re\xf11\xf8,\x87Iy\xb5&z\xad{\x09\xd7\
\xe6\xe2\xb5\xa4\xa3Y\xd72\xde\xa8\x08\x0fW\xbe\xbfn\
T\x05q\xcd\xdb\xfb\x7fp\xde\x83\xcf\xd1qa\xf1\x1e\
fg/\xf3\xdb\xff\xe4wx\xf6\xd9\x17B\xa6j@\
\x9a%,\xca:bAc?\xa8P\xce\xf5\xd6am\
\x16\x82E\xa2\x1e\xa4\xf4\xfb\xa5t\xba\xf1#\xe7\xa9\x22\
\xf3\xd8\x8b\xc1\x98P\x8aw\xa5\xe4\x918\xf2\xdcQ3\
\x06\xbc\xa2\xe8\xe6\xd4\xa4N\xa2jL\xd4'\xd9\xb7k\
?\x09\x0d$\x17|!PK0\x89\xa9`o\x81\x8c\
\xe1b\xd9->oe/DV\xf6\x9a\x92\x9c\x1ff\
\xe1\xf7\xc7{\xf8\xa4\xcd\x0b\x92z\x02\xda\x93Qp\xe4\
\xc8\xf3\xbc~\xf6\x18\xed|\x01\x95:r\x1b\x03j\xad\
\xf0x\x5c\xde%\xad)\xac\xef\xe1z\x97\xd9;S\xf0\
\x8b\x9f\xf9\x11>\xfd\xe8}$\xf9\x1c\xbew\x19\xa1K\
\x11\xef\x8c\x89\xd7\x1d;\x85\x80_\xf4\x88+\xf0\xfd\xf0\
\xb3\x1aL\x89\x16\xbc+0(\x94Wt._\xc2O\
\x144\xc76Q3M2g\xd1@\xde\x9a\xa3)\x9a\
_\xf93?\xc5Cw\xed\xe7s\x9f\xff7\x9c<=\
\x8bN\xc6)H\xb06\x04\xaeev\xde{Uf\xb1\
\xc5\xe3\xbd\xc2\x07\x97)\xad\xc5Z[w\xde\x1f\x02\x0e\
\x88\xc8\xfbD\xd4g\xa3lG\x81\xf3\x08\xee<\xc8V\
\xbc\xad\xe1eB\x04\x83\xf7\x11\x12\xa1G61#\x1b\
\x04\xefH\x92\x101\xd5L\x13\x9b\x15d\x99\xe5\xf0\xe1\
\xc3\x1c>|\x98?\xf1\xb3\x9f\xe1\x17\x7f\xf1\xe7\x99\x9c\
\x9e\xa2\xd3\xe9P\xab%\xf18e\x99\x1c\xda+\xabU\
\xf7\x15y\x10\xb1\xeaoj=\x83sX\xb0\x1f\x0e\x83\
_{\xf0Y\xce\xa6\x89I\x8c\xd1\xa8\xc2b\x03J\xbb\
\x12\xc7\xf7#,\xc3\xd1\xf9V\x8d\x08\x05'\xa5\x83\x93\
\x0d\xaf\xa9\x80\xbb\x09\xd8\xcbu\x0a\xc2\xe5_J\x17-\
o\x0c\x0b\xad6\x998\x92Dc\x8b<\x94\xde\xd7\xe9\
\xbe!\xc2f\xfc\xb7\x93\xf5*\xa2#D|\xf3\x80\xeb\
\xd70Q+`I\x95Jp\x16\x96\x97W1:\xed\
W\x01\x94\xeaW\x85\xc4\x8b\x87\x97{\x8b\xf9{\x92\x19\
?\xd8\xd77\xdb\xcd\xf6\xb6\xb5\x123\xbax\xe1\xcc\xf2\
\xe6\xa9-Ob\xcc%D}\x08\x91\x94 Ww\xc3\
S\x89k0{\xfd\x17\xd6\xbcs\xfd\xcf\x0f\x03\xdf\xf3\
\xa2 1)++\xcb\x1c<x\x88\xed;\xb6E\x8c\
\xa3\xab|\xe6\x87\xbe\xef\xaa\x97t\xb5\xac\xd0[\xff|\
Y\xe2\xea\xbf\x7f\xf0\xe7\xfa\x8e\xb6\xf6\xf0\x01\xb4_\xfd\
\x94}.\x017\xe7cYND\x05\x9f\xa9\x92\xd8\xa3\
\x02\xb9\xc5\x16\x8e\xc2Z\xacs\xe4\xd6\x91\xe5\x96^^\
l\xf8\xe3\xa2\xc4K \x85\x180:x\xb6\xc7\x1f\x17\
\xc9N\xe5\xcf\x9a\xec\xf4(|c\xf0\xbf\x07e\xa7\xa0\
\xb2\xb6,ae\x03\xc9\xd9kB\xde\x86\xd7\xaf.\xc1\
2\xf8\xdf\xd6\x86\xd2\x9b\x88\xb0\xb2\xda\xe2s\xbf\xfd\xbf\
\xf2\xbdg\x9e\xc3YO\x9a\xd4\xfa\xfe\x07#)!U\
\x1d\xa3$\x22\xe58\x9bW\xab\xe2\xdaMEd2\x0f\
\x1e\xc6\xab\x90!\x16\x832I\xe8_\x1fC\xc6\xd8\x19\
IbB)1Z\x186\xcc8\x93\x8d)\xf6\xed\xdc\
\x8f\xf1u\x12\x9fb|B\xa2\x029G\xe9\xb2\x5c\xa8\
P\xbeo\xd38z\xfe\x95\xcd\xa3\xac=\xd3\xea\xf4$\
\xb0\xb5\xab\x0c\xb680P(K\xc7\xf7x\xf6\xe8\xb3\
\x9c\xbe\xf0:+\xd9\x12J;D\x85\x00\xb2\x22\xb9\xb8\
\x02\xe5;x\xbb\x82\xe4\xf3\xec\xdf\x91\xf0\x97\xff\xf4\x8f\
\xf1\xa3\x1f:D\x92\xcf!\xd9\x02\xc6\xf7PRf\xdb\
}\x90\xe4\xa2d\xc3Gb\x9d/1\x82\xa5\x93T\x9f\
\x5c\x12\xea!\xc1\x92Q \xe0\x16m\xc8\xb2k\xad#\
\xa9\xc9\x22\xde\x93h\x85\xf29\x07\x0e\xee\xe3\x8e;\x0e\
\xb2\xba\xba\xc2\x89\xe3'0\xc6\x90hCn]\x1f\x0a\
\x12a2\x12\x86\xb0xq\x04\x1e\x91F\x89F+#\
\x82R\x80\xf6\x9e\x86\x88\xaay\x18C9\x03\xb2\x0dh\
\x0a\xd2\x88lA]\x22p+f\xd2\x86\x03\xb4\x9f\xfe\
\xf7\xce\xa3$\x10\xb2\x02JEx\xe9\xa5\x17YZZ\
\xe6\x91\xf7\xbd\x1f\xa5$Z\xfb\x86\xfep\x02Y\xe19\
q\xea\x14=gq^G\xfa\xd6@\x19\xde\x0f\xcfC\
\x83p\x1bq\x1e\xe3<{n\xb9\x85\x99\xc9I\xf0\x05\
%\x1a\xd7\x0f\x8c\x8b\x8d\x9e\xa7\xf5~\x1f\x1aU\x11\x03\
\xe4\x9d\xab\x9e\xef\x0a\xe9<\xfa\x9cG\x98\x84S\xc2\xc9\
\xf3gY\xee\xb6P\xc6`\xfd\x00\xb4\x05?4\xaeC\
,\x1d\xc7{\x9c \xeb\xa6\xc6\xe6\xe9\x19\x94W\xc1\x90\
aD\xe2o\xf8|#$F4Ea\xf9\xe67\xbf\
\xc5\xec\xecl\xa5\xd7\xab\x94\x1a\xd8\x04K!\xf0\xe4\xaa\
\xd1_m\xcf\x9e\xbc\xa1\xe6\x06\xefT\xbb\x19\x84\xdel\
\xefd\xf3\x97/\x9f\xef\x98\xed\xd3\xcf\xa7\x8c=)\xc2\
g\x09\xca}\x007TO\xf4F\x04\xa1\x83\x1f\xd4Z\
\x93e\x19\xdd^\x874I\xb9\xff\xfe\xfbIS\x13\x02\
\x18\x91we\x10z=\xa1\xe5u\xd3\xa06 \x0e\xf5\
Y\xe2\xc38\xbeR\x0d \x00\xebU('\xa9\xc0\x22\
.\x03\xd4+\xfe\xa8\xa0\x88\x10@PT\xb8\xbcr\xf5\
\xf0\xf4\xff\xbb\x5cL\x06\x7f*\xa6\xeb \xf0k\xe0\xdc\
\xfd\xe8\xb5\x0d\x10f\xaa\xdf\xaf\xa3\xbf\xae\x16\x84\x06\x92\
F\x1fs+J\x93\xd6j\xbcq\xfa4\xbf\xf3\xdb\xbf\
\xc3\xd3O\x1dF\xbc\x0a\xc1\x9f\xd6\x0c<#\x03g\x10\
e\xcfc\xf6\xc9\xd9\x18\x80F\x09\x9e\xb2K\x86\xcf\xab\
T*\xa8P\xa0\xe1\x1f\x9d`t\x12\x83G]9\xea\
\xf8\x18\x8c\x18Ip\xd6\xa3\xbd\xa6\xa6\xc7\x98\x99\x98a\
\xef\xce}(\xafI\x94\xc1(\x83\xf6\x1a-\x0a\x93\x98\
\x8a\xbd\x0f!\xc0T\xe5-\xae\x88\x15\xc3\xfa\xa6\x95:\
\x82\x0f\xd9\xd1\x90\xab\x92\xb8\xd9\xf1U\x7fz\xf18e\
!\xf5t\xfc*\xcf\xbc|\x98W\xdfx\x99\x8c.b\
|\x90\xd2\xf1\x04\xac^\xc48j\xdf\xc3\x14+\x98\xec\
\x22\x1fy`7\xff\xf1/\xfd8\xf7\x1d\x9a\xc0e\xe7\
 [\x0e\xfa\xa0\xb1g\x9c\x94\xfd\xea\xaapG\x22!\
kP\x22\xa7\x04\xe1\xc8\xa0\xfaC\xd9\xe3\x02\xa2\x15\x0e\
KQ\xb4q\x14(\xa3Ht z)\xa3\xb1\xde\xe1\
)\x98\x9e\x1a\xe7}\x0f?\xc0\xee]\xbb8\xfd\xc6\xeb\
,\xaf\xacF\xe5\x08Mp$\x922\x91\x1d\xc6\xb9\x0e\
\xec;\xad\x8ch\xa5E\x94\x8a\xb1\xa5\x12\x02\xd3\x5c\xc5\
\xfaRB\xb0e3\xa1\xd3C\x00\x8a(\x11-W\xdf\
\xf8\xfb\x11\xd0r\x19\x05\xc7g\xc9:\xc7K/\xbdL\
/\xeb\xf2\xc8#\xef\x0fap\x9cs\x1c\x8ana9\
q\xea\x14\x9d\xa2t\xb1\x1a)%l\xc8\x0e\x17\x14\x1e\
\x03\x1c\xdc\xb7\x97\x89f\x1d\xac\x0d\x04G\xdez\x10Z\
]\xde\x06\xd0\x90\xd1\xe9!l\xa8\x85B\x1c\xaf\x9dz\
\x83\xae-\x02\x9e\xdc\x0f\xbf[F@\xdeA\x15$\x84\
\x8aj \x08\xd5\x043\x83Q\xa8\xc7h\x10\xea}\xd8\
\xc0\xf7\xb2\x8c/\x7f\xf9\xcb,//\xf7\x15@\x82\xf2\
B\xb9\xcb\xcc=\xfe_\x9dya\xe5\xdbp\xfe=\xe7\
\x96\x047\x83\xd0\x9b\xed\xfb\xd0Z\x17/\x16z\xf3\xbe\
\x8bu%\x85\x08\x0f\x81\xd4)\x13N7(\x10\xbd\xd1\
A\xa8R\x0a\xad5J\x09\xf3\xf3\xf3\xdcs\xef\xddQ\
\xbad#[\xce\x1f\xae t\xcd\xdf\xcbL\x5c\x14S\
/\x83\xd0\xd1\xeb\xf3\xde\xe1\xf0\x81\x1cp\x15\xd9\xaeA\
=BK\x90\xd0r.Z\xef\x0dbLe\x9d\xe0\xeb\
*\xddy\x8d\xc3\xe2:\xfa\xf3\xca$0\x85\x0c\x9dS\
\x9a\xd69v\xec8\xbf\xf1\x1b\xbf\xc1\x8b/\x1c\xa1Y\
k\xd0l\x8e\x91\xe5ypYY\x93\x09\x0d-\xe8\xd5\
:\x0a\x9bcm^\xb1\xb57\x0aB\xfb}\xe4\xe9\x03\
\xd4\x14IR\x0b%\xf9R\xd2\xcb\x97\x8bk\x08\xb7\xac\
\xb5\xe0\x14\xa9\xaa3\xd1\x98\xe4\xd0\x9e\xdb\xd0\xa4}\x01\
zL\x94_R\x18\x93T,\xdep\xf4A\x09\xae*\
w;r\x1d\xd2\xb7\x96\xf5\x03\x18\xc2\xe8\xe9^f@\
\x9d8\xac\xce\xb9\xb8|\x81\xe7^\xf9\x1e\xa7\xe7\xde\x80\
\xc4!\xda\x11\xea\xb8>H[\xe1\x80\x02\xe3\xbb\x18\x96\
\xf1\xed3\xfc\xec\x8f?\xc2\x7f\xf4g?\xcd\xee\xcd\x1e\
\xd7\xb9@\xe2\xdbh\x9fSKt\xa8\xd3\x06\xb5\xfd(\
\xb1C\xcc\xd6\x85]\x8c\xab\xc6\x84\xc4\xbb;\x18t\xf6\
#\x02\x10t)\x11FA\xe12\xb2\xbc\x07\xe2B\xa6\
3IQ*\xb0\xe7\x0b\x9b\x81-h4\x0c\xfbo\xdd\
\xcb\xfd\x0f\xdc\xcb\x85\x0bg\xb9t\xe9B\xa4\xef\xa8>\
\xcc(n\xc6\x5c\xcc\xbe\x9a\x88!\x15\xd1\xa2\x94\x96\x90\
q5R\x9a\x0b\x84\xb7\xab\x8d~dh\xd7\xb6\xee\xcf\
U\x9e\x14\x11\xd24\xe5\x95W^a\xe7\xce[8p\
\xe0\x00U&\x14\xe8d9\xaf\x9d:C\xa7(\xa2S\
\x90\xa1\xff`\x0ed\x90\xe3y\x0c\x06q\x0aHEq\
`\xdf^\xc6\xeb\xb5 \xcf\x14\xb3\xccU\x10:J\xcc\
\xbb\xce \xf4Z[\xb9\x89\xcd\x9d\xe5\xf53\xa7\xc8\xbc\
\x8drMC\xdb\xd6\x91B\x8b*\xb7\x87o:\x08-\
\xfb\xa4\xdb\xe9\xf0\xa5/\x7f\x99N\xbb\xdd\xdf\x10\x8bT\
\x99PAV\xc4\xf3B#\xf1\xdfZ^>s\xfd\x96\
h\xef\x82v3\x08\xbd\xd9\xbe/\xad={2K\xb6\
O\x1c\xaeI}E\xe0Q\x11\x95\x94\xc2M\xd7\xa4#\
\xba\x8ed\xcf\x1a\x1dN\xd6N\xa9\x83\x99\xad\xa1\xcfD\
)\x0d\xaa\xcf\xfb\xea\x81\x0f\xff\x86\xac\x8au\x8ev\xa7\
\x8dR\xc2}\xf7?\x10m<3\xb4\xd1\xebJ\x08m\
\xd4Bf\xe8J\x01\xd7\x9b\x0fB\x07\xb5A\xaf\xa6?\
Zia^\xa5m$\x91Tf>\xfd\xd0w3\x10\
\x84\x968\xa6\x91\xcc\xa6\x1f\xbeg\xae\x04\xf1_\xe9\x87\
\xf0\x13C\xd1\x81\xcc\xe6\xb0\xea&ey\xfd\x0ak\xaa\
\x1bx\xff \x82\xb6\x7f\xc8\x11\x1d\xd0x\xad\xe5\x8fG\
]\xf1\xfe\xa98\x98\xcb\xf2\xacxUib\x06A\xf0\
\x90\xe93&\x04\x13\xdf}\xfa0\xff\xf4s\xbf\xc3\xa9\
\x93\xa7\x19o\x8c\x07\x89&[\xa0#\xd6SJ\x0f\xc0\
X\x0eVZE\xf2\x8c\xa7\xb09\xe2J\x16|\x18\xab\
\xd5{G\xefK\xff/\xf1\x1f\x85\xd6i\xcc\xb6J\xd4\
q\x1c$\xdd\xc4\xfb\xe8\x0c\x89J\xd9<\xb9\x99[o\
9@\xeak\x18\xafC\xf6\xd3k\x94\x9486\x83\xd6\
\xa6\xc2\xe8\x96\xfd\xa0\xab\xa0\xd4S.\xb0C\xcf\xeep\
*:\xe8\x84\x0aX\x0azy\x0f\xa7\x0brr\xbc\xb6\
\x5c\x5c8\xcfS\xcf}\x9b\xe5l\x09\xafr\x9c\x14\x88\
qA\x0c>j=\xa6Z\x90|\x95\xa2}\x8e\x09\xb3\
\xc8\x9f\xfb\xecG\xf9\xd9\x1f}\x80)\xb3\x80\xca\xe61\
\xf4\xd0\xde\x86 \xcf\xb9R\x98\x15T(\xc3\x87\xef\x1f\
TC\xe8\xa7\xdb\x031\x04d \xd8\x0b\x7f\xd71\x86\
\xf78_\xe0\xc5\xa1\x95 Z\xe8\xb6\xbb8\xebH\xb4\
\x221\x09I\x9a\x06\x88\x82\xcd)\xf2.\x90\xb3u\xcb\
$\x8f<r\x0f\xb7\xec\xd8\xcc\xc9\x93gYY\x5cB\
)\x8dV\x06\xadk\xe8$\xc1+C\x91\x15\x98\xb8a\
\xa8 (!\xcb\x89\xd2Zt\xa2Di%J\x9b\xea\
'fJ\x03\x9f\xbfJ\x84o\x14\x80\xae\xddP\x0f\xc3\
(\x04\xa3\x93\x00Op\xc2\xa9\xd3o\xf0\xfe\x87\xdf\xc7\
\xe4\xe4$y\x9e\xa1uB'\xcfy\xfd\xf4\x19\xba\xd6\
\xe2Q\x18\xa5\xe3\xb36\x08\x11R\xeb~\xbf8H\x04\
v\xdfr\x0b\x8dZ\x828\xd7\xcf\x84F\x85\x06\x19\xf9\
L?\x98]o.\x8c3\xe6:\xca\x1aW\x9a\xef\xa0\
\x1f\x84Z\xe0\xe4\x993\xf4\xbc\x0b*\x11k\xfa\xa8\x7f\
-\xbe\xda\xbc\xf8\xf8\xdc+j:efz\x13\xe2\x05\
\xed%Bw\xfb3\x90\xb3Dm\xdc\x00\x13(+F\
\xcb\xcb\xcb|\xf9+_\x01k\x03Ir \x00\x8d\xe7\
\x97{\xf1\xff\xf6\xe4\xb1o|\x87\xb7\xbcu\xfe\xfe\xb4\
\x9b\xc4\xa4\x9b\xed\xfb\xd6.>\xff|\xa7v\xdf\xc7>\
W3\xc9c\x82\x7f\x14\x91\x99\x0aL\xf3.oO\x7f\
\xf7\xbb<\xf4\xd0C\xbc\xff\xfd\x1f\xc0\x98\x84\xd1\xe7\x7f\
\x10\xe3\xe6\xfc{rnxW\xb7+\xc5\xe8\xeb\xbd6\
\xea\x90\xb5F\xa8\xf3mh\xa5\x08x%\xedS\x9d\xa0\
B\x22\x11\xa8\xd3\xee\xf0\x85/\xfc\x11_\xfc\xe2\x17Y\
YiQ\xaf7#i\xe1*\xe7'\x81\xa0em\x81\
s\x05\xca\xbb\xe8\xbcs=\x15\xb9\xe0b\x14HI\x83\
\xec\xe5A\x16s\x10]w\x05\xd4\xeb)\xb7\xee\xda\x87\
q)*Whg\xfa\xc7\x19\xd0\xd0|\xb3m\x90l\
\xe6\xbc\xe0l\x86\xd7\x1e\xdd\xd4XU\xe0}\xc1\xb17\
Np\xe2\xd4\xd1\xf0\xbb\xcaq\xbe\xc0I\x81v>,\
\xec\xce!.#o\xb7\xc8\xff\xff\xec\xfdg\xb0-Y\
v\xdf\x89\xfd\xd6\xde;\xf3\x98k\x9f\xf7\xb6\xbc\xeb\xaa\
\xeaj_m\xe1\x08\xa0\x89\x01(\x80 4\x14\x87\x14\
g>\x8c\x86\xd2|\xd0|\x90\x224\x11\x8a\x98\x90\x14\
\xd2(F\x11\xa3\xd0\x88!q\x06\x220$\x0c\x89\x01\
\x01\x02l\x07\x10\xddh\xef\xaa\xcb\x9bW\xf5\xeayw\
\xbd?&3\xf7^\xfa\xb0w\x1es\xdf}\xefU\xb5\
A\xbf\xeex\xab\xe2\xd4\xbd\xf7\x1d\x97\xb93s\xe7\xda\
k\xfdMg\x8e\xf7<8\xcbo\xfd\xda/\xf1\xec\xd3\
\x87i\xcb\x06\xb6\xdc\xc0\xd0\x1f\xbbZ\xbdj\xb4*\x12\
E\x82\x0c\xf82\x03\xf2G\xed\x9e\xb3\xc31`l\xba\
\xf2\x0c\xea:\x12\x92#\x12q\xd1 \x86Pl\xd2\xdd\
\x8c\x09`\xc3X\xf2\xac\x81\x03JU\xfaa\x0b\x09\xc2\
\xec\x84\xe1g?\xfa$\x8f=\xf08\x7f\xf4\xa7\xff\x9e\
\xaf|\xf5\xdbt|\x15+\xb4!\xc3\x1a\x8bm\xb6\xa1\
\xba}\xd1\xab\x96\xd6J\xa3\x89\xb56\x91\xdbj\xe6\xbd\
\x19{~|\xfc\x0dw\x22N\x1a\xe3\x92\xb2D\xe0\xca\
\xe5k\xbc\xf8\xe2K\x1c<x\x88<kRj\xc0:\
\x87u\x16\xe7\xdd(\xe2j\xec\xdc\x83\xe1ui\xb6]\
\x8f\xaa\x9a:\x1d\x01\xa3\xb1\x12\x1e\xc6X\xe7;mS\
M\xc2\x1c\xd7\x1c\xbe\xf9<{\xf7\xf3qQ\x14\x83y\
<*\xa2\xdc\x1c\x83\xcf\x1d\xe90\xf0}\xdd\xce\x0c\xc1\
+\xc6\xc5\xef\xad\xcar\xdb\xf7\x84AGA\xa0R\x0d\
]\xee\xdc:\xbbk\xe3^%\xf4^\xfc8C\xd7\xe6\
/\xf5w\x1f:\xf6W\x06\x13\x04y\x1a\x91\xc6Nd\
\xa5\xdb\xb5\xbb\xb7\xdb\xc6A\xeav\x8c\x94\xban\xaa\x04\
m\x9f\x87\xea\xf7n\xeb\xdb\x0f\x09\x1c\x9a\x88\x09\xf1\xc6\
\xd4\xef\xf7\xd9\xd8X\xe7\x89'\x1egb\xa2=\xd0\xaf\
\xdbi\xfbv\xacH\xdeA\xf3\xe7\x07\xa9\x84n\xdb\x91\
\x9b\xb6+V.u\xec\xef\xef\xf7q\xd3>\x0e\x9c\x8b\
n\x1e\x83\xf1\xad\x97[\x17b\xde\xc9\x03\x1d\xb8\xb5h\
]\x0d\xad\xf1\x9f\xe3\x87~\xc7\xce\xe3M\xed\xbb;\x8c\
\xe6\xf6\xe1\xd6;\xbec\xf8\x06\x91\x91\xca\x1f\xb1\x22\xe8\
\xb2\x8c\xa5\xa5%~\xf7w\xffG>\xfb\xb9\xcfR\x16\
%\x8dF\x1e\xab\x90\x22\x895\x1e\xe5\xafd\x87\x84\x01\
\x01\xefK4T1\xf9\xd2\xf8\xdc`\xab\x06\xc4\x92a\
\xc5y<b\xd2i\x92#\x92\x0e\xb0\x8e\x09\xc79\xc2\
\xc4\x12\x0c\xedF\x8bS\xc7N\xd3\xce\xdb4M\x0b)\
\xec\xc0\xa5I\xb4\xde\xb7\xa8c\xe8\x9c\xc3\xd8\x84\x03M\
XP+v\xc4\xd5\xca\x0c\xc6\xc3\x22C_\xc5\x11\x12\
\x9d\x1a\x05\x07\xdexz\xa1\xc7F\x7f\x95\xd7\xce\xcdz\
\x17\xde\x00\x00\x80\x00IDAT\xbd\xca\x1bo\xbf\x8e\
7}\xc4yT\xca\xa8\x83\xaa\x0aZ!Zb|\x17\
\xa3\x1bT\xdd\xab|\xf8\xa9#\xfc\xa7\xff\xf0\x97x\xea\
\x81\xdd\x98\xde\x0d\x5cX\xc5\x99\x8a\xa2,\x10\xeb\xa8S\
\xf6P\x93\xe8\x92\x9b\x0fj\x06\xfbV\x0f\xc2\xa0\x0d\x9c\
\xb6{\xe4\xe8\xa6\xe7G\xc75\xee\x8ah2{\xc0\xe1\
\xc4\xa2xB\xd5#T\xc5\x00\x0dl\xadEE\xb0.\
\x07\xf5XU2\xa3\xccL\xb7y\xff3\xef\xe1\xc8\x91\
C\x5c\xb9r\x89\x95\xe5\x958\xa6\x99\xa5*\x8b\xa4o\
\xaf\x83\x87\xd6\x96\xac\x83\xd2{\xbd-\x09\xa3ZC\x05\
\xa2\x5c::\xda\x9e7u\xc5\xb7\x86}\x8c\xe25\xb7\
\x9f\xc7\xc9t\xc0$]\xe1\x10\xaf0k\xe0\x93\x9f\xfa\
$\xa0d\x8d\x9c\xad\xa2\xe0\xfc\xe5+tC@\x07\xb4\
\xa2\x9a\xe8\x93\x10\xb5\x83\x85K<w\xa2[]\xb4\xfd\
5\xea9v\xe8\x00\xed\xbc\x09\xa1\xa2\x96b\x8e\xf3\xa2\
\xee\xb8\xd2\xd4d\x1ft\xaby\xe7\xdd$\x9f\xa6\x1e\xd7\
\x04\x9bY\xdf\xeapm~\x9e\xca\x04J\x0d\xa9S0\
R\xbd\xa5\x16\x0b\x95\xe4\xf1\x9e\xda\xf1\x1a\xbb(M\x97\
\xb3g\xd7.\x9c\xb8xmm\x97\xff\x1a\xdb\x9f\xa8\xa1\
l\xade~~\x9e/\x7f\xf9\xcb\x83\x8e\xd3M\xfb%\
l\x95E\xf8/\xd6\x16/\xad\xbf\xe3\x9d\xbb\xcb\xe2^\
%\xf4^\xfc\xb8C\xcf>\xff\x95\xc5\x07\x1f\xfc\xe4?\
\x95I\xfdU\x94\xfb\x80\x19\xd5\x98\x89\xfe\xb87n\xb8\
\x95\xb5l1@\x94Qy\xf9\xe5W\xf8\xcaW\xbe\xc2\
\xaf\xff\xfa\xafSu\xc7W\xab\xdf\xef\xe4w/~\x8a\
c\xa4*\xf2\xa5/}\x89\xcf\x7f\xfe\xf3\x9c;\x7f\x0e\
\x0dJ\xa3\xd5\xa0\xd3\xe9\xe1\x9cc\xbb{\xcd0\xc2\xe0\
g\xf0UL@\xc7|\xb4\x0d\xa3\xfa\x8b\xb7\x8e\x1a7\
(\xdb*f7\x87\x0d\x06Q\xc7\x91\xbd\xc7\xd9=\xb9\
\x0f\x0a\xa8\xaa\x80\xc5\x8dWyv\xa8\xf8\x0c\xae\x01c\
\x18\xa6\xc37\x87\x98\x11<(\xd1\x8a38\xc8'\x1a\
\x14e\x97\xc5\x95\x1b\xbcv\xf6UV7\x960-E\
ME\x18\xd5\xf1\x0c\x1e\xa1\xc4\xfa\x0eV\xd7q~\x85\
\xdf\xf8\x95\xf7\xf1k\xbf\xf8\x01v\xb7*r\xbf\x8c\xa3\
K\x03\xa5\xec\xf7#\xfeX\xcd\xb8\x98y\x904tf\
@|\xfba\x1ds\x03\x88\x8d\x15\xd6\xaa\xac\xe8Uk\
t{\x05\x13\xd3}\x1aS\xbb\xb1\x8d\x16\x991T\x1e\
T+\xd4\x17\xe4M\x8bs\xc2\xc7?\xf4\x08\x0f?t\
\x9a\xcf\xff\xd5\xd7\xf9\xdc\x17\xbf\xc6\xe2\xca\x22-\xd7\xc2\
k6&C\xa7;|\xef\xf8\xef\xe3rH\xe3\x95G\
\x13IY\xeaS\x927\xfa\xfa\x9d\x8fk=\xa7E\xe3\
\x04\xcb\x8d\x1b\x0bt;]\xac\x13\xec\xb6\xb7\xd4\xed\xff\
\xda\x07*\xaa\xbb\xdf\xbeB\x18\xbc\x12\x82$i\xa6:\
\xc1{gU\xfe\xa0\xfa\x03\xd4\xe3\x87a\x91(\xdd\xa7\
\x91\x94\x1a\x82G\xacM2\x1d\xe3\xdfP\x9bn\xa4\x11\
b\xf4\xb7\x9b\xd4\xaf\xeex?\x08\x83\xcf\xea\xf7\xfb\x94\
e\x89k4v|\xa5 \xd7]\xc3\x9d\x06\xae\xff\x10\
v\xf9\xc7\x12\xf7\x92\xd0{q7\x84\xbe\xf9\xe6\x97\x16\
\xef{\xcf'\xff\x91u\xe6\xbf\x02\xf9\x0f4\x04s\xbb\
D\xf4\xdd\xe0{\x00n\xea\xdfl\xbfQ\xd7]\xb4\xfa\
\xf3|\xaa\x08m{\x9b5\x16\x8c\xc5\x87\x0a\x1f\xe0\xf3\
\x9f\xfd\x1c\xa7N\x9c\xe4\xe9\xa7\x9f\xa4\xac\xfa\x98T\xe5\
*\x8a\xa4\x961RQ\x19\xd7\x9d\xbc9I\x1do\x19\
\xdf)\xff\xbe\xfd4{\xab\xf4\xbd\xfe\xae\xfa\xeb\xeb\x16\
\x9c\xec0\xa9\xdea@w|\x1f\xba\xf3\xcdk\xbbd\
\xd2\x1d%\x8c\xee\xf0\xfd*f\xec\xd8l\xff\xfc;\xbd\
\xff\x8e\xe2\xd47m\xd0\xf6?\xc7%VFo\xea!\
h\x92R\x89pC\x11\xa1\xd9h\xb3\xb9\xd9\xe5\xca\x95\
k|\xf6\xb3\x9f\xe1\x1b\xdf\xf8\x06\x00M\x175\xa6\xb5\
RZy\x03\x11\x97\xbc\xb3SeR\xc2\x886i\xdd\
6\xad\xf0\xd5P+ut\xdf#&\xf6f\x5c\xf2\xf8\
\xf5\x11\xef\x98b\x87\xe7\xe5\xa0\x93X\xcb\xf2\x00e\xaf\
d\x22\x9bf\xdf\xccA\x8e\xee>\x8e),TBH\
\xd5\xc2\xd1$\xce\x0e\xbe\xc7\x13B\x19+\x9c\xa3\xa3m\
b\x1b\xd8\xa6\xca\xd1\xe0T7\xc93\x5c\x02\xbe\xf2\xb1\
\x8d\x9b9\x5c\xcb\xb1\xda_\xe5\xedk\xafs\xe6\xfc+\
t\xfd&du\x9f\xdcP\x15\x81<w\x04_`\x8c\
\xc7\xf7V):78\xbe/\xe7\x7f\xf9\xf7~\x91O\
=u\x98FX\xc4\x94\x15\x96\x02#Q\x0e\xcc\xe0\x08\
\x15\xa8)b2f\xedXB\x14\xc7\xd8P\x0d\xf8]\
\xf5\x18\xc9p\xec\x181\x05\xa8\xcf\x07\xa9uM%\x8d\
g\x84\x5cXc(}@}<_2\x93E\xb7\x1b\
\x81ng\x85^\xd1\xa711\xcb\xee\xbd\x07#\x81]\
-\xa5\x0a\xbe\xdf\x07\xa9\xc8]\x83#{\x1a\xfc\xc7\xff\
\xf3\xbf\xc5\x87\x9fy\x88/\xfc\xc5_\xf3\xe5o<\xcf\
\xea\xa6%\x90\xd1h\xb6\x11k\xe8\x95\x15\x18\x1bE\xa5\
\xc4%Hb\xd4\xd6\x0ca$)\xbbE\xf2\xe7\x07\xb2\
S\xa9r\xed\x04k,>x\xaa\xaa\x1a\x9b\x9bj\xa8\
QlO\xc7\xfdZ__\xa7\xdb\xed\xb2{v\x9a\x10\
\x94v\xa3I\xb3\xd9D{\x15\xe2v\xa8\xe0\xe9\xf0\xb3\
j\xcc7#\xdbX\x05\xc3f\xa7\xe0\xf0\xbe&\xa1\xec\
\x0e1\xfc\xdc!4j\xea\x06Swk\xf4\x96\xaf\xbb\
U\x18\x923\x93q\xd8 TAY^Z%x\xe8\
\x87\x12\xc9\x1c\x1aF\x16\x00\xdbl\x86U5VR\x83\
\x0e\xae-gR\xf2j\x22\xb7@t\xfc\xfdF\xc7a\
[\x82\xe0\x0c\xcc\xdf\xb8\x8e\xdb\x01:4\x9c\xfb\xb4o\
\xbb\x9c\xb9\xd3\xb0\xdc\xcdq/\x09\xbd\x17wM\xbc\xfd\
\xd2\x97^\xbd\xff=?\xf3\x7f\xb2\x96\xc7\x10N\xabb\
\xef\xba\x8a(\x00\x06k\x1cY\x96\xb1\xbc\xb4\xca\x1f\xfd\
\xd1\x1fq\xe8\xd0~\x0e\x1c\xd8\x8fjt\xf3q\xb6\xce\
j\xe5f<\xe2\xbd\xf8\xa9\x09\xb3\xcdvR\x92\x1cQ\
\xe5K\xac\xe4\x18\xa3\x88X\x96W\xd6\xf8\xd2\x17\xbf\xcc\
\xe7?\xffy\xe6\xe7\xe7\xc9\xf3$\xee\xbd\xc3mU\xc4\
\xdcT\xda2\x84t\xa3\xaa\xa2\xbe\xa1\xfa\xdb\xdc\x90G\
\xab\xf6\xdf\x7fL4'i\xd2`\xff\xec\x01\xac\xcf\x91\
`\xa3f\xe4-pv\xf5\x18\xf8\x10pc\xaf\xa9\x13\
\x9c@\xad?:\xfa\x9cX\xa1\xaa<y;\xa7_\xf6\
\xc1\x08\x0b\xcb\xd78s\xe5\x0c\x97\xe7\xdf\xa62\x1d\xbc\
\x8d\xd2S\xa2.&\x8a\x02\xbd\xee&HA\xd1_\xc1\
\xf4\xe7y\xe2\xc1]\xfc\xe3\xdf\xfay>\xf8\xc8\x01\xec\
\xe6%r\x1d\xba\x18\x9a\x11\xbc\xaa!\x1aP \xd1Y\
J\x8c$\x05\x82\xf1\xc49\xee\xd7\xbb\x1f7\xc1\xb2\xd9\
\xed\xe1\xf2,\xe9gZ \x0c\x8c\x05LJ\xba\x0d\x8a\
/\xb7\xd8X)\xf0e\xc1\xd4\xcc\x1e\x1a\xcdI2\xeb\
pA\xa9B\x85/K\xd4w\x11\xdf\xe5\xf1\xd3\xfb9\
\xf5\x1f\xfd*\x1f\x7f\xf6\x19>\xf7W\xdf\xe3\xbb\xcf\xbf\
\xce\xea\xfa\x02y{\x9a\xdc\x08%\x8a\x15\x97\xdc\xb4\x86\
\xb8Dc\x02\xde\x87X\xf5\x96\xb4 \xd9q\xbfF\x13\
#\xf0\xc1'l\xe6;\xa9\xdcyD4*\xaf\xb9\x0c\
\x09>.\xaat3U\xb9\xdf\xf9\x14\x1e\x22\x03\x89\xd5\
\xb5-\xfaU \xc7\x01\xef\x8e\xf8\x1dR\xcb\x5c}\x18\
h\x00\x8f\xc5m\xe0]\x22Q\xa2,\xf8\x80q\x0d\x1c\
\xc2\xeaz\x87*$\xa9\xae\x9aS4r\xc4u\xec3\
j\xb8\x95\x8f=\x07\x85<\xcf\x13\xcc\xe6\x1d\x9eC\xe9\
\xb36\xb76o\xff:x\xb3g}\xf6N>\xf3n\
\x8d{I\xe8\xbd\xb8\x9bB\xcf\xbe\xf4W/>\xf0\xd4\
\xcf\xfe\xafA\xfe;\xe0\xbe\x1a,\xf3\xae1\xa17\xbd\
\xfe\x87\xcbw\x0a\xaad6'\xcf\xa3\xad\xdd\xef\xff\xfe\
\x1f\xf0O\xfe\xc9?\xa1\xd9\xca\xd3\xf7\x8f4I\xcd\xc8\
\xe4\x94\xc2\x8fT\xd2v\xd2\x19\xfdQ\xc5\xcdb\xe1\xb7\
j\xc7\xcaM\xef\xfbI\x82\x15\xbc{\xc9\xac\xef/\xea\
\x1b\xf40\xa9\x8c1\xd1h\x10|`cc\x8bo}\
\xfb[|\xe9\x8b_\xe6\xd2\xc5+\xf4z\x05\xcdf\x9b\
\xd1v\xa7\xde\x94\xb0\x0d\xc3\x22`\x02\x84\x98\x80\xe2c\
\x02\xfa\xa3\x8e\x10\x02\x1eO\xde\xcc\x99\x99\x99\x81w\xf8\
\x95\xaa\x81\xe0!\xf8\x80&\xaf\xeb\xb1\xcf\x1d\x92\xf2\xe3\
\xebQ\xd4xZ\xd3\x0d\xaa\xca#\x06.\xce\x9d\xe3\x95\
\xf3/\xb3\xda[&\xb8\x12\xd7p\x94E\x89Q\x93\xf0\
\x82\x80\x0d\xb8PRn\xad1\xa9\xeb\xfc\xe2\xcf\xbd\x87\
\xdf\xfc\xd5\x0fqx\xaf\xe0\xb7.\x93sg\xdd\xee\xc1\
\xb8\x87\xe4\x8c\xa3\x8c\xc9a}\xbf\xa1b\xb8\xb1\xdc\xe1\
\xf2\xe5K<\xfc\xe8S\xec\x99\xdd\x85\xf7\x1b@Q\xa3\
P\x09i \x8c(\x16O\xd9[e\xa9\xec\x905Z\
\xcc\xcc\xee\xc5\x99I\xac\xb8X\x8dT\x8d$\xad\xe0i\
7\xe1=\x8f\x1c\xe1\xd4\xc9\xc3\x5c\xbc\xf2!\xfe\xf2\x8b\
_\xe3\xb9\x17_cq\xad\x8f\x93&br0\x0d$\
(^\x05o \x18\x17\xb1\xb3A\x07J\x10w<\xfe\
>`,\x89\x1c\xe4o:\x8e\xdb#\xcfs\xac\x8b\xb8\
\xdf \x01g\x0c\xadV\x1b+\x8b\x91\xf8\xb5\xe3\xbb\x06\
>v\xf1\xff\xb5\xdc]znna\x81^\xff8y\
3#$\xe7\xb5!k\xec\x1d\xec\x83\xc6\xb16a\xa7\
=\x1eW\xef\xa8\xcf\x05\x91\xd8\x827\xa9$\x1c\xb0\xcc\
/\xaf\xb2\xb2\xb6\x85\xb7\x16Dc\x17bL\x1f4\xed\
\x8d\x91D\xfcR\xc4G\x81-\xd1\xd8\xc9h7\x9a\x11\
\xf4\x90\xccM\xeet=\x99\xa4\xc5\xba\xb2\xbc|\x9by\
WT\xd1Y\xbfQ\xad\xbe\x83Cz\xd7\xc6=b\xd2\
\xbd\xb8\xdbBwO\xda\xabdS\x8b\xc6\xc8'A\x9a\
#\xd4\x92w\xf1)\xe3\x7f\xde\x94\x84\xdc\x91\x18t\xfb\
\x8f\xaf\xaa8\xc19\x97#\xc0\xd5\xabW\x09\xeay\xfa\
\xe9g\xf0~\x9c\xf4\xb3\xf3\xe6\xedTM\x1a\xdb\xc0\x1f\
\xc1\xd0\xdef\x80n\x8a\x9b\x93\xd0\x1f\xea\xfbG\xf9\x13\
r\xa7w\xef\xfc\xfc\xbby\xff\xbb\xd5\x11\xac\xa5\xab\xea\
\xc7\xcd\xc4\xaa\xf1\xfd\x8fX\xce!akkk\x8bo\
}\xeb;\xfc\xf6o\xff6_\xfa\xe2WX^^\xc5\
H\x14\x9e\xb7I\xa0?>\xe4\xa6\x04\xbfn\xb5\x89\x82\
\x18\x8d\x16\xb5\xc1\x83\xaf\x86>\xdbw\x1a\x9f\xdb\xee^\
\x22S\x98(\x92o\xcc(q$U3\xcb\x0a\xf1\xc2\
\xc1\xbd\x07i7&\xc9$\x8f\xc4\x1d\x7f+\x91\xef\xd1\
\x8ap\x84#D#\x82Z\xb2\xaaf\xf3\x0e\xc9/Q\
x>\xe0ME0\x81B{\x9c\xbd\xf8&/\xbd\xf1\
\x02[\xbaI%=l\xc3R\x05\x0f!2\xd8-\x8a\
UO\xe8\xadB\xb1\xcc\xbe\xc9\x82\x7f\xf0w>\xc6o\
~\xfa}\xec\xce70\xfd\x05\x1a\xd2\xc72^)\xbe\
\xe9\xf8\xc9\x0el\xb7\x11b\xc9N\xc7|\xa7\xa8}|\
\xea\x131J\x089&g\xf6r\xe9\xda\x0a_\xf8\xab\
o\xd2\x9c\xdc\xcd\xec\xee\xfd\xd1G]C\x12)\xaa\xbf\
\xd3G\xc2R\x888\xdf\xa2,\xd9\xda\xda@\xb5\x8cz\
\x99\xd6\xc6*\xb8\x08U\xd5\xc3W=\x8cxD\x0b\x0e\
\xec\x9d\xe1\x99\xf7>\xc1\xd3O=\xcad\xb3\x81\x15\xcf\
\xd2\xc2uz\x9d5\x9cD\xab\xd4\xa8\x1c\x94Z\xc0\xe9\
(\xe9@j\xff6\xfb\xa5!);\xdc\xac\xc3[\x8f\
K\x08!bIC`\xff\xfe\xbd|\xfa\x17\x7f\x11\xeb\
\x0ceYBnYZ]e~i\x89*\x90\x14O\
k\x08GM\xe4\x19\x92\x9bd\xb0\x18\x8b2f\x12\xa0\
\xdb\xdd\xe2\xf4\x89\xe34\xf3\x1c\x09I\xbb\xf56:\xa6\
c\xc9\xda\xe0\xd8\xe9-\xfe\xbb\xfd8\x94U\xc0d\x0d\
J,g\xde>\xc7\xc2\xfa:\xde\x08\x95\x90\xe0(\xe9\
x',\xa85n@\x04\x14M\xc4L\x12\xc9\x0aa\
\xdf\x9e\xbd4\xf3\x1c\xab`\xc5\x8cU\x97o\xaeL\x0f\
\x09|_\xfb\xda\xd7\xb9~\xfd\xfa\x88-\xf1\xe0\x15i\
/\xe5\xbb\x99T_]Z\xba\xb2q\xc7\x93\xf5.\x8d\
{\x95\xd0{q\xd7\xc5\xd9\xb3g\xfbp\xf4\x0f\xee{\
2\x94V\xe4\x9f*\xcc\xde\xee\xf5;\xad\x14\xcd\x1d*\
\x9f\xdb\xbd\xc7\xb7\xc7\xad*\xa7\xf5\xbf7\x1a\xb5\xcfw\
\xf2\xf8\x0d\xf0\xef\xff\xfd\x978x\xf0\x08\x9f\xf8\xc4\xc7\
\x06\xafw.\xfaAG\xf7\x96q\xa6\xe9\xe8\xf6\xff\xa8\
Z\xf6\xe6V7\xd2\xc1\x8ddg\x89\x14\x19Y\x9f\xaa\
j\xc2\xd4\x8e$\x1a2|N\x83\xc6\x15\xbe\x8d\x09\x8d\
5\x91e\x1c\x82\x0e*)6\xcb\x86\xd8\xd7\xba\xeaP\
W>\xe4\xe6\xa4J\xb6a>\xc3\x0e\xbba\x86\x85\xac\
\x1de\x99\xc61\xa3\xdb>\x7f\xdb\xdfw\x12#\x88I\
UJ\xd4\x82\x92\x89\x1d\x1c\xb7<\xcf\x93\x176\xac,\
\xaf\xf0\xed\xef|\x9b\xbf\xfe\xeb\xaf\xb0\xbc\xb4\xc2\xda\xea\
\x1a\xce\xe6\x03\xa2\xb1\xc5&C\xa3!\xd1b\xa0EY\
\xb7\xb4\x85\xa1c\x8f\x82z\x9f\xda\x9dI\x0b\x93\xc8\xba\
\x1d\xdd\xe6;-\x12\xb6cB\xcd6Lr\xe5\xeb\xe4\
\xb6&\x9cXB\x19\xc8\xb2\x1c\x0dJY\x15HpX\
\xecM\x18\xb8\xed\xdf#\x22T~X\xeaqv8\x86\
uZ\xaf\x02\xe2\x0c\xd6\x0a\x95z6\x8bu\xdex\xeb\
\x0d\xce_9\x87\x97\x02\x952\xda#\xfa\xa8EI\x88\
.:\xf4\xbb\x10\xba\xb8\xfe\x1c'\x0f7\xf8\xbb\x9f\xfe\
\x10\x1f\x7f\xe6\x14y5O\xee7#\xfe\xd3W\xd13\
~d\x9fo\xba\xdae\x5cN\xea&R\x89\xdc\x1a/\
\x1d__\x01&\xb2\xd2\x13\x0b~\xf0M\x12\xc8-|\
\xec\xd9\x0f\xf3\xc6\xb9e\xfe\xfb\xdf\xfdc\x1ez\xf4!\
~\xe1\xe7\x9e\xe5\xfe\xa3{\xa9\x8a\x0d\x94\x02\xa3\x81\xdc\
Z\x9c\xf7\x94\xde\xe3\x15$8\x94\x92\xee\xfa\x0d\x0a\xbb\
L\xd1\x9a\xa1\xd9\x9aE%\xc3\xba\x06\xb9\xb5\x84P\xe1\
,T\xd5\x1a>\x08\xc7\xf6f\xfc\xbd_}\x96\x95\x8d\
\xa7y\xf3\xec\x05\xde8s\x9e\xe7\x9f\x7f\x9b\x1b\x0b\xab\
\x84\x0a\xac\xc9P,\xb8\x06\xe0P\xb5w\xc4\xd4\xd7\x0a\
\x17\x00U5\x9e\x84z\x1f\xcf\x8f\xfaZ(\xca\x82\x83\
\x07\x0e\xe2\xb2\x8c\xaa_\xe0M@\x0ba\xf7\xect<\
\x1f4$\x9c\xb2\x0e\x08h\x9e\x08\xeb\x88\xf8IC\xa8\
\xc2\xd8w\xb8<\xa7\xd3\xefr\xe9\xca5\xf6>\xf2P\
\xec\xd8\xd48R\x1d\x9f\x0ft\xccBs\xbby\xc8\xad\
\xe6\xd54\x17\xa5\xd7\x8f\xdf/\x0cy\xb3A?(\xeb\
\x9d-\xae..\xe3\xc5\xe1\x114\x08\x1a=\xa0\xa8\xaf\
\xd9x\xc1\x98\xa4\x88P\x7f\x82\x12\xaa\x02'\xd1E\xac\
a\xf3(\xd9\x15\x14\x1fv\xba\xf7\x98\xb1m\x0ej\x10\
Q\xd6\xd77\xb16\x1b\xea\xf6\x8e\x1c\x9f\xf4m\xf7\x17\
\xed\xc6\x16?\xc1q/\x09\xbd\x17wi|\xa9\xea\xf5\
?\xf0\x97\x13\xcd\xc9\xb3\xa0\xef\xdb\xfe\xec\x8f\xbf5<\
\xdaJ2\x888\xd6\xd76\xf9W\x7f\xf8G\xb4\xdbm\
>\xfa\xd1\x8f\xd0\xef\xf7\xd3\xcd\xde\xa6\xca\xe9Of\xd4\
\x92N\xdb%B\xa2\x1dc\xf2\x18\x0f~\x90\x5cV\xde\
\x83\x1a\xac5\xb1R,\x82G\x09\xdeSyO\x08\x9e\
f\x96\xe3}H7)\x1dx\x83C\x9c\xde\xcd\x1d\x0e\
\xef\xe8\xf3FI6\x88#\xef\xff\x01\xf9\xb1\xd6\x8c\xbf\
\xbf\xf2\x1e\x97\x12\xf3\xca{\x5c\x96\xd3j5QU6\
77\x99_\xb8\xc17\xbf\xf9M\xbe\xfe\xb5\xaf37\
7OtL\x14\x1a\x8d\x16`\xa8*\xcf\xcd\x8d\xd0\xc8\
B\xae\x13\xb7\x01iL\x87I\xb2\xfa2\xea\x80\xc6~\
|\xd4\x03\x1d\x94\x7f\xbf\xdf}\xac\x1d\x85n\xdd\x08\xab\
\x8fe\xbf,b\xf2=\xa2\x9dy\xa7\x88\x16\xa2~\x0c\
\xc5\xe7D\x09\xc4D#\xf2\x9a\x94\xa0%\xa5/Y\xed\
\xacp\xe6\xdc\x1b\x5c_\xba\x86f\x01\x93[|\x151\
\xa0!(\x04\x8f\x0d\x01\xab\x05\xa1\xda\xa0a6\xb9\xff\
\xd4$\xff\xc9\x7f\xf8\x0b<|r\x12\xfas\xe4\xf4\xc9\
\xb4@\xea}\x0br\x87\x85\x85\xb9\xe5\xb6\xc7_\xe2\x8f\
x\x5c\xde\xed\xb5\x1b\xc8\x5c\xfc\xf9\xcb\x7f\xfb\xe7\xb98\
\xbf\xccw^|\x83+\xf3k|\xf0}\x8f\xf2\xa1\xf7\
?\xce\xec\xd4\x14U\x7f\x1d\xad\x0aL\xd0x\xbe\x85\xc8\
P7A1\xe2\xd1P\xd2\xa9\x0az\x9d-\xa6g\xf6\
 R!d\x98dxd\x11Z\xa2T\x01\x8an\xc9\
\xeeV\xce'>p\x9ag\x1e;\xc9\xaf\x7f\xfa\xe79\
w\xfe\x06/\xbd\xf6*g\xde\xbe\xc0\x8d\xe5-\x16\xd6\
6\xf14)K\xc1\xba\xd6\x1d\xcf\x1f\xef#)i\xa7\
\xe3^\x96%Y\x96Q\x94\x05F\xe1\xa1\xfb\x1f\x00\x02\
\xc6\xc6\x15\xa5\xf7\x15SS\x13\xe4\xceP\x14\x9a\x16\xe1\
\xb1\xfa\x1f$\xa9\x11\x0c*\xcf\xf1x\x8c\x0es\xb7*\
qy\x93K\x97\xae\xf0\xc0\x89\x13\xcc43\xa2\x0a\x95\
r+\x96|\xd4\xd7\x1d\x1c\xb8ww\xc4j\xbc.\x86\
 J\xbf_\xa2\xb6\xc1\x95\xeb\x0bt\x8a\x12o-^\
k\x11\xb4\xa8\xa00z^\xf8\x10\x17]FA4\xa0\
2\xbc\x8e\xdb\xcd&\x99u\x03r\xac\xd1\x98\x84\x8f\x9d\
s;\x5cW\xfd~\x9f~\xbf\x7f\x9b\xadVAd)\
\xd7\xfe\x04\xb0\xfa.O\xd2\xbb&\xee%\xa1\xf7\xe2\xae\
\x8d\xac\xd7\xde\xd2&W@\x9eI\x22\xc4w\x01Ai\
;\x1b<\x12.\xf2<#\xcf3\xd6\xd7\xd7\xf9\xfd\xdf\
\xfb=&'\xdb<\xfd\xf4\xd3\xf4z\xbd\x91\x8a\xca\xce\
2#?\xd2\xdd\xda\xa6\x020\xc4@\xa5\xbdy\x87\xa2\
\xed\xce\xd9m\x9f\x11?7\xa4\xc9\xd7\xba\x98\xa2\x0d\xd9\
\xaf\xb1\xa5T\xb7\xa9K_\xa1\xd6\x92%&\xac\x84T\
1\xabR\xc5\xec\xc7\xbd\xa6\xd8\x16\xc6\xeeTy\x88\xd8\
\xb7\xc9<G}\xe0\xc6\x8d\xeb\xbc\xf0\xc2\x0b\xbc\xf8\xe2\
K\x9c}\xfbM\xd6\xd7\xd7)\xfa\x15SSS\x84\x10\
1n>\x84\xa4SkcEo\xf0\x817\xef\xb0\x88\
\x8cW\x7fC\x19IHI\x8bq\x94\xd8\xf2\xa3F\x85\
\x06\x0d\xa8\x17z\xbd\xde\xd8\xf9Y\xef\xc2\x9dp\x5c\xdb\
\x13\xd1J\x1c\x0eG  \x16Lf\xc1\x08\xf3\xcb\xf3\
\xbc\xf0\xea\xf3\xac\xf5W((\xd0,\xe0\xcb\x02\xa4\x02\
\x1f\xf7\xdb\x11p\xb6\xc0\x96kT\xba\xc0\x07\x9e<\xc1\
?\xfc\x0f>\xcc\xa1]\x8a\xe9-\xd2p%\xc6\xf7b\
\xdb\xb9\x1eKn\xae\x98\xbd\xab\xfd\x1ft\x08v~~\
P\x1d\xd5\x9b\x17\x16\xa2\xe0\xcb.\x15\x81\x83{\xa6\xf9\
\xfb\xbf\xf5+\xfc\xf6\xef\xfd\x05\xd7\x97\xbb\xfc\xc1\x17\x9e\
\xe3[o^\xe3g>\xf8\x04\xef{\xf44\x8dF\x09\
\xc5&\x84\x1eV\x02\x81H\x062\xe9\xbaR\x03\x1a6\
XX\xd8\xa2\xd1\x9c\xa4\xd1\x9a\xa2\xd9\x9e\xc48\x8b\xd1\
\xb8p\xb1>0\x95y\xa0D\xfb\x1d&\x10fg\xa6\
\xd9\xfd\xc4^>\xf8\xe4\xa7XZ\xdfbeC\xf9\xeb\
\xef\xbc\xc1\x9f\x7f\xe1\xdb\xac\x07\x92\xf7\xd8\xed\x93\xd0\xaa\
\xaaR+^\x22\x91kl\xffS\x1b]\x84}\xfb\xf6\
\xf1\xcc\xfb\x9e!\x04\x8f\xcb\x1d\xbe[ 9L\xb4Z\
\xcc\xce\xeeb\xfd\xda\x02\xa3\x90RS\xeb\xb1\x8e}\xff\
\xb6J\xac5\x94\xfd\x82\xad\xaa\xe4\xdc\x85\x8b<\xf9\xe0\
\x03\xd1aJ\xeb\x15Z\xb8i.\xfbaF\x10X\xdb\
\xda\xe2\xd2\xf5\xeb\xf4*\xc5\xb8\x88\xe6\xad!\x03>\xea\
\x10\x0c\x12\xcb\x91\xee\x7f\xac\x91\x8a\xc7\x11\x13\xd5\xa9\xa9\
)2;\xac\xe4\x06\x1d\xae25\xcd\x87;]O\x9d\
N\x97n\xb7\x8b\xb5\xe6\x16\x1d-QP\xdd\x5c(V\
~\xf8#\xf07\x17\xf7\x92\xd0{q\xd7FQl\x98\
\x5c\xa7\x97\xd5\xc8\xa8Y\xf3;\x8a(ms\x8bj\xc7\
\x0f\xb4U\x89\xe9\xbb}[\xfb\x9eF3\xc3\x18\xc7\xc2\
\xc22\xbf\xf3\xcf\x7f\x17\x80\xa7\x9ez\x8a~\xbf\xff}\
TS\xee\xae\xd8NL\xc8\xb2\x9c\xa2(\xe8\xf7{\x94\
e\xc5\xc6\xc6\x06\xbd^o\xf0smmc\x90\x84\xa9\
*\xa5\xaf\xc8\xb2\x0c\x97ed\xce1=9\xc5\xc4\xc4\
\x04\xd3\xd3\xd3\xb4\xdbm\x9a\xed\xd6\xf8\x01\xbeI\xfai\
\xf4\xb9\x9d\xc7\xf2\x07I\xe5\xb7\xe7\x84v\xdb16.\
\xfe=w\xfd\x06\xe7\xce]\xe0{\xdf\xfb\x1eo\x9e9\
\xc3\xea\xda\x1aUQ\x00\x81F\xab\x893\x0d\xb66;\
\xb8,\x8bb\xdcI\xdfP\x06\x18\xc4m\xe3:R\x04\
\x19S\xa9Q%\xf8X\xfd\xac\xab*c\x09\xd5\x8e'\
\xf1;?\xc7b\xf55$\xfb\xc0[]'\x9e\xb2*\
\x93\xccMH\xecv\xb8\x99Lu\xeb\xef\xa8\x13\xd1\xa2\
\xaaP\x01+\x0eT1F\xb9t\xe3\x22o_~\x9b\
\xb5\xee2}\xed\xa1N\xa3`{\x06\xbe\x8arO\x8e\
\x80\xd3\x1e\xa6Xa\xd2n\xf1\xf1O=\xce\xa7?\xf9\
\x1e\x8e\xef\x094e\x93P\xf5\xc9\x8c\xe2}\xbd}\x86\
\xef\xbfB\xbc\xc3\x88n\x83\xc9\xd4\x8b\xb6\xc1\xfe\xd7\xa2\
\xf0\xdb\xe6\x1a\xeb\x1cM\xb5\x14\xd2\xe5\x81\x93\xfb\xf8\xf4\
\xcf\x7f\x9c\xdf\xfb\xb7_\x04\xd3\xe6\xdc\x95u\xae_\xfd\
2\xaf\x9f\xb9\xc2\xcf~\xe8=\x1c;0IK\x1c\x86\
\x021\x15\xf8*\xaacj<>\x95\x96\xa8Bw\xb3\
Ggs\x15\x9b5\x98\x9c\x99%s\x0d\xf2\xbcI\xf4\
\xbb\xaa\x22~\xb3(#\x14f\xab\x1fe\x81\x08L;\
\xc7\xcc\xc1\x03t\x9fz\x98\xbf\xf8\xd2w\xa96\xfbX\
\xd7\xb8\xdd^\x83D(\x8d\xf7>\x0a\xeao;\xde\xd1\
\x81\xc9c\xad\xe1\xd8\x89\xe3\xec\xde\xbb\x17\x88\xd5\xbb\xca\
\x17d\xd2F\x10\xf6\xec\xda\xc5\xb9\xf3Wi4\x9b\x11\
\xea!\x06d\x1b\xd4\x87qy\x22M\xff\xcb\x1b-\xa8\
,\xe7/\x5c\xe5\xf8\xa1#\xec\x9d\x9a\x88\xe7bH\xdb\
\xb8\xe3Ig\x12\x06vt9\xb2\x03&X5.\x94\
\xed\xf6\xf4O\x08\x18:U\xe0\xed+WX\xed\xf6 \
s\x04\xad\x0d\x09LRU\xf0D\xb5\x86\xfa\xf3\x12m\
J\xc1h\xac\xfa\x8b3\x98\x00\xadF\x94a\xbbSw\
g{\xbc\x93J\xa8*\xdfj\xb7\xddOt\x1e\xf7\x13\
\xbd\xf1\xf7\xe2\xa7;\x9aM2\x15]\x19\xbdy\xd7\x92\
M\x03p\xbc\xc4JQ\x5c\x13\x06|my-\xb7o\
\xc8\x8a\xba\xdb&-jnuCO\x95-3\xb2\xf4\
%V\xce\xca2\xde\xd0\x8dq\xcc\xcd/\xf2;\xff\xfc\
w\xd9\xfc\x8d\x0e\xcf>\xfb!T\x95no(\x19\xb3\
]'\xf4\xa6\x8a\xe4H/1hLDn\x85)\x1d\
\xdb\xafm\xd9TM4\xd9>\x16\xd6f\xf8\x84\xf5j\
4\x1a\x84jX[\x0b\xc1#b\x067\x9f\xaa*Y\
_\xdfd}}\x9d\xf9\xb99\x96\x96\x97\xb9~\xed\x1a\
\xeb\xeb\xeb,..\xb2\xbe\xbe\xce\xe6f\x17\xef\xab\xc4\
p\x16\xcab\x9c\x9d\x1cT\xc7\xda\xf7eY\xe2\x9c\xa5\
\xd1h`\xadcfv\x86\xe9\xe9i\xf6\xed\xdb\xc7\xf4\
\xf44G\x0e\x1faff\x86={v\xd3\x9e\x98\xa0\
\xddja\xad#\xcb\x1c\xd6\x19\xaa\xb2\x1c\xe0\x0eE\xe4\
&\xc6\xf8\xf6\x9b\xa6\x19\xadB\x10\xefUQ\xcb\xb3\xf6\
\x86\x8f\xfa\x9c\xd6\xd8\x01\xde\xad\xd7\xeb\xb1\xbc\xb2\xc2\xca\
\xf22o\xbd\xf5\x16g\xde<\xc3\x9bg\xde\xa4\xdb\xed\
S+r\x1b\x15\x1a\xb6AP\xc5\x17\xe0E\xb1Y#\
2\xad\x19\xeaF\xc6\x0d\x0d#\xdb3r\x5cD\x08\xea\
#\x11d\xe0\x5cd\xc9\xf2\xa4!\xaa~\xa0\xbf\xe9C\
\x94jB\x225A\x07\xfb-\xb7\x15\xa9\x1fs\x0d\x0d\
\xc3DJ`\x04\xbfi\x06\x9f!\x02\xceZ:\x9d\x8d\
\x08\x07\xb061\xf3o\xa13\xb9\xad6[\xeb\x84z\
\x0c\xdeW\x94\xda\xc5wc\xa2>9\xdb\xe6\xec\xe53\
\x5c\xbc~\x8e\xb5\xce\x06\xa6-H\xdf#D\xe6\xbf\x06\
Pc\x08\x1a\xc8\xb5O\xc3\xaf\xd1\x0aK\xfc\xc6\xdf\xfa\
0\x7f\xe7\x17\xdeGC\xd6\xb0\xd5:B\x0f\x0b\xa8\xd7\
\x88\xb5\xc5\x0e\x92\xc2\xc1H\x0cr\x91mI\xc8\x9d0\
\xd8\x83EW\x18\x8e\xab\xd6\x84\x92aejH_\xab\
1\xb5\x12W\x13Ut\x0f\xcb\x09H\xe8\xf0\xb3\xcf>\
\xc6\xea\xc6&\x7f\xf4\x99o`\xdd\x0c=\x1a<\xf7\xc6\
\x1ag\xce~\x91\x0f\xbd\xf7~>\xf9\xa1\xc7\x98\x99h\
a\xe9`m\x0f\xa3\x9e\xa0)\xd1\x09B\xa6>\xe2O\
\xf1P\x96l-up6\xa7\xd1\x9a\x22o6\x22.\
]\xa2\xef\xbd\xc3\xd0\x10G\xd1\xef\xa1\x99\x22>\x8e\xed\
\xd7\xbe\xfcu\xe6n\xdc@\x1a\xbbQ\x09\x03<\xe4p\
?\xea\xa1R\xaa\xb2\xc4\x87\x0a$\x10\x94m\xba\xaf\x80\
\xaf\xe2\xb9\x13\x02\xcf>\xfb,\x93\x93-\x02\x1e+\x86\
V\xb3IP\xe8u{\x1c=p\x88\xd7ZoS\x0d\
\x92\xb5h\xaf\x1adHL\xda\xfe\xfd\xf5\xb8\xfb\x00\x82\
\xa3\xeb\x03\xdf|\xe1\x15>\xfc\xfe\xa7\x99\x9dlQ\x95\
%\x0dk\xa2I\x81\x1a\xacuCkK\x85 \xe6\xa6\
O\xab1\xcf\xe3\xe7\xa7P\x15\xf1\xbcu\x8d<Z\xe0\
\x0a\xf4\x8dp~~\x893\x97\xaf\xe1Q\xac\xcbR\xc5\
2^g\xc1\x07\x0c\xf1\xf8bR\xe5\xdb'\xeb\x00I\
\xaeM@\xd5/\x99\x9a\x9af\xef\xae\xddhY\xb1-\
/\x1e\x9ej\x22\x8c;(\x19\x9cs,//G\x92\
W}mn\x1b\x9f\xb4t\x9e\xae\xaa\xd6\x9d\xa5 \xee\
\xe2\xb8\x97\x84\xde\x8b\xbb5\xc4L\xb6\xef\x03\xf3d]\
\x05\xd5\x91\xcc\x22\xde\x88cB\xa8\x12o\xcc^\x86U\
\xca\x98t\x8cO<aTN\xe3\x07)\x87\xca\xed\xf1\
t\xd1\xfb7p\xf5\xea\x0d\xfe\xe0\xf7\xff\x15\xd6\x18>\
\xf2\xec\x87i5\x9b\x09'j\xa9\xfe\x06dv\xc66\
y\xdbM\xd8\x18\x8bdCm\xc4\x10<\xcdf\x0b\x11\
\xa1\xdf\xef\xb3\xb9\xb9\xc9\xc5\x8b\x17y\xf3\xcd3\xdc\xb8\
\xb1\xc0\xd5\xabWY]]emm\x8d\xa2(\x86\x1e\
\xe7\xd4U5\x9b42\xe3\x94\x92e\xcd\xc1w\xed$\
\xa1\xd5h\xc4\xd7UULr/\x9e\xbb\x98\xb63\xb1\
\xa8\xad!\xcb2fff\x98\x9d\x9d\xe5\xe0\xc1}\xec\
\xd9\xbb\x97\xa3G\x8f\xb2o\xdf>\x0e\x1e\xd8\xc7\xc4\xe4\
$\xcdfs\xa0\xbf\x17B\x85OD(\x95\xf1}6\
)q06Z\x0e\xd6\x15\x90H\xba\x0at6\xbal\
mnr\xfd\xc6\x0d\xe6\xe7\xe7\xb8z\xf5\x1a7n\x5c\
\xe7\xca\x95+\xac\xae\xac\xb2\xd5\xe9`\x8c!\xcb\x1ad\
\xce\xe1\xeb\xb2d\xd0\x01\xbd\xa8\xfe\x11\x04l\xcaM\xea\
\x1b\x93\xe8\xb8\xce\xa1\x11;V}5j\xea\x06_\xb2\
T\x8c-S\xd1\x9aC\x13\x13x\x0de\x1c\xef\xb4\xf0\
\xaa5(\xc7\xe3v\x15\xd1Z\xffR\x07xG\xa9\xab\
y#U~\xd5\x00In\xa7[v\x99\xcc2\x04;\
t\xbfy\xc7\x12X\x11\xc3\x1a\xd4\xe3\x9a9]\xdfa\
\xee\xea5.\xcd\xc5\x0ah%\x1e\xef=\xc1\xa4\x04*\
\xf9\x91[\x130\xa1\x8b\xf4\x97\x98m\xf6\xf8;\xbf\xf0\
a~\xf9\x13\xef\xa1\xadk\xb8\x90\x88=\xf5~\x86\xe1\
~\xdd\x1d\x11\xc5\xee\xad\x84\xb8/\x14\x106\xf8\x99\x8f\
<\xc1\xc5+\x8b|\xeb\x95+\xf44G\xcd$\xddN\
\x87?\xff\xd2\xab\xbc\xfc\xd6%>\xf5\x91\xc7y\xea\xb1\
c\xec\x9b\xde\x85\xf6\xd6\x09\xe5V\xc4\xb8j\x01\xc4D\
\xd2h\x88\x8b\x081\x04\xef\xe9V\x05\xfdnN\xd6h\
a\x9d\x905\x1c\x99u\x88\x17\x1a\xd6\xd0\x0fJ\xb31\
\xc9[\x97\xe6\xf8\xe6\xb7\x9e\xa3\xd9\x9cb+\xd4\xb4\xc3\
\xed$\x9e4\x9cA\x09\xa1\x1a\xf3(\xdf\x1e\xd69\xba\
\xdd\x0e\x87\x8f\x1c\xe2\xa9\xa7\xde\x93\xc86\xb1\x02\x18\x12\
\xd10\xcf2&\x9a\x19\xbbgv1\xbf\xbc\x11\x8d\x10\
na\xa2p\xf3\xf9T\x1fZ\x07\x12X\x5c\xdb\xe0\xf9\
W\xdf\xe0\x03\xef\x7f\x8a\xcc\xb8\x94\xe8m\xdbna\xd0\
A\x09\xea\xc70\xc1\xf5\xefRK|i\xbdx\x18n\
G\xc0`\xaccym\x9d\xb7\xaf\x5c\xa1\xab\x11\xab+\
\x12\x95\x00\x86\xdb\x98\xe6\xcdZ\xe0\x9f\x10IG2\xfc\
\xbb\x86\xd6\xec\x9e\x99\xa5*J\xec\x0e\xd7\xc7\x9d\xba\x09\
\x1b\x1b\x1bwx\x8d\x8a\x09|\xaf\xaa\xfaw\x01L\xed\
\xfb\x8f{I\xe8\xbd\xb8[C$H\x17\xc3\xde\xed\xdc\
e\xa3`5\xd4\x9c B\xa8'\x828\x0d\xc67\xa7\
\x16&\x91\x08\x11W\xc7)\xc1\xf9\x1b\xc0\x1f6\x1a\x0d\
\xca\xd2p\xe3\xc6u\xfe\xf9\xef\xfc\x0eK\xcb\x8b\xfc\xc2\
/\xfc\xc2\xf7\x8d\xff\x94\xf19\xf36\xbd\xe7Z\x90{\
,5\xc2\x98\x9b\xf5\x8c\xad1\x04U\xfa\xfd>[\xeb\
[\xbc\xfa\xca\xeb\xbc\xfa\xea\xab\x9c\xbfp\x81\xf9\xb99\
\xb6:\x9d\x84iU\x82W\x1a\x8d\x06y\xd6\x1c\xf8\x9f\
[7\xce(\x1dm]\xda\x11Le\x18IV\x07\xe4\
\x1bc\x06\xf2/UU\xd1n\xb5\x87UJ\x0d\xf4\xcb\
\x12\xd5\xa8\x93w\xe3\xfau\xdex\xe3\xd5a%\xd4\xba\
\x88\xb3\xca\x5cJRwqp\xff^Z\xad\x16\x93\x93\
\x93\xb4Z-\xa6gg\xc6\xf65\xb3\x8e\xb2,\xa3\x0d\
^U\xb2\xb4\xb2\xc2\xda\xda\x1a\xf3\xf3\xf3\xac\xad\xac\xd0\
\xdd\xec\xb0\xb5\xb5\x19\xf77(e\xe9\x07\x15\xc2,\xcb\
p\xd6bld\xac\x0e\xd8\xad\xc9\x92q\xdc=(\x8c\
I,\x99\x948HBG\x9at\xe3\x12\xb2A\xc5&\
\xc8\x90\xf0Pc\x0a\x939\xf8@\xfa'\x8e9\x18\xe7\
\x92\xd0z$xE\xe5l\x9b\xaaf\xc3D\xf2\x07M\
\xc9\xaa\x10p*t\x8b.\xcb\xab\xcb\xb4\xf7O\x82\x84\
w\xb1x\x8b\x09l\x90\xb8H\xacLI\xa7\xdcby\
m\x85\x85\xb59\xd6;sxS\x811\x91T\x96>\
;\x08X*\x5c\x7f\x0b\xe7W\xd8;\xd1\xe7\x1f\xfc\xda\
\xc7\xf9\xe0\xe3Gh\xd9\x0d\xcar\x83f\xd3Q\x96\x7f\
\x83\xf0\x16\xdd\xa1\x0a5\xb8\x8eo\x1e\xe9 I\xf3\xd2\
z\xac(PQ\x14\xeb4m\x9b\x7f\xf8[\xbfH\xff\
w?\xc3w\xdeZ\xa1[\xf4\x81\x8c S\x5cY\xb6\
\xfc\xcb?\xf96_\xfd\xcek|\xea\x83O\xf0\xf4}\
\x07\x98l8\x08=\x9c1\xd1MJ\xcd`\xe1\x17\xc7\
*\xa0^)*O\xbf\xb7\x09Fp\x99%3\x96\xe9\
\x89i0M\xbc\x9bbi\xad\xe0\xf3\x7f\xf5-\x16\xd7\
K\x82\x9b\x22`\x07\x8e\x5c\xdbCD(\xab\xf2&\x0c\
\xe8\xf6\xf0U\xb4\x8c\xfd\xc0\xfb?\xc0\xec\xae]\xe9\xf5\
\xc3\xea\xaaGqY\xd4\xc7<z\xf80\xf3\xcb\xaf\xdf\
\xd1\x22\xf6\xa6ag\x04\x83lsn\xcc/\xf2\x8do\
}\x97\xa7\x9fx\x84\xac\x91\xe1\xc4\x0e\x945\x82\x98\xf1\
\xbbD0\xe3\xf3\xfc6-\xde\xbaH\x11\x04\xbc\x18\xfa\
E\x09Y\xc6\xf2\xd2\x0a\xaf\x9f\xbb\xc0\xda\xda\x06\xd6E\
e\x08\x1d!Q\xd5\xef\x0f\xa9-o\x07\xe7@\xad\x92\
\xa0i^\x08\xb4\xda-vM\xcf\xe0}\x85u\xd9\xe0\
\xdc\xa8\x8f\xdf\x9d\xa2\xd6\x085\xc6\xde\xec8\x175\xc4\
\x82\x1aN_\xb9\xd2(\xef\xfciwo\xdcKB\xef\
\xc5]\x19\xa7O?3\x85\xb3\xffH\xe0\xc1\xa4\xd97\
\xd2\xbf\x8e?DI\xacY\x8f\xd5>\xaa\x1eoL\x22\
\xc5\xe41\xe9\x94\xe4[\xa1f\xc8\xba\x96p\xcbI\xf8\
\x87\x15\xfd~d\xf7:\xd7`yi\x85\x7f\xf9/\x7f\
\x9f\xb5\xb55~\xe5W~\x85\xa9\xa9\x06U\xff6\x95\
P\xbd\xf3\xb6\xdd*\x9167\xfd\x16\x87-\xb2\xbd\x87\
\xcf\xde\xb81\xc7\xdc\xdc\x0d\xde8s\x86\xb7\xdf~\x9b\
\x0bo\x9fc}}\x13_y\x1a\xc9\xa7\xd8e\x0eg\
3\xaa\xca\xd3lfT\xbeB\x83\x1f\x90v\xea\x16\xfb\
N\xe1\xb7\xb5\xbfF54\xa3\xb4Q\x18\xdc\xe8\x5c\x82\
4\xd5\x16~\x22\x86\x89\x89\x09\xca\xb2\x88\xee;Y\x86\
\x1b\xb1\xfe\xf3\xbebmm-\xee\xc7\xdc\x1ceQD\
\x19\x98\xfa\xbb\x8c\xdc\xd4\x8es\xb5\x05aY\xe1k\xb8\
\x811Xg\x111H\x08X\xebp.B\x10\xac\xcd\
i\xe79\xaaJQ\x14dy>~\x88T1A\xc7\
\xf0m\x10\xe2\xe2\x88\x80\x0dq\xa1\x94i\x81\xd5\x02K\
\x81\xd3j\x80[\xf4\xa6\x81\xd7\x9c\xca8*\x1cQ\xd5\
\xd1\x8d`?G\xc7u\xdc\x07\x5c\x88\x90\x878\x96\x96\
\x10J\x86\xfe\xe0\xe3>\xe1?Hx\x94\xaa\xe8\xb3\xbc\
\xb6\xc4\xe1\x03G\xe3\xb6K\xc0\xeep~\xdeTM3\
\x81`br\xe9M\xa0\xa2\xe4\xc6\xf2\x15\xae/\xcdS\
j\x07\xb5\x9e\xd2\xf7\x10\x93G(JP\x8cz2\xad\
\xc8\xb4K\xbfs\x83\xf7<x\x80\xbf\xf3\x0b\xcf\xf0\xd0\
\xf1)\xda\xb2N.\x01\x15O\x99\x18\xd9\xb7\xc3\xd3\xc8\
;$\xdc\xfdp\x22%\xa5\x83q\x09\x88Q\xbcV\x91\
<$\x91\xd9\x9f[\xcbT[\xf8\xfb\x7f\xf7\xe7\x99\xff\
\x1f\xfe\x9c\xb7\xe7:\x14\xda\x22kM\xb2Uz\x84\x09\
\xce\x5c\xdc\xe2\xcc\xeb\x7f\xce3\x0f\x1d\xe7\xe7?\xfe^\
N\x9f\xd8\xc7\xcc\xe4\x14\xbe\x02\x88\x84\xad\x9a\xa0V\x83\
'E\xcbHh\xaa\x02E\x15(\x81\xcd\xf5u\xbc\x99\
\xc2M\xe5|\xe7\xb5\x0b|\xe9\x9b/#\xf9,*M\
Zy\x8b\xa2\xea\xef|\xdcB\xb4O\xe56UP\x80\
\xa2,\x98\x9e\x99\xe4\xe3\x1f\x7f6\xfa\xdd\x07;\xd0\xc9\
\x04\xa8\xaa\x12\xc4RY\xe5\xd0\x81\xfd\xd8W_\x83(\
\x99\xcf;\xafZ\xa7\x02\x82\x9a\xa8)[)\x97\xaf\xcf\
\xa3\xaa<\xf5\xc0)\xf6\xce\xceRC:\xfd\x88D\x96\
\xb9\xc5g\x0d\x8eU\xbaV\xea\x04\xd4\x1b\x83q\x0d\xae\
/,\xf2\xdc\x8b\xaf\xd2)J\x0a\x85\xccY\xaaP\xe1\
jB\xd4\xe0\xe4J\x9f7\xd8\xdd\x91\xebN\xa3@}\
\xe5=S\xbbv\x91e\x19\x92\xa0N\xe3\xb2R\xb7\xcf\
BU\x03\x9b[[\x04\x1f\xadlw~\x11\x82\x86\xef\
\xc2\xc6\xbdJ\xe8\xbd\xb8\x17?\xe4\x10m\xcc\xcc\x82~\
Z\x85f\x9dQ\x0c\xdb\xf1\x22\xdek\x04\xe3\x97\x1dZ\
\xae\xa2i\x0b\x84\x82N\xbfD\xb2)\x82o\x83mQ\
\x19\x934\x15\xeb\x1b]\xbc\x91\x06\xbe\x7f\xe6\xec;\x8f\
8\xf1Y\x9b\x13\xbc\xe7\xdf\xfd\xbb\xcf\xf2\xf6\xdb\xe7\xf9\
\xf5_\xff5N\xdd\x7f\x0a\x11C\xf0J\x9ee#\xd8\
\x1f\x10\x9b\xf4\xe8\x06:z\xe3\xce\x1e\x83\xdf} x\
\x1f\xb1g\xb9\x8dxL\x84\xac\x91\xe3}\xac\xc6\x1a\xa0\
\xdb\xe9\xb0\xb4\xb0\xcc\xf5k7x\xfd\xf57\xb8x\xf1\
\x02\x97\xaf]\xa5\xb3\xd5ask\x13c,\x99\xb54\
\x1bmH|\x85Q\x8c\xaasf\x88\xbb\xdb\xee\x08\xa9\
\xc3_\xc6&\xff[\xe9H\x86\x81\xd7\x08\xd6\xd8\x9b\xda\
quR\xeb\xcb\x0a\x83!wQ\xe0\x9bm-`M\
\x18D\x8b`\xf3q\x92\x85\xdc\xa2\xf5emFml\
T\xfb5o;T\x09/)\xf8\xaa\xc2W\xd5 q\
.\xfd\xa8fd\xc0\x88M\xf0\x8e\xf8].w\xf8\xb2\
\x0b\x14\xe4&\xe0\x82\xc7j\x17\xd3[ew\xd3s`\
\xb6\xc1\xc3\xf7\x1fe\xf7\xf44k\x9d\x0e/\xbdu\x85\
k\xcbK\xf4t\x82\x826F\x9aH\xe6\xe8\xf6;X\
\x97\xc76\xe4\xd8\xb8\x8d@\x0bL\xd4\x92\x14\x1c\xa8\xc7\
\x98\x1cCH6\x8b\x1e\x09rs\xcb|\xe4x\x8a%\
J\x18%i\x98\x9d\x0e\x95\x13\x87\xd7\x80\xc9\x0c+[\
\xcb,,\xdf\xe0\xe0\xeec\x18o\xdeQ\x8e[\xf8\x22\
&FV\xe9U]\xae-]c\xbd\xb7F\xc1&\x15\
\x05\x22:\xa84\x11<Y\xa80U\x07);4\xb3\
\x1e\x1f{\xdfI~\xe9\x13\xefaw\xb3\x8f\xed\xcd1\
1\x9d!\xa1\x1a\xd0\xd5e\x87\xd6\xee\xd8xm\xfb{\
\xfbb\xe9N\xd7~\xd0H\xba\xf1\x1a\xe5\xb5\x9c\xa9\xa1\
+a\xf0\xbc\x11\x1b\xf5a\xd5\x8c@O\xa3oxm\
\x1b\x19\x17<\x16\xa1\xc4\x01\xbe\xb7\xc8\xc1\x99i\xfe\xa3\
\xdf\xfc9\xfe\xd9\x1f~\x86\x0b\xd7W)z\x05\x92M\
Q\x96\x16'-Z\xd3Gy\xfe\xdc:\xe7\xae~\x89\
\x07N\xef\xe3\x83O=\xc0\x93\x0f\x1f\xa1\x95\x17\xf8\xce\
:\x0d\x1b\xf0\xda\x07B\xec\xfc8\xc8\x12q\xc6\xfb\x98\
/\x05\x1c\xc1\xb48sa\x91?\xf8\x93/\xb1Y6\
(\xa4\x19\x17<\xc1\xa7\xb6u\x18\x9bW\x00\xaa\x98\xed\
FR\xdc\xc8\x81v\xb9Kz\xc0\x11\xc2\xe1C\xc5\x07\
?\xf4\x01\x8e\x1c9BV\xcf_\xb5B\x92\x04\xac\xb3\
q\xd1\x8a\xd0\xce\x1d\xa7\x8f\x1f\xe7\xcc\xf9\x8b\xe0\x92\xa3\
\x5c\x18\xb6vv\x22'\x91L\x0f\xea\xaa\xa2\x11\x8b\xe4\
\x0d$\x18\xae..\xb1\xb1\xb5\xc9\xa9cG\xb9\xff\xf4\
I&\xdbMPKU\xf4\xc8\xac\xa5*+\x1a\x99\x8b\
\xb2q\xb5\x0c\xdc\xb6s\xa34\x8e\xd2W\xb8f\x832\
\x08W\xaf\xcd\xf1\xd6\xf9K,ou1y\x8e\x98\x8c\
\xa2\x88z\xa0\xbdnA\x96\x8d\x5c\x8f*\xa8D\xbc\xae\
\xd6\xdd\x0e\xe3\x06\xb0lEh7\xda\xec\xdf\xbd\x8f\xcc\
dx\x11|\x02\xc5\x0e\xd5%\xc6-<\xb7\x9f\x9fU\
\xe5\xe9vz\x09\xe64^\x09M\xbc\x88\x08%\x0fr\
\x1c\xa6\xee2m\x91w\x17\xf7\x92\xd0{q\x17\xc63\
\xce6\xc2\xdfF\xcc\xd1\x01\xed0E\xac\x88\x06\x82\x94\
dZ\xd2\xb4=\xf64=\x1f~\xf2\x18h\x973g\
/qm\xf1\x06=?K\x15\xa6\x10\xdaX\x93Q\x86\
\xba\x1aZ\x0d\xda\xf8?R\x1cY\xbd\xd9\x09'$\x12\
\x89.\xaf\xbe\xfa*\xe7\xcf\x9f\xe7\xd9\x8f?\xcb'>\
\xf11N\x1c?\x19\xab\x7f\xa3D\xa5$\x0c?Z9\
\xac\x93\xcfZ\xd0\xd9\x22\xa8\x15\xc4\xb9\xe8Lc\x86\xc2\
\xf8\xbdN\x9f\xc5\xa5\x15n\xcc\xcdq\xf6\xcc\x19.\x5c\
\xb8\xc8\x95+W\xd8\xdc\xda\x1c\x10\x86l\x96a\xacI\
8PK(\xdf\x9d7\xf3OZl\xbf\xd9\xda\xd4\xea\
\xfe~\xf5f\x83z\xcc \x81\x0b\x84~\x8f\x86+\xc9\
\xa4\x8f\x0d]\xb4\xb7\xca\xb4)\xb8\xff\xe8\x14\xcf<z\
\x92\xc7\xef?\xc4tK\xc8,t\x8a\x16\x1fz\xcfA\
^8s\x85\x97\xdf\xbc\xca\xf9\xb9\x1bl\xf9\x09\xbaa\
\x93\xc9\xf6$e(\xa8|\x18ID\xc7\xf1\x9aq\x7f\
j,\xa8E\x06\xe7X\xac\x8cz)\xa3\xc3\xd0;\xd0\
\xf6\xd4\xa0\x91\xf0\xb2\xad\xea\x15+\xc5\xa0\xa2TU\xc5\
\xf5\xc5\x1b\xec\xdb}\x98\xb2\xd7\xa3iZ7\x15!\xc7\
\xd8\xcd\x12\xa0\x19\xa11\xab\x9d\x15\xae^\xbf\xcaV\xb5\
NI\x11\x85\xe8Mb\x15\x87X\xff5\xa1 \x0b=\
L\xb5\xcedV\xf2\xe9O>\xcd\x87\x9f<JSW\
q\xe5\x16\x99\x93D$I-\xdf\x94\x9f\xdc.\xea\xb6\
u}]\x85m\x8b\x9cwr\xbe\x84\xa0H\x22\xee\xf9\
2aqG\xde\x1e\xd4\xc7\x85@=\xd02\xc4\xf6\x1a\
*\x82\x97\xc16D_u\x81j\x8b\xcc\x19\x1e;}\
\x80\xbf\xffk?\xc3?\xfb\x17\x7f\xc6\xf5\xa55\xc48\
\xac\xcd\xa9\xbcc\xb3T\x9a\xf9.\x96\xcb\x1e\xdf}}\
\x813\xe7\xaf\xf3\xe0\xb1\xdd|\xe4}\x0f\xf3\xd8\x83\xc7\
\x10W\x91\x9b\x82\xe0\xfbx\xdf#T}\x90\x803\x19\
\xce\x82\x0f\x19\x98\x16[e\x83\xcf\xfd\xf57X\xdc\x08\
\x14Y\x93\x92\x9c\xdb\xcdyu\xd2\xb6\xe3s>\xd0\xef\
\xf7\xc9\xf3\x06!T\xec\xdb\xb7\x87\x9f\xfb\xb9\x9f%\xcb\
\x1dUU\x0dm/\xa9+\xc2\x8a\x15\xa5\x0a%\xc6\x1a\
\x8e\x1d\xd9\xcf\xd5\xb99\xd6{\x1e\xac\xdc\xf1\xf8\x8d}\
\xf7\x08\xb8\xc8Z\x0b\xd6\xb2\xd2+\xd8x\xfb\x02\x17\xaf\
\xcfq\xfc\xf0!\x0e\xed\xdb\xcb\xec\xc4\x04^@rC\
%Q\xbb\x19\x13@\x95\xb2\xac\x12\xae\xda b\xf1b\
\xd8*;\xcc_\xb9\xc1\xdc\xc2\x22\x97\xaf\xdf\x00\xd7\xc4\
d-\xaa\xa07\xc9\xf0V\xd56\xe2\x9d\x1d\xb6\xe75\
U\xbbIp\xb0\xdcf\x1c:\xb0\x9fF\xa3q\x93\x06\
\xf0-\xf7q\xec\xfc4T\xa5gss+vid\
|\xbcDDt\xc0\xe4\x92\x0b\xf0\xc5\x9fh\xe9\x95{\
I\xe8\xbd\xb8\xeb\xe2\xf0a2AN\x08:Q\xaf\x16\
\xeb\x15\xa4FV\x86\x18)\xc9\xd9`\x97\xdb\xe0\x97?\
\xf0\x10\x1f}b/6l\xb2\xf8@\x93\xaf}\xefm\
\x9e?\xb3\xc2R\xafGe\xa6(\xcc\x04\x81\x0co\xb2\
\x91k\xf9Nm\xcbw\x97\xa0\xd6-\xb2P\xb7j\x06\
,\xe38\x015\x9bM\x9c\x13\xca\xaa`kk\x8b?\
\xff\xb3?\xe3\xab_\xf9\x0a\x1f\xfe\xf0\x87\xf9\xf0G>\
\xccc\x8f=6`\x8ew\xbb\x9d\x9b,|\x9c\x98\x81\
#\x91\x11\x89-jk\xd9\xeatX]]e\xfe\xfa\
\x0d\x96\x97\x979{\xfe\x1c\x97/_\xe6\xf2\xa5\xab,\
-/\xd1\xedti4\x1a8\x9b\x917\x1a4\x9b\x13\
TU\x85I\xfa\x9d\xb7\xdc\xdf\xedJ\xdf\xdb'Q\xf9\
q\xcf{\xb7\xd5>\xb8\xcdsz\x87\xbf\x87\xb8\xaf\xb1\
o\x1b\xd3\xc0N\x9e\xd4\xa9B\xed\xf0\x18\xed\xe2z[\
\xb8\xb0\xc1\x84l\xf2\xc0\xd1i>\xf8\xf0i\x9e~\xe0\
\x10\x13Y\x97\xe9|\x89\xe0;\x84\xb2\xa2\xe5,\xbb\xcd\
\x04\x87\xdf;\xc3\x07\x1e\x98\xe2\xb5\x0b\x8b|\xf5\x95+\
\x5cY\xeb\xb0^\xf6P3E0\xad\x11U\xb2\xba\xef\
\xb7\xdd\x05\xc6\xa4\x044V\xe4j7\x17\x91<J\xec\
\x88\x1f\x11\xc2\xde\x0e\x8f\x88U\xad\x80GTv\x1c2\
\x11\x13\xf5:\xad\xb0\xb6\xb9\xc6\xb5\xb9k\x1c\xdf{\x1a\
\xdf\xa90\xf6\xd6\xb7\x8e \x01oK\xae-]ca\
a\x8en\xb9\x85\xa7DM\x82#$\x81~\xa3\x15\x12\
J\xb2\xd0C:\xf3\x1c\x9c\xb5\xfc\xdd_\xfe(\x8f\xdf\
\xb7\x9f\x86_G\xfb]Z\x0dG(KP\x07\x92\xda\
\xd1\xdc\x9c4\x8f\x1dQ\x1dV\xecj\x1d\xc7,\xdb\x8e\
G\xac\xc7\xc3l\xfb{x\x1a\x98\xe4#^\x16U\xaa\
\xda\xc7\xf1\x94\x91\x12z\x08\x15\x82M\x8bC3\xc0\xb6\
j\xad\x10\xa1\x86\xbc\xe9b\xe5\x99\x805\x15\xc6o\x11\
6\xe7x\xf6\x89S\xd8\xbf\xf7\xcb\xfc\x0f\xbf\xf7\x19\xae\
\xad\xaf\xe2e\x12l\x93B\x0d\xea\x85\xcc\xb4\xc9m\x9b\
\xd5\xa2\xc7\xd7_Y\xe0\xf5\xcb+<p\xfa,\x1fx\
\xf2~\xdes\xdf\x11Z.#\xcf\xdbTl`BI\
U\x13\xb4L\x83N\xd9\xe0/\xbe\xf2\x12\xdf}\xf5\x0a\
e\xbe\x8fRr\xbc\x18\xecm.\xdb\x9a\xd4w\xab\xc8\
\xf3\x0cUOY\x96|\xf0\x83\x1f\xe4\x91G\x1e\xa2\xdf\
\xef\xe3\x5cF\xfd\xb6P\xcf{U\x94(\x12\x0d\x04\xdf\
\xe7\xd0\x81\xfd\xec\xdf\xb7\x87\xa5\xf3\x97crxKY\
\xb0\xe1U8\xac\x96\x1a\xd4\xd4\xd5\xd2x\x1c\xadkS\
\x94\x9e\xc5\xf5>k[\x17x\xe5\x8d\xb78\xbc\x7f/\
3SQ\xf6mrr\x12+20\x8d\xa8JOQ\
U\xf4\xfb%\xfd\xaadyu\x9d\x95\xb5\x15\x16\x96V\
\xa9\xd4\x93\xb5&\xe2\x18\x18\x93\xf4OI\xfa\xbe\xe3\xb0\
\xa6\xfa\x5c\xa9q\xe1F\xd3\x82\xc5Cm\x8f\xbak\xcf\
\x1ef\xa7\xa6#k>D\x97\xb3\x81\xddn\xdd\xd5\x13\
\xb3=\xb1L\xfb\x17;_eY\xb1\xba\xba\x92p\xe8\
26\xff\xd6\x1dAE:\xa2\xba\xc8\xbbJ\xe9\xef\xbe\
\xb8\x97\x84\xde\x8b\xbb-\xa4\xb9\x7f\xf21\x81\x8f\xa8\x12\
\xd7\x9bi)X\xe3BE\xc1\xf8\x1e\x99\xdf\xe0#\xef\
9\xc0'\x1e\xd9\xcbd\xff*\x126\x99l7\xd9\xf5\
\x81\x93<q\x1a\xbe\xfe\xe2E\xde\xbc\xb1\xc4bo\x05\
\xc9g(i\x12p(\x0e\xc4\x03\xb17\xeb\x09\xb1\xa2\
\xf1}G\xcdk\x1e\xfd\x1b\xea\x89VD(\x8a\x02k\
\x0dy\xd6D\xb5\x22k4\xe8\xf7\xfb\xfc\xe5\xbf\xff\xf7\
|\xfb;\xdf\xe1\xd8\xb1c<\xfe\xd8c<\xfe\xf8\xe3\
LO\xcf\xd2l6\xb1\xce\x919\x87E\xf0!\xb0\xbe\
\xbe\xce\xca\xea*\x9dN\x87\xabW\xafr\xfd\xda5\xae\
]\xbf\xce\xc6\xc6\x06\xd7\xaf\x5c\xa5,\xa3\xef\x90\xb5\x0e\
U%s\x19\xf9Ll\x7f5\x1a-\xbc\xaf\x92\xee\x9f\
\x198\xa10\xd8\xd2w\x86\xd5\xaa%\xb2n\xf7\xf7\x1d\
\xde\x7f\xd3\xdfw\x87\x09\xc1\xf08\xd6\xd5\x8b\xd8\xf1\x1d\
\x91U\x22J\x14\x19J$a<\x8d\x042\xedc\xab\
5\xa62\xcf\xc3\xa7v\xf1\xe4\xfd\xa7x\xec\xf8.v\
\xe5\x05S\xd9\x0a\xb6\xea`z]Z\x19\xe0\xa0\x0a\x8a\
\x0f[d\xea\xd8\xdf\xb0\xcc<>\xcd\x83\x0f>\xc5\x1b\
\x97\xd7\xf9\xf6kW\xb8\xb84\xcfZ7\xa3\xa4M \
\xc7\x93\xe3\xc9\xe2y\xabnL\xe5A\xc4\xa6D(U\
\xfd\x82\x8dR\x8c\xc4\xea\xba\x06\x8d\x15\xae\x1d\xb5\x15c\
\xcd.\xca<\x09\x82\x8bm\xfc\xfahH@\xc5$\x9a\
\x93ru\xee*\x13\x8d\x19f\xdb\xbb\xa8B5 e\
\xd5\x0e2\xb1J\x19\xf0\xb6\xe2\xd2\xf5\x8b\xcc\xad\x5c\xa3\
\xdb\xed\x9273|YD\x86\xb1\x84\x01\xae\xd1jA\
#\xf4h\x86M\x1e}`\x1f\xbf\xfa\x0b\x1f\xe4\xc4\x9e\
\x06\xc5\xfaU\x90\x8a\xdc\x08\xa1R*_\x8c\xeco\x94\
\xc0\xa9\xf5Jw\x0a\x11AC \xf8ts\x1fXk\
\xd6\xadt\xbd\xfd:\xa5v\xb12\x19\xea\x85\x95\x95\x0d\
\xa6\xa6gq\x99C\xb4D\xb5\x8a\xd7\x8b\x84\x81t\x91\
h\xd4\xf6\x14\x5c\xc4\x80\x8a!\x94UT:\x18\xa88\
)hEf\x0c\xd6\xf6\xf1\x9b\xd7y\xff#G\xa8~\
\xe3g\xf9\x97\x7f\xf2%.,\xae\x11$\xe0L\x8b\xa0\
B\xa9\x86\xca\x1br\x99\x84f\xc6\xc2\xd6\x06+\xaf\xcf\
\xf1\xea\xd9\xab<ph7O<t\x8c\xc7\x1e\xbb\x9f\
}\xbb\x0e\x80\xe9c|\x85\x04\xa1\xd2&_}\xee5\
\xfe\xf2\x1bo\xe0\xf3]\xf4\xd5\xa2\xe2\xc6\xf6\xcf\x8c\x09\
4\xdd\xbe\x0a\x0a\x11\xa3\x18B\xa0(\x0a\x0e\x1d>\xc8\
\xcf\xfc\xec'\x07\xb8\xef^\xaf\x17\xbd\xd3\xd9&\x05V\
\x05\x8cU\x14\x83/\xfb\x9c>y\x82\xeb\xf3\xcb\xacu\
z\x88k\xdf\x22s\x1au\xa2\xdb\xe9\xb9x\xcezM\
K3\x93\x13\x8c\xa0\x08\xe7o,`\xae\xcf%\xfcv\
\xc4|G\x19\xb6,a]+\xca\xe0\xa9\xaa\x80W\x8d\
\xc7\xc65\xb1\xd6\xd0-\xab\xd8r\x17\x17\xa5\xa6\x06U\
\xce\xba\x980\xa2\xa6\x91\xae\x95\xfa|\x17b\xb2i\x08\
4\xaca\xcf\xec\x0c\xb9\xcb\xa2}\xac\xf7\xef(C\x1c\
T\x92\x13\xe4\xa3\xac\xfalu:\x03g:\xdd\xe1S\
D\xd5\xab\xfa\xc6;\xf8\xf8\xbb:\xee\x92\xc9\xff^\xdc\
\x8bA\xc8\xc3O|\xea\xbd\x18~G\xe1\xd1\xd8zP\
\xad\x93\x15UQ\xa7=i\x15+\x1cko\xf0\x9f}\
\xfaQNLn\xd0\x08\xcbQ\x0aE]\xf4\xf9\xcd&\
Y-\x1cg\xe6:<\x7fv\x91\x17\xce-\xd33\xd3\
\xf4\xaa\x16\xa54\xb1\xad\x09\x8a\xe0\xa8\x00\xafB\x103\
l\xad\xa9A\xc5l\x13\x07\xdf&F]\xebo&\x8c\
\xe9\xa0\xddk\xea\x7f'\xb1\xa6\xeb6\xa9\x1f\xab\x1eF\
\xc9\xb9\x11\x89\x94\xe4>\x12Y\xd8\x96\xfd\xfb\x0e\x8e}\
_/1\xd5k\xb6zQ\x14\xdb$\x8f\x1ac\x10\x80\
\xa1\x8ej\xfa\xbem 8\xd9\x89\x9e9\xb2\x8f;\xe4\
\x92c\xff\x90\xa8I\xb79\x8a\x12P\x04AQ\xad\x8b\
J\x89\xbd\xa0\xb2}{\xb6i\xa0\x8an\xd3\x9d\xac\x19\
\xf6\x03\xbfy\x8d\x15\x92\xd8\x9a5c\x12,btG\
\x89\xae\xf8>\xb9\xe9\xfb\x18\xecK\x18\xd6\x1e\x83@\xf0\
\x18\xa2`x#\xb7\x90p\x8eN\x0b\x9a\xd2\xc3\x96\xeb\
L\xb7\x0c\x07g3\x9e~\xf8\x08'\x0f\xb4\xb9\xef\xc8\
,\x13\xd2\xa7Ym\x91i\x0fC\x05Z\x82T\xd1o\
\xdc\x18\xd4*\xbe\x0a\x909\xd4\x01\xad&\xd9\xd4^J\
i\xb2\xde5\x5c\x98\xeb\xf0\xedW\xafq\xe6\xfc*W\
\x16\xfb\x04\xb7\x8b\xd5n\x86\xb8]\x88k\xe1CF\x15\
 \xcb\x1ax\x8dI\x9a\x98t~\xa9K\x02\xf8#\xda\
\x95\x1a}\xack\x8d\xc6\xb1\xbd\xd6\x9a\xb8\xe6\xa2\x82B\
\xba\xd9\xd6\x87'\x9e\xbb\x02\xde\x82\x1a\xa6Z\xd3\x1c\xde\
s\x98\x83\xd3{\xb1\xc1A\xc8)}\x145\x17\x0b\xa5\
vY\x5c\xbd\xc1\xd2\xc6<\xddr\x0b\x0d\xc9\x92U\x02\
\x9d~\x87F3CC\x8f\xa6\x964\xe8\xd2\xf6\xeb|\
\xf4\xe9\xd3\xfc\xf2'\x9f\xa4\x196i\x84^\xf4\x7f\xd7\
\x11}N\xa9\x98\x99\x99`b*\xc3\xd8~\xd4\xaf\xd4\
a5m\x14W\x5c\x9b/\x06\xaf\x84\x00\x9b\x9d\x0e\x8d\
F\x83\x89\xc9\x16\xd1\x06\xb4\x1a\x5c#z\x13y)\x0c\
\x9e3\x0ab\x9a\x94e\xc6\xeaf\xc9+o^\xe2\xc9\
'\x1f\xa7\xdd\xf0Puq&\xc9\x9a\x8b`$\xf9\x9f\
\xd7\xe7#\x06\xe32:[=\xd6V\xb7\x98\x98\x98\xa2\
515\xd0\xb3\xb5\xc4\xf9\xc6\x93SJN\xcfL\xf3\
\xe2\xb9E~\xfb\x0f?\xc7\x85\xf9>\xd2\xdcC\xa5Y\
\xdcG\x9fa\xd4\xa4\xa4\xb7\x22H\x89\x91\x12\xedo\xd2\
\xb6\x81}\xfb\xda\xdc\x7f\xf2\x08\xa7\x8e\xec\xe7\xf8\xe1\xfd\
\xccLM\xf3\xc2\xcbo\xf1?\xfd\xc5w\xe8\x99\xc9\xb8\
\x80\x11\x87\xd7\x91y\x89!\xa6\xba\x1e\xb7~\xbf\x8fO\
j\x10\xe3\xd7F\xed\x8cVQ\x94\x05y\xee\xf8\xc7\xff\
\xf8\x1f\xf1\x8b\xbf\xf8\x8bc#\xb7]\x82HF\x5c\xe2\
\xbc1T\x08\xb8&o\x9c=\xcb\x8b\xaf\x9f%\xe43\
\x84\xa4\xd8\xa1\xa1\x22\xa8\xa4\xf1\x8b\x0a\x00\x86(\xd9u\
'W\xa7\x91\x13y\xecz\xafa\x18\xb5\xc0\xfc\xa8\xad\
\xf0p\xbe\x18Q\xf0\x18\xbc\xf1V\x0es\x09\xc6\x93\xba\
U\x038\x8cT\x98P\xd2\x14\xc1\xf8\x82\x87N\x9c\xe0\
\xd0\xbe\xbd\x10\xb6\x91%\xeb\xcfI\xc3\xe4\xcc\xa8`\x7f\
\x18\xe8Y\xd4I\xe7\xb5+\xd7\xf9\xa7\xff\xaf\xff\x8e~\
\xbf\x8fun\xacB\x1d\x17\xfa\xa2\xa0\x97\xfa\x22\x9f8\
\xf7\xdc_^\xe6'\xb8\x1az\xaf\x12z/\xee\xaa\xb8\
\xff\xfe\xfbs5\xf2\x9f\x08\xec\xdd\xe9\xba\x12Q\xb1\xa1\
\xc4\x96\x9b<vb\x1fGf\x85\x89r\x03\xa3=\xac\
V\x98T\x91@\xbbd&g\xe2\xf0\x04\xa7\xf6\x9d\xe0\
\x89\xd3\x07y\xee\xf5\x1b\xbcyy\x81>\x93t{\x1d\
D\x9a8\xdb\xa0\x94\x9cR\xed\xa0\xc2\xa2iUoj\
\x17\x0ca\xc4\x8d\xe5\xd6\xb1\xbd\x1e:\x9c\xd0n!$\
\x9e\xaa3\xb1Z\x93>C\x15\xbc\xe7\xd2\xa5K#\xfb\
|3\x97?\xcb\xb2\xb1\xe7\xc7\xb6\xad\x96\x0ay\xb71\
\xba\x8d:0a\xd6(y/\xa5\x82C\xb4\x00\xc9P\
\xbf\x8c0\x85\xcaeA\x0f\x01o\x83\x1cR8\x830\
\xa9\xf0\xbf7\xc2/\x04\xd57\x05\xfe\x96\x0f\xfc\x8e\x11\
\xfe\x0b\xd0\x97\x05\xfeC\x855\x90C\x22x\xd0\x1cP\
U\xb1\xd1\x05DUy'\x15\xd2\xa1\xa5\xe5\xd8\xee\xfa\
\x90$LvHBwd\xa4\x84\x98,J\x88\x09E\
\xd2\x861\x04\x9c\x94\x88\x96\xd8\xa2\xa0\xeao`\xa8\x98\
j\x04\x0e\xef\xca\xb9\xff\xe8~\x1e}\xe0\x08'\x0eL\
\xb1w\x02\xb2r\x0d\xfaW\xa0\xd8\xa2\x99'\xfc\xb1\x0c\
\xf561\xe0C\x9fPy\x1a\xed\x06Y3`s%\
\xd8\x0eb\xe6\xc8\xc519\xd9f\xdf\xe4$\x8f\x9cz\
\x98\xb9u\xe1\xc57\xae\xf2\xe2\xeb\xf3\xbcuy\x99\xf5\
~\x97\xb2\x98\xa0\xd9\x98\xa1 \xde\x98<6\xb5\x01=\
C\xf5G\x13=\xb6\x07\x89d\x22\xc7\x85*\xda\x89\x8e\
$\xa2\xb5\x22A\xc4\x86V\xf1\xe6=v\x9e'\xcdR\
\x13[\x8a\xeb\xfdUd\xa9B|\xc1Tc\x8aV{\
\x17\xae\xd1@\xd4\xb0\xb2\xbe\xc8\xdc\xd2UVW\x17\xc1\
\xc5j\xa2'ZQ\x8a(\xadF\x06\xa1$\xf46\xc1\
o`\xc2:?\xf73\xcf\xf0\xb7>\xfa\x14\xb6X\xa0\
\xa1\x1d2\xadb\xf21\x22y\x05PV}B\xb0I\
C\xfe\xce\x89\x89\xa9i\xd3\x1aM$\x8a\xc2\x93e\x11\
\x0f\xa8\xeaQ\xd9I_u\xfc\x9cQ_a$\xa7\xd9\
hs}a\x19^?\xcf\x87\xde\xf7\x1e\x5c\xd6\xc2\x17\
\x9b\xb8\xb4_F\xeaQ\x0f#[\x1ch6\x9b\xf4\x1a\
Q\xc9Al\xc6d\xbb\x8d\xa8\xa5\xec\xf7\xb0\x16T\x0a\
D\x1c\xd6\x14<\xf3\xe8\x11\x1a\xff\xd1\xaf\xf2\xff\xf9\x97\
\x7f\xc6\xd9\xcb\xd7\xf1n\x8afs\x0f!(\xbd^\x9f\
,k`\xb2\x06\x01G\xa59\xe2\x1a\xac\xd3gc\xae\
\xc7\xb5\xa5\xb7\xf9\xcaw^e\xd7\xe4$\xb3S\xd3\xcc\
-\xad\xd35\xb3\x942\xd4\xea5\xb7hP\xd42i\
\xef$2\x97\xf1\xc8#\x0f\xf3\xa9O}\xeafV}\
\xfas\x94\xd0(A\xc1\xca\xc0\xa2\x17\xdf\xe7\xe1\xd3'\
YYY\xe7\xed\xb9u|\x9a\xfb\xe2\xfcw\xfbK}\
\xfbtv\x13Z(\xc9\x9b\x0d.o\x1d\xbe.h\x00\
q7\xbb\x5c\xed8 \xc3q\x11\x91\x81\xe4\xdfp?\
\xe3\xdf6-\xd6$\xa5\x83UYp\xfa\xd0A\xf6\xcd\
\xee\xc6\x04\xff\xae\xadDG+\xae\x02\xf4;\xdd\x81D\
\xdc-\xdd\xf6D\xd4Q\xb5\xf9\x09N@\xe1^\x12z\
/\xee\xaeH\xd3\xb9/\x8c\xa1\xc5@\x8c;]\xec\x10\
\x01\xf8Z\xb0o\xc6\xf0\xc8\xc9]4L\x0fB\x17\xab\
\x15V\x03&\x18,\x01\x1f\x94\x5c*\x1a\xb6`\xd2v\
\xd9wt\x8a\x87\xf6\x1e\xe7\xd2\xc2A\xbew\xe6\x06o\
\xdeXe\xad\xcc\xd8\xa8rL6\x855-\x8a\xd4\x9e\
\x0f!\x10L>\xb8\xb4o!\xd7\x1c_\x9b&4!\
\x82\xd3\xc5\xc8XKS\xd2/7\xe5S2\xfc%j\
\xc1\x0d\xab:U\x88\xec\xd2\xd1\xa8\xab[\xa3m\x9b\xd1\
\xf7 rg\x17\x98\x1d\xe2V\xedsg]\x95\xa8-\
\xaf\x89\xb0O\x95\xbf\x14\xf4\x81 \xfa\xcfQ\xf9h\xf0\
\xfd\xff\x07\xdeM\x95\xb6\x7f\xb9\xa1\xd9\xaf\x04-\xff\x0d\
b\xf6\xfa\xf5\xe2\x82\xb6m\xf3\xed\x97\xf2e\x9e\xd9\xf8\
\x22\xdf{.\x1c~\xe6\x99\x7fq\xed{S\xc5\xc3O\
\xf1R\x0fV\xdb\xc2+\x0a/\x8b\x84\xff]P\xfd\x8a\
\x18\xf9\xc7\xaaz\x0e#\xcf\x826P\x1a\x89\x0d\xaf\xdb\
\x13\xd1Aew \x12]!\xc1\x0f0d\x83\xe3q\
\x8b\xa1\x18\xb8\x8b\xd7\x0b\x80P!TX\xa38\x1b0\
!\x80zlUb)h\x88'\x97.\x93\xae\xe4\xe8\
\xa9i\x1e>}\x8c\x13\x87wqpW\xcetKi\
\x18\x85b\x91\xac[\x90i\x81\x09}l\xa6x\xed\xc5\
o\x93\x10\x13?<6\xb74Z\x0d\x5cSpM\x10\
S\x82\xf5\x88\x04\x02}\x8c:\x8c\xa9\x10z\xb4u\x89\
\xfb\xf7Ls\xe2\xa3\xbb\xf9\x99\xf7\x1d\xe2\xdc\xb5\x82\x97\
\xcf,\xf2\xdckW\xb9\xb6\xb8\x84\x95i\xfaU\x9b \
\x93\x88iP\x89\x1d\xb6~\x07\x07wD\xb0KLb\
\x96\xd7\x89\xe8\xf6$B\x11\xd5(\x8e>\x18q3\xd0\
5E4\xb2\xaeU\xd8\xecnr\xa1w\x8efc\x92\
V>M\xb3=\x19\x0d\x0e\xba\x1bt{kH\xae\x04\
/x\x0cU\xbap\x85\x12\xa3%\x14[\xccd%\xb3\
\xcd\x82\xbf\xfd\xc9gy\xff{Nc\xca%\xb2\xb4\x88\
D\xaa\x1do\xa9e\x19\xb1\x88\xc6\xdaT^\xbfC\xd2\
\x22\x82\xb5\x0e\x11KQ\x94X\xeb\x13\x96:j\xdcz\
t\x9b\xee\xee\xf8\x8d^\xd5\x83\x0a\xc6x\x9a\xad\x16\xef\
\x7f\xff{\xf9\x9f\xfe\xed\x17hM\xee\xe1\x89G\xee\xc7\
\x88'\x98\x1e\x06\x9f\x98\xf0\xf1\xec\xaa\xafm\xef=\xd6\
8Z\xad\x16++k\xac./c\xb1L\xb4\x1a\x88\
\x11\x82\xc4\xca\xb5\x01\xac\x16\xf8\xde\x12\x0f\x9f\xdc\xc5?\
\xf9\x07\x9f\xe6_\xfd\xe9_\xf3\x9d\x97\xafR\x95\x86\xac\
\xb9\x87V\xbbA\xbf\x08x_\xe1\x1c\xf1X\x98\x0cU\
\x07\xc6\xd2\xa5\x22\xcb\xa7\x98\xeb\x96,\xf6z\x14eF\
\xd6z\xe7\xb7v\xef}\x1a/K\x087W\xcb!\xb6\
\x9b\xa7\xa7\xa7\xf9\xd5_\xfdUfff\xd8\xdc\xdaL\
\xe3l\xea]\x8e#\x10\xea3G\x93\xb1A\x5c`[\
c\xb0y\x94{{\xf8\xc1\xfb\xd9*\xdfb~\xadC\
Y\x05\xc45\xd3\xf5\x18;K\xd1\xa39\x8c1\xe8\xef\
\x94\xa4\xfe(b;\x11m,R\x97D\xf0d\x08\xfb\
v\xef\xe6\xe0\xfe\xfd8\xb33\x11p\x8c\xb8\x95\xc6\x1c\
b\xd2\x1e\x82\x0e*\xc9\xf5\x5c\xbe\xb1\xb1AU\x96\xb7\
%5\x89\xea\xa2\xaf\x8a\xe5\xbf\xf1\x81\xf9!\xc7\xbd$\
\xf4^\xdc5q\xf4\xe8\x87\x9b\x9a7\x8e\x18\xd1'T\
\xc5\xd6j\x8f\xb1=\xab\x91w\xaa\xd1\x81d\xef$\x1c\
\xde\xd3 g\x85\x0c\x1f\x13\x11\x85\x1a!oT\xb1F\
\xb1R\xd04\x9e\xcc\xf7p\xa6\xc1\xee#\xb3\x1c\xdfw\
\x9a\xf9-\xc3+\x17\xe7y\xf5\xfc\x1c\xd7W\xd7\xe9\xdb\
)\x0aiS\xd9\x8c*d\x04\xca\xc4N6I\xc31\
\xd69Tjv\xfa0!\x0c#7m`\xe0*\xf3\
N#V:e(\xd6\x1e\x84\xbc1..o4&\
\x0a\x11\xdf\x17\x06Z\x9b\x83x\x87K\xef:\xb1\xd3a\
6\x1bP5\x82t\x10m\xa8\xb2\x22H[\x0d\xff\x08\
\xe5`Qv\xfe\xd0f\xadI\xbbu\xe5\xeaV\xbe\xbf\
}\xe1\x85/\xad\x9f<\xf9\xc9\x7fq\xe1\xc2WFM\
\x8d\xff\xdf\xc4\xbb\xc5\xb5\xf4\xf7:\x00\xcf\xc5?\xae=\
\xf7\x5c\x07\xe0\x8d\x17\xb8\x98^\xf7\xcf\x00\xbd\xff\xe9\x8f\
\xfd\xc7g_\xe8\xac>\xf2\xf4\xd4\xe5~\xd5\xfbb\xe6\
\x1a\xff\xa9A>\xa2\x22\xf7\xa1z\x8a\xdbJ\xf2WX\
\xad\xc8B\x17\xe7\xfb\x98P\xa2\xa4*8&\xb5\x1do\
^>x\xd5\x91\x84#@\xf0X*\xac\x94\xe4>\xe0\
\x8cb\xb5\xe2\xe0\xde]\xec\x99\x9e\xe4\xf0\xbe)\xf6\xcf\
48uh\x9a\xbd3\x19\x93\xb9\xa2\xfdu\xf0k\xb8\
^\x89\x15\x1f%\x86\xd0\x98\xcc&qr5\xd5\xc0\xca\
2H`r\xb2\x858\xc1f`2\xc5\xe6QK\x13\
\xf1\x18\xa0\xaa\xa2\x1c\x8b\xc5 R\xd0\xb6\x82\xaf\xb6p\
\xd2\xa0\xd9h\xb3\xeb\xfe\xbd<v\xfa>~\xeec\x0f\
\xf2\xca\x9b\xf3|\xe7\x95+\x9c\xbf\xba\xce\xb5\xc5eB\
s/\x856\xf0\xda\x1c0\xea\xf5&\x8co\x94\xb9\xa9\
\xff)$9'\xa8\xab\xa11\x89\x8f\x92B\x0aF\xd2\
\x0d\xb3N\xd6L\x849\x84x\xae\xf5CE\xaf\xb3\xc4\
\xca\xe6*n\xbd\x81\xb5\x86~\xbfK\xa0$sY\xc4\
\x01\x0e\xec,+\xa8\xba\x84\xfe:\x8dj\x8b\xc3\x07\xda\
\xfc\xd6\xa7\x7f\x8eS\xfbZ\xe4~\x0d\xaaM\x9cT\xf1\
ui\x99\x10\xc6*\xfb\x81\xaa\x14\x827\xa8JJ|\
\xee|\xbe\xdb$\xab\xe4+\xa5\xdf/\x93\xd1\x81D\x15\
\x890\x8a\x89\x0e\x83$(\xca\x0cE;\xc8\xb8\x1d%\
\xe2J\x0e\x1d\xde\xcf\x91#\xc7\xf8\x83?\xfe\x1c\xfe\xef\
\xfe:\x8f\xdf\xb77A\x17zX)\xa2|\xb9\x0e]\
\xd9\xaa\xaa\xa2R\xb0.#\xcfs\xd6\xd7\xd7\xc9\x5c\x83\
\xccF\xedH?\x10:\x8f#U\xf8M\xa8J\x9e8\
\xb1\x97C\xff\xc9o\xf0?\xfe\xeb/\xf2\xc5\xaf\xbf\xc6\
\xfa\xea\x16Y{/6\x9b\xc0\x07\x08\x15\x18g)\xa9\
\xc9.9\x8a#\x04\x83\xcdZ\xa8\x1a\x1a\x8d,Y\x08\
\xebm\xf5R\xeb*\xa8\xf7\x01\x9b\x080q]ko\
\x22(\xe5y\xc6\x89\xe3\xc7y\xef{\xdf;\x90q\x8a\
\x9fQ'\xde\xdb\x89_\xc3\xb9\xd0\xd7\x9a\xbaA\x09U\
\xc5\xccD\x93\xc7\x1e\xbe\x8f\xce\x0b\xaf\xb2Z\x96\x11\xd3\
l\xdd\xc0u(p\xeb$n\x10wHJ\xeb\xed\xba\
\x13}\xf2\xe6\x04o\x5c6\x8a1\xac\xe6P\xda\xcd\x98\
\x80h\xc0\x11\x98\x99hs\xec\xe8Q\xda\x8d\x9c\xaa(\
h\xe6vhhq\x8b\xef\x1b:\xd5\xe9\xb6\x7f\x8f[\
\xb0\xd5\xebR\xf9\x8a\xcce\xb7LD\x15\x1ayf\xdf\
\x9d\x03\xc0]\x18\xf7\x92\xd0{q\xd7\x84\xdb\xdbht\
;\xacN4l\x13\x0d.\x8a\xd4\x83\x0c\xc0<\xd1y\
F\xa4\xc7\xde\x19\xcb\xde)\x83\xa9\xfaX\xf1c\x93M\
\xb44\xf4\x10\x02\xde\x07\x82T\x88\xc9hR\x92\x95\x05\
\x99i2\xb3k\x82\xe3\xbbv\xf3\xec\xc3\xbb\xb8p}\
\x95W\xce/saq\x99\xf9\x8e\xe2\xb3)\x94\x09\xba\
%\x04\x93a\xf36}o\xf1\x22\x04\x13u\x1a\x8d\x06\
\xcc\x88\xe3M\xad_XoI\x0d$\x1fb\xa5\xc6'\
\xcd!\x5c\xdd\x0c\xe4`\xea\xbb\xa0\xb1PU\xdb\xd8\xd9\
#\xbf\xd5\x15\xd0\xb1\xb8\x99\xcc\xae\x22\x22\xf5\xd8\x0d\x0b\
\xaf\x92\x9e\xa6B\x10U\xe6D\xa4\xa5\xaa\x9f\x05NA\
\xf8/\x11\xd1\xd5j\xe9\xdbf.\xd7+W\xbe\xd1\x07\
\x96\x80\x00\xaf\x95\x80^\xb8\xf0\xa5\xde\xf7y\x88\xeb\x9d\
\xf6\x00g\x9f\xff\xca\x02@w\xe5\xe4\x9f\x5c\xb8p\xa1\
\xbc\xff\xe9\x8f\xfdk\xef\xab\x7f\xeaL\xf6\x091\xf2\xdf\
\xa0\x1c\x85\xb8\x1f\xc3]\xb6\x88Vh\xd9\xa5%=\x1e\
9\xb9\x9b\x19[Bw\x0d*\xa5W\x16\x91\xa0\xe5\xc7\
Gm<\x02\xcd\xdc\xd0\xc8,\xedfN+k0;\
\xdbb\xaa\x993=5\xc1T3c\xdfL\x9b\x86\x85\
<\x0bd\xda#3\x9b\xb8\xaa\x8b)J\x84j\x88\xaf\
\x94\x80E\xc1\xf8$\xcc\x0eHE6\xe1he\x19&\
\x93\x94\xd4\x99\xe8\xe5i\x95 \x812x\xd0*\xe9]\
F\x82\x8b \x04\xdf\x8b\x0b\x1e\x9b\xbc\xd0\x09HU\xe2\
|\x8f\x169\x07\xdb\x8e=O\xb7y\xff\xa3\x0fq\xf6\
\xd2\x16\x7f\xfd\xadK|\xf7\xb5\x0b\xac\x96\x93\x84\xc6~\
\x0a\x9d@\xec$\xa5\x96cyZH\x95\xe3\x88\xb63\
\xb5\x11\xd30\x11\x8d fB\x08Q\xc6&\x98X\xa5\
aX\xa1\x02\x10\x13\x85\xc3\x05I\xa4\xfb\x8a\x8a@\xe5\
A\xf2(}\x15\x22\x02\x90\xb2\xdb\x8b25e\x1f[\
m\xe2\xca\x15\x1e?\xb5\x87\xdf\xf8\xa5\x0fqh\xb2\xa2\
Q-\xe14V\xa2\x8d\xa4j\xf6\x00\x93=Z\xb1\x16\
\xaa*P\x96\x9e\xa6\xe6x_\xec\x88iN\xda\x89\xa0\
\x825\x86~\xafO\xab5AY*\x9d\xad.\x99s\
\xe4YN\x08\x06ss\xa3ux=\xd6WH\x82\xe1\
\x84\xaa\x87by\xe6}O\xf2\x8d\x17\xce\xf3\xaf\xfe\xf4\
/\xb0\xbf\xf1i\x1e\xb9\xff E\xb5\x8c\x0b\x9e\x86\x01\
\xa5\x1a\x9csf\x90P\x07&'')K\xcfVg\
\x8b\xdc9fw\xcdDX\x00q\xe1l5D\x85\x00\
JB\xc73#\x13\xfc\xa3\xdf\xf8\x18\xc7\x0e\xce\xf2o\
>\xf3U\xae._B\xb2\xbd\x90O!\xa6I\xbf\xdb\
\xc3\xe5Y\xb2\xa65\x80\x035\xf8\x12\xd4F\x8d\xdd:\
\xc91\xb7\xe8\x8e\x88\x08>ihf\x99\x1b,hc\
ETnJB\x8b\xa2dvW$Lnnn\xde\
<\xdf\x0c:\x14\x11\x1a\x13\x06\xbe\x9b\x9a*\xc3%\xda\
\xf7\xf1\x9cR\xcf\xfe\xe9I\x9ez\xf4!^x\xed-\
\x16W7q\xcd\x898\xd7\x8bB\x88\x89\xeb8\x19\xa8\
\x9e\xd7\xd2\xfcZ;\xb6\xd6\xd2F\x83\x94~\x87Ig\
\xa0\x101\xfaY\xefl\xd1^\x93\xb5\xf2<\xa7,\xa3\
\x93\x94\x11\xc5\xf7KZ\x99a\xf7\xecn\xee?q\x1c\
'\x9e\xa2\xdf\xc7h\xa0\xd3/\xc9\x9det\x90\xb6'\
\x9f\xf5s\x03\xf3\x0e\x19\x0c \xa2\xb1\x12\x1a\xaf\xb7\x9d\
;i\xe9\xe3^/\xd7\xae\xdf\xab\x84\xde\x8b{\xf1\xc3\
\x8a\xb2\xd7\xb1\xad\x89\xd6\xfbU\xf4h\xfc\x17\x93\x9c\x8d\
\x14\xa4L\x15\xac\x0aC\xc1\xc1={\xb0\xf4\x08e\x17\
\x1fB$Oh\xc0\xe0\x11\x03ft\x0e\x95\x88\xf93\
\x04\x5c\xa80D-\xc7\xdc8f\x1a-\xf6\x9dl\xf1\
\xd8\x89\x87X\xea\x0ao\xdf\xd8\xe2\xec\xb5U.]_\
a+\x18\xb6J(|\x86\xb86\xc1\xb6\xa8h\xa0\xc1\
`\xb0\x18,!U=\x03\x0e\x150!\x8c\xb1\x97\xdf\
m\xc8\xc8d\xf4nc\xbc\xb5^\x17;\xb7c:\xd9\
\x14\xa5\x19\x84\xbf\x12e\xae\x08\xfc\x1fs_\x19\xdf\xe9\
/\xf5r\xe3\xae\xbc\xd6\x88UL\x9e\xf3;l\xc5\x8f\
\x04{t\xe1\xc2\x85\x1e\xc0\xd9\xe7\xbf\xf2\x1a\xe0\xee{\
\xfc\xe3\xdft\x99\xfc3\x11\xfe3U\x0e\xd4;R\xbf\
\xde\x00\x1aJ\x1a\xae\xc7\xfb\x1e<\xc8\x03\xfb\x9a\xcc\xda\
\x02\xe3{\xf8\xaa\xa2\xaa\x94\xdb\xbb\x0ezZ\xcd\x06V\
\xa2\xad\xa2\x15O\x96\xce\x91\x98v\xf5\xb0\xba\x89-\x03\
\xc6{\x84\xe8x\x14_?t?\xd1\x04e\x13\x13+\
\x9b&3\xb8\x86#\xcb\x9a\x04S\x80\x89\xe7\x22F\x10\
S%\x8b\xf3$\x06\x9e\xda\xd469\xaf\x88\x19\xb5=\
LI\x92T\x89\x94R\x82\x16\xa9u\xebi\x84\x06\xad\
|\x96\xc9S\xb3\x1c\xdb\xf70O?~\x9c\xaf<w\
\x897.-\xb0\xd4\xdb\xc2\x87>F\x9a\x84Q)\x9c\
m\xb4\xb2\xc8\xa077aD#y'\x8ao\xfbT\
\xa1\x1ae\xa2\x07\x19i\xd7'}[\xd50R\xf9\x0f\
\x03\x09\xde\xdc\x06(\xd7\xa1\xb7J\xce\x1a\xef\x7f\xf4\x08\
\xbf\xf63\xefg\xefDIVm\xe0\xb4\x17!4Z\
\xdflC\xb2a\xd4!\x1bX#\xb6\xc5XK\xbf_\
\xe2:\x86F\xd3\xa6$\xf1vl\xeeh3[z\xc1\
YG\xe6\x1at;%\x22\x1d\xa6\xa6'\xe2\xa2`\x0c\
#8\x1c\xa3 \xf1\xe9\xb8\x98\x8d\x90\x8aL\x02\x07\xf6\
\xcc\xf2\xc9O~\x9c?\xfe\xcc_\xf3\xc7\x9f\xfd2\x9f\
\xfc\xd8\xfbx\xdfS'\x112\xcaj\x9dl\xe0g\x1f\
\x13\xf9Z(=\xcfsZ\xcd\x16\x9dN\xc1\xda\xea\x06\
\x22\x86\xf6T#\xcaF\xa9\x22!\xca\x80\x18\xf5T~\
\x0bc\x02\xd3V\xf9\xf4'\x9f\xe0\xf8\xe1}\xfc\xee\xbf\
\xfe\x1cg\xaf\xaeQ\xfa\x80\x18P\x1f\x17\xd7\xd6eH\
M\xd0\xd2(\xdd&\x1a!)C\x1c\xe1\xce\xc6\x0d\xde\
\xfbA\xa2\xb9\x93\x96\xe5`\x1eJ?\xf3<cue\
\x95\x22\xe9\x0c\xdf\xceM)v\xe0\xebJ\xe8\xd0s=\
\x84\x88\x8bvb)\xd4\xb3o\xd7\x0c\x1f|\xfaq^\
z\xe3m.__\xc0\xb8\x8c\xd2+Y\xb35\xc07\
\x8fo\xf7\xf0x\x87;t~\x06d5xG\xaf\x1b\
\xf9\x97\x1d\xff\xbd\xd3\xed\xe0\xacK\x05\x83\x8a\x89\xdc\xb1\
gj\x82S\xc7\x8e\x92\x19\xc1\xf8\x91%o\xc2!C\
\x18\x10\x99\x06\xe3joE\x8c\x1c\xee\x97Qeks\
\xf3\xb6c\x8c\xa0\x82\xf8\xb3y\xfe\x13\x8d\x07\x05\xf8\x89\
/\xe5\xde\x8b\x9f\x9eh\x1f\xdec2i\x96\x82\xfdM\
\x15\x9dU\x11+bD\x12\xd39\xfaoW\xb4tC\
>\xf9\xe4Q\x8eN\x83\xed\xadaC\x19qR\xa2\x88\
\x84D\xc8\x16\xd4(\xde\xc4\x1b\x9a$w\x9b\xa0u\xcb\
\xc3c\xd4c|\x1fSu\xc9B\x8f]\xces|W\
\x8b'\x8e\xef\xe1\xd1\x13{9\xb5\xbf\xcdL\xd6\xc7\xf9\
MB\xb1\x86\x0d=\x1c\x05\x0d\x07V\x13\x19F<\x06\
E\xa4\xfe;N\xd0\xa2\x92j*\xc3\x95l\xac`&\
\x01z\xa9+7u\xc5 2`\x07\x15\xa0m7\x0f\
\x89`\x80\x91\xc7`2\x1b\x9b\x84D\xf0\x88 \xe8F\
\xba\xb5\xaf\x88\x88Ax#u\x00\xff)\xe8\x5cU\xe9\
\x7fiT\xff\xe2\xec\x0b_\xbc\xb24wqmy\xf9\
j\x7f}\xe1J\x0f.\x84\xf8\xf8\xb1EX\x99\xbf\xd8\
\xd9\xb5\xf7\xc8e\xb1\xf6\x09\x11\x8e\x01\xd9\xa8\x94\x93\xa1\
\xc2JA^\xad\xf1\xbe\xd3\xfbx\xf8`\x93\xa9b\x9e\
Y]eJ:L\x9b\x1e\x93\xb6\xc3\xb4\xed\xee\xf8\x98\
\xb5}\xa6\xcc\x16\x13\xda\xa5\x196i\xfaM\xf2\xb0I\
\x1e\xb6h\xd2'\xd7\x1eNK2\x0a\x1cU\xb4\x85\xb5\
\x89t\xe1\x0c\x18\xa1=\xdd$o9\xdc\x84\xc35-\
\xed\xa9\x16\xb6i\x90\x0c\x82)\x11\xe3\x11\xa7\x88\xd5H\
\xea\x11\x8f\x9a\x0a1\xb1\x12Z\xdf_L\xaa~\x07\x89\
iW\xb4\xa8\x8eB\xdf\x86\x80\xa6\xf3ZS\x0d\xd3\xaa\
O\x00\x11\x8fV\x1df'\x0c\xc7\x0eN\xf3\xc4\xa3'\
h5\x95\x85\x1bW\xd8\xectP\xd7$H\x12#\x90\
t\xee\xa4*a\xa4}\xa54\xcfH*\xfa\xa5\x9b\xaf\
\x8cV\x8a\x22\xf62\x9e>\xe3\xec\xde\xb8\x9d\x92\xde\x17\
+M\x06M\x12VJ\xd9\xeb\x92\x9b\x0aS,\xb3\xa7\
\xd5\xe7\x97\x9f}\x9c\xbf\xfd\xd1'\x98\xcdz\xb4\xa5\x8b\
T[\xa0\x15V\x87xoU!e\xc7\xd1\xe1l\xe4\
:\x10c\xd0\x10\xaf\xedV\xb31d\x84l\x8b\x9aM\
\xbd\xbe\xbeA\xa3\x11\xa5\x8eT\xa3\xd8x\x91t;\xad\
5\xb1\x92X\xef\xa7\x8c^S\xb5\x04\x8f`F\xae`\
\x13@\xb1L\xee=\xcc\xf9\xeb\xf3\xbc=\xb7\xce+o\
]\xc6\x98&\x87\x0f\x1e!7\x16\x83\xc7R\x22\x94\xe9\
\xba\x8e\xca\x02\xd69\xcaB\xf1>\xe0\xabh\xe9hL\
\xc4`f\xd6\xc5%b\xd0d3\x1c+\x85U\xbf\x8b\
\x0d\x15\x07\xf7\xef\xe6\xc9'\x1e\xc1Z\xcb[\xe7\xce\xd2\
\xf7\x1e\x93g\x94!\xa0b\xa3\x93\x10.&\xa0i[\
%\xa9<$y\xbb\x9b\xc6HD\xa8\xfc\xb8\xdd\xf8 \
Q\x8cG\x11#\x0c4\x89\x8d\x18\x9c\x8bZ\xa8\xcf>\
\xfb\x11Z\xad\xd6\x80\xa03\xfa\x99\xf5\x19\x9d&\xc1\x1a\
\xc4\x1f\xcfm\x81@\x15\xc7\xd1D\xa2\x5cY\x95L\xb4\
\xdbLOMR\x95\x15+k\xeb\xd8,\xa3*k,\
\xa6l\xdb~\xdd\xe1\xb7\xfa,\x19\xb6\xff\xc7\xf6k\x04\
{\xbf\xfd\x1d;\xc7\xceIi\x96g\x03\xcc}n,\
\xfbw\xcfp\xdf\xf1c4D05>td\xa9\x5c\
_\x17f\xbb\x09Dm\x9e0X\xc4J\xc2L\x8f\x10\
\xba\x14\xbe\xfd\xado\xb38?\x1f\xc5\xf9w\x08Q\xaa\
\xa0\xe1\xbf^|\xf9\xdb/s\xe7\x5c\xfb\xae\x8e{\x95\
\xd0{q\xd7\xc4$\x93\x13`>\x82\xe84\x22\x03/\
<5\x22\x04TC@Dcw\x13\x81\xc2\x93\xba\xee\
\x91\x10\x94p\x9a\x01\x22;X\x01\x9bX\x93I\xde\xd7\
\x0c\xac\x16\x95\xd8\x15\xf6d\x9aZ\x88Z\xa0\xe5&\x1d\
/\x9chMsd\xaa\xc9#GO\xb0\xda\x13\x16{\
\xc2[W\x17x\xfb\xf2<k\xfd\x1e\x9b\xa5\xc5\xd3\xc4\
\xab\xc1\x8b\xa3\x92\x06^\x0cA]\xf4#V\x9b\x04\x89\
k\x11k\x83Q\x8b\xa7\x96\xe4\xb8E\xbc\x03\xdfx\x80\
\xe0\xeb>\x9b(\x82\x1a\x91\x1eB_U\xbf\x87P\xa8\
\xc8\x9f\x83\xeeE9\xaf\x81\xaa4\xfa\x1d\xe3\xd9\xd3Y\
\xea\xbe\x0cp\xe5J\xa3\x84/\xdd\xad6I\xbe\x10\xb3\
\xdc\x0c|\x11\x91\x07A\x1f\x90\x91\xb2@\xc0`\x8cE\
l\xce\xc6\xc6\x06N'i\xda\x8a\x09\xd3\x8f\xb2(\x12\
Qe\xaa\xe3\x13\xfb`\x885\xa0\xc9\x96\xd0Z\x83\xb1\
\x12\x89_\xf8\xe4\xfe\x22Q\xf2*\xbe\x93 \x12[\x96\
\x02*\x9e`*\xb0>V\x055z\xa4w\xab\x12\xe7\
\x04q&\xba\xa9\xc4\x9e\xee@\xbc[e\x1c\xa3\xa6A\
1jb\xb2%\x82RK\xbe\xc8\xe0U\x12\x0cF\xd2\
\x0dK#\xd0\xc3\x050R\xe1C\x17\xa7=|\xa7\x87\
s\xeb\xeci\xec\xe1g\xdfw\x80SG\xf7\xf1g_\
|\x8d\xef\x9d\xbdA\x8f\xddx\x9a\x84\x84\x1b\x8c2=\
\xa3\xc9B\xcc\x08\x8c%)\x0a\x8c\x09b\x03\x0a!\x10\
L\x85\x117vn\x0e\xc9w\x06\xf0\x03\xff\xf7H\xf6\
\x0ad\xda\xa5\x5c]\xe0\x81CM~\xed\xe7?\xc6\xc3\
\xc7\xa6\xc9\xabul\xb1I\x15\xfa\x18S\xc6*c\x04\
3`\x8dK\xac\xc4\x98\xb0\x8c'\xc3\x06#Q\xdb\xb6\
\xdf+)K\x8fk\xdc\xc6lB\x1d\xd7\xe6W1\x8d\
]\xe4.\xc3\xe5m\xd8\xeacL\x86\xf7\xca\xfaZ\x87\
f\xbb\x95*\xa1\x09\xa6\xa0~d\xfcI\xd7)\x80M\
y\xaab\xa5b\xfft\xc6\xa7>\xfa~.\xff\xc9\xd7\
X\xd9\xe8\xf1\x85\xbf\xfa\x1ek\xcb[\xfc\xcc\x07\x1e\xe6\
\xd8\xde\xdd\x04\x89\xea\xc3Q\xc4<\xe9q\xaa\xc7e\xb1\
\xd5\xec\xf2\x1cg-\xbdN/&\xb7\xed\xa8tQ\x0d\
L\x10\xc0a\xc8s\x17\xc9m\xb2\xc1\xbe\xe9\x9c\xdf\xfc\
;\x1f\xe5\xbe\x87N\xf1\x87\x7f\xf6U\xde\xba\xb2\x86\xb5\
\x93x\x1f\x87\xdc\xda\xf1\x94jL\xebu\xe4x\xd6\xb2\
L!(\xc6\xd8\xb1J\xe8\xf6\x18B~\x12\x01\xd0D\
K\xcf\xb5\xb55\xf6\xee\xddK\xd5)\xb9S\x0c\x99\xea\
\xf5\xb1\xb2\x04\xf5\xe0\x0de\xbfG\xb3\xd9\xa2*K\xa6\
\x1b\x19\x8f?x\x8aF\xa3\xc1[\x17/S\x96\x1e\x1f\
r\xacqXg\xe3\xad@\xc3@\xd9\x22\xd4X\x92\xfa\
\xe3e\xc4$\x84\xfaz\x19hQ\x8d\xee\x15\xb7\xcf\xd7\
F1\xf6\xb5\xdc]\xfc\xf7Pz\xca\xb2\xc7\xe4\xe4$\
G\xf6\xef\xe1\xf8\xfe\xbd4E\xa1\xf27\x9d\x87AF\
,\x10F\x8eC\x8d \xd9I\xa0c\xcc\x8eY\x95\xad\
\xad\xcd\x1d\xad\x9a\x87\xfb\xac\x01\x91\xc3\xdc:\x9b\xfe\x89\
\x89{\x95\xd0{q\xd7\xc4\xec\xbe\xc3\x93\xc1dW\xad\
d\xbfe4\xcc\x8abR\xbfO5xj\xd4e\xd3\
o\xc9\xfb\x8e\xcfpd\xca\xd1\xf4\x1dZ\x0e\xf0U\xd2\
\x16\x8c\x94\x0cQ\x83Q\x07j\xa3\xb8=\x16Q\x13g\
\xac\xf4S\xeaGZGG>\xaf'3\x01\xe7\xfbX\
\xdf\xa5\x11\xbaLZ\xcf\xa1\x99\x8c\xd3{\xdb\xbc\xe7\xf4\
\x01\xde{\xff~\xf6N(\x87\xa6a\xda\xf5\xc8\xe9`\
\xfd&\x0dJ\x1aR\x92\x89\xc7J\x00- T\xe4\xc6\
\xe0$r)U\xe3MW4\xea\xc1\xd9T\xbbQL\
t^\xc1\x0c\xb6\x89\xd4\xe6\x94\x91IN\xd5\x0f%2\
E=\xe8\x15A\x9fW\xad\xfe\xb1\x0f\xbd\xff\xeb\xd6b\
\xf9\xdb[\x8d\xd5?\xba\xf0B\xe3\xdb\x93\x0d\xfd\xe6[\
\xaf\x7f\xf1\xc5\xc5\x1b\xe7_^\xbe~~ei\xee\xfc\
\xd5\xf5\xf5+\xd5\xfa\xfa\x95\xea\xc7\x5c\xed\xbcc\xac\xcd\
_\xea\xef;t\xea\xba\xc5<i\xc4>\x1c\xed\x9fc\
B\x18\xf9&\x8e\xcc\x80\xf3[<r\xfa(\xd3\xcd@\
&}\xd0\x0eY\x165+1:h\x97\xd7\x0fk<\
\xc6*\xd6\x81u\x8a1\x9a0\x9b\x0a\x062gq\xce\
a!\xca5\xb9d_I\xbc\x89\xc7je\x85\x0f}\
\xd0\x0a\x8c\xc7fB\xa3\xd5\xc0\xd8\x84\xff\xc4\xa3&\x0c\
\x12O %7\xc3s\xce$\x02U\xcc\xad\x0d\xa2\x06\
Q\x9b`%\x16\x13\xa2.g\x94\x1b\xabIB\xa9\xba\
V\xe31E\xe2\x1aK*\xca~\x97\x9c>{&\xe1\
\xb1\x07\x8eP\x95[\xcc\xdf\xb8N\xd5S\x9ciS\x06\
\x00\x17\xbb\xdb\x83\x9b\xf1\x80\x89\x93*\xae\xb0\x8d2\x9e\
\xce\xc5\x98\xd0\x1b\xc3\xf0\xefAu4&\xab\x09Q\x8a\
\x8ab\xa5K\xde_\xe5\x99\xfb\xf6\xf0\xf7\x7f\xe9\x83\xdc\
\x7f0'+\x96\xc9C\x17+\x01' Z\xa66<\
\xb1\xf2KL\xf4j\xaeu\x00\xbcD\x82\x95\xa2\x04\xef\
\xa3g\xb9/A\x95F\xb3\x91\x86ttu\x11\xe1;\
\x81\x8c\xcbK[\x5c\xb9\xb1\xca\xc1#\xc7\x22\xa5\xd1\x87\
(\xa8\xee\xa1\xf4\x9e\xb2\x0cQ\xf6\xc8&\xec^b\x13\
jJp\xa2\xff\xba\x10\x06\xa4\xc48v\xa1*\xd8\xb3\
k\x1f\xfd\xd2q\xed\xda\x1aJ\x9b\xb7/\xccq\xf5\xfa\
*\xd3{\xf6\xb2\xef\xc0\xbeX=\xf6\x825\x82\xb3P\
\x96=\x9a\x0dG\xe5=\x9d^\x11\xe7\xa4R\xa9\xfa}\
\x82\x16\xe4\xad\x0c\xe34\xe2\xcd\xb1q\x1f\xd2\x22 h\
\x0f$\xc2D\x8e\x1c9\xc4\xfb?\xf0~\xa6f\xf6\xf0\
\xf2\xab\xe7AZ\xf1\x9c3f0\x16\x9ah=\xc3v\
z\x18\x1c\xe3('\x150F\xf1U?ZD\xc6\x15\
<y\x9e#6\xc3Z\x1b\x1f.\xc3X\x87\xb1&^\
\x03\x99\xa5\xdf/x\xe2=\x8fs\xf4\xd81\x8a\xa2\x1a\
\x9c\x8f$Re\xa8\xc9\x93\xaa\xf8\xa0\x84\xf4\xf0U\x84\
xx\x1f\x22\xb9\xca\x0b\x1a$.\xf8B\xc4\xcd6\xf3\
\x8c\xbd\xbbfhe\x86\x8d\xd5%J5\xb8\xbc\x1d\x89\
\x84\x08e\xe5\xd1\xb4h\xf3\x09\xe5\xae\xe9\x11\x90\xf8}\
*Tq\xdd\x84\xca\xc8\xf3\xc98\xcb\xa7\x9f\xa3\x0f%\
\xfe\xa2x\xd4{4T\x91\xa0\xe7-!\x18\x08\x81\xaa\
*\x09U\x9f\xdd\xbbf8q\xe4\x10\xfbw\xcf`}\
\x81\xfa2.\xd2\xd4\x83*\xa1\x86\x93\xa8\x124\x104\
\xa4\x0ap<*Ixn\xa0r\x12\x1f)\xc94\x92\
\xc4\xf7\x0dEQ\xf0\xc5\x7f\xffE\xca\xb2\x18\xef\x961\
\xec|\x89J\xa1\xca\xffe\xf1\xc6\xf9\xcb?\xee\xb9\xfa\
\x07\x8d{\x95\xd0{q\xd7\x844\xaa\x9e\x0b\xf2Q\xa3\
\xda\x96\x84%\xaf\x0b\x9a\x101EV\x8c\xa0\x8en\x09\
\xd65\xa1\xb0\xa8\x0f\x03\x00\xbe&v!i\x220\x09\
3\x15\xcc\x10x\x0f7SV\xa2\xc6g\xaa\x8e\x01F\
cJ\x18\xd4\xd0\xa0G\xd5\xdd\x22\xc31\xe5\x1c\x95\xcd\
9\xf2\xf8\x1e\xb6\xbc\xb0U\x09\xdd\xcari~\x83\x95\
\xcd\x92\xb9\xd5-V6\xb7\xd8\xaa`u\xcb\xd3\xc7 \
n\x92\xb5\x0ed\xf9,\x99\x9b\xa0W%\xb2G\xbc\xd5\
\xa6-\xd8\xa9\x02ZWi\x06\x98\xaa(\x92#\xc1\xa3\
\xf62\xf0\xa7x\xfd\xffm\xac\x94g\xafL\xafy^\
{-\x02\xb6\xae\xc4w_\xb8\xc0\xddZ\xe9|'\xa1\
\xda-\x97h6>\x03\xfa\x09`o:~\x82:$\
a\x16\xdf\xbc|\x89\xef\x9c\xb9\xc2\x9e\xf7\x1f\xc7\x16}\
Z\xceS\xf5\xd71N\x06\xf9\xc9@\xbaJj\xa7\x9d\
\xd1\xe4p\xfb\xd7\xc6J\xe4\xb0Z\x11\x8f\x8fW\x1f\x93\
\xae:\x99\xcd\x05\x9b\x1b\xb2\xcc\x11u\x1cj7\xa0\xf8\
\xde\x9b\xcb\x13\xdb\x8eo\x00\xd0aq1\xfd2\xa8@\
\x0dn<\xa3\xe2\xfc\xa3gK\x12\xa9\x92\x80\xf8\x8a\x5c\
J|(pl\xe1\x1a=~\xf3\xe7\x1ed\xef\xf4\x04\
_\xf8\xf2%\xae\xaf\x974\xec,\x85\x99F%\xc7\x88\
c\x8c\xaf\xa2\xd1g[\xb5d\xdc\xce6\xf1\x94C\xd4\
\x22\xf5>2\xce\xc7\x0f\x92\xa6\x8as\x18j\x1d\x06\xcf\
\xb3\xef\x7f\x92_\xfa\xd0\xfdL\x95s4\xcauD;\
#\x0e\xe0\xa4\xf6q\x18\xb0\xaa\xc7\xaaq\xaa\xc9_\xde\
\x8c\x8c\x7fH\x02\xdf\x86\xa2\xf0\x94\xa5'7\x093.\
\xdb+Q\x86}\xfb\x8f\xf2o?\xf7\x97\xec\xdaw\x8c\
SG\x8f\xa2\xb6\x8f\x84\x02#\x01\x8b\xa3\xdf\xad\x80.\
SS\x13\xb8\xcc\xc5mW;\xb4\x87L\x1f\xa9\xc9\xcb\
\x9b\xb4\x8f\x99\x164\xb5\xc3G\x9ez\x90s\xe7\xaf\xf1\
\xf6\xb5-l>\xcd\x1b\x97\xd7Y\xf8\xa3\xaf\xf2\x89\x8f\
\xdc\xcf\x87\x9f:\xc5\xfe\xc9\x09l\xb9\x8e3=l\x06\
\x04\x8fs\x06\x9b0\xb6\x1a\x94\xe0\x03\xbdn\x81\xae\xac\
\xd0\x9e\x9a$s\x19\x84(M\xa4\xd4\x12b\x01#%\
\xc6\x16\x94e\x97F6\xc9\xd6\xfa\x1a\xd6X\xc4\xb9\x84\
9\x1c\x912\xda1\x92\x9a\x86\xc6Ev-\x09\xa7\x1a\
\x10c\xa2,\xd9m\xaf\xc4\xdab\xd2\xb3\xbc\xb2B\x95\
\x16\x04\xdb\xcf\x83\xd1\xf0\xc3>M\x22\x06\xc9\xd0\xb2\xb2\
v\xea\x0aCrX\xe5\xfb4\xf2\x8c\xfbO\x1eff\
\xd7,/\xbcy\x89\xab\x0b\xab\x11go\xb2x\x0c\xac\
R\xa5\x0f\xf65\x8e5\xad\x83|\xfa\xa5\xae\x00\x9b\xc0\
\xd0\xd1k@k\xddi\x8c\xa2\x91H\x84[\x0c\xe1N\
\x0d\xe3\xa2!\x88T43\xcb\xfe=\xbb9z\xe4\x00\
y\xee\xb0$Y8\x1d~bU\x13Q}\xaa\xd6&\
\x8c\xb7\xa9%\xab4y=\xc9\xf0\xefx\x99\x8fcD\
\xb3L\xe8\xf6z\xf4\xfb}n\x17\x1a\xcd?\x8e\xf0S\
\x10\xf7*\xa1\xf7\xe2\xae\x89\x95]\xbbt\x97\xb6\xd6\xc4\
\xca/\xa2r\x00\xb0\xf5\xca\xd1$\xc0\x8dh \xa7/\
{\xdb\x15\x0f\x1c\xdb\x8d+\x97q\xa1\x8b\xd1\xd8\xde\xac\
[5\x06\x17\xdb\x9c\xa9\xca\x03\xe9\xd6*\x03\xb4\xce`\
\xa5\xac#\xd8MF~\x17b%\xcd\xa8BU\xe2\xa4\
\xa2a\x94\xdc\x04B\x7f\x8d<t\x98\x90>\x93\xae\xe2\
\xc8l\x83S\xfb\x1a<zx\x9a\xa7N\xef\xe1='\
w\xf3\xe8\xf1]\xec\x9d\x14\xf0[\xf8*:\x1d\x05o\
@2\x10C056\xc8\xa4\x0901s\xc7\xdaF\
\xb1\xb1\x5cV\xfdx\xd3\xc0tU\xf9\x9a\xf7\xd5\x7f^\
\x9a\xcd?:\xfb\xd2\xb7\xae\xac\xaf_)YXxg\
\x8a\xd3?A\xb1\xb4t_\xd8}\x80-k\xe4\x97\x02\
\xb2\x8fT\xf72\x88\x88F\xbd\xc7\x80\xe1\xc6\xe2\x02\x8d\
\x86\xe3\xc0\xfe\xbdd\xb6\x22s\x89\xecS#\xad\x84T\
q\x8e\x95J1\xb5&\xe6\x18\xdf)\x1d\xfe\xa8\xf7\x1a\
\x12\x8e3\xd8\xd8n\xc7il\xb57-\xb6a\xc8\xda\
\x96,7Hf\xa3\x03\x92h$a\x00!%\xaa\x11\
3\x99*\xa00\xf6\x88I\xa7\xd4\xa5\xc0\xe1\xbf\x0f\xf8\
 5\x06\xf3\x16\xec\xe6\xf8l\xc2\x8b\xfa\x01\x823\xba\
\xfdx2)8y\xe4\x00\xfbvM\xb20w\x8d^\
\xaf\x22\x04C\x90|\xe0\xe2\x15\xeaJ\xa20\x18\x8b\xa1\
M\xf5\x086\xb9\xbe\xd3\xd7\x18Q\x867l\x1d\xf8b\
\x87\xc1\xfb\xac\x96|\xea\xfd\x8f\xf2\xf0\xd1]hg\x1e\
\xa7\x1d\x9c\xf8\xa8l\x91^#\xa9\xf5m\xd3\x15\x18R\
B\xa12\xd2[\x16\xc5&\xac\xa9V\xb5_\xbdP\x05\
\x8f5\x86F#O\xe3<\x8a\xa3\x16\xc0\x91\xb7f\xb9\
zc\x85/\x7f\xeb\x05N\xdc\xf7@\x5c,\xe0S\xb5\
5n}Y\x95\x84\xe0\xe3s\xb5\xbdg\xfa\x9c\xc1\x9c\
 \xa3\x9f[\x8f94\xdb\x0d\xf6\x1e\xd8\xc7\xebg/\
\xb0U\x08A&X\xeb*g\xcf\xcf\xf3\xe6\xf9\xebL\
\xcf\x1e\xa05\xbb\x0b\x83\xc3\x8aM\xd5oKY\x06\xf0\
J\x86$\xf3\x80\x98\xc4\x07\x1f\xc9`V\x0cI\x0b\xae\
\x1e%\xbcdT2\xc5j\xd7\xf1?\xfe\xd1\xe7\xf9\xab\
\xaf\xbd\x84\xb7S\x18sk\xc7\xc6\xf1q\x89RY*\
>\x96\xd2j\xa8\x05\x22\xaaA\xc5\x18\x11cc\xc59\
\x1d\x87\xc86\x1f&\xb75c\xfe\xe0\x81\x03<\xfa\xe8\
\xa3\x94U5V\xd1\x0bc\xd5=\x8d\xb6\x9a\x1a+\x80\
a\xf03\x0c\xaa\x82Qm/\x0c*\x84\x81\xe4\x02\x87\
\xe0\xb2\x8cC\x87\x0e19\xd9fkc\x9dnwk\
\x80\x8dT\xa0\xaa\x8a\x88eN\x0b\x1f\x0fh\xf0\xd1\x99\
+}\xafMRbh@\x83\x8f\xb0\x19\xf5\xf5t\x1a\
'\xdex\xda\xc6E\xaaF\x98\x82\x04\x89Iy(\x11\
\xdfgv\xaa\xc1\xc3\xf7\x9d\xe4\xe8\x91}8Q\xaa\xde\
\x16\x96\xb8\xf0\xdb\xbe\xcf5\xd6:$\xf9,\x1d\xb1\x01\
fD\xe3\xb9\x1e\xaf\xa0:\xa8\x94\x8a*\x95\xf7dY\
\xc6\xca\xd22\xdf\xf8\xda\xd7c\xa5\xfaV\xc7\x17:\xbe\
\xe4\xbfZ\x9e?\xbf\xfaC\x9ev\xff\xc6\xe3^\x12z\
/\xee\x9eX8n\xf6\x1c3\xbbE\xb3\xdf0\xd1\x85\
\xc7h\x22\x0d\x88\x0a\x22\xd1L\xd3Q@\xb5\xc1#\xa7\
\x0f\x93\xeb\x16M\xf1\xb1\x12*Q\x82F\xb7\x0b(3\
rK\x95\xe1\xcd\xe4\xe6z\xd5\x0e\xb2/\xe9V\xe0\x0c\
d\x22\xa0\x15FK\xcar\x0b\xe3\x0b\x9c\x96\xb8\xd0#\
\xf7=r\xdf\xa1\xa9\x1dZ\xdaawS90\x93s\
\xea\xc8,\x8f>x\x9c\xb2\xec\xb2\xb80O\xaf_\xe0\
\x92$JH\xa0\xf4Q\xcaQl\xc3\x8f\x95\xa9\x10A\
|\xa8@$\x08|+\x84\xe2\x1fJ\x8f\xcb\xe7^{\
n}\xc7\x8d\xfe)\x89G\x1fm;5\xad\x09\x11{\
RU\x9f\x80\xc8\xc0\x10\xc0\x1a\xc1XG\x19\x02\xa5W\
._\xb9\xcc\xc4\xe4\x14\xc7\x8e\x1e\x8drG\xe2\x06\xfe\
\xd2*$\x90^}[\x8fm\xafz\xa91v\xbck\
\x12\x85\xa4\xca\xa6Q\x82\xf1\xe4\x8d\x1c\xd7r4Z\x0d\
\xf2V\xac~b\x86-l\x85\x01\x01\x03\xd1a\xf2\xa9\
\xdb\xd3O\x19\xff\xceQ)\x9bZ\xcc`$j\x96\xf8\
\xf6J\x93\x10\x12\xc1.y\xdd'i\x17\x83b5`\
5\xe0|\xc9\xcc\xf4$\x0f\xdc\x7f?s\x8b+\xac\xad\
w)5\xc3\x9b\x9c\x01y\xa4\xd6\xe2\xd5$o4\xa8\
\xbc\x8f$v\x03\x90a\xfdof\xdbI7&E\x81\
\xd3\x02[l\xf0\xc8\xc9\x834\xd9\xc2\x86.V*\x04\
\x9f:\x00\xc3\xcf\x1f\x14\x82\xd3\x82\x22\xe0\x08\xa6\x06\xa9\
\x00\x1a\x13\xc7\xa0)q1\xb5X} oZ\xac\xad\
\x13\xe7\x9a \x15\xe5\x81\xc4\xe5\xd8\xe6\x14_\xfc\xfa\xf3\
\xacl\xf6x\xe8\xa1G\xd1 H\xa8bbb\x86z\
\x9e\xc1\x07\x9a\xcd|t\x850\xdc\xbf\x01\x14y\x04_\
\x0cT\xa1dzv7\xea&x\xf5\xcc\x05\xbci!\
\xd9\x14\xbd\xd2p}a\x93\xef\xbd\xfc\x06k\x9b\x05\xbb\
w\xef'\xcb[1\xb9\xc4R\x14\x15U\xe5\xb1\x1aW\
\xa0>\x1d\xf7\xaa\x8c\xe2\xf8\xce\x18\x8c\xb5\x84dw\x19\
$\xa7\x94\x09Vz9\xff\xf2\x8f\xff\x8a\xbf\xfc\xea+\
h\xbe\x175mn\xd6\xe6\x1c?s\x863K D\
Y1E\xa3\xe8\x85\x86\xfa5\x82\x08R\xb7\xaf\xeb\xfd\
5\xdb \x1bQT\xdd\xb3g\xcf\x1e\x9e~\xfa\x991\
b\x93\xd6\x8e[\x83dLb+\xba\xfe;\xe9\x1a\xd7\
\xaf\x01\xd00^\xbf\x1dh$\xa7\xa4\xd4ZG\xbb\xd5\
\xe0\xf0\xa1\x034\xb3\x9c^\xafGY\xf4\x09>&\xee\
\xb5Tl %\x9a\xca@\xdbuPe\xdc\x96\xfcQ\
W\xed\x95\xb1\x12\x84&\x15\x04\x93~\xda\x10\x98\x9d\xcc\
x\xe8\xe4Q\x1e}\xf0>\xf6\xee\x9e\xa6\xeau\xe8u\
7\xc9\x8c\x12\xca2ATt\xc8i\x1b\xe1\xb6\xe9\xc8\
~H\x0dq\xd1\x9a ;r\x1e\xc9\xe0\xc5\x08\xe0}\
 \xcfs\x16\x17\x16y\xfe\xb9\xe7n\x9b\x84*\xcc\x19\
\xe1\xab\x8b7\xce\x9f\xe7'<\xee%\xa1\xf7\xe2.\x8a\
\xebf\xf9\xfa}k{\x8e\xe8I\x81\xc7A[5\xb3\
]\xd2\x0aV\x04\x0c\xa5\x14\xc5&\xcd\x5c\xb8\xff\xc8^\
\x5c\xd5\xc7jj\x8f\xd47V\x93\x14\x86\x8c\xc4\x84!\
\x02C\x87\xac\xdaQWJI\x93Z\xc2\x05j4 \
'A\x8f\x06\xec\xc5H\xdcM\x93\xa4\xb15\x0f\x14\x8b\
@\x88\x1e\xc26\x14X-1\xbe\x8f\xf5\x1d\x5c\xd8 \
\x0b[\x9c>q\x80\xe9\x89\x8c\x95\xf5e:\x9d-\x8c\
i\x12\xf5\xb2M\xaa\x1a\x98\x84\xffI@9\xad\x99\x93\
\xaa\xb1\x02\x0a\x08}+\xf2\x99N\x19\xfe\xf2\xe2\x9b\xdf\
\xfe\xa9N@\x01\x16\x16\x16\xc2\xd2\xdc\xa9\x8d=\xfbE\
\xc5\xc8\x07\x80=q\x9e\x0f\x88zT\x14o\x9c\xa8X\
z\xfd\xc0\x95\xebK\xcc\xddXf\xd7\xee\x03LN\xcd\
b\x9c\xa5\x08%X\xa8B\x81\x98\x80\xb36V\xd4\xc4\
&Y\x9a\xba&T'eB0J\x9e[\x5c\xc3\xd2\
h4\xc9\x9b9.\xb7\x88\x8b\xe7\x86WO\xd0*\xe2\
\xdcB\xd4\xd6T\x89\xe2J\xaa!=R\xfbQ\xeb5\
\xc5h\x02:r3\xda\xdeI\x1d#\xce\x8d\xfe]\xb3\
\xad\xc3\xe0\xdf\xe3\xba+V\xfd\x8d\xb8T\xbd2P\x81\
\xf5\x06\x17\x22&\xb15\xd1f\xcf\xfe\x03\x5c\xbd\xb1\xc4\
\xf2\xba\xa7\xd4\x0c\xb5v\xc0|'\xa5u\xc9\xed\x81q\
\xa2E\xba\xb3nOD5\x0c\x1eu\xb1\xb0\xc6\xafY\
\x94\xee\xca<{&sN\x1c\x98E\xca\xad(oU\
;2!H\xc2>\x0a\x104\xa9\xe6\xda\x8cR\x1d\xdd\
2\x80\xcb\x07UW\xef=F%2\xdd\x8d\x8bX\xcd\
P\xd2\xebuh\xb5\x9b8gF,\x19\x07}Nf\
v\x1f\xe0\xc57.\xf3\xed\x17\xdeB\xdc\x04G\x8f\x9f\
\xc6HA\x08\x05\xdek\x92:\xf2\xf4\xfb}\x8a\xb2O\
\xa3\x91c\x9c\xa5\xaa*\xc4X\xc6+\xd8:\xf6\xc8M\
\x8e\xc1\xb2\xef\xd0Q6;=\xce]\xbaF\x11\x0c\xb6\
1M0\x13t*\xcb\xb9\x0bs\x9c;\x7f\x85,o\
\xb3w\xffA\x5c\xde\x04\x11\xd66\xd6i4\xdbQ\xc2\
I\x0c\xd6f\x88\x0aUY\xd1\xed\x97\x94\xbe\x22\x9b\x98\
\xa0\xaf\x86\xd2L\xb1^\xb5\xf9\xbd?\xfe2_\x7f\xfe\
\x12\xa6q\x98B\xdb\x88d\xe3\x8b\xd7\x9b\x1c\xd9\xeag\
\x12DDCD\xb9\xea\xf0\xb8\xca@\xa6\xaaV%0\
#u\xf9\xb48\x11Iyi\xfc\xfcv{\x82\x0f|\
\xe0\x834\xf2F\xac\xe2\x86\xed\xe7\xb6\xa4*\xa0I\xe7\
\xbf\x0c\xce\xff\xb1\xeb`\x9b\x84RH\x17\xe2\x00J\xe5\
K@q\xd6035\xcd\xfe\xbd\xbb\x99\x98hS\x16\
}|U\xd1\xef\xf50i\xe1\xa4U\xc4\x9d\x12\xc0\xa8\
Mx\xff\x80\x0faP\xad\xb4\x03w\xb9\x04\x1b\xf1>\
a\xf2=\xea+$\x1443\xc7\xa1\xbd\xbb\xb9\xff\xf4\
1\x1e{\xe0$\xbb\xa7\xda8\xf1\xa8/\x09UEU\
\xf6\xb1\xc9\xe6\xd6\xd6\xe7\x86\xd4\xea\x0d2\xf0}\xaf\xf5\
jEj\x0e\x82$\xcdS3\x80\x98\x8d\x18\xb1\x00\x11\
\x9e\x82\x08\x99u\xbc}\xf6,\xaf\xbe\xf2\x0a$\xbb\xd3\
\xd1\x96\xfd\xf0<\x977\xb5\xc3\x7f\xb3\xb8x\xbe\xf37\
7#\xffh\xe2^\x12z/\xee\xa6\x08pA\xf6\x1d\
8\xbe\xa5\x84\x8f!\xec\xd3T\xefI\x02F\x18QA\
\x03\x8a\xa7\xbb\xb1\xca\xa9\xfd{h\xe7\x86\xccTQ\xe7\
\xb1\xbe\xf3\x8bO\xc9e\xa4*\xca\x8e\x8f\xd86U\xa9\
\x93\x88h\x19\x17L\xc4\xa4\xa9I\xf2:x<\xd5\xe0\
\xa1\xe2c\x22\x22\x9e\x88\x06*\xc9\x1cX[E{@\
[\xe1\x5c \xcf\x02\x0d\xd7#s\x05F\xfa\x1c?\xb6\
\x9f=\xfb\xa6XZ\x9cc}c\x93,\x8b7\xdaf\
{\x8a\xc2W\x03\xc1b\x19\xa1\xb7F\xe5\x95\xb8|\x17\
\x11#0\x95[y~i\xee\xf2%\xeel\x08\xf2S\
\x10\x17t\xf7\xcc\x89%\x93\x9b\x87T\xf5Q\x15\x9c\xa4\
\xd2A\xcc\xc1LbXg(\x19+\xeb}^{\xf3\
\x1cK\x1b\x1dZS\xbb\x91\xf64\x958\xc45\x10\xc9\
\xf0\xb5R\x82\xc6\xea\x8e\xd8\xc8}\x1b}\x18\x81F\xbb\
\x811&\xb9\xec\x18\xc4\x19\x8c5Xcc\x15\x16\x01\
\xe3\x92\x1d\xa6C\x8c\xc5\x88\x19\xfcm\x8d\xc1\x18\x067\
\xa5\xf1\x10\xb6\xff\xd3\xb8\xaf5\xd4\xb7\xe7\x81$R\xaa\
\x98\x89\x19&{\x22\x16C\x06\x9a\x81\xcf\xa0\x12B\x19\
\x08\x95A+\x8b\xf7\x86\xe0\xa1Raf\xd7Al{\
\x17/\xbfy\x83`'\xf1*\xc3\x8eA\xdd\x83OI\
\xa8\xb1\x89\xa1?\x90g\xbd9\x11\x95\x9b\x16t\x09;\
I\xd4\xaa\xa4*)\xb7\xd6x\xe8\xe4A\xa6\x9b\x8eP\
\xf6\x13\xc5g\x90\x86\xa7\xdd\xf5i|\x1c\xde8\x0a\xb5\
|\xef\xc5\xd7\x99\x98\xd9C\xb35\x89\x06%sn`\
s\x18\xc4\xc4\x041\x19\x058gq\xb6\xc6\x85\xd65\
(\xc1Z\x83\xba\x9c\xad\xb2\xc9\xabo^\xe6\xec\xc5\x05\
\x8a <\xf0\xc0I4x\xc4\xd7\xdb\x22\xe9\x1d\xb1*\
\xaa\x22dYFrO\xdc!b\xd2\xad^)\xab@\
\xb3\xd5d\xdf\xbe\xbd,\xadl\xb0\xb8\xb2\x81\x9a\x9cR\
s\xbc\xe6\xf4KX\xdb\xea\xf3\xe6\xdb\x97\xb8z}\x91\
\xf6\xd4\x0cS3\xbb\x09A(\xca\x02\xd5\x80u&\x91\
\x86\x00\x89\x0b\xd2^\x05\xc15\xd0\xc6.\xe67\x0d\xbf\
\xf7'\x7f\xcdW\xbe{\x0e\xefv!\xf9,\xd6\xb5\xf0\
\xc1\x8f1\xe0\xc7\xce1\x09\xf8P\xa9\xaaGkc\x05\
B\x10\xd5JD\x0b\xa2\xd6]G\xc0\x89\x18Cj\x0b\
G\xac\xa8\x95\xd1.\x91H\xa4mJ\xe4I\xd2l6\
y\xdf3\xef#\xcf\xf3\x94\xd0\x8dB2\x86+*\x7f\
\x1b\x0b\xe1A\x05p\xe4|\x1fV\x9eS\xfbZ\x94\xba\
\x95a\x0d8k\xd9=;\xcd\xd1\xc3\x07\xd9\xb3k\x86\
\x89V\x13g\x05-\xcb\x98\xc0UQ\xba\xcc\x84\x80\x09\
\x1e\xd1HT\x8d5\xf5\x80\xfa*Zmj\xc0\x8a\xd2\
\xcc\x0c\x0d\x0bS\x13M\x0e\xed\xdb\xc3\xa9c\x87y\xf8\
\xfe\x93\x9c8~\x88v6r?I\xe7l\xe5+\xaa\
\xa2\x8c\x96\xab)\xa9\x8d\x09\xba\xdc\x5c\xdd\x1c\xdf\xa3\x9b\
\x8f\x0f\x11\x17+\xdc<7d\xceq\xf6\xcd79\xfb\
\xd6\xd9\x08\x1f2;\xcd\x1f \xf0\x99\xb5|\xf5\xcf7\
\xae_\xbf\xb3L\xc1]\x1e\xf7\x92\xd0{q\xb7\x85N\
\x1e\xdc\xb5\x91\x19\xfb\xba\x88\xfbM\xc4XTe\xb0:\
\x0f\x8a1\x08\xd6\xb2\xb2\xb2\x84\xf4\xbb<\xf2\xc0I\x9c\
v1D\xc7\x0a\x91*\x8aE'\xbc\x9b\xb1BT\x83\
f\xc7\x87XAlt*r\x99\x22\x19\x18\x17\x1f6\
3\x98\xf47\xb9 \x99 \x0d\xc16\x0c\xd2\x10LC\
0M%\x9f\x10l\x13l3`\x9b\x8am\x83i)\
Y\xcb\x937\x02\xcd\x16d\xa6\xcb\x89\xc3S\x1c?\xb6\
\x87\xd5\xf5e\xe6\x96\x16\xc0::\xdd\x02\xacKx,\
\x1d\xe0\xc1\xeae\xb3\xd6\xb6#\x0a\xc10\x83\xc8n\xbb\
{\xf2\xcf:\x0b\x0b\xc5\x8f\xfb`\xfdM\xc4\x81\x03\xed\
*H\xbb+\xc6|RTf@\xa4\xd6\x5c\x8d\xd5q\
#\x22\x96\x0aK\xcf;\xd6\x0b\xc3\xf9\xb9\x15\x9e\x7f\xeb\
\x0a\xab\xdd\x9c\x90\xefbr\xe6\x10\x92M`\xb3&j\
\x0cVCt,\x05\xa8\xab\xa0\xc9>UD\xf1UI\
\xa8<U\xe9)\xca\x92\xa2(\xa8\xca\x92\xaa\xa8\xe2\xcf\
\xd2\xe3+\xc5\x97\x1e\xad\x22\xc9\xc4W\x81P\x85\xe4\x1b\
n\x22\xeb\xb6\xae|\xdc\x04=\x1d\xafp\x0e+\x9f5\
(t\xdb\xdf\x1a\xab-\x1a\xe2{\x8d\xb1\xa0\x0e_Z\
Ba\xe8l\x94\x14\xdd@\xd9S\x8aR\xe8{G\xe1\
\x1d\x95oPV\x0d\x82m\xd3\x9a:\xc2\x99s\xab,\
\xac\xf6\x096gT(\xcc\x08\xc9\x123\xc1\x08LJ\
HS\x9b\x7f\x80\x06\xad\x93\xcf\x94p\xc8X\xbbZ\x18\
jVZV\x17\x978~`\x86\x93\x87\xf6C\xd9\xc5\
\x86hy8\xd8c\x13\x06\x15!%I\x9d\xd9\x06g\
\xce]\xe1\xdc\x95E\x8e\x1c\xbb?y\xb8GAwH\
\xb4\xc1\xa4@`\x80\xa0\x81f+\x8bJJ\x12R\x17\
#\xb5\xfa\xb3\x06\x13\xbb\xf6\xf3\xfck\xe7\xb8\xb1Vq\
\xf5\xc6*\xad\xac\xc1\xf1\xc3\x87q\xa1L\xaeF\x1a\xb5\
0\xad\xa1\xd7\xef\x12\x82\x8f\xac\xf0Z\xd3w\xa0{9\
\x8a\xaf\x94Ak\xd9\x19\xcf\xd4D\x93\xfd\xfb\xf7p\xe9\
\xe2e\x16W;TA\xb0\x8d&\x92\xb5\x08\xb6A\xa1\
\x8es\x97o\xf0\xc6\x9b\x17)\xbde\xdf\xfe\x03\x94e\
\x07\x91\x0ak\x0d\xf5\xa0\x04\x12f\xd74\xd8(3\xce\
\xcfu\xf9\xd7\x9f\xfb6_\x7f\xf12\xfdl7\xdeN\
\x0eHA\x8a\xdc\x94\x84\x0e5\x83\x93\x1c\x93xD\xa8\
\xa2\xd9\xa7^\x00\xbd\x8c\xf2\xdf\x0a:\x0f\xe1OQ\xb9\
O\x0cN\xc4\xe4IG\xa261\x90zQQ\x9f~\
\xd6F\x87%\x80\xa7\x9f~\x8a\xc9\xa9\xc9d!\x1c\xb7\
'\x84ql\xe4\xe8\x09\xbf\x93\x04\x94l\xfbe4\x09\
\x8d?S7(}^\xee\x0ce\xd9\xc3\xa8\x92g\xb0\
\x7f\xf7\x14G\x0f\xef\xe7\xe8\xa1\xfd\xec\xdb\xb3\x8b]\xd3\
\x93\xcc\xceL2\xd1\xcci\xe5\x96V.L4\x1d\x13\
\xb9c\xa2\xe1\x98n\xe7\xec\x9e\x99\xe0\xd0\xbe]\x1c9\
\xb0\x87\xe3G\x0f\xf0\xc0\xa9\xa3<p\xea8\x87\xf6\xcf\
2\xdd\xcei9A\xb4\x8f\x95\x0a\x83\x1f\xb4\xec\x15\xa8\
|\xa0,K\xc4XB \xaa*\x88\xecp]\xbf\xb3\
$45\xec\x87\xcf\xa5\xaag\x9ee<\xff\xbd\xe7\xb9\
r\xf9\xf2\xb0\x1d_\x8fQ\xcd\x8c\x17*E\xfe\xe0\xfc\
\xf7\xbe\xf6\xf5\x9b\xbe\xe8'0\xee\xb1\xe3\xef\xc5]\x17\
\x8d\xee\x84\x0f-\xac\x15zV\xd4\x85\xb4X\xaa\xab?\
\x81\x0c\xaf\xd0h\xee\xe3\xa5\x8bK<\xf8\xf6\x22\xef?\
5\x81%9\xb0\x842\xb2\x86E\x93\xceb\xc0\xb8\x11\
\xc7\x97\x1d\x22k$\x9dF\x04#\x01\xe7\x86\xde\xed*\
\x06\xa9\xdb\xb7\x02\xc6D2J\x8c\x10o\xba\xa6ne\
Z<\xd1\xb5\xc4H\x88\x12:x\x94\x0e\xb9\x09\x14\xe5\
5N\xec\x9e\xe0\xb7\xfe\xf6#\xec\xfa\xc6%\xbe\xf6\xc2\
\x02\xbdj\x0bq\x07\x80\xe4\xfd]\x17\xa6\xd27\x8cx\
\xbd\x0bAr5\xfc\xcc.\xb7\xe7\x83\x0b\xf0%\xc6\x01\
y?\x95\xf1\xdak\xaf\xf9G\x1e\xd9\xf3\xa26\xcc7\
\x04\xf6\xa9Hs\x00^\xd3\x9a0c\xa8\xc4\x10\x5cF\
\xa0\x89\x97IzU\x87\xbf|i\x9e\xe7\xce\xcc\xb1\x7f\
\x12\x1e9\xb1\x97\xc7\x1e:\xc4\x81\xe9\xfdLe\x13\xe4\
\xbe\x1b\x99\xae\x1a\x06\xf6\x91H\x80`\x90PD|\x99\
\x15\xa8\xa2\xfcJ\xa8\xa2l\xd3\x98\x0ea\xcd^75\
\xb1%V\xd5\xed\x84\x1b\xde<$\xd0h\x0c\xcf\xa7\xe8\
:4\xce~\xafC4&g\xdb\xfdnT\xeb\xe6\xb4\
A\xbc\x01\x1fE\xbd\xfb}GU:\xbc\x9f\x00\x8d\xdf\
Y\x89\xa309\x9e&\x84&%m6\xb7Z\xbc~\
\xf9\x06\x1b\x9belE\xbb\xda\xedhx#\x8c\x89F\
\xfd\xa5\x06'.\xb5|G\xceu\xb57\xeb\x1c\xaa\x19\
\xc1NF\xf70\xd3\x9c\xc1\xfb\x1e_y\xeeM\x1e:\
q\x90\xfd\x8d)|\xaf\x8c\xa2\xde\xa9El\x92\xa6+\
jbB\xa3\x1ek\x84\x13\xa7\xee\xe3\xf7\xfe\xa7\xaf \
\xcdW\xf8\xc4\x87\x9e\x84r\x83\xdc(\xea\x8b\xc1\x80\xd4\
\xb8\xbf~\xa7O\xaf\xdb\xa4\xed\x9a \x155\x9c\xa0(\
;\x884i\xbb\x06\x1fx\xea\x11\xae\xae\xbe\xc6\xeaf\
\xc9\xbf\xf9\xc2\xd7\xa9\xca\x8aO\xbe\xf74\x99\x80\xf8.\
\x1a\x0a\xc0\x93\xb9Fl\xcd\x17\xab\xcc\xcc\xcc\xd0hf\
\x90\x16%h]m5IM@h\xe7\x16\x1f\xbah\
?p\xdf\xc1}\xfc\xea\xcf\xbe\x9f\x7f\xfeo\xbe\xcaJ\
\xd1g\xab2x\xc9\x09\x9a\x11\x14\xb2\xe6~\x96\xfa\x1d\
\xfe\xd5g\xbf\xc1+o\xbc\xc5'\xde\xf7 \x0f\x1d\xdb\
\x8b1=\xc4\xf7\xb05\x0c\x87\x16=ipe\xb9\xe0\
\xf3_}\x81\x17\xcf.Pe\xbb\xf1f\x02\xc5\x91;\
C\xaf\xd7\x8b\xad\xfd\xd1C0\x9e\xe9)H\x01\xac\xaa\
\xf2\xef\x14\xbe\x13T_\xdb\xe8o\xbd\xb0h\xed\x80v\
}2\xc8\x1f\x1a!\x93\xcc~\x15e/\x12\xe4Vu\
\xa9z\xb1\xd1\xe9v\xd8\xda\xea\x0c\xce\xc9\xe8\xbe\x14n\
N4o\xe3Y\x1f\xaf\x89\xe1\xefa\x14n<r\x1d\
\x0c>\xcaWx_\x91;\x8b\x86\x98S7\x1aM\xaa\
\xaa\xc4fB{v\x92\x03\xbbf\xd0 \x11k?`\
\xee\x87\xb1sE$v30\x91\x14VU\x15Z\xac\
c\xacC|?\x91\x9f\x02^\xfd\x80\x22\xca@}\xe1\
\x87\xddt\xb2\x80\x8f\xdb\x1a@\xbdG\xd2\xf6\xaf\xaf\xaf\
\x0f\xc6w\x87.\x8a*t5\x84o\xfd\x086\xea\xc7\
\x12\xf7*\xa1\xf7\xe2\xae\x8b]\xbb\x0e7\xb7V\x8bs\
\xad\xc9\xec\x97U\xcc\xac \xb9M<aQ\x10\xb1\x22\
\xc1\x11\xd4P*,\xad,ph\xdf\x0c\xb3\xed\x8c\x16\
\x81\x89\xccD\x0c\xa0\xd3X\xe5\x14\x98\x9cj\xa2.`\
Z\x86\xc6t\x8e\xc9\xc16\x0d\xb6\x05\xb6%\xd8\x86\x90\
\xb7-\xf9\x84!k\x09\xb6\x01\xae)\xd8\xa6\xc14\x05\
\xd3\x00\xd3PL\xaeH\x160.`\x5c\x85q\x01\xb1\
\x89yj|\xd4\x06\xb1)m6@j\xf1\xab\x11P\
\x8f\x91\x0acJ\xf2\xac\xe2\xfe\xfb\x8e\xd1tM\xae]\
\x9dc\xab\xdb#h\xf4\x0b\xf7\x15\xd4\xbdW\x95\x9a\xb3\
R\x93\x06T\x04\xe3D8=\xb5{\xffgV\x17\xae\
m\xfd\xb8\x8f\xd7\xdfD,.\x9e\xee\xee?\x9co\x18\
k\xbd\x11{\x9f\x22yr\x95\xa7&\x00\x89\x11\x89\x9e\
\xdc\x8eJr\xbci\x12l\x93~\xc8\x98[\xeb\xf3\xda\
\xc5e\xbew\xe6:/\x9d[`\xbdj\xb1\x19\xda\xd0\
\xd8Kp\x13d\x8dI\xaa\xa0xU\x5cn\xd1\xca\xe3\
\xc4\xc6\xc5\x87\xb1C\xe2C`(\x82\xafCl#A\
\x90`\x90`\xb1\x95\xa3\xeax|G)\xbb\x9e\xa2\xeb\
Qo\xd0*&\x91!@\xa8b\xbb\xdb\x88`\x13\x16\
8\xca\xd9D\xe8G\x90d\xed\x99\x08T\x1aJ\x9cX\
\xacdh\x99Sn\xc1\xd2RE\xafh\xd3\xf5\xd3H\
~\x90\xad0\xc3R\xbf\xc9|\xa7\xc9[7\xe0\xcc\xb5\
\xc0\xf3\xe76\xf9\xee\xd9\x0d\xbe\xf0\xad\xf3|\xf7\xf5%\
\xe67\x05\xcd'\xa8\x88\xb8\xd8x\x9aF[L\x11\x13\
!\x22!\x90\x89\x8b\x8b-\xaf\x0c\x94t5\x12\x82\x22\
\xc3\xbcv\xd3\xb1\x03|Kd\xdc\xa7T\xd9\x19*_\
P\xf5;\xb4r\xc7}G\xf6C\xb5\x85\xcd\x04\xef\xfb\
\x98$g\x15C\xa8\x90\xe8\x1c$01\xb5\x877.\
\xcd\xf3\xdd\x97\xce\xb1\xf7\xe0\x11\xf6\xee\xdb\x8f\x84.\xa2\
%a\xa0n\x10\x15<\x03\x0c4\x22\x1by\x13\xe7\x04\
\x1f*\x9c\x8d\xd8@L\xc6\xcc\x9e\xfd\xbc\xfe\xf6\x15\xd6\
7\x0b\xaa\xd0\xe2\xea\x8de\xcaPq\xf2\xf4\x09D\x94\
\xaa\xecG\xedR\xa3\xa8\xc6$\xb3\xaa<U\xbf@\xc4\
\xe2\xb2\x08\xbb\xa8\xc7\xa1&M\x05\x0d\x98\x10\x10\x15\xd4\
\xc3\xc1\xfd\x07\x98\x98lq\xfe\xe2yz>`l\x13\
\x13\x0cV\xe2\x02\xc4\xab\x10\x5c\x93\xa5\xd5.g\xce\x5c\
\xa0\xdf\xf5\xec\xda\xb3\x87F{\x82^\x01eh\x12\xec\
\x1e^\xbf\xb8\xc1\x1f\x7f\xf1%\xde\xbc\xde\xa1\xb4\xd3\xa8\
i\x93<y\xa8T0&\x11\xe3\xa2\xd2G\x9c\x1a\x5c\
\xdc\x1e%\x94A\xfdF\xd0\xf0\x7f3\x1a>\xd7\xe9\x87\
\xffg\x97\xee\xf3W_y\xe9\xed\xce\xd2R\x9f\x85\x05\
_?V\x17o\xac\xaf\xccNn\xee\xb6\x8d\xa7D\xcc\
C\x80M8\x0b\x19\xad\xce\x8b\x08U\x15W'UU\
p\xea\xf4)N\x9e>IY\x15\x14U\x15[\xd4\x0c\
\xe0\x8f#\x9e\xf6\xa4q\x8a\xc9TP\x1d\xe0W\xab\x84\
\xd7\x0c\x1a\xb5\x1d\x06\xb5\xf5\x01\x83<\xb6\xceE\xc3\x90\
@\x94T\x18\xe2TZ\x0d\xc8D\xd1y+`\xb4\xc2\
\xe2q\x12\xd2C\xe3\x83\xe80f\xf1\x98PE\xe6{\
(\x12<D\x11\xf5\xf1;B\x94\xcc3#2\x155\
D\xaa_\x94\x11\xff*\x1a\x0d.\x04v\x82k\x8c\xf4\
\x08\xc6\x1e\xdb\xf5Ik\xd8H\x8d\x995b1\xe9\xbc\
\xfb\xeew\xbe\xcb\xda\xeaJ\xfc\x023\xf4$\xab\xc7\x0f\
\xe5\x95\xcd\xde\xe6\x7f\xbb\xb1x\xf5'\x1e\x0f\x0a\xf7\x92\
\xd0{q\x17\xc6\xf2\xf2\xd5\xe2\xc0\x81\xe3-\xdbp\x1f\
\x07\x99\x11dJ\xc0* \xc1\xa4>\x94\x05qxQ\
\xba\xbd.\xbe\xd8\xe2\xbecG\x98t\x82\xfaNry\
\x09\x83\x95\xa4\xcd,\x8dv\x8ek[\xbc-\xa3JR\
\x06\xe2\x04qQ\xf7Q\x5c\x94\xe2!\xe6\x82\x04\xf1\xa9\
\xbd\x17n~\x98j\xdb\xdf:l\xefG\xc4\xfa\xe0\xe7\
\x80\x85,!b\xe0\xa8\xc8\xac\xc7\x89r\xf0\xc0>\x9a\
\x8d\x9c\xa5\xe5\x05667i6\xa7(\xca2\xb6\x03\
\x07\x00\xba\x11\xeaejd\x0ar\xc8\xb9\xecg'\xf6\
\x1d\xfb\xd7k\xf3\x97z?\xeec\xf6\xa3\x8f\x0ba\xdf\
\xaec74\xd3\xf3\x82\xed+\xfa\xbe\x91\x9ev\x225\
\x0bb\x8c0\xc2\xb4V\x93\xe1\xc5A\xd6F\x1a\xb3\xf4\
M\x9b\xe5\xae\xf2\xda\xf9k\xbc\xf8\xd6U\xde\xbe\xb2\xc2\
\xdcj\x97-o\xa11\x89k\xef\xa6\x0c\x0d\xd44\xa9\
h\xa0\xb6\x81\x97,\xe1N\x1d$v6\xa1&\xae\xc4\
\x9b\x87\xa4\x87\x09\xf5O\x8bQ\x9bl,\x0d\xa1R|\
\x19(\xfbU\xac\xd8\x94\x81\xe0\x95PA\xf0\x9a\x92@\
\xc1%\x87\x98X\xdd\xb5\xf5i\x13\xad\x0c\xc4b5\xa7\
\xe8\x08k\xebJ\xa53\xf4\xb3\x83\x5cX\x84\xef\x9dY\
\xe5{g\x97\xf9\xd6+\xd7\xf8\xfa\xcbW\xf9\xd6\xabs\
\xbc\xf4\xf6:\xaf_\x5c\xe7\xcc\xd5\x0dV\x8a&\x1dm\
\xe2M3\x8eG\x9d8\x8e\xc8\xc6D{\xc9\x82\xb2\xac\
\x08(e\xe11\xd6\x8c\x110\xb6\xf7QE\x06\x14\x8d\
\x84\x18\xa9-i\x13\xf9B\x03\x19\xca\x03'\xf6\x93\x9b\
\x12\x0d}\x9c\xa9o\xfe\xa9\x0d-\x92T-b\xb2\xef\
%\xa7\xab-\x9e{\xe5\x12W\x17\xe69x\xe4\x08\x07\
\xf6\xce@()\x8a>F\xc0JL`\xa2\xec\x7f\x1c\
3\x9b\xb9\x88\x01\xd7\x90\x1c\xd4b\xe2\xdchM\xb2\xb8\
\xd6\xe3\x8ds\xd7 \x9f\xa5\x08\x19o_\xb8\x88X\xc7\
\x03\xf7\x9dB\xa8\xd0\xaaL-\xedD\xa0\xf1\x01\x0d\x81\
^\xbfO\xbf\xd7\xc3\xb9,i\xa9\xa6\xc4Aj\x88B\
\x1c\x0bQ\xa1,{\xec\xdd\xbf\x9bf\xab\xc9[\xe7/\
Py%w-|\x95\xf40\x8dE\xc5E\xdchi\
\xb8|}\x9e+7\xe6p\xcd)\x0e\x1c\xbb\x8fJ&\
\xf9\xe6\x8b\xe7\xf9\xec\x97\xbe\xc7\xb5\x0de34\xf1d\
\xc9zt0\xb1\xc4\xdcz[\x06d\x8ct\x80\x0d\xc4\
\x7f3P\xfd\xaf\x8aR?{\xf1\xb5\xef|mc\xe9\
z\xb7\xb3\xb0p+\xd1Iey9\xb4\xdc\xa1\xcf\xb8\
\xb6\xf9{`vG!\xde\xba\x1d?\xc4\x1f\xd7\xe1\x83\
\xe7\xf4\xa9S<\xf8\xf0\x83TU\x89\x0f~\x88\xe3\x1c\
\x8bA\xf24\xf8\x9c\xd1\xdfC\xedq\x7f\x8b\x82\xa9\xb9\
E\x0b\xff\xe6\x87\x0e\x13\xc9[=\xf0\x91\xcc\x98\x1e&\
\xd5\xf7\xb7\x93\xcd\xc6\x95)\x12\x19(\xed{QV\xc9\
a*\xe1\xb1\x7f\xc0\xd9l\xf4r\x8a\xba\x09\xf1s\xfb\
\xfd>\xdf{\xee9676\xc6\xc6>u\xc3\xea\xed\
zy+\xb8\xdf\xef,\x5c\xf8\xa9\x80c\xddKB\xef\
\xc5]\x19\xcb\xcbW\xfb\x07\x0e\x9e\xb8\xa6\xc6\x5cG\xf8\
\xa4\xa88EE\xd2\xac\xa0\x1a4\x99\x0b!(\xcb+\
\xab\xb4\xf3\x9c\xfb\x8e\xee\xc7\x97\x9bX\x130\xa21I\
\x10\xc1\xd8(..\x99\x22.\x92R\xe2#\xfdnI\
\xee9\x90d\x85\xc7\x01\xf4\xdbC\xf4\xb6\xdb\xaf\xb7\x99\
\xa6D\x14\xf5%\x8d\xcc\xe2\xa4\xe4\xe8\xe1\xdd\x1c:\xb8\
\x9b\xf9\x1b7X^\x5c\xc7\xba\xc6\x88\xe3\x87\x0e\xe0Y\
q\x15\x9c\xa6\xde\x10\xac*{\xac\xd0Y\x9e\xbb\xf4\x0d\
~JZ3\xb7\x8b\x85\x85\x0b~\xb2qb\xd9\xb4\xb4\
\x10\x91 \xa2\x0fH\x1c\x19;\xf0X\x8f8`\x19\x92\
f \x18\xa1_\x04\xa4\xd1@]NA\x867\x13\x94\
\xd2f\xa1\xab\xbcuc\x8d7.,\xf3\x9dW\xaf\xf2\
\xfa\xa5\x0dn\xacC\x95\xcd\xb2^Y\xaa|\x86\xe0Z\
Tb\xa3\xacOr8\xc2d\xb1*\x96\x94\x0db\xb9\
:\xc9\xd9(\x0cH:\xc4\xdf%X\xa8 \x14\x8a/\
\x14_Z\xb4L\xc9\xa9W\xaa*$\xd9\x1a\x81`0\
\xe2\xb0j\xb1!C\x82\x90\x1bGn\x1a\x14\xdd@g\
\xcb\x10\xd8Mh\x1e\xe1\x8f\xff\xfa\x0c\x7f\xf6\xe5\xb7y\
\xfe|\x973s\xc2\x95M\xc7b\x7f\x82M\x9d\xa6k\
\xa6\xa8\xb2)Bc\x0a\xefZx\xd3\x88\xfb\x81\xc1\x0f\
n\xb2:\xac`\x01U\x15\x98\xd95\xcd\xa1#\x87X\
][\x05\x1f\x22Fr\xa4;\x99\xce\xe2\xe1\x81Q\x89\
\x18\xd5hO5\xb8n\x1c\x86\x10\x02[\x1bK\xec\x99\
\x9d\xe0\xc8\x81\x19\xacn\xe1(\x10\xad\x06\xab\x87\xda\xba\
S\xa8-n-\xf9\xc4.\xce]\xba\xc2\xdcj\x97K\
\xd7\xe68r\xf4(\xadV\x1b\xeb\x0b\xf2\xd4\x1d\x88\xd5\
o\x1b[\xb0>U?\xadb\xad$I\xa4\xa4\xb8\xab\
\x86\xd9\xbdGy\xfe\x95\xb7X\xd9\x0c\xf4B\x86J\xc6\
\xd9s\x17Q\x02G\x8f\x1d\x01\xed#\x037\xa7H\x96\
\xf2>\xaa>z\x1f\xa8\xca!V\xd4+`-\xf5\xdc\
\x13B$*\x8a\xcb\xa8B\xc5\xc1\xc3\x07i\xe4\x0d.\
_\xb8@\xd1\xaf\x08V\x22\x11\xcc\xd4\xe3c\xa8\xc4\xe1\
]\xc6z\xa7\xe0\xcd\x8bs\x5c\x99\xdf\xe0+\xdf}\x83\
\xaf\xbfx\x96M\xef\xa8l\x0b\x9f$\x98D\x0cb#\
\xd6\xb6^\xe4\x8a\x0e\xe0\xcc^DVA\xff\xd3*T\
\xff\xe7\xdeB\xef\xff{\xf9\xecw/l,^\xdd\xe2\
f\xed\x85\x1dcc\xe3\xba\xee9pt\x8f\x88\xf9(\
X#\xb5\xa19\x8c&A\x03\xc1\xfb\xbd{\xf7\xf2\xe4\
\xd3OF'!\x0dcU\xcf\xc1\xd91\xf2o\x1at\
\xfct\xa9\x1f\xb7\xc9\xe4D\xef\xb8\xd9?P\xdc\xf9\xd3\
wJB\x93\xb2\xc3\x0f9\x09M\xd3;\x22\xc2\xfa\xc6\
:\xdf\xfb\xces\xf4{\xdd\x11\xeb\xd4hT2\xc0k\
\xa3/\xe6\xdd\xcb\x7f\xb4\xbc\xbc\xfcS\x01\xc5\xba\x97\x84\
\xde\x8b\xbb6\xf6\x1d:\xb6[\x8d\x01\x95\x8f\x8b0\xad\
:\x92\x84\x1a\x11\x95Ta\x10\x83\x06\xc3\xfc\x8d\x1b\x1c\
?\xbc\x9b=\xbb&\xd1\xd0\xc7J\xa4^\x98\x84\xe5\xac\
\xaa\x0ao\x95\xac\x99\x0d\xa4G\x922I\xb2[\x84\xa1\
\xabN\xadSx\x8b\x8d\xfb\x01\x92P#\x06+\x82/\
\xfb4l\x00\xed1;\xdd\xe6\xc1\xfbO\xb3\xba\xba\xce\
\xfc\xf5y\xacK.!\xa9\x09\x18\xdb\xc12\x98\x9bS\
]\xc1\x22\xf2\xfe\xdd\xfb\x8f\xbb\xdd\xd3\xf97\x7fZ&\
\xa5\xdb\x0d\xeb\xea\xea\x85\xca\xed\x9b\x9aoJ\xfb\xba\x11\
\xf9\x19\x84\x1b\x222\x934Pd\x1bSUT\xa2'\
\x9e\xd8\x88\x19\xad\xd4\xc4\x9b\xbbm\xa1\xae\x8d\xcf\xdaT\
\xb6E\xa19}\xda,\xacV\xbc\xfa\xf6\x0d\xbe\xfd\xca\
[\xbcqi\x9e\xcb\x8b[\xccmT\xf45\xa70M\
\xa45CiZxiSI\xac,\x06\xc9cu\xd1\
\xc4\x8a\x5c0n\xa0W\xab\x22\xc9\xf9'\x15m}z\
\x04\x83\xa6\x8a)*\xf4\xbb%eQQ\xf6=\xbe\x22\
\x89f;\x9c\xe4\x18\xcd\xc8\x5c\x86VB\xd1\x156:\
\x86\xbe\xd9\xc3sgW\xf9\xfcw.q\xbd7\x89o\
\x1d\xa5og(\xcc$\x85\xb4\xa9l\x93\xd2\xe6\x94X\
J\xc9\xf0j\x09\xb54\xfcH\xbbq\xd0r\xb5\x86*\
x*\xe0\xc4\xa9\xd3|\xe0\xc3\x1f\xe2\xc2\x85\xf3\xf4\xba\
\xdd\xe8\xe4\xa3\xa1\x96\x0c\x1b\xad='\xf9\x99\xc8XO\
\x1a\x0e\xf1\xdfC\x82\x1a\x18KU\xf4\xa1\xda\xe2\xe1\x07\
\x8f\xd3\xb2\x05\xbe\xb7\x895C\xac\xa5\x8eV\xc9\x00/\
\x96\xe6\xc44\xf3\xcb\x1b\x5c\x98[c\xbd\x17XZ^\
\xe7\xa1\x87\x1e\xa0\xe9\x84\xcc\x08\xbe\xf2\xf1{\xd3.x\
_!\x02\xd6Z\xb2<\x8b\xca\x07\x80\xc1\x03\x86\xa9]\
\xfbXX\xd9\xe2\xfc\x95e\x82i\x81kQ\x06\xe1\xfc\
\x85\x8b@\xe0\xf4\x89\x13\x10b\xcbV\x12\xd3\xbb\xae<\
\xa9\xd6I\x88F\x8f{\x1bU\x15bB\x12\x06\xf2:\
hd\xeb\x87Pr\xea\xc41\xac5\xbc}\xfe\x22U\
Hp\x83T\xd9F\x1c\xc18\x021\x19\xae$\xe7\xfc\
\xa5y\xd6\xba\x81\xca\xb5\x09\xaeA\xb0y\x94\xa62\x0e\
\x9b\xe4\xb4\x06\xa3\xae\xaaIR,\xa0\xbc\x8c\xea\x7f\xff\
\xd6\x8b\x7f\xfd\xcfV\xe7./nl\x5c/y'9\
\xd6\xb6\xebjf\xffQ'j?\x85\xc8tZ\x80K\
\xba\x86\x00\x92\xc3\x92\xe2}\xc5\xae]\xb3|\xe0\x83\x1f\
\x88b\xff>\x0c\xdc\x97\xc6\x043k\xa7\xa2\x01\x1es\
;;\xfc^\x12Z\x7f\x8b\x006-\xdeV\x96Wx\
\xfe{\xdf\xa3\x1aT\xe6\x87\x9d\x8aZR\x0et\xa5\xbb\
\xde\xf8\x17\xd1~\xf9'?\xee%\xa1\xf7\xe2\xae\x8d\x86\
;\xb2n\xfc\x8d\xb7\x9a\x13\xbb\xef\x0bA\x1fV\xd5\xc6\
@\xbf\x13\x08\x22\xa9 `\x09\x1a\x85\xa0WV\xe69\
}\xdfq\xa6\xdb\x06g\x15\x0d\x15\xcdV\x8bPA\xe5\
\xa3\x93\x87\x0fJ\xab\x9dcjOp\x8d\xa4\xa2\xfa&\
+\x03O\xef\xba:\x93\xb4J\x07\xd28\xb5\x0e\x9c\xdc\
\xf2\xc1M\xaf\x17\xb6\xb7\xb62\x89,m'\x02\xa1\xcf\
\xd4d\x83S\xc7\x0e\xd3\xefnr\xe3\xc6\x22\xbe\xb4T\
%T\xbe\xbe\xf9'\xdc!D\x1fo\x11Q\xc8@\x1e\
\x0c\xd9\xd4\xe7V\xe6/.\xfc\xb8\x8f\xd9\xdfDl\xcd\
\xcd\xf9\xc5#\xbbo\xec\x95|MT^@\xc4\x0a2\
+\x22\x13\xc3\x0c)\xdd\x14U\x92Z\xa2\x10$\xaa\xfd\
G\xec\xa1I\x8d\xb9\xc8\x81\x0d\x12\x13\xb6 \x0dBc\
\x92\x9ei\xb3Ze\x5cZ.y\xe3\xd22\xdf}\xe3\
*/\x9d_\xe1\xcc\xf5\x1e\xe7\x16J\xb6Bjo\xe7\
3x;\x19\x93\x1a5T\xd8\x98`\x88\x1b\x08\xbc\x04\
I\x1a\x97*\x18cpI\xda)\xea\x08\x1aB\x10\x8c\
\xc90\xc1!\x95EK\x90\xcaP\xf5\x02\xbdN\xa0\xdf\
-qd\xf4zJY\x18\xfa:\xc5Z\x98\xe5\xf3\xdf\
~\x9b7\x97\x05m\x1f\xa3\xa39^rb\x95\x16\xd4\
\x19\xd4F\x19)\x9bV[6\xb5\xaeM\xa2]\x98\x1a\
gl\x0c\xc6e\x14\xde#\xce\xf2\x91\x8f>\xcb\xa9\xfb\
Os\xed\xdaU\x16\x16\xe7\x09\xdec\x8cD\xd1\xf1\x81\
\x17j-S\x95\xbc\xed\x8d\x8d\x9a\xbcI\xba&\xaaX\
\xc4}7V\xd8\xdaZ\xe3\x81SG98\xd3\xa0\xe9\
|4\xf2\x16\x18\xe8\xb5&&\xb6\xa4c\xe3\x5cFE\
\x83\x97\xce\xce\xb1^\x18\x16V7)\xbdr\xff\xa9\xe3\
x_\xe0}\xa0\x919B\x15\xd1\x92\x99\x8d\x09^\x00\
\xc4\x98d\xf1Y\x93\x05\x85*\xc0\xf4\xcc>\xbe\xf3\xe2\
[\xac\xf7\x02\x95\x8d\x90\x0bL\x83\xcb\x97o\xe0\x83r\
\xe2\xc4q\x8cD\xfdQgs\xac\x18L\x82\x1b\x881\
x\x1f\xe8\xf5\xa2Ne\xbb5\x11\x99\xfb>\x0a\xa5\x87\
\xa4\x99\x1a\xd4G\x18\x90/8tp\x1f\xa5\xf7\x5c\xba\
|\x9d\xa0\x19\xce5\xa1n\xe2\x8bM\xa8\xcb(1f\
\xf2\x09\xd46\xc1dI\x0b\xd5D\xc2L\xbc\xd0k\xa6\
\xb6\xd6\xf2d`\x0aD_\xac\x02\xff\x8b\xde\xd2\xe6\x17\
66\xae\xff@\xad\xd9\xe9\x03\xa7V\x9c\x98_\x158\
\x88\xaa\x113\xce,\xb2N\x12\x1b>`\xad\xe1\x83\x1f\
\xfa\x10\xa8\x0c\xfc\xe1o*\x86j\xfd\xbf\x11(\xd1h\
\x8e\x9a\xb0\xf2\xdc\xe2\xa1z\xbbgwb\x9b\xbf\xbbx\
7Ih\xf0\x81n\xbf\x9fX\xff#\xc5\x89\x91\xc7\x9d\
\xb6\xa7\x96X\xab\x1fA}2`\xd0d+\x1c\xf7\xf9\
\xc6\xd5k<\xff\xc2\x0b\x83\x0a\xfb\x18\xb66\xd4Ug\
\xf9\xe2\x857\xbf\xf2o\xde\xd1n\xfc\x04\xc4\xbd$\xf4\
^\xdc\xb5\xb1\xbe~\xa5Z^^f\xcf\xe1\x93\xf3F\
\xe5\x19D\x0e\xab\x0e\xe0\x7f\x09\x1dib\x22\x1a,\xd6\
\x18:\xbd\x0d:\xdd\x0d\xee?~\x14'\x89\x08\x84\xc7\
\x84\x08\x0e\xf7I\xacX\x8c\x1fh\xb0\x0d\xa1\x85C}\
\xbcA;\xca\x98\xc1\x8d\xf5vI\xe8\xf6\xd0;\xad\x95\
\xa5\xc6'E\x1d;\xd1\x82\xa2\xd8`j2\xe7\xd8\xf1\
CXq\x5c\xber\x1d\x0d\x0e\x977#x\xbf&e\
\x89\x11\xd5\xda&\x11\x11\x91\x09k8\xb4\xfb\xc0\xf1j\
y\xee\xd2[\xfc\xf4\xb7\xe6\x95\xeb\xd7\xc3\xe2\xb5\x93\xaf\
N4\xf4e\xd7\xe4+\x18\xe9\x1b8\x8c0%c.\
\x992v\xff\xab\x0f\x96I$0\xd2\xad\x1d\x0cA-\
\xde\xa4\xca\xa1mR\x99\x16\x95\x99\xa02\x93l\xf9\x9c\
\x95\xbe\xe5\xeaJ\xc1\xdb\xd7\xd6y\xf1\xf5K\xbc\xf4\xfa\
e^\xbf\xb0\xc8\xb9\xab+\x5cY\xdad\xb5'\x14\xa6\
MO[x;\x85\xb7\x13x\x17\x89%\xc1\xb4Pi\
\x10L\x8b`\xb2\x84U\xb5T\x1a\xd5\x1eT\x1dH\x86\
\x98\x0c\xd1\x8c\xe0SrJ\x86\xaa\xa1\xdb\xaf(K@\
ZTf\x96+\x9b9_~\xf9\x1a\x1b\xba\x97M\x9d\
\xc0\x93\xe3q\xd4Mho\x86$!\x15\x13\x19\xff\x10\
\x05\xbe\x19\xde\xbdjC'\xb5\x86\xa2*9v\xf2\x04\
O<\xf9\x1e\x8c\x15:\xdd\x0eW.]\x8a\x16\xa7Z\
'\x8d\xe9\xa4\xab)\xf2i\xe1f\x5c\x12\xbf\xaf\x87\xdc\
Ds\xeb\xa86\xa1\x14\xdd\x0e-\xab<\xf5\xc01L\
\xd9EC\x7f\xccwIG*\xb3Bt\x10jM\xef\
\xe5\xa5\xb3\xf3l\xf4\x0d\x15\x19\x0b\xab\xebx_p\xe2\
\xf81\x1a\x0e\x8a\xce\x06\x9918\x12\xc4\x05\xa8B\xbc\
\xc6\xf3\xccEG+JT\xa3%f\xb3=\xc3\xeaF\
\xc5\x85+\x0bT\xd2\xa4\x92\x1c\xc5\x11\xc4p\xf9\xf2U\
\xca\xb2\xe4\xfe\xd3'h8\x1b\xc5\xcck9\xa6d1\
Z_\xe7\xbe\xf4\x14\xbd.\xd68\x5c\xe6\xe2\x82FG\
\xcf8\x85P\x92g\x96S\x0f<DY)\xf3K\xeb\
t\xba\x8a\xb8\x9c\xca\x87\xc1\x22\xa4^ I\xa2\x88E\
\xdd[3\x90k\x1b\x9f\x8d\x88\xaf\x16\x13\x14\xbe\x0a\xe1\
\x7fs\xee%ycc\xe3\x1b\xb77\x1a\x7f\x07\xb1g\
r_\x83<{\x1fj\x1eA%\x93m\xa0S11\
\x91\x8a\xebk\xc3\x87>\xfcA\x9a\xcdFJ\x8c\x92\x9c\
\xc7XR6\x9e\x95\xde\x5c\x09\xd5\xdbVB\xef\x94^\
\xfdM&\xa1\xaaJ\xaf(\x06\x031T\xaax\x17\xdb\
\xa3;\xff\xc3`\xa2J\x12l\x97/]\xe2\x8d7^\
g\xbc7\xc0\x88\x8a\x05\x01\x0d_]\x9e;\xf5\x05\xb8\
\xf0S1\xcf\xdfKB\xef\xc5\xdd\x1e\xda0\x07\x97[\
\xd3\xd9%\x0d\xfawT%\x1f`5%\xca\xdf\x08\x22\
T\x9eF\x9eQj`m}\x83\xb6\xcb8z\xe4 \
\x22]\xb4\xeaaE\xb0\x06\xbcj\xf4l\x96\x8a\xa0\x9e\
,kFak\x1dp\x5c\x06?k\x0c\xce-6\xeb\
\xf6\x1b}\x8b\xf7\xa9@0\x015%H\x18\xf8\xc6\x1b\
\x1bh4\x0d\xea7id\xca\xf1\x93\x870\x06\xae\x5c\
\x99\xa7\xa8\x84`,A,\x82#\x0c\xea{\x90x8\
F\xc4\xdcg\xc4\x94\x8d\xd9\xfd\x7f\xbd\xb1x\xb5\xfb\xe3\
>h\x7f3q!\xac\xae^\xa8\x16o\x9c_\x9fm\
\x9bo\xd1\x98\xf9\x92\xc1\xbc\x86\xc8\x83\x08]\x8cL&\
N\xae\x897\xf4\xa8\x9f\x181\x9b\x19&\x11\x89L\x84\
9\xa8\x22\xe2\x8d\x10L]\xc14\xa8qx2\xb0-\
0\x93x&\xf1f\x12\x1a{X-\x9a\xdcXS.\
/\x95\xbc|n\x91\xe7\xdf\x9a\xe7\x85sK\xbcrq\
\x95\xf3\xd7{\x5c\x9c\xef\xb3\xb8\xe5X\xe95\x09\xd9.\
:\xda\xa6\xb2\xd3\x84l\x9a\xd0l\xa5\x96y\x93\xd2X\
\x82\xc9R\x02\xe2\x08\x924\x08\xd5\xe1\xc5\x12p\x94A\
P\xc9\xc1\xb4)\xdcn^\xb8\xb4\xc9W_\xbeJ\xdf\
\xed\xa1\xe7[H\x22L\x99\xc4\x0a\x0aRc\x16e\xd0\
\x1a\x8d\x09i\xc4\xcd\x9ad#\xa8\x12=\xe4\xbbe\x9f\
\x83G\x0e\xf3\xec\xc7>\xca\xc4\xe4$J\xa0\xd9jp\
\xf9\xd2Ez\xdd\x1e\xb5H\xfbv\xbd\xccX\x99\x8b\x16\
\xaa\x92\x08;\x91l\x14bE6\x11\x90rk(7\
Wx\xcf\x03\xc7i\x99\x0a\xa3\xc5\x80\xf9\x1c?m\xf4\
z1X\x97a\x1b\xb3\x5c\x9a[\xe7\xea\xfc:\x854\
\xa9\xc8\xb8z\xe3:\xbbv\xcdpx\xcf\x0cRv\xc9\
\x88\x12\xc06A\x01\xbc$\xa1t\xa3\xd8\xccP\xfb\x8b\
gY\x8e5\x0d\xf6\xec=\xc6s/\xbc\xc6Vi\xf0\
\x92\x0d\x92>\xc4p\xf9\xcaU6\xb7:<p\xdf}\
\xd1\xf9,\xf8\x01\xf8R\x06\xff\xd5\x0ei\xd0\xed\xf5\xe9\
\x15\x05Y\x96\x13\x89\x92u\x22\x0eH$\xb1\x18k9\
~\xf2>\xb2l\x96\xf9\x855*o\x10\x93C\x08\x03\
R\x8a\xc0\x08I'\x91\xd2\xd2*;\x80\x8a&\xaaP\
\xa4\x0cm \xfc\x8e\x06\xf9\xdf\xae\xf6\xab\xeb\x9d\xa5\xaf\
\xfcPH\x89++\xd7\xab\xdd\xfb\xef;&F\x9e\x14\
\x91\x19UA0\x12\x85\xf4\x87N]\x22\x86\xb2,y\
\xe6}\xefevvv\xe0\xd5~\xb3.\xe6OY\x12\
\xda/\xc6\xee\x07?\x8a$\xd4Y\xc7\x997\xde\xe0\xdc\
\xb9sX#\xb7\xf8\x5c)\x09\xe6\xff\xbe<\xff\xa53\
\xefh7~\x02\xe2^\x12z/\xee\xfaX\x7f\xe0\x80\
\x1c\xf6.\xa8\x98\xff\x19\x86\xe9\x08\x8fI\xecKQ\xac\
\x899Y\xd6\xcc\xe9{\xa5\xecW\xac,.233\
\xc9\x81\xbd\xd3X\xf1\xd1QC\xc0JLE*\x1f1\
7\x06C\x9e\xe5\x88\xad\xc5\x83G\xebD\xf0\xfd$\xa1\
!u\x84w\xb2\x0d\x0f\x09\xc4\xa6&\x0ae\xc7\xd6p\
\x88]Q\xf1\x94\xfdM\x9a\x19\xb4\x9b\x96\x03\xfb\xf6\xd1\
j\xb4\xb9r\xfd\x06e\xa5(\x19^\x12\x82Hd\xac\
c\x96t\xd6\x1f\xc92\xb71\xd5\x94\xef\xae\xae\xae\xfe\
T\xe0\x85\xdei,//\xfb\xa5\xeb\xe7\x17\x16v5\
_\xdc\x9d\xb5?o\x82yI\x8d|\x00\xf4\xba \xce\
\xa0.\xc9\xb9&\x0f\x18\x93\xb0\x9aa\xe0\xd0R{f\
\x11+\xcd\xc9n\xcb\xa2b1\xb6\x89\xda\x9c`3T\
\x1atK\x90l\x12\xf2iz4(\xed\x04>\x9f\xa5\
\xa3m\x96;\x86\xab\x8b]\xce_\xdb\xe0\xf5\xf3\xf3<\
\xff\xc6e^y{\x9eW\xcf\xcds\xe6\xea\x1ag\xaf\
\xad3\xb7Q0\xdf\xa9\xe82A\xe5\xa6\xa9\xb2)\x0a\
iS\xd86\xa5\xb4)\xcc\x04}iG\x9c\xa7LQ\
\xbai\x0a7CW&\xd9\x94\xdd\xfc\xd5\xf3W\xb9\xb0\
\xe0\xd9\xf2m\xd4\xb5\x08\x89\xb9&#\x05)Tb\xc5\
r a>|\x04 \x18\x92G9\x9c\xb8\xff>\x9e\
\xfd\xc4\xc7\x98\xd9\xbd\x1b\x93;*\xf54\x9b\x0d\xae]\
\xbe\xc6\xe2\xe2|\xac\x19\x8fj\xec\xd6zi\xc4J\xa8\
56.\xa6\x90d\xa7ZK\xf5\x0c\x05kl(\xd9\
;\x99sp\xef\x14.\xf40ZR\xdb\xe0\x8e%\xa1\
\x02\xbe\xaa\xf08*\xd7\xe6\xe57/Q\xd8\x09z\x01\
\xd4Z\xe6\x16\xe6\xb9\xff\xc4\x11v\xcfLEV\xbb/\
\xeb\xc5X\x92\x18WBU\xd2ld\xd8\x94\x08\x87\xca\
#6\xa7\xd9\x98dm\xa3\xe4\xad+7\xa8$Cq\
\xa8\x18\x9a\xed)*\x1f\x98\x9f_duy\x95\x07\xef\
?\x05)Q\xaa\x93e\x938o\xaaQ\xd1@E\xf1\
!\xb0\xb9\xd5\xc1d9\xd6\xd6\xda\xb0\x86\xc2+d\x0d\
Ji#\xd9\x0c\x9d\xaa\xc9\xd9\x0b\xd7X\xdd\xec\xa3\xe2\
\x92\xe2E\x9d\xd8\xc9\xa0\xd2:\x80\x01\x99\xbaB\x1fG\
F\x0c\x95\x08%*\xbf\xb2U\x94\xbfw\xe1\x95\xaf.\
u\x96.\xff0U1\xcc\x9e\x83\xa7\xde+\xf0(\xc8\
\x81\xb8Y\x22\x03\xe1\xff\x11MYc\x0c\xefy\xeaI\
\xf6\xef?\x10e\xa1B\x8d\x07\x1d9\x84;\xf6\xe7S\
\xdb9}\xe6OT\x12Z\x14#\x98\xcc\x1f~\x12\xaa\
!\xe0\x9c\xe3\xf5\xd7^\xe3\xe2\xc5K\xd1\x05l\x87\xcf\
\x15\x91-\x85\xcf\xaf\xcc]x\xe5\x07\x1a\x80\xbb(\xee\
%\xa1\xf7\xe2\xee\x8f\xeb\xd7ur2\xdbl\xb6\xa6\xee\
\x0f\xa2\xc7\x8d\xd0R\x89\xd4A#\xb5^\xb9Pz\x8f\
\x8a\xc5e\x0d\xd9\xec\x15\x5c\xbez\x95\xfd\xfb\xf6\xb2g\
\xd7.\x9c\x16\xe4x\xacFa\xe0\xdc\xe6TE@=\
8\x9b\xe1\xf2x\x93\x0dI\xa6E\x12\x13\xba\xb6V\xdb\
\xdev\xd7\x9ay]#\x9bd\xf8\x00\xf0f\xc8\xd6\x1e\
cn\x0f&\x9fa\xd5U#\xc5\x1b\xf5\x82sy\x94\
1.6i\xd8\x8a\x13\xc7\x0f\x93Y\xe1\xdc\xa59\xfa\
\x95\xc1kFP\x83s\xe3\x97n\xbaa\x18\x91\xeai\
l\xf3_\xac\xcc_\xdb\xf8q\x1f\xb6\x1fC(\x0b\x0b\
~\xe9\xda\x85\xd5\x85\xeb\xe7^\xdbu\xf8\xd4\xbf\xb5\xa5\
\xfe\xa9X\xfb=\x84\x17\x8c\xda\x87ELWD2\x11\
<x\x87D\xb6\x9bJRSH\xadE\x83\xa9\xb1^\
I/!\xe0C\x12\x97&\xb6\x9f\x83\x89:\xae\xb8\x1c\
\xc9\x9b\xa8m\xe2]\x93`\xdb\x043ApS\x14\xd9\
,\xfdl\x96\x85\x8e\xe1z\xc7rqY9{\xa3\xcb\
K\xe7\x16x\xe9\xed%\xbe{f\x8eo\xbez\x8d7\
\xaen\xf0\xf2\xa55\xde\x9c\xeb\xf1\xf6|\xc1\xe5U\xcb\
\xd9E\xe5\xec\x82\xe7\xec\x82\x8f\x7f/x^|{\x95\
\xaf\xbf\xba\xc0\xcb\x17K\xd6\xab)B\xd6\x8e\xd2Fu\
\x85\xb3\xe6\x99k\x12\xe9N\x89i\xd0\xe4q\xafJ\xa5\
\x81NYQY\xc3\xf4\xbe\xdd<\xfc\xe4\xe3|\xe8c\
\x1f\xc3\xb6\x9b\x94\x06\x0a*\xc4:\xca*&\x89\x17\xcf\
\x9f\x1f\x90uPO\x9dT\x82\x0cp\x1f\xc1\x87\x84\x9f\
\xd4Ai'nS\x1cWD\xa8\xfa[\x18\xed\xf0\xe8\
\x03Gi\xd2%\xd3\x02I\x15\xc1x\x1d\xd4\xeeD\x80\
\x0d\x14\xde\x93O\xcd\xf2\xca\x9b\x17X\xeb\x19\xa49M\
e\x85~Yp\xf9\xcaU\x8e\x1e9\xcc\xccD\x03\xaa\
~\x84\xb7\xb8\xb8e\x22`|\x89$\x81\xf3F\x9e\xe3\
S\xe2h\x8ca\xcf\xbe\xfd\xbc\xf8\xc6E\x96\xd6\xbbd\
\xadI\x94\x8c\xa2R\x8cm \xa6\xc9\x8d\xc5eV\xd7\
78t\xec\x04\xadV\x83\xe0K,Q\x8bRjL\
\xed\x80\x88\x15\xf7m\xab\xbbE\xbf*h\xba&&k\
E\xb2\x9b\xdd\xc5\xf5U\xcf\x9f~\xe1;\xfc\xc9\xe7\xbe\
\xc6\xfaV\x88Ir\x92l\xd3$\xeb\x96\x14\x90k\xfb\
K\xad\xf1#\xb5(\x86\x18\xfa\xa8\xf9\xfd\xe0\xf5?\xdf\
Z\xdc|\xee\xea9\xdf\x85\xeb?\xf4E\xe6\xcc\x81\x13\
M\x81\xf7\x22zZ\x8c\x89Fd2\xda\x11\x1a:\x04\
\x1d?y\x92\x93'O\xd1\xe9nQ\x96e2\xf7\x18\
.\xe0C]$`\x04\xc39\xd2X\x0a\xdb\xda\xf7\xdb\
\x1f\xfa\x0e\x88I\xa3\xd8\xd0\xb0\x0dCZ\xaf\xbdn\x89\
)\x0dQZe\xf0\x88j\xb9\x83\x87\x92\xc8X\x22\x94\
eIY%\xce\xa7F\x7fx5\x81Q\xdb\xda\xed\xff\
\x0de\xf5F.\xc2\x91\x87$m\xe0Z\x95\xd5YC\
U\x96|\xf7;\xdffiy\x11g\xe2\xa2R\xa3\x15\
U]\x85W\x94\xc5 \xd5\x7f\xbd:wy\xf1\x87}\
\xfc\x7f\x5cq/\x09\xbd\x17?\x11\xb1\xbc\xbc\xac\xfb\x0e\
\x1f\xbe(\xd8f\x08\xbaGEv\xcb\x08\x19:\xfa~\
\x1b\x11c%\x0aW\xb7\xe9\x15%s7np\xf4\xc8\
!\xf6\xee\x9a\xc6\x18%T}2\x93f(\x0fA#\
\xb3\xd35H\xed\xc3\xf1\xd5\xe7-\xd7\xb7\xf5j~\x87\
\xa7n\xc5\xfc\x1c\xb5,\x8c\xba\x92v\xa0/9\xf0\x8a\
G0\x04\x1a69\xc4\xe09p\xe80A3\xae^\
[B\xa5\x85WGt\x15\xdc.\xa5\xe2E\xc4\xe7\xc6\
\xc8o\xb8\xfd{\xfe\xd9\xd6\xdc\xdcO\xbc\xaf\xf0\xf7\x19\
\x0a\xe8\xf2\xb5\xf3+\x0bs\x17\x96\xb3C\xbb\xce\xe6\x9b\
\xcd\x97\xa4\xaa~\x9b\x8c\xcf\x8a\xc8\x12\xca\x96\x88N\x0a\
\xb8\xb8\x0c\x08a0\xa0\xb7\xb8\xff%\x86\xaa\x04\xd5X\
\xa4\x8a:Q\x91x$\x86 \x96 \x0e%#hN\
)\x0d*\xd3\xa4\x94&\x95\x9b\xc4\xbb(\x99\xe4\xdd$\
\x95\x9b\xa2/-:\xa1\xcdZ\x95sm\xad\xe2\xf2R\
\x8f\xb3WW9si\x8d\x97\xcf-\xf2\xea\xb9e^\
9\xb7\xc4+\xe7\x968sy\x9d\xd7/\xac\xf0\xe6\xa5\
U\xce^\xdf\xa2\xa7\xb3x7\x09\xd6\x0d\x17A\xb5_\
\xb7j\xd4.\xd3!T\xaf\x08\x15\x15Q\x18\xdc6\x9b\
\x1c\xbb\xef$\x8f=\xf9\x04\xef\xfb\xc8\x878q\xdfi\
*\xd5H\xda\x17\xd2\xfe(U\xe9if9\x17\xde>\
GYD\xcb\xc4!\xcd+%R\xc00A\xd1\x81\xb3\
X\x8cd\x8d*\x81PUX\x09\xf8\xde\x1a\x0f\x9d:\
\xc2\xee\xa6\xe2B\x1f\xd1\x94\xd8K\x9d\x9c\xc5\xd4\xd6\x88\
R\xa1H6\xc1\xf2F\xc1\xb9\xabk\x04\xd7\xc0\x0b\x94\
\xaallt\xe8nu8}\xfc\x08S\x93-\xaa\xaa\
\x1bu E0\x1a\xe1\x06\x12\xd2\xfe:\x8b5q\x9c\
\x08Jkb\x9a\x95n\xc5\xd9\x0bWP\xd3\xc4\xb8\x16\
HF\xa5\x16\x1f\x00\xeb\x98_X\xe1\xca\xd5k\x1c:\
t\x98]33\xc9\x82\xb5\xc6\x88\xa6dK\x0cj$\
.\x02l\x8eJ\x8b\x8d\x9eBs\x17\xd76\x95/\x7f\
\xfb\x0c\xff\xfa3\xdf\xe0\xf5sK\x04;Ei2\x82\
8@\xa3\x11\xc1X\x8cN\x18\x0a\x98\x1a)\xb1\x06\xf2\
\xc7\xbdn\xff\xffp\xe1\xb5\xce\xd9\x8d\x8d\xe7J\xb8\xfe\
#Q\xc1\xd8\xb5\xef\xf8\xac\x11\xf99TN$\xf0\xb9\
\x8c\xcep\x22\xc3$\xf3\xf0\xd1\xc3<\xf1\xc4\xe3t{\
]\xf2,\x1b\xf9\x94\xba\xca\xb9\x03\x1b~\xe4\xf1\xc3\x8c\
\x1d?\xefN\x90|\xbd\xfd\x0b\xea\xfb\x80\xf7JUV\
T\x03W\xa8\x9axz\xfb\xbd\xb8s\x9d6\x0c^W\
\xb7\xe3\x8b\xb2\xe0K\x7f\xf5\xc5h\xe1\xb9-\x09\x1fH\
e\xc1g\xab\x8a?[[\xbc\xb4\xf9C\x1e\xc6\x1f[\
\xdcKB\xef\xc5OJ\xe8\xde]\xd3\x9d2\x9b\xfc\x9a\
\x11\x16\x10yJD'\x013\xaa\xa7\x06i\xfa\xf6\x86\
\xa0\xc2V\xb7\xe0\xda\xfc\x0233\x93L\xcd\xb4i\xba\
\x80\x86>x\xc5\xa5\x0ad\xe9\x8b\xc8j\xcdr\xd4\x92\
*\xa0z\xfby\xe66Ih\x9cXj\x87\x95\x91\xff\
T\xd8\xf1\xbfD@\x88\x8fx\xa3/\xca\xc8\xea\xf7U\
 \xcf\x9b\x1c<|\x98\xc5\xa5\x15\xce_Z kL\
\xa2b\x09C\xbd\x9cQ\xcfb\x11\x0cV\xec\x1f\xae\xdc\
x`\xfd\xa7\x05\xbc\xfe\x03\x84n\x5c\xbf^..\x9e\
\xef.,\x5c\xd8Z\xb8v\xfez\xc3\x1c\xf8F\x99\xf9\
?7d_\x10\xc3\x17\x10\xf6 t\x05\xdd+\x88\x17\
\x89&\xac\x92V9\xa3Z\x89\x08;\xb6\xdeLH\x1e\
BZ'd\xa9\x92n\x86?\xeb\x076\xc3f\x0d\xd4\
5)M\x93\x92\x1c/-\xd4NAc\x16\xb2Y$\
\x9b%\xfc\xff\xdb{\xf389\xce\xea\xde\xfbw\xce\xf3\
TUw\xcf\xae}\xb7l\xc9\xc8\x96\x85ml\x8c\xb1\
\xcd\xa2\x04x\x81\x9b\xf0\xb2$rn6\x12\x12^\x99\
@l\x02\x09\xf7\xbe\xb9I\xc8\xbcY.\x10\xb2@H\
 \xf6MBX\x13\xac` \x09I\x0c\x06\x0c\x8e\xb1\
\x0d\xb6\xbc\xcb\xb2$k\x97f\xa4\x19i\xf6\xe9\xa5\xea\
9\xe7\xfd\xe3\xa9\xea\xe9\x19\xad\xc6\xb2\xb5=_\x7f\xda\
\xa3\x9e\xa9\xae\xae\xae\xae\xee\xfa\xd5Y~\xc7tBl\
\x17\xc4v\xa1\x816\xd4\xb5\x02g:aJ\xb3\xe0\xb8\
\x045\xa6\xa5\xe9\xaa\x10qE\xe5\xe2\xd4\xc5\x90c\x80\
\x93\x04\x0b\x97,\xc5\x8a\xd5\x97\xe2\xe5\xaf\xbc\x01\x97\x5c\
\xb6\x06s\x17.B\x12'\xc8\x9cC\x96G\xf4\x9a\x0d\
\x7f\xf9\x89\xb0\xab\xbd\x1d\x87\x06\x06ph`\x10\x9c\xc7\
\xfd\x9b\xc6\xdeT\x84\xfesW\x89\xc2\x11\x02SR\xad\
\x989\xaf\xc40,\xa8\x8e\x1e\xc2\x82\x9e2.Z4\
\x0b,5?\xba3\x17\xa1\xd4\xb4\x8f\xf2\x93\xceD\x09\
\xb6\xd4\x05Dmx\xfc\xe9\xdd\x98t\x04\xb2\x06\xa9\x00\
I\xa9\x8c\xbe\xfe>8\xe7\xb0d\xf1B\xc4\xc8\xc0\xea\
\xfc(N\xa8W\xd3l\xf3)B\xeaM\xf7\xad\xc9K\
.\x08s\x16,\xc1\xd6g\xf6\xe0\xe0P\x0d0\x15d\
\xc6[l\x19\xb2PG`\x8e1:6\x89\x1d\xbb\xf7\
c\xde\xfc\xc5(\x95\x92|\x0a\x93\xf7Tp\xac\x10\x06\
\x14\xc6[tq\x07\xea\xdc\x8e\xe1F\x19\xf7=\xb1\x17\
_\xfe\xcf\x1fb\xe3\xe6\x03\x18K\xcb@\xd4\x85\x06\x95\
!d\xf3\x86\xa3\x99%?\x80\x9f\x80\xd9\xf43\x12\x90\
\xec\x87\xe2AQ\xf9\xa3,\xd5\xbf\xdb\xbd\xf9\x9e\x83y\
\xf4\xf3y\xab\x03\x8c\xe6\x5c4\xd1\xc6\xe6r6\xb8\x1a\
drm0S\xad\xf9\xa7oko\xc3\x15W\x5c\x01\
\x157\xe3\xf3\x90\xbf\xeb\xcf\xd5\xc3\xe8Yr\xc4g\xf2\
9\x8a\xd0\x22\xe4\x9b9A\xbdQ\x07\xf2\xc0'\x17\xee\
,\xcfY\x84NO\xc7G\xc6`\xd7\xae]\xb8\xef\xde\
\xef#\x8eb\xe0h\x22\x94h\x0c\xa4\x7f\xb8\xe3I\xf3\
\xe8\xb9\xf4\xbd\x1eDh\xe0\xaca`` \x9b\xdfS\
I3\x8a\xfa#6;@\xfc2\x80:\x91\x7f\xe6\x89\
\x08\xcc~\xdaG\x14\x95\x90\x94\xdaPw\x8a\x91\x89\x09\
\xf4\x1f<\x80\xd9\xb3fc\xf6\xacnH\xa3\x01VA\
lM>\x92.E#K\x11\x97b\x18k\xfd|a\
)\xa2>\xc7\xe08\x22\x14\xca0\xca`\xf5\xd3t\x8a\
\xdb\xcc\x94O\xf3\xa6\x85\xb7\xba\x17\xaa\x92\x8fs\x94\xfc\
\x8b\xc89\x87J)A\xcf\xacy\xd8\xbc\xb5\x1f\x0d\x17\
!\x05C\xc9\x16q\xe0\xa9(\x85\x9fK\x9eX\x89\x9e\
\xe9Y\xc8\xb5\xc3\xfd;\x0f\x9c\xee\xf7\xed\x0cCGG\
\xf7f#\x07w\xd7\xcbv\xfe\xd03m\xe3[\xe6N\
F\xdf@\xe4\xbe\xad\xe0N\x10\xee'\xd0\x02\x05&A\
\x88A\xc8\x88|\xd2\xbe8\xcc\x8e\xb6\xd2\xe2\xa4V\xc4\
\xe6\x9b\x11\x9f|\xc0\x978\x7f^\x11x\xa3\xf5\x14\x8a\
T\x08\x0e\x06B\x11\x88\x13o\x0f\xc51\x0412\xf5\
\xfe\x91\x19\xf9\xfb\x9c\xb4\xa3\xae\x16)\x22PT\xce'\
\xa4ks\x8e{\xf3hm\x1e\x11h\xd6 \x0b1^\
\xfc\xd2\xabp\xfd\xda\xb5X\xb8d)\xd4\x18\xa8e8\
\xe7'\x82\xd98F&\xee\x88(\x15+\x81D\x11\xb1\
\xc1\xb6-\x9b\xf3\x88\x8d4\xeb\x22\x8bg\xf2B\xafp\
\x8c\xe0\xa6Xo6F\x11\xc1F\x06\xac\x8a\xc88 \
\xad\xe2\xaaK/\x82u5\x18\xcd\xf2\x897\xc5\x14\xa2\
\xbc\xce\x9b|W\xbf\xaa\x81\xd3\x12v\x1d\x1c\xc1\xe1\xb1\
Ih\x94\x00d\xe0\x14 \x8epp\xe0 b\x1ba\
\xf9\x92\x05@\xd6\xf0\xbe\x9d o\x1bK\xb9]U>\
\x9d\x87\x99a\x8c\xf1#>\x936\xb0\xa9`\xf3\xf6}\
\xa8f\xde\x9bT\xc8\xfaT;\x19([\x10'\xa86\
\x04\x9b\xb7n\xc3\xacYs\xd0\xd9\xd9\x05k\xbc\x90u\
\xc4\x10\x8a\x90R\x19\x0d\xea\xc0P=\xc6\xc6\xa7\xf6\xe1\
?\xbf\xf7\x086n\xde\x8fCU\x03Mf!E\x19\
\xf5\xbc\x19I\x9ai\xed\xa9=\xad\xcd\xf0j\xd3m\xa0\
J\xd0\xc3*\xf4+\xa9f\x9f\xa1\xf1\xf1\xc7wl\xb9\
o\x08/\x80\xe3\xc5\xacd\xa1I\xda\xec\xf5\xa4\xb8R\
\x89\xbd\x9f\xd41D([\x835\x97\xadA\x92\x94\xd1\
h\xd4a\xcc\xf4@\xc0\xd9/B\xfd\x8f,\xcdP\xaf\
7\x9a\xbfhz\xd3\xa25pp\xe4\xed\xc4L\x17\xa1\
\x95R\x19\x0f?\xfc0\xb6m\xdd\xe6\xb3a3kA\
\x99\x85\xa0C\x0d\x95\x8f\x8c\x1c\xfc\xde\xe1\x17v\xef>\
\xbf\x04\x11\x1a8\x9b\xd0\x81\x81\x01w\xe8\xc0\xcaj\xe7\
\x02\xb7/\x22\xf3*\x22Z\xa4\x80\xa5fn^`\x98\
H\x9cjC\x1c\x9c\x8d\x81\xa8Dc\x13U\xec?p\
\x08\x95\xf6N\xcc\xee\x99\x05\xcb\x0eYZ\x05s>\x9b\
X\x00\xd7p`2\xb0l\xc0\xcdF\xa5\xe9\x14\x91\xb1\
f\x22\xb2\xc5h[%\x9f\x07\xae\x80\xd1\x18Y\x03h\
\xd42\xd4\xab)\xaa\x13u\xd4\xab\xe9\xb4\x9bd\x00\xa9\
\xf1s\x83a\x9a1,\x22\x068\x1f\xd9\x08\x81!E\
l\x08\xe5\xa4\x03cU`\xc7\xee\x01?Q\x85\xbd/\
\xe4\x94\x87\xa9\x17AL\xe4\x14\xfc\xf2F\x83>:<\
\xb0\xf3\x9cI\xdb\x9cjFG\xf7f\xe8\xeb\x93\x81\x81\
\x9d\xd5\x81\xfd\xbb\xfa\xba+\xe6\xeb\x8d\xf1\x8eop\xbb\
\xdeM\x82\x7f4\x84\x12\x91~\x91T\x170\xe9\x16\x82\
\xce\x22h\x83\xa1\x86A\x19\xfb\x19J>\x02\xda\x9c\x9d\
^4\xe4`\xfa\xd9\x88\xb8\xd9|\xc2\xec#\xa6\x8cb\
\xe6zsj\x82\xef\xd4\xce\xa3\x9a\xfe\xf7\xf0\xf5\x94\xce\
y\xc1I\x04'\xe2\xad\xc6Z\xd6/\x0a\xbf\x0c\x00\xb2\
\x8cz#C\xea\x1c\xa2\xb66\xbc\xe4\xdakq\xf9U\
WA\x8cA\x0a\x85\xda\xbc\xc6\x99\x09\x19\x14\x99s\xcd\
z\xcc\xe6XJ\xefJ\x04Q\x87$\x89\xb1g\xf7n\
\xa4\xb5*4u\xbe\xb62_^\x9aj\xd4\xcf\x91o\
6\xa4\x90i\x9e\xa6Es\x8fC\x08,\x0c\xaa\xa3\x87\
q\xf9\xc5K\xd0Q\x22\xd8|\xee\xb7?\xd6\xb5e\x1c\
\xa6\xef.W0\xe2\xa4\x0d\x03\xa3Ul\xdd\xb9\x0f\x94\
\xfbi*G\x00\xf9\x1a\xe9={\xf7`Nw\x07\xe6\
\xcd\x9d\x83\x98\x0d\xb2\xb4\x81\xc8\xc4PR\x88\x8a\x17\xdb\
\xf9\x7f\x0c?{\xbd\x9c\x940\xbbg.\x9e\xd9\xd3\x8f\
\x83\x87F\xe0\xd8;O\xf8\xbaV?U\xdc\xc1\xc2q\
\x84T\x80-\xdbw\x80L\x84Y\xf3\xe6\x81\x93\x12(\
i\x87D\x9d\xd8}\xa8\x81\x07\x9e\xdc\x87\xbb\xee\x7f\x1a\
\x9bv\x0c\xa1\x7f8CUJ\xd0\xb8\x13\xa9&P\xb5\
\xf9\xe7\xb3H\xe7\xfb\x9aZU\xa7\xd3-\xe1X\x980\
\xa1\x8a\xffO\x15\x1f\xc4\xc4\x9e\x87w<\xd55<4\
t_\x15/P\x17\xf4\xe8\xe8Jt\xceJ\x9ffc\
~V\x99;\x01\x901L\xcc\xbe\x06\xdd\x18\xf6\xd3\xa8\
\x0ccb\xa2\x86e\xcb.\xc0\xc2\x85\x0b`l\x844\
\xcd\xf2\xd7\xe9\xd7U\x1c\x9b\xdc\xfa\xfdx\xb4:\xcff\
)\x92N\xbb\xaf\xcd\x9a\xa6\xa3\xbf\xf4\xa34\xecL\xbf\
\x7f\x82\xdb\x89\xa4b\x1cEp\x99C\xad\xde\x80\xcb2\
\xef\xfe\xd0\xfc\x8eE\x9e2\x9f*\xf34\xc4\xd3B\x0b\
'z\xc3\xb2\xac\x01c,\xd4\x09\xca\xa5\x12F\x86G\
p\xd7\x9d\xdf@\xbd^\xcf\xeb\xab\xa7\x87Z\x09\x9cB\
\xf5\xe3\x93\x03#\xdf\x9c\x988pN\x8c\xeb,\x08\x22\
4p\x16\xb2S;K\x17\xb9\xa8\xc2/\x06\xa1\x0c\xd5\
v\x00%\xff\xb7\xa2Q\x88\x00\xb6$~8<\xd8&\
\x98\xac\xa5\xd8\xb1c7\xe2J;\xe6\xcc\xe9A\x1c\xc7\
\x00\xc1\xcf\xebv\x04q\x0e\x92\x09\x0c\x13l\xcc \xd6\
c~\x99\xb4\xfe\xa5\xf9\xaf\xc2\xcb\x0d\x06H#\x8c\x0f\
U11Z\xf5\xb3\xa33\xcc\xb81\x5cJ\x90L\x91\
\xa6\xd2\x0c]qnb\x0d\xf5\x91\x1c\xe6|v\xb7\x03\
\xe2\xa4\x03\x19u`\xfb\xde!\x1c\xae\x1bdT\x02\x94\
AT\xb4\xc97\xcf\x00\x0c\x90\x8b\x8cn\x1a\xec\xdfu\
\xcetQ>\x8f(\xe0;\xec\x87\x87wf\x87\xf6\xed\
\xec\x1b\xec[~p`\xe1\xd8\xd7\xbb\x87\x07\x1e\xa2\xb8\
\xf2\xd5\x06\xc9\xbf\xd8\xcc}AA\xdf%\xd0\x181\xb6\
\xfbrP\xe2<\xe5\x9c\x11\xb8%&?#j\xdaz\
\xc6\xd2\x96Nc\xd0\x11A\x99b\x1cdQ\x81\x98[\
\xf54\xff\x06*\xa4\x8c\x7f\x02\x11?G\x1d\xd6\x80\xad\
\x81\x03al|\x1cm\xdd\xddx\xf9\x0d\xaf\xc0\xaa5\
\xab\x91\x81\x90\x15]\xeb \x1fE-\xb60\xaf\x88\xf5\
\xf5\xa3\x85\x18\x95\xa6\x92\xb0\xd6bxp\x00\x03}\x07\
\x10\xdb\x08\x06\xdal\x04\x01\x00\x15\xf2\xc7a\xd1\xb8\xc2\
\xc5\xb4(\xa0\xb0Y\x07\xbc\x08a'\x88\x90a~W\
\x82\x95\xcb\xe6\x83\xd3I\xc0\xf9\x08&H\x8b\xdd3\xd5\
\xb4\x91O\xb8\xaa9\xc6\x93\xdb\xf7 \xa3\x0a\x94\xcb~\
\x0e;,\x84\xfd)\xac\xaf\xbf\x0f\x0b\xe6\xcf\xc5\xbc\xd9\
\xddpi\x1d\x96\xb9\xc5\x874/\x22P\x01\x91z\xc1\
 \x04\x1b'\xb0\x956<\xb1e\x1b\x1a\x19\x83(n\
\x1a\xf8\x0b\xc1{\xad\x82\xe1\x88@\xd6b\xe7\xde\xfd\xd8\
{`\x00m=\xf308\x96\xe2\x9e\x877\xe3;\x0f\
n\xc5\xe6=\xc38\x5c\xb5\x98\x94\x124\xaa@m\xc5\
G\xb0\xfd\x10\xaf\xfc?\xf6\x8dZEax\xb3\x8c\xc1\
\x97\x15Ch\xbb\x12\xbe\xeeFF>\xfc\xcc\xe6\xef\xef\
;|\xf8p\xf6\xc2\xa7\x5cwb\xf6\xfc\x8bg3\xe3\
\xff\x06\xd1<\xc0_/\x15Gt\xcbG\x05\x99\x13T\
\xabU\x5cq\xe5\xe5\x88\x22\xdb\x9c\xe8s4\xff\xe4\x93\
J\x5c\x93N\xbf\xdf\xfa\xb99\xda\xa3N BO\xcc\
\x89\x96W\xa4i\x03\x8d4Ca5\xe5X\xe3\x00\x00\
9(IDATOp\xb4m(n\xa6\x08 \xb4\
\xac\xf9x\xc1\xd6\xa2\x84\x8c\x89\x90\xc41\x1ey\xf8a\
<\xbcq#\xd8\x18o\xcf4\xe3e3Q\x95\x88\xee\
\x8d\xf9\xf0=\xe7\xdad\xbc B\x03g%\xc3\xc3;\
\xdd\xbc%\x17\x1d\x16\x95\x01b\xbe\x88\x14\xb3\x01\x18i\
\xce\xc2\x9e2!\xf7Y%\x05\xc8\xd0XC\xb0\xb3\xef\
\x00\xaa)\xb0p\xd9\xf2<\x0d\xe9\xfc\xd84\xf8\xb1t\
\x99\xcb\x90\x94mn\xdb4\x9d\xa9\xba\xad\xe3\x88P\xb5\
\x18\x1fn\xa0:\x96\x22\xadePa0E\xb9'\x8e\
\x05\xc4\x80\xd4@\x85\xa0\x19!s\x02\xc9\x04R4`\
\xc24\x9b\xa4\x84\x18D\x16\x8c\x18\xb5\x06\xc1\x94fc\
\xcf\x811\xec\x19L\x91q\xd9/\x0b/\x02@\x9a\x9b\
\x91S\xae\x84y\xd3`\xff\xce\xef\x9e\xee\xf7\xea\xecd\
\xa7\xa0\xafO\x0e\x1f>\xec\x0e\xf5\xef\x19\x1b\xea\xdb3\
:x`\xcf\xc0\xa1\xfe\xdd[\xdbK\x17~s\xa22\
\xfeo\x89\x8b\xee\x14\xd0\x1dD\xba\x19\xd0\xfb\x00\xeaR\
\xd6\x07\x09\xdan\x8c\x19\x07S\x89\x99\xead\xc0\xc8\xe7\
^2\xa9\x80\x98X}\x1c\xb4\xe9\xaa\xa0\xbe\x93<7\
+\x22\xcd#\xf4\xads\xdd\x9b\x9d\xc5\xc8\xbdfs\xc5\
\xe6K7\x80z\x9a\xa2\x9a:\xd4\xc5a\xd6\x82\x05x\
\xc5\xdaWc\xc9\xf2\x0b\xe1\x00\xa44%\x1c\x8b\x92\x00\
?\xc4\xa5\xa8Bnm2*\xd2\x95\xbe\xf9\x86\x01\xc0\
9\xec\xdb\xb3\x07\xec\x1c\x1a\xd5\xba/Y\xc9\xf1\x93\x9f\
\xf2\x14\x22\xc1O\x172\xeckQ\x9bQ!\x9f!\xb0\
b\x10\xb9\x14\x09O\xe2\xc5\xab\x96!B\x0adu\x18\
\xf2\xb3\xc9\xc0\xec]\x0a\x0a['(\x84,LG7\
v\xf4\x0dap\xdc!\xe3R.v\x016\x06J\x8c\
j\xbd\x8e\x81\xc1\x01\x5c|\xe1\x05(\x19ED\x19\x88\
\xb2\xbcC\x1f \xc9\xd5m.\xebb\x13\xa1\x91eh\
\xebn\xc7\xd0\xf0\x18\xf6\xf7\x8f\x02ba\xe0/>\x1d\
ePr\xde~\x03\x045\x11&S\xc5\xa1\xb1\x1a\x9e\
\xd8\xd1\x87\x87\xb7\xf6c[\xff8F\xea\x09\x9c\xe9B\
Jmp&\x81p\x02\xc7\xb9s\x82\x22\xb7\xb5\xa2\xbc\
\xde\x96\x90\x814/\x18\xd0\xbc\x04w\x10J\xdf\x12\x91\
\x9b\xebY\xfa\xcf;\x9f~`\x04\xa7\xcf\xffQ+\xf1\
\x82Z\xd2\x16]\x052\x97\x80\x10\xb5L\xa8\xd4i\x8d\
J\xc4\x18\x1c\x1cD[\xa5\x82U\xabV\xf9\xe3R\xfc\
P\x00\x22S\x5c\xe2\xe4\xef\xfc\xf183Eh\x969\
4\x1a)\x5cn\xc6O:]d\x1e1\xc0d\xc6f\
j\xeb\xb2G\xb9A\x05\xd6\x18DQ\x84\x9d;v\xe0\
\x1bw\xde\x894M}6M4\x1ff\xd0\x5c\xbf\x1a\
\xe2IR\xf9\xcc\xd6\xcd\x0f?y\xc2]z\x96\x11D\
h\xe0\xace\xee\xc2E\x16b\xb7\x12\xcb\x8bT\x85\x00\
\xccQ*\x14\x5c\xe1\xb3\xc6\x94\x9f\xd6\xc8\x81\x81\xa8\x8c\
Z\xaa\xd8\xddw\x08\x07\x87F1k\xde<T\xda\xda\
\xf3\xa2so\xf6\xed\xa4\x0e\x13\x01q\x1c\x81\x9b_@\
\xad\xe6\xca\xd2\xf2\x1d\xe6\xeb\xe1\xa0\xf9$\x0db\x90\xc6\
8\xd8_\x87\xbavh\xd4\x81\x8c\xda\xc0Q\x17\x94\xdb\
\xa0\x5c\xf1V>T\x82P\x09\xa2\x16\xa2\x06\x9902\
!\xb8L\x91\x09A%\xf2\xd1P6P\x8dP\x9f$\
\xd4\xea14\xea\xc1\xae\x81\x06\x9e\xde7\x81\x14m \
\x18\x9fW-\x1ab\x8aS\xbe\x9f\xf5\xbc\xe6P\xff\x9c\
\x8f\x01}\xe7L\x11\xfb\x19\x80\x0e\x0f\xef\xcc\xc6\xfa\xfa\
\xd2\xee\xf6hb\xeb\xa6\x8d\xfbg/X\xb2\xa7\xc1\x93\
\xf7Eb\xf6e*\x7fC\xaaO@\xcd?\x80\xf51\
\x01>G\x84LUv\x00jH\xe9\xf0T\xb9$\x89\
\xbf^P\xd2\xa2b\x90Z<\x17\xe9\xe8\xa7V\x82\xc0\
\x15\x91'\xf5)k!B=\xcb\x90T\xca\x98\xb7d\
\x09\xd6\xbe\xee\xb5\x98\xb5`\x01`\xd8\xa7\xe0\xd1j\x88\
^\xfc\x9b}I\xc0Q|q\x09\xc55\x95\x8f\xf2\xb4\
\x95\xcb\xd8\xb1u\x1b\xea\x13\x13\x88\x0c\xcf(U\xf1\x17\
y\xc5\x89SM\x11\x09e\xb0\xb6\x98\x92\x09\xc0\xca\xb0\
\xc8\x10S\x0d\x97\xacX\x8c\xeeDA\xae:\xd5y\xdf\
l\xda\x99Z\xbf\x80a*\xdd882\x89m{\x0e\
#C\xec\xd3\xfdl|\xd4\x15\x80\x8d\x12LVk\x18\
\x1d\x1e\xc2\xf2\xa5KP\x8a\x04\x8c,\xd7\xfe>\xcd\xef\
;\xdc\x01\xa8\xa0\xd1h\xf8\xb1\xa2\x961w\xc1b<\
\xb9y'&\xaa\xe2;\xdd\x99!\xc5c\xf2\xae}\x81\
\xf1\xf5\xba\x1c#\xa5\x18)\x95\x00\xd3\x01\xe1\x0a2\xb2\
pj\xe1\x94\x90\xa1\xb0'jm\xccR\xbf\x9d\x92\x97\
\x16\x03j \x8f\x00<\x00d\xeb\xb3\xb4\xf1\xe9m\xe9\
\xa1=#O>4\x89\xd3+0\xa8\xbd}~\x14\xb7\
\x97\xe6\x02\xbc\x16@\xa9\x19\xd2\xa7\xe2p\xcc\xbfg\x8c\
\x81\xb1\x16\xfd\x07\xfa0\x7f\xfe|,X\xb0\x00\xce\xf9\
\xaf\x19\x7fQ4\x15\xac;\xb9\x16\x9ecTS\x9e&\
\x11Z\xaf\xd7\x91\xa6)\x88\xd9\xa7\xcde\xfav\x186\
\xfe|\x91\xdf\x8e(5P\x1cUOO\xe5G\x14\xc6\
\x18\xec\xdc\xb1\x13w|\xf9\x0e\x1c\x1a\x1c\x04D}O\
\x02Q\xeb\xc3\x15DJ\x84o@\xdc\x97\x0f\x0d\xec\xee\
\x7f\x96/\xf4\x8c'\x88\xd0\xc0YKW[R\xdb\xb2\
\xe9\xa1\x91\x05\x8b\x96<&L\xbb\x98\xe8\x0d`\x8e}\
5\x1d{\x01\xe9\xad\xaa\xf3Z3\x86\xc0Bm\x894\
\xea\xc0\xee\xfea\xdd\xb3\x7f\x80J\xa5N\xf4t\xcfB\
9I|\xb7'\x80\xb4VG\xd6h 11\xa2$\
\x81\xb8\x86\x9f\x15M\xf0S\x9a\xf2\x93f\xb3\x11B\xad\
\x8fn\xc2\x02h\xc3\xf8h\x8c\x86\xf6\xa0J]\xa8\xa2\
\x07c\xd2\x8e\xaaTPG\x8c\xba\x94\x80\xb8\x1b)W\
\x90\x22\x81\xd3\x18.\xb7\xf5\x11\x8d\xe1\xc4\xa0\x9e\x02N\
\x0cD\x08.\x8b04\xec0\xd1\xa8\x80\xca\x0b\xb1i\
\xfb0\xb6\xedK\x91\xa1\x1dE8\xc5G\xa3\xd0\x12w\
\x12T\x1b\xb5]=\x8b\xb3\xcf\x0f\xf7\xf7\x9fJS\xeb\
@N\x9e\x16S\x1f)\xed\xab\x0f\xf4\xef~\xfap\xff\
\xee\xc9C\xfd\xbb\x9e\x1e\xec\xdb\xbe\xd7\xcc\xe9\xd8\xb4\xeb\
\xe1dS\xdb\x5c\xf9\x96\x99H\xbfB\x09\x7f#\x13\xdc\
\xc1\x86\x9fT\x95M`*\x03\xc8\x08\x8e\x89\x91\x19\x82\
a2J`.E%L%\x945\xf7|\xf7\xddM\
\x0a@\x9c\x03D\x90e\x0e\xd5j\x0dN\x09Q\xa9\x82\
\xcb_z5^v\xc3+`\xcb%\xa4\xf0vF\x0e\
-\xbe\x8d\xc4y\x13\x91\xbfP\xe3\xa9\x12\x02\x14\xa7=\
Q\x05\x89\xcf \xb0\x12T\x14\x89\xb58t\xa0\x1f\x07\
\xfa\xf6\xf9\xe9c\xcd\xb4\xabi\xda\xd9h.\xbd$s\
0l\xc1\xb9Ycs\xcdy\xdd+\x93Cmb\x08\
+\x96\xcd\xc7\xfc\xae\x08&\xab\x01\xe2rc{/B\
}\x09\xad\xef\xaaW\xb6\x18\xafe0\xa5.l||\
\xbb\x8f\x84\xc6\x89\xff\xacQ^\x9fJ\x0cQ\xc6\xc1C\
C(\x95\x13,\x9d\xdf\x83\xc8\x08@\x0eN3\xef\x9b\
j|\xa3\x928\x878f8\xf5\xbe\xc2\x95\x9eY\x88\
\xdbga\xc7\xde>L4\x08\xca%/FQ\x94\x19\
\x14u\x8a\x0a\x90\x85(A\xd5z\xefQ\xa5fY\x03\
\x91\x0f\x9c\xe6U\xbd~\xcaQ\xa1\xd6\xbd\xd7\xa32t\
\x92H6\x91\xea\x07H\xdc\xdf<\xcd\xe3O\x0e=R\
\xa9b\xe0\x87g\x84\x9d\xda\xd8X_\xda\xb3\xf8\xc2\xa1\
\x88\xcd\xeb\x89h\xc1\xd4\x9c\xa8\x22$O~\x98\x97o\
\xe7G\xa3\x91\xe1\xb1G\x1f\x83\x8db\xcc\xea\x99\x85\x8e\
\x8evo\x9a\xa0\xfe\xf5\xfbzw\xca#\x87\x98\xb6?\
}\xd9\xc7\xb1E\xa6\x9f\x10\xe5\xeb\x8c\x0d1\x98\x18\xd6\
D0la\xc8\xc0\x90\x81e;\xed\xbea\x82a_\
\xc6\xc4\xcc0\x96\xf2ZV\x0bc\x0c\xac\xf5?#\xc3\
\xb0-7_\x07-H\x1b\x0d4\xea\x0d\x10[\x18c\
a\x8d\x05\x01\xf9:\xd8?\xd7\x0c\x01J\x80\x7fN\x22\
p\xbe\x9d`\xc9_\xbf\xbf\xc5q\x84\x88\x19\x915\x88\
\xe3\x08\xf5Z\x0d\x1b\x1f\xdc\x88\xbb\xbey\x17&\xc6\xc6\
|\x1f\x023\xa6U\x80\x11@\x86\x15\xc0~\xa3\xf4\xd1\
\xa7e\xf0^\x0c\x0c\x9cS\xa9x\x00\xb0\xa7{\x03\x02\
\x81\x1f\x95m\xdb\xb6\xd5\x01\xd0\xe3\x0f\xfe\xd7\xee\x17]\
}\xf5(Q\xfb\x83\x04\x5c\x0b\xd2r3\xa7\x8d\xfcd\
\xa6\x0a\xa1\xe2\xf4`\xe04\x86--\xa4\xbd\xe3c\xb8\
\xe3\xbb\x9bqpp\x01\xd6^y\x01\xe6\x95,\xb8F\
\x88\x84\xa1\x13\x13`r\xe8\x8e\x08\x86c\xa86 \xe4\
=\xa2\xfdw\xa84/\xd4\xab\xf5\x14\xa5r\x17\x1aN\
\xa1\xd4\x89\xf1\xd8b(-\xe3\x89-}\xd8?8\x86\
\xc9\x86Cl#\x94cAl\x14s\xe7\xceE\xa5\x9c\
\xa0\xb3\xbd\x8c\xf6R;z:K\xb0&Cd\x00C\
\x0e\xea2TE\x80z\x03\x99\x10\xa8\xd4\x01\xc7=\xe8\
?\xa4\xd8\xba\xe70\x04yS\x92\x8a\x8fe1\x91p\
ag\xe8\x0d\x22KIrq-\x8bi\xc9\x92\xeb\xca\
{\xf7\xdew\x9e\x8c\xf2<s8\xf0\xd8c\x13\x00\xb0\
\xf3\x11\x0c\xc3\xab\xabM\xb8\xfaj\xb3\xa2\x9e\xf4\x192\
\xcb\x8d\xb5\x0e\xa0\xd5 \x1a\x87\xea\x85J\x98OJ\x17\
\x02\xb0\x8d,\xb5\xe4\x94\x9cs\xa4p\xaa\x9a\xe5\x91(\
\x81*\xc1\xa9 \x93\xdc\x9a)\x8e\x11U\xdap\xc3\xab\
\xd7\xe2\x82\x8bW@\x22F-s\xd3k\xd2\xa6W\x0d\
73\x05S\xff>\xde\xb9\xcd_\xe0,Y\xba\x1cO\
=\xb2\x110'\x8a]x7\x08\x00\xcd\xee\xfd\x02!\
 cFJ1\x0e\x0cM ]\xd2\x86(7~\x17\
\xa0\x19A\x8a\xbc\xa9g\xfex\x01\xb2:zJ\x9dX\
\xb5|\x11\x9e\xdc7\x89\x14~\xbcj!\xac\x89\x12\x98\
8\xc6d\xda\xc0\xfd\x8f\xef\xc2E\xf3\xbb\xb0jq\x05\
\x09\x11\x22\xc3`\xf1\x11\xe4\xc2@\xbf\xda`H\x94\x00\
T\x024\xc6UW]\x85\x8d[\x0fc\xff\xc3;\xc1\
\xb6(o\xc9wOS(\x15\xe2i\xca\xd3\xb45#\
2\xfd\x85NWWD8\x088\x88\xe8;\xa04\xa8\
\x8a\xfdO?z\xf7~\x9c\x89\xa9UIG\xd5\xd8\xcd\
DX\xa3z\x94@\x95\xb2w\xe1\x80o\xc6l4\x1a\
\xf8\xeaW\xbe\x82m\xdb\xb6\xe1\xca+_\x8cKV]\
\x82\xae\xee\x8e|\x9fp\xd3\x9d\xc0G\x13\x8f>\x09(\
M\x8b\xe3/\x8f\xa6\xb6L\x83\x13\xf1\xf5\xc1\xc73\xb0\
\xf7f\xf9\xf9\xe6\xa9\xcbK\x5c\xa6\xde\x93#\xc6\x88N\
[\x15\x83\xc85\xc5\xab\x88\x80\xd86]J\x9c\x08\xa2\
\xdc\x0bU\xa5\xa8o\xf6\xeb\x16\xd5\xe6v\xb5FKu\
\xc6\xe7I\x9c\x83\x90b``\x00{\xf6\xec\xc1c\x8f\
>\x86\xed;\xb6#\xcb2\x9fA8\xc6\xeb\x22\xd5I\
%\xbaG\xd5m\xc4\xa6M\xe7TCRA\x10\xa1\x81\
\xb3\x1d\x05\x90my\xe8\xa1\xa15/}\xc5\x1f\x0b\xcc\
\x8d\x00\xfd\x02\x01%\x85\xd8\xe9\x8byH\xfc<f\xe5\
2M8\xe8d#\xa3\xff|p\x1f\xf6\x0c\x8c\xe1'\
^~\x19\x96w/A\xbb\x19@VWd\x13\x0d\xa8\
\xc9Pj'\x98\xc4\xfa\xc1\x8e\xdah~\xa91\xf9h\
\x88)Y\xd4\xd9\xc0E\xdd\x98\xc4\x02<zx\x10\xdf\
\xb8\xe7\x09\xec\xd8?\x86T\xca\x00%\x00\x1cXR\x10\
2X\xde\x83\xc42\x92\x18HbF{\x09\xe8h\x8f\
\xd03\xab\x13]m\x09z\xda;Q\x8ac$\xa5\x04\
\xcc\x11&j\x8a\xfeC\x83\xd8\xb8\xe5Q\xf4\x0d\x11\x1c\
w\xe4\x9d\xd6vjjS\xee\xa1^\xbcLCDe\
#\x9f\x7fz\xef}o:\xddoR \xcf1?\xf4\
\x90<\x03\x1c\x04p\xf0\x92+\xd7\x1e\x84\xa6\xb1\xb2\xed\
\xb4\xc8Rq\xe6\x22b}\x19\x81\xdeHJ\x0bU\xa5\
\xd3\x90\x98\xcc\x89\x85NUm\xfa\x9f\x0c\xa7\x02.Y\
\xccY\xb0\x00\xd7\xdcp\x03z\xe6\xcdG\x83\x19\xce\xc9\
q\x9b\x22\x80\xa9\x13z\xf1\xa9\x90ch!\x01\xc3\xe4\
\xc2w\xde\xfcy\xe8\xec\xe9F:9\x09\xc9k<\x01\
L\xb3\x13+\x1c\x87\x8e\xbf#\x18\xc4\x09\xf6\xee\x1fD\
\xfd\xb2y\x88a\x10\x1b\x0b\x9f\xcc\xf6)|H1V\
\x17\x80(b\x02\x12\xa3\xb8h\xc9|l\xef\x7f\x06\xa2\
\x19\x9cZ\x10Gy}\xab\x81\xb0\x81\xb5\xdd\x18\x19\x1f\
\xc6w\xee\x7f\x0as~\xe2z\xccN\x18$\x04C~\
\x86<H\xe1\xc8\xa2\x81\x12\x84\xbb0>j\xb1\x7f\xef\
0\x1e\xd9\xb6\x05\xdb\xb7\x1f\x00\x9b\x046\x8eQO3\
\x1f\xc5=\xc94\xaf\xaa*\x11Qa\xf69\x95d\xa6\
T\x09U\x15\xfc/\xe7\xb2oLFc\x87\x01`\xff\
C\x0f\xbd`]\xef\xcf\x96m<9\xbc\x0a\xa5\xbf2\
\xca\xaf\x07\xd0u2\x86K\xc4\x8c\x8d\x1b7\xe2\x89\xc7\
\x1fGgW;\x96.]\xdc\xbao\x000\xc4\xb5\x08\
7b/\xda\xf2\xf7%M\x9b\xb3\xb7\x00\x00\xa6\xe5\x18\
*\x8eU/\xf8\x8a\xe5\xfc\xf7o!\xfc\xa6j\xf5\xfd\
\xdfm\x1cO\xbb\xaf3\xae\x86\xf8\x88=\xcf\xcd\xf5\x13\
M\xb5\xb4\x11\xfb\x86U;C\x84\x92\xb4n\x93/\xd5\
\x92\x16\xd1\xab\xea\xa6=G\xa3\xd1@#M11>\
\x8e\xf1\xf1qd\xce\xc1\x1a\x1fQ\x8d\xacA\x9ae\xfe\
\xb8\xa1\x99\x22\x9d&\x89\xf0oOg\x83\xfb^\xd0\x83\
\xe0\x05$\x88\xd0\xc0\xb9\x82\x13\xadngi\xfb\x84\x1a\
\xbaFY\x17Bx\x0e\x80h\xe6\x97\xa82\x11\xc3 \
\xcb\x1c\x04\x15\x8aJ\xbe\xb3\xf5\xa1g\x0e\xa0\xef\xe0}\
\xb8~\xf5\x22\xbcr\xcd<tF\x16HG\x90N\xd4\
\xd0N\x19\xda\xd8\xc0$\xb1\xef$&\xc9\xc7\x222\x84\
bdTFff\xa1\xc6\x0b\xf0\xbd\x8d\xfd\xf8\xc7;\
\x1fG\xdfh\x02g\x17\xc0\xc4\x9dh\xa4\x06\x11\xc7\x88\
\x8c\x82!hH\x86\xaad \x97\xc1\xd4\x04\x5c\xafC\
\x87\x1a\x90]\x07\xa1.E$\xf0\xa9%\x93\x8fZ\x84\
\x85p\x19T\x9a\x8d\x09a\x901\xbe\x1a\x95(\xff2\
\xf7\x1eUN4\x9f\xf4\x01\x95\xaca\x8d\xb1\x07V\xae\
\xbc\xb6}\xdb\xb6\x07FO\xf7\x1b\x14\x98\xce\xe6G\xee\
\xde9\xe3W\x8f\x02\xf8\x0a\x80\xdfn\xfd\xe5\x9a\x97\xbc\
\xdaU'S\xd2<:\xa4\xc4H\x15(\xb5w`\xc5\
\x8bWc\xf5K\xae\x04\x95JHAH\x1bu\xa8\x8a\
w~8\x0e\xaay\x14\x9fO\x5c\x91\xa5\xe4\xed\x9f\x88\
-\xe6/\x5c\x8c\xbe\x9d\xcf@\xdd\xf1\xca\x8c\xc5\x9f\xfc\
\x95\x8f\xf1wF\x06\xc6\x81\xc11\xa4b\x91\xa9\xf1\xe9\
\xd6\x19\xd1)\x1f\xbb\xf4Y\x8c\xf1\x89QD\xed\x1d\xb8\
p\xf1<t=\xb1\x13\xb5\x86\xdf~\xd5B\x8c0\xea\
\x0d\x87\x84K0\xa5Y\xd8\xb2\x7f?\xfe\xfd\xbb\x8f\xe1\
m\xaf\xbb\x06\x1c\x95\xbd%\x05\x04\x8e\x01\x87\x18O\xef\
:\x88\xed{\xf6`\xcb\xee\x01\x1c\x18\xa9c\xb4\xce@\
\xb9\x0bjJ\xa8\xa7\x0d\x14\x22\xe7\xd9\xa0\xad\xa1:B\
\x0d\xa0T\x15\x7f\xaf\x82\x87\x87\xea\xd9\x1d\x03\x9b\xee\xae\
\xfa\x9dsf\x8a\xcf&\x0f=$\xd9U\xaf?\xc0\x8c\
\xfd\xa4H\xd4\x87\x8bO(D\xad1p\xcea\xe8\xf0\
\x08\x06\x06\x06Z\xf7K\xfe\x1eME\x94\x8f\x8cj\x16\
\xfb\xdb;\xe06\x07D\xf0Q\x9eV\xf9\xb8i|\x90\
\x80\xed\x94\xb4i\x8a\xd8\x96Cv\xa6\x08%\xe6\xdci\
\x84\xfcd=\x9aZ\x9f\xb4>\xb0\xe85hy|\xf3\
\xf5\xcd\x10\xa1\xad\x88\x08l\x14!\xb2\x16I\x92\x80\xb3\
\xcc\xef/\x91c\xbc\x16\xdf\x9d\xa7\xaa\xff\x22\xea\x1e\xc4\
\xa6MgD\xb9\xc6\xf3A\x10\xa1\x81s\x86\xc6\xc8\xc8\
\x81m]\x90K\xd3\xb6\x9f\xa3\xc8\xbe\x82\x8d~H\x81\
.(\xc5\xd3.\x85\x954#\x85\x18\x03%AF\x11\
\x11W\xc0\x1d\x0b\xb0?\x9b\xc0\xd7\x1f\xde\x87\xdd\x83\xe3\
\xb8\xe1\xf2\xa5\xb8x\xfe2\xa8\x0c\x22\x1b=\x84(\xb2\
\xb0\xec`\x22\x8b\xac6\x81$)\xa1\xe1\x00g+\x98\
pm\x18\xabu\xe1\xde\xc7\xfb\xf1\xcf\xff\xf1(\x86\xb2\
n?\xfd\x06%d\x9a\x80\xa2\xc87-h~\x82f\
\x068F\xf3\xca\x9f|\x1d\x5cq\xe5\xeer\x8fPV\
\xff\xa5\x9c\x11!\x83\x85\xba\x18\xc2\xd6\xd7i\xa9B\xd3\
\xac\xf9E\xa9L\xc8DAL^\x97\x9a\x08\x0et\xa3\
\x94\xe8\xa3\x00\x82\x08=Kq\x99\xa4d9\x16%8\
UT\xd3\x14KW\xae\xc4e/y\x09\x16,_\x86\
\xaas\xc8T\xfc\x91d-X\x01\x91<\x8aX\xa4\x89\
\x9b]\x0e\xfe\xe4H\xe4\xc5\xa7dY~\x7f\xfa\xc9^\
Z4\x18+\x90\x8aC{g\x07\xe6\xcd\x9b\x87\x03{\
wAD\xa7Mu\x992\xd7\xd6\xe3\x88\xcf|\xdd`\
\x08\x970<9\x8cC#utt\x97\xa0RoI\
\xc7\xfbf)\xca\xfb\xe3S\x10\xe28F\xb5QCg\
[;\x16/\x98\x8b}\xdb\x06\xc1I\x05\x04\xd3\xfch\
G6\x01 H\x05\xa0x6\x1e\xdev\x10\xb3\xe6\xec\
\xc2\xcb\xaf\xbe\x0c\xe3CC888\x80g\xf6\xec\xc3\
\x81C#\x18\x18\x1aGJ%8\x94\xe0x\x16\xb4=\
F\xc6\x16Y1\xbaW\xfd\xeb.\x04BsF\xb9\x88\
\x8fx\xca\x8c\xc8gs\xaa\x16\x1c\x94\x1a\xa4r\xab\x08\
\xfe13\xb4%\x9a\xa8\xca\xc0\xd3\xf7N\xe0L\x17\x9f\
-o\xd13\x1b\xef\xdc\xb1\xfa\xaa\xd7\xfe\x81\x12\xff\x12\
\x11\xfe/Uj\xce\x16VU_\xe1\xdar\xd0\x88+\
F\xb6\xfa\xe3-\xe6Rse\xaa3\xa2\x95h=>\
\xf3ed*\x92)'\x11|\xa6\x19U\x02<M\xac\
\xca\xf4\xe3\xb9i\xc5zt\x9b\xa5\xa9\x8d\xe0\x5c\xf4\x0a\
lk\xfa\x9e\x8f\x94\xe0\xd3Eh\xfe\x19kM\xc7\xcf\
\x10\xa1\xcd}\x90_\xbcE\xb9\x0ft\xf1<\x11G3\
\xf6\x11\xa5\x04\x1cb\xd07\xb7=\xa2;p\xf6\x1c;\
\xcf\x9a B\x03\xe7\x0cy\x8d(\x9e\x02v\xacZu\
C?u\xc5\x97@\xf9uDX\x0cE\x8f\x16\xc7;\
\x09D\x8a\x9ed\x9f\x02I)\x06\x83\xbd\xcd\x8a+\xe3\
\xfe\xed\x07\xb1e\xf7\xc3x\xd5\x95\xcbq\xed\xeaE\xe8\
J,j\xc3#\x98\x13\xb7\xa3b\x1c\xc0%\x8c\xa6\x8c\
\xa8\xdc\x89I)\xa1o4\xc2]\xf7?\x83;\xef\xdd\
\x85*\xe6\xa1F\xddp\xa8@\x10\x01j\x012(\x22\
1\x00\xf2\xfa\xd4)2\xa2f\x1d\x9d\xdfF4\xeb=\
\xfd\xdf\xf3\xabs\x9d\xfa\xc8\x16\x0e\x8c\xbea\x02H]\
\xe6\xc7\x1a\xba\x8c\x16.^\x82R\xa9\x84\xc1\x81\xc1(\
\x13\xf7\x96\xd5k\xd7\xee\xd9t\xf7\xddg\xd3\x890\x90\
#\x04M\xf3YE\xa5\xf66\xba\xe4\xe2\x17a\xcd5\
/\x85\xc6\xde'\x93\xa1p\xcf\xf2]m\x8a\xab\x93y\
~\x00q\x92@\xb2\x06\x16.^\x8c'\x1fy\xe8\xb9\
\x8f\xef\xe1\x18\x135\xc1\xd8d\x06\xe9\xb6\x90\x16kD\
\xef\xa6\xe4'\x179\x98<}\x0b\x18\xb6(G\x11V\
,[\x8a\xc7v\x0d\xa3\x9a\x9b\xfb7\x05\x22$W\x90\
\x16\x19% \xee\xc4\xf7\x1e\xdd\x8e'\xb6\xef\xc7\xd8\xf0\
02\x15\xd4\x95\xe1\x88\x01\xd3\x05 \x81 \x86\xa3\x08\
`oP\xaf\xc7ye\x85\xe0\xf4\x1a\x8c\x8e\x88|\x92\
\xc2\xaa\xd27\x89\xf4\x8eldb\xc3\xb6m\xe5I\xe0\
n\xc1\x0b0\xed\xe8\x14\xa3\x00d<\xad}\xb3\x12\x95\
F\x08|!\x01+\x94\xc84C\xcf-\xfb\x83\x9e}\
k:\xcc\xcc\xeev3u\x9fq\xe2\xb8\xeb\x115\x9e\
\xd3\xd6\xc7\x98\xee\xf5~2Qmn\xf90<\xfb(\
8\xeb\xf1\xdf\xe4c\xed\xa2\x96Y\xad\xc5\x92\xfe\x18\x83\
\xfe\xa6\x82$C\xfaM\xe0\xee\xecYo\xd0YD\xe8\
\x8e\x0f\x9c\x8b\xc8\xa1C{\xd2\xd9\x8b\xe7m\x14\xb2\xff\
\xc5*c`,cB\x97/\x9b\xf4\xc3\xd7\xf2\xff\xfb\
\xeea\x90\x1f\xc5\xa7\x06\xca\x11\xb1\xed@Mbl\xdb\
7\x8cm\xfb\x0f\x03Q\x07\xca=\x0b0Q\xcf\xa0Q\
\x1b\x90\xf4\xc0\xc5s1\xe4\xba\xf0\x83\xa7\xc6\xf1\x85\x7f\
\xdb\x84{6\x0e\xa0n\x16\xa1N]\xc8\xb8\x02G\x11\
\x88\x22\x88\x1f\x06\x88\xe6\xcc\xed\xa6\xddS\x91\x99\xd3\xe6\
\x18n\xdf8Q\xdc\x0a_k\x86\x03A\x88`Z\x5c\
\x1d\x95\xb4\xd9\xbb\x9a\x94\x12d*\xc8\xd4\xa1\xd2\xd5\x8d\
\xeb^\xf9c\xbaz\xcd\x15\xd4\xd6\xd5\xc3\x1c\xc5/\xea\
j_|\xff\xd2\xd9\xab\x0e\xec\xdc\xf9\xc89\xfd\x85v\
.q\xf5u\xaf}q\xf7\xfce\xd7g$o\xcb\x14\
\xb6g\xee\x5c\xbe\xe6\x86\x1bp\xe9UW@\x92\x08\x88\
bd\x92\xc15|s\x03\xc3Ly\x0b\xa28\xadM\
\x8f\xe4M1}n\xcc\x91c\x0f\x0b\xd7/\xdf\xad\x1e\
1\x81T`\xe1\xb0\x7f\xcfnT'&\x8f3>\x9b\
\xc0\xc6\xe6\xad\xe1-^\x8a\xad\xe6\xde\xc6@\x1b\x93X\
\xda\x13\xe3\xc2%\xb3at\x1cL.\xef\xd67\x10e\
\x88I\x90\x12\xa3.\x84z\xe6\xbb\xd6\x85+\x10\xdb\x86\
\xcd;\x0e\xa2\xae\x16\x0e\x0c6\x04\xa1\x0c\x84,\xbf\xb0\
T\xc0Fp \xd4E0\xdep\xa8j\x84\xcc\x94\xe0\
\xe22\x9c-\xc3q\x19\x19\xf9\x91\xa9~\x8e\x92)\xcc\
\x87r\xaf]OQ\xeb\x89\x99\x17oE\xe4\x13\x94\x12\
\xa8\xaeJ\xbdJ\xf4\xefC\xe3\xd5\xdfM\xaa\xfb\x1e\xde\
\xb6\xed\xf1jn6\x7f\xd6^\xf4\x8d\x1c\xdc\xdd\x18\x5c\
\xd4\xb3k\xb6\x96\xb6\x80(#\xd0\xa5\xf9W\x12O+\
>?\x22\xecx\xe4\xad0\xc4\x9d\xea\xb6?\x16\xd3\xc7\
YN\x17\x86-\xeb;\xd1\xc4$j]\xfe\xc8\xc7\x1f\
\xf9\xb6\xcc\x8c\xa4\x9ai\xcb\x1d\xe1\xf39c\x9b[\xbd\
|\x8b\xcf]1\x97\xe0h7A\xf3\xb8\x9a\xf6\xfcL\
\x94\x11\xe1 \x81?\xab\xe3c_\xdf\xbe\xe9\xdes>\
\x83\x15\x22\xa1\x81s\x15\xdd\xfc\x83\xca\x08\x80GV_\
\x91U\xd9\x98'a\xe8w\x09t\x91\x12\x95r\xe3@\
\x9a\xba\xea\xf55AJJ\x0e\x112\xb2\x88\x92\x12j\
\x5c\xc13\xc3\x93\x18\xbco'\x1e\xdb\x95`\xf5\xca9\
\xb8\xe4\xa2Y\xe8\x9e\xd5\x8e\xc1C\xa3x\xe0\x91\xcdx\
\xf4\xa9>\x0c\x8e\xb7\xa1\xcaK\x00t\x22\xa5\x18\xc5G\
\xcb?C\xcb\x18\xb7f\xd7\xad\xef\x1c\x9d\xa2\xb5Z \
\xffM\x1e\x11\xf2wr\xc3}L\x15\xe67\xd3V\x04\
\x8cLNB-CM\x82\xd5/~\x09:\xba\xe7R\
J1\xe6,\xba\x00\xe5\xee9K\xfb\xfb\xfb?g;\
\xbb\xdf\x83\xbb\xf1\xf5\xe2iN\xf7\x1b\x148.\x9c\x82\
\xe6\xa9\xb5\xff-K\xc5\xaeX}\x09\xad\xbe\xe2\x0a\xcc\
\x99;\x17\xe3i\x8a\x8c\x0c\xd4e\xfe\xa4F\x06\xa4\x9c\
\x8f\xd9\xcc\x1f\xfc\x5c\x9f\x9d\xa6\xe2:\x0c\x01)A\xb2\
\x06\x9e\xda\xfc$\xc6\xc6\xc7N\xf8p\x11\x9d\x91\x22m\
A\x19\xa2@\x94\xb4c\xf7\xc11\xa0\xd4\x8d\xc6\xe4\x98\
\x9f\xd6d\xfc\xe70S\x0b51RaTY0\x8e\
\x0c\xa0vT3\xc2\xe1j\x0a*%\x90Ij\x09?\
I\xcb\x85]\x1e!\x8d\xcb D\x00\x0b \x84L\x15\
B\x02\x15?\x09\x09\xb9Kj\xab\xaa(j\x05]K\
\xadA.D\xfdn\xa1f\xdb\xf3>%r\x22\xf8\xdf\
L\xb8j\xeb\xc6\xec/\xfc\xaf\xefu\x83\xe7\xcegK\
\xf0\xd0CR\xbbr\xed\x03%5;\xc8\x9a\xeb\x15\xc8\
@\xb8\x98\x08V\x15&\xb7jjFD[\x1b\xb4~\
\x94\x08\xe9\xa9\xe2H\xdf\xce\x19\xd7\x10\xc7\xfc\x80<\xf7\
\xa0\xf5q\xa6\x8dBU\x9b\x85a~\xbf\xf9oy\x22\
\xaaB\xa1*\xee\x17A\xb4(\x1b\xc5\xbd\xdb\xb7\x9f\x1f\
u\xfc\xa7\xed \x09\x04^(V\xaf^\x1d\x8f\x8ev\
\x99\x9e\xb9\xe5k\x10\xd1\xcf\x11\xe8\x173%#\x84H\
\xd5QQ\xe8\xde,`'\xc0A\xc1>\xf2C\x06\x0d\
X\xa9\x22\xd2\x09\x18\xd4\x10\xb1\x83\xb5\x04q@-3\
\xa8\xb9\x08\x8e\xda\x00\xae@\xb8\x04\x1f/r\xcd\xabs\
\x03\xd3\xb4\xfe\x10\x11e\xe6\xdcjg*J\xd5L\xc5\
\x93\x1c\xf5k\xb0\x19y\xc8UFT\x8e\x905\x1cR\
\xa7P6\xa8\xa7\x19\x92\xb6N\x5c\xb2z\x0d.\xbb\xfc\
*d.\x86\x10C\xf3\x07\x88\xa4\x98\x98\x98L\xb3Z\
\xe3\x8f-gw\x7f\xe6\x8f\xdf\xf5\xbd\xd3\xfd\xbe\x04\x8e\
\x0b]\xfd\xa6\x9f\x9d\xdd^i\xbf\xa3g\xce\xecW\x5c\
\xf2\xe2+\xc8q1\xf4\x87\xe1\xf2\xa3\x84\xc4\xd7\xe2\x15\
\xd3\xb6\xa6\x1a*N\xa4\x83rw\x87)_\xfc\x96g\
\x16(\x03Y\x9a\xa2\x5c\x8a\x15\x99\x80\xeau\xfc\xe0\x9e\
\xefb\xe7\xb6\xad \x97R,^\xc09\xe7\xe0\x9ck\
6B\xe5\x06;>\xb5MS\xe3\x09\xa7]\xec\x01 \
q(k\x15\x8b\xda2\xfc\xdc\x9b_\x85\xe5\xf3\x13P\
6\x8a,K\x91:\xa0\x9eZ\x8c\xd7\x05\x83C\xa3\x18\
\x1c\x9eD\xdf\xe1a\x1c84\x86\x81\xc3chp\x1b\
\xc6\x9d\xaf\xe7\x94\xc2 _\xdd1j\x09eZ\x13J\
\xb1\x8c\xff\xdd\x91JD\x8f\xd1\xf1\xc2L\x0eJ\xa2\xd0\
\xbbA\xd8\xabN\x7f_E\xe8\x19\x19<\x80M\x9b\x1c\
\x8e\xefqu\xb6c\x00\xe8\xea+~\xecRG\xe8&\
c>(\xc0\xb5\x00:\xf2\xbdv\x5c\x1dAD$\x82\
\xe3\x8a\xd3\xe2p=rM\xd3\xbf\x0d\x8b\xc7\x17\xb5\xb9\
S\xcfaf>\xe7\xb3z\x81G\x8f\xa4\x9e<\xadM\
I\x80o\xbdj}\xbd\xe2\xa6\x8e+\x7f\x0c\x16\xe2\x13\
\x0eJ\x02\xe0\x9b\x02\xfd\xbc\xc2\xfd\x00B\xc9\xd6\x8dw\
m\xc6\xb9s1s\x5c\x82\x08\x0d\x9c7\xac^\xbd:\
\xd6x\xce\x056\x8e\xfe_QZ\xab@' \xdd\x0a\
\x22q\xd4,\x89\x17\x02\x9c\x12\x94\x04\x16J\x0c\x81\xd1\
\x0cF302\xef7\x98\x8bA21\x9c\x1adj\
\xe04\x9f\xe2\xd2\xf4\xd1k=\x01z\x0f\xba\xe6\xcc\xf0\
\xfc\xe4,\xe2\xc7u\x12|s\x87\xe6\x85\xf1n\xc6\xf7\
\x0f\x13\xe5\xf5\xab\xd4\x14\xcc\x998d\x02\x80\x0dL\xa9\
\x0d/\xbd\xe6z\xac\xb8\xf8E\xa8;\x03\xd58\xafE\
\xcdK\xd2X5MSh\x9a:A\xfa\xa5tr\xfc\
\xf7?\xf3G7m\xc7y\xf2Ew\xb6\xb0n\xdd:\
\x93\xcd[\xd9\xedj\xb5\x9e\x8c\xed\x1f\xcc\x9e;\xfbg\
\x96^\xb0\x9cS\xf8\xf4\xb8\xe47j\xed\xd8\x85\xb7\xbb\
i5\xe8R\xfe\xd1D\xa8\x9f\xe4)pp(E\x16\
\x91!\x19?4\x94M\x0c\x0e}\xee\xa9'\x1e\xfdo\
\x87\x0e\x1e\x9c\xd3\xa8NX\x93:b\x10\xd8\x8f/<\
\xc2-\xd3\x01\x00\xd9c\x8a\xd0\xc8F0R\x83m\x1c\
\xc6\xc5\x8b{p\xd1\xe2\x1eh:\x89z\xbd\x8aZ\xa6\
8ph\x14\xb5\x8c1>Y\xc5\xf0x\x0d\xb6\xd4\x06\
G6ojJ\xd0@\x04\x81m\xf1#}v\x11,\
>\x22P63TF\xb9\xf9\x84\x8a*9&\xda\x00\
h\xc7\xf8\xa4\xbe3n`|\xe7\xce\xbb\x1b8\xfbj\
=O\x05f\xd5\xe5?\xb6R#\xfe\x08@/\x02d\
\xae\x02mD\x9c\x02h\x03\x00\xa82\x01\x99\x02\xd6\xef\
Ge\x80\xdct\xcf\xd1|\xe6l\xcb=\xe0x\x22t\
\xfa\xf2~fC\xcb\xe3\xc9\xea\xf4G\x93\x1eO\x1c\x1f\
):[\xbc`\x01\x10\x19=\x91\xb8n%7gn\
.ohJd\xaa\xc2\x08\x19\xc9{\xed\xea\x00b(\
\x86\x00\xed\x00p\x88\x08\xdf\x12\xc1\x1f\xd7\x07k\xbbv\
\xeeDv\xae\xd7\x80\xce$\x88\xd0\xc0\xf9\x86Y\xb3\xe6\
5s(6K\xd4\xca\xcf\xa8\x9a7\xab\xc8r\x90\x8a\
\x13\xc4\xf0\x16\xa2\xd3D\xa0Q\x01\x89\x83Q\xdf\xad\xae\
\x00\x89\xf8H\xa7\x89\x12\x90\x890Yk(\x19KN\
)\x8f\xb1x\x01\xda\x9c\xfc\xd12k\xdb\xb0A\xa6\x0e\
\xce\x09\x04\x04\x11\xf5I\xfb\xbc\x0e\xaf\xe8\xacl\xf5\x9d\
cb(\xe7\x13j\xf2\x08S#\x13\xd8R\x19\x0b\x17\
/\xc1%\xab/GGg7\xc8\xc6\x88\x936LT\
]>\x11gJ\x84\x16\x11#M\x1b.s\xd5=\x9a\
\xd57\x8c\x8f7>\x9c>\xf3\x9d\xd1\x0d\x1b6\x9c\xcb\
\x91\x9c\xb3\x05Z\xf7\xee\xde6D\xee\x97;:\xba\x7f\
\xa2\xad\xab\xfb\xf5\xe5\xf6\x0a\x88\xd9\x0f\xf3l\x11\xa1\xc5\
\xa1Q\x1cU3\xc7\x0a\x9e\xb8\xc3\xf8H\x11:5a\
S`,\xa5ql\xb7\xb2\xc8\xfd\x03{\xf7o\x1f\x19\
:\xf8\xa5\xa1\xfd\x07\xdf\xd9\xbfgOY\xd3\xf4\x17\xa5\
Vg\x97e\x9d\xce9\xf2\xb66S\xbd\xf8DD\x99\
\xaa\x921D0\xca\x86i\xaac\x9e\x01\xf6c\x1f-\
\x0b\xa2t\x02124&Ga\x88@\x1cA\xd9@\
\x0c\x01d\x90\x09Pm\xa4\xb0&\x822\xc3)\xf9\xc6\
\xa5|F\xf9\x8f\xbc\xa3gt\xb7\x172\x88\xc8\x7f\xf8\
Tq\x80\x08%(mW\xe8\x96T\xe5\x835\x0c\x1f\
<\xf0\xd8c\x85\xcd\xd2\xf9\x8c\x01\xd6\xd2EW\xa7\x8b\
X\xb8\x9d\xc9\xfc\xb8\xc2\x96\x89\xb0\x9eH\x05JK\x00\
\xd4\x01mW\xd00\x80N\x80\x0e\xabb\x16\x91\x8e\x01\
\xe8R \x03(&E\x0d\xa4\x89*\xc6\x89\xd0\x06\xa0\
\x06\xa0\x0c\xa0\x0a\xa0\x0c\x95\x1a\x08\x09@\xa3\xaah'\
\xc2\x04\x14\xed\xa22B\xa0.%T\x09Z!\xa2\x11\
(u*t\x92\x08mP\xae+Q\x99\xa0\x93\x00J\
\x00FU\xa9\x1d\xa45\x02\xda\x08\xa8\x834\x81\x92\xff\
IT%E)\x1f\x1c\xd1\x0e\xb6U\x02*\x0a\xaa\x92\
j\x09\xa0\x09@\xdb@\xa8+\xa8\x0c?=\xc2\x92j\
\x0d\x84DT'I\xb5\x0c\xa0\x01 &\xa6C\x00:\
\x15\x98\x04i\x1b\xc4\xec\x01\xb4\x83@\xdfS\xd2\x97A\
\xf5s\x04^\xe5\xd4}\xa6A\x8d\x87w\xfe\xf0\xee\x01\
\x9c\x0d\xf6]\xcf\x03A\x84\x06\xceGx\xe5\xca\x95Q\
\xa9{\xf9u\xa2f\x11\xe0\xde\x05\xd0R@\xe7)\x90\
\x88N7\x0a!\xcd\xd3\x9e\x10\x98\xbc#A\xf3\xd9\xdd\
\xce\x0f\xa8k\x8aV\xc9\xeb\xccX\x8b\xc4\xa4_M\x96\
\xa5PU\xcc\x99?\x0f\xcb\x96-\xc3\x9c\xb9\x0b0^\
\x9d\xc0\xd0\xc8\x18\xc6'\xab444\x8aj\xbd\x86j\
\xb5\x060\xc1\xb9\xa9\x8baR4\x05*\x11C\xd9\xa0\
\xbd\xa3\x03\xf3\x16.\xc2\xf2\x0bW`\xd1\xd2e\xa8\xd6\
S\xef\x1f\xe9\x04\xd6&\x10W\x88\x0c\xbf\x1diVG\
\x92$>\x22\xda\xa8Q\xc4$\x92\xa5Y\xe6\x1a\x9f\xd1\
\xb4q\xc7\xadn\xef7\xd0\xdb;}hw\xe0\x05c\
\xed\xda\xb5v\xe1\xb5\xaf}y\x14\x95n\x8c\xe3\xf8\xd7\
+\x1d\x1d(%\x09\x911\xc8\xc4Ay*\x12\x0a\xa0\
i\x83\xf4\x5cD\xe8\xb4h`3\x14\xa4B$\xb5J\
\xb9r\xaf \xfb\xa7\x91\xd1\xbe\x0d\x03\xbb\xc7\xcc\xc0\x03\
\xb5\x89\xbb\xef\xee\xcd\x00\xe0\xcaW\xbf\xe1\x1a\xae\xa5\xab\
\x5c\x96\xfdJ\xe6\xdcK\x9dH\xa5\xe8\x9anZ\x8e{\
e\x0a&\xebmoZD\xa8\x12`\xa2\x08\xf5F\x15\
\xed\x91\x81Q\x81K\xeb\x802\x9c\xfa.\xf5\x86\xab\xc3\
&~$\xa3\x13if\x00\xb2\xdcW\xf1G\x15\xa0\x85\
\xe8<J\xa0x\x1f|$o/\x01\xdbD\xf1A\x82\
\x5c\xd4Pyb\xb2\xa1\x03\x83\xdeb\xe9|\x17\x9f3\
!\x00X\xbe|mb\xed^\xa5\xce\x0b^\x07\xc2\x0a\
\x10j\xac\x98\x07`v\x06|\xcd\x12\xae\xc9\x9c>\xce\
0\x17\x08\xcb\xd3\xac\xfc\x06@\x17+0\x09\xc1\xd7\xc9\
\xe05\x10\xda\x04\xd2%J\xd8G\x8a\x97\x82t'\x81\
\xbb\x15\xb2\x9bDf)\xf4\x1e\x05_M\xac{\xa0\xb4\
ZE\x9eR\xd0\xe5\xe4#\x8e\x11\xc0\x9b\x00\xac \xd2\
- z\x09)9\x01\x22V\xbdW\x99\xaf\x83\xeaw\
Uu9\x81\xfb\x88\xf4\x15\xb9\x18\xb5\x005\x04\xea\x08\
4L\xd0H\x98\x9ed\xd0\x95\x04\x9b)`Ue+\
\x83\xae\x01c\xa7*u\x03\xf2\x04\x11\xbf\x12\x8a\xba\xdf\
\x05\xfa}\x10.W'\x87\x09P%t*\x91a\xe8\
\xc3\xca\x98\x0b\xd5\x18\x8a\x04\xce|'\x15W\x85\xd1\x83\
\x89F\x97\x8e\x1d\x1c~\xb4\xad\x8d\xed\xd3OG\xd5\xf3\
-\xf29\x93 B\x03\xe7-\xf3/\xbf\xbcmv\x96\
\xa5\x5cZx\x89\x02\xaf$\xe8\x07\x84\xa9CT:\x00\
@\x14fj>\xdf\xd4\x89\x8b\x01\x14\xe6I\xaa\xea\x05\
B\x9e\x22/\xce\xe5\xad'9U\x85KS8'\xb0\
&B\xcf\x9c\xd9\xb8\xfa\xfa\x1b\xb0x\xe9r\xd43\x87\
,S\x9a\xa87\xb4\xd1\xc8\xa8\xda\xa8\xa3\xd1h`d\
t\x08\xe2\x1c\x9c\x08\xe0\xfcI\xd8&1\xda*\x15D\
\xa5\x04\xb3g\xcd\x85\x89\x12\xd8$\xf2\xa5\x03\xaap\xc5\
HA\xa1\x96\xd4\xecT\x95^\xeb}\x85\x97\xda,\xaa\
\xa2\xd9\x1e\x86|\xc8\xb9\xfa\x03\x9f\xfc\x1f\xefx\xe4t\
\xbf/\xe7\x1b\xbf\xf2?>\xd2!1\xdd@Q\xfc\x0f\
\x95\x8e\x8eY]==\xb6QO\xa7R\xdcE#\x03\
\xb5\xb6\xa5\x9d<GL\x95AK:R|^\x93\x0d\
\xc3\x12+[\xb3\xdf\x1a\xb3\xb9\x96f\xeflL\xee\xeb\
\xff\xc4-\xb7\xd4\x8f\xb5\xde\xcb\xae|\xf55\xc6\xe0\xba\
,s\xbf\xad\x90\x8a\x8a\xb6#/\x00iM\xc7\xb3i\
\x1a\x81\x93*\xf9Z\xbe\xfc\x03\xc2>\x170e\xe3\xab\
\xde\xaeij\x82\x93L\xdbv\xd2\xbc\x96:7\xd9\x9f\
\xd9\x083sr\xd1\xb1 o-\xa1P\x1d#\xe0\x80\
\x00\xff\x13\x8a\x8b\x86k\x8d\xbf\xed\x89i\xee\xd6\xc7\xab\
{\x96,\x89\xed\xde\xbd\xf7\xd5\x10.\xccN\x09\xf9\xf8\
\xe0\xc6\xe2K^\xd3\xbdo\xf3\xb7\x86\x97\xbd\xf8\x15\x9d\
\xbb\xe3\xea\xf8\x05\xa8\xcc\xd9\xf5\x90\x19X\xb9\xb2Z\x01\
\x0e\xd5'\xbb\x96t\xec\xc7\xd8\xc8\xca\x11[\xde\xb6\xed\
\x81\x89\xb9\xab\xd7\x96\x076\xdd]]\xb9\xf2\xda\xb6m\
\xdb\x1e\x98\xc8\x7f\x8e\xcfYuC\xdb\xe0\xd3Qu\xe5\
\xcaj%\xb7\xc3:\xaf\xc5\xdc\xd9J\x10\xa1\x81\xc0\xd5\
WG\xab\xab\x1d\x09\x12\xfaqfz\xa3\xa8.W\xa2\
\xf9\x0e\xba\x82\xa0\x15\x95\x22\x97\xaeT\x88\xcb)\x9f\xcf\
\xa9\x93\xa4*\x94\x08\xc4\xf9\x09\x8e\xf2\x96\xccL\x94\xc8\
9UUd\x99\x10\xdb\x08\xb6\xd2&\xab\xd6\x5cn/\
Z\xb9\x0aI\xa5\x1d\xa9\x03\x84\xd8;\x99p1\x05\xa6\
\x90\xbaS\x01\x18\x13E~T\xa7\x88OM\xb6z-\
\xe7\xe3\xf1\xfc\x09}\xfa\xf6\xcd\x14\xa1E\x0d\x9d\xb7\x16\
w\x19\xa9N\x10\xdc=\x9a\xe9\x9f\x1f\x98x\xfa\xfb\x1b\
z{\xcf\xc99\xc5g\x12\xbf\xfa;\x7ft\x81\xd1\xb6\
\x86\x96\xcd{\xc1\xf6\xdd\x1d==\x1d&\x8e\xb5Zo\
P\xd42\xf1\x054U\x83\x5c\xbc\xdf\xe6Y4^\x1c\
M\x84\x02\xcdR\x11ebD\x91\xcd\x0cq?\x88>\
\xe9&\xf8\xd6\x0f\xbf\xfb'\x87q\x02\xf1\xb5f\xcd5\
K\x89\x92qa\xfd\x0d\x05\x96\xa9\xeaK\xa1\xfa\x22\x07\
\xb6N\xe1#\xa1'!B\x01\xe4\xbe\xbd\xfe7E\xa3\
`k\x9d'Ms\x868v\x03\xd1\xb1\xc9E'4\
\x05HHt\x07\x11\xfa\xd5\xe1S\x0e\x18\x1e\xcb\xf4\x81\
\x96\x89F8\xd1k\x0f\x04\x02\xa7\x86 B\x03\x01\x0f\
\x01k\xcd\xea\xd5(9+s\xd9\xd8\xa5 \xfdC%\
\xd4\x00\xbd\xc1\xbb\x0fR\x02H\xe1\x9b\x94\xcfv\xf1g\
JU\xa4\xf0\xc1\xaa\x11\x80\xea$\xfa=%\x5c\x02\xa5\
\xdd\xaar\x95\xcb\xdc\x83\xaa2\x97\x88\xf6\xa5\xa2\x97V\
zf\xf7M\xd4\xd2\xeb\x97._\x1e]\xb0\xfcEm\
=\xf3\x16@(7\xd2\x06\x13\x8c\x05S\xe1\xfb\xe87\
\xb0\xb5\x03\xb39c8od\xf2\xd3]\x1c\x90[\xcf\
L\x99\xda\x17\x13s\xa6\x8bO\xff\xef\x5c\x88\xe4*\x85\
\xe1\x84YwA\xf0\xb5\x09'\x7fd6\x0f\x8d\xddv\
\xdbM\xe7\xec\xb8\xb8\xd3\xc9\xda\xde^\xbb<m_\xdf\
\xd6\xd9\xfe&\x8e\x93\xd7\xc7\xe5\x0a\x1c\x88\xfc@\x02\x9e\
1\xaep\xcaI\xe1\xa8\xdd\xec\xc04K\xa5\x99\x1cS\
\x84\x1a\xd6\xd8D0\x86R\xcb\xf6NU\xfd\xe6\xc1Z\
\xdf\xdf\xdc\xd6\xd7\xe7\xd0\xdb{\xd2\xa9\xe7\xcb\xae|\xf5\
5\x94M\xf6;\x1b\xfd,\x84V;\xe0-N(!\
\xa2\x84\xcc\x94\x08m>/\x11)A\xa9\xc5mR\xdc\
T\xf74\xc3\x90\x88h\xcb\x18&\x14\xcd\xc5\xaa\xaa\xe6\
\xa8\x91\xce\x19\x9b\x9b\x8f\xee!\xe8\x10\x80D\x95\xfa@\
\xda\x09\xd0?)d\x10Y\xe3\xffT\x07\xeb\xe3\xfb\xf7\
#?\xbe\x1fJqt\x03\xc9@ \xf0<\x12Dh\
 p$f\xd1\xd5W'\x15t-\x14\xd4\xd3X\xf9\
R!^\x01\xb8\xd7\x11p\xa9\x82\x16\x90\x92(\xc1\xb0\
\xa0F\x84\xba\x08m\x030@\xd0\x8f\x8b\x90\x99<\xdc\
x\x90{L);T\xad\x97\xbaKsdr\xdfA\
\x8d\x16\x5c\xb8k\xeb\xfdO_\xb0\xeae\x17\xecz\xfa\
\x07\xbbW_\xfb\xe6U\x8dY\x8dg\xae\xb8\xe8\xfa\xd7\
tv\xce\xfa8\x95\xca+\xe2\xa4\x0d6)\xd1\xe8d\
]\x99-Yk\xa7\xd9\xed\x18k}\xa3SK\x87>\
\xd0\x1a\xe9\xccQ\x8b\xa2p\x00\xc0\x11\x22tf\xcd\xa0\
5yC\x95\x0a \xeaH\xe9\xf3\xa2\xee\xbb\xf5\xa7\x06\
\xbfp\xdbm7e\x08'\xe7\xe7\xcc\xfa\xf5\xeb\xa3j\
ggl\xca\xf3\xaeb\xb6?\x1d\x95+7wv\xf5\
 U!\xb0\xf1\xb6`lA\xc6@\x5c>^3\x7f\
l\xd1\xacv\xaaD\xa8\x02j\x8d\xd18\x8a\x0fZk\
\xefr\x8d\xc6'k#\xd9#\x7f\xf1\xfe\x1b\xab\xcf\xf6\
u-_\xbe\xb6\xb4s\xe7\xdd\xd9\xa5W\xde\xf0c\xce\
\xc9\x1eb\xfe\x1d\x85]C\xd0\x15jM\x85\x00>b\
\x94\xa7\x99V\x1a@\x92\x17U\xe7\xf5\xcfM\x0b\x1e\x01\
5-y\xd0bc6\x13\x22\xc9\x00\x10\x94F\x95`\
\xa1\xba\x07\x84Nu\xf2^\xa7\xbc\xdf\x0a\x0d\xc2\xe2\xaa\
\x91\x86\xfc\xc7\x00\x0e6\xb0iS\x88\xf4\x07\x02g\x00\
A\x84\x06\x02\xc7\xa6\x88\x8c0\x00Z\xb2\xfa\xba\xaeR\
b\x0d\x83_\xaaJ}\xccX\xa3)\x1eT\x83\xd2\xa8\
\x1c\xde\x1aem\xc9\xdeM\xf7\x0d\xa3\x18\x83tb\x0c\
\x00\xb7n\xdd:\xb3\xbd\xa7\x87Wu\x5c\xfa\x83r[\
\xdb\x9a\xb8\xad\xdb\xa4l\x01\xe4\xe10\x92#-Et\
z\xdd)\xcf\x98\x8b\xdcLm\x1e\xa3\x97b\xa6\x0d\xde\
\x94E\x8f(\x03(G\xb1\x8af\x8d,\x93O94\
\x1e\xfc\xab\xf7\xde\xf8\xc5\xd3\xfdf\x9c\xed\xbc\xeb\x0f>\
qC\x0a}\x89\x92\xf9pGWOY\x98H\x99\xfc\
\x84\xd6\xa65L>9\xc5\xf0\x11\xcdF\xad\xcc\xbc\xe8\
8\x19QJ\xc4\xf0\xe3\xd0\x05\x1d\xe5\xca\x04\x14\x0f\x01\
\xfa\x0f\xce\xb9G\xfe\xf7;\xde\xfa\xc8s~\x81\xabW\
\xc7+\x1b\x0d\xb2\x1d\x0b_\xae\xca\xf3\x88\xe9\xcd\x04s\
\x11\x11]!\xd0H\xf5\xe4\x87\xa3\x1c=\xdb\x9e\x97\xa9\
\x90*T\xab \x15\x08\xf5\x03\xe8$\xe8\x17A\xb8\x5c\
\x04_d\xe0\x82j\xadq\xab\x1a\xa9\xed\xddt\xdf\x08\
\xb0\x96\x80\xbb\x1d\x8aa5\x81@\xe0\x8c!\x88\xd0@\
\xe0\xd9\x91\xcf\x7f\xbb\x9a\x81\x87Zm\x8d\x9eKgy\
.v{\xf9\x1d\xbf\xbdlv\xd4\x16}\x03Q\xe9\x12\
gL\x92\xff\x91@TL\xf1<B\x80\x02\xc7\x12\xa1\
\xc7y\xc2c\x88P \x9f\x83\xecR5\x0c\xb5Q\x94\
\x1ak\xbf\xeb\xd2\xf4\xaf\xab\xe3\xe3\xf7|\xea\xb7\x7f~\
\xe84\xed\xf7\xb3\x93\xde^~7\xe6\xceK\xa1\x9d&\
I\xfe\x22NJ\xafG\x14\xb3kN\x1f<\xfa\xf8\xc1\
\x13\x99m?k\x11J\xac\xe2\x1c\x22k5NJ)\
\xab~U\x81/L\xb8\xec\x9e\x8f\xedzt\xf4\xd9\xa4\
\xdfO\x02\xbb|\xf5\xda9\x944\x92X\x93%d\xf8\
U\x0a\xfaY\x02V\x00\x1a\xfb\xc1\xeb\xa0\xe3\x1d\xa5\xde\
\x07\xb2\xd8v(\xc1w#\xabj\x03\xc0\xb8S\xfd\x22\
\xab\xde\x93)m5&;\x9c\x0d\x99\xb1\x9d;\xc7\x1c\
\xf0\x90\xb4\x88\xce\x10\xbd\x0f\x04\xcep\x82\x08\x0d\x04\xce\
\x10\xdex\xf3_&\xff\xf1\x89[\xeak{{\xed\xaa\
\xca\xea\xdf\x13\xd0{\x95\xd0\x0e\x10\xe7\xf3\xc0[:\xf5\
\xa7\xab\xc8S-B\x99\xb49mIU$\x8a\xa2!\
R}L\x9d\xfe\x9e\x88\x0c}\xec}o{\xeat\xef\
\xaf3\x9du\xeb\xd6\x999\x97\xdf\xb0\x126\xfe\xadJ\
[\xf75\x0et\xb9\x10CU\xa9\xa8\xc7\x05?\xff\x22\
\xb4\xf0\xff,'%5\xd6\xee\x10\x91\xcdF\xe4\xf7&\
k\xbc\xe7\xcfnz\xd3\xe0\xf3\xf4\xf2\xbd\xcc^\xbd\xda\
\xce\xb76*g\xb3:\xca%\xfeU\x02-S\xd0[\
\x95PU\xe8<\x02MB\xd1\xae\xc00H;Iq\
\x00\xa09\x0a\xd9\x0b\xa5\xb9J\xb8\x8f\xa0\x0bU\xf4\xef\
\x880\x1b\xc4_K]\xbd\xd68\xe4\xf6\xec\xdd{_\
a\x18\x1f\xc4f p\x96\x12Dh p\x86\xf2\xce\
\x8f\xdc\xfe:\x22\xfa-\x80~\x1c<e\x8cH\x00=\
\x9f\x22\x14(\xe6\x85\xb7X\xe3\x00\xc2\x86\x1d\x11m&\
\xe0\xceF*\x9f%\xbb{\xcb\xf1,|\xceW\xd6\xaf\
_\x1fe\xdd+J\xe59\xddo\xb7l\x7fU\xd9^\
\x09\xf6\xfe\x97\xc4L\xda*<\x9fG\x11\xaa-\xe2\xac\
Rnk\xa8J\x9f\x90\xfc>e\xfa\xbd\x0f\xefzt\
\xf7\x0b\xe8\x0bK\xc0Z\xb3\xe2*,\xb7\x9986\xf6\
\x15\x0e\xfa\x183\xbd\xce9z\x94\x0d~F\x9d\xdcA\
\x86\xaf&\x95\x7f\xcf\x14\xed\x86x(\xcb\x9c\x8c\xd4\xd3\
]\x9di\x8d\xb7o\xef\x98X\xb9r\xaf\xd9\xb6m[\
\xe3\x05\xda\xe6@ \xf0\x02\x10Dh p\xa6\xd2\xdb\
\xcb\xebF:\x93\x9e\x05\x8b>\x0d\xa6\x9f\x04\xa8\x02\xc0\
OB\x223\xed\xb3k\xed\xf4r\xbb\x99\xb9\xd5\x99\xb3\
\x8dO4\x1ayf\xba\x9f\xd8\xff\x86\x18\xc2\x84*@\
O\x8asOdR\xfd3\xaa\xd6\x0f\xfe\xf5\xff\xfa\xa5\
C\xa7{w\x9d\x09\xac\xef\xbd\xb5\xc2V\xde\x9aT*\
\xd7\x13\xcc;\x85\x11\x09\x01\xa4LJ\xc6\xcf\xaf\xf2W\
\x11\x00\xd0\xd2\x00^\xd4\x84\xe6\xa2\xff\x18iz4\x97\
>\xba\x08m\xd6R\xb2\xaa8Ad\xad\x96\xcb\x95*\
\x11\xbe\x9c9w\xd7\xb6\x7f\xad}q\xc3\x86\x1bO\xeb\
t\xac\xdc/\xb2\xber\xe5\xcah\xdb\xb6m\xd9\xa2\xab\
\xafN\xf6?\xf4P\x0d\xabW[l\xda\x94\x01k9\
\xa4\xd3\x03\x81\xf3\x83 B\x03\x813\x9cu\xeb\xd6\x99\
\xae\x97\xfe\xd45\xcc\xfc9(\x96\x01\x1c\x19\x13MO\
\xcf\xcf\x88\x84\x9er\x11\xda:[\x1c\x00X\x14\xcc\xb5\
\x98\xed]\x80~\xb7vp\xe2\xb6O\xf6\xde8\x81\xf3\
S8\x10\x00\xbc\xebC\x9f\xba\xd2\xc4\xa5_5do\
\x220\x0b[\x06\xa6\xa2\xd2\x85\x00\x05\x9e?\x11\x0ab\
%&\x10\x89Xk`\xd8n$\xe6\xcf\xab\xd3oo\
\xdd>\xb9eC\xef\x8d\xa1+<\x10\x08\x9c1\x04\x11\
\x1a\x08\x9c\xe9\xf4\xf62z{\xe5\x1d\x7f\xf4\x8fK\xe3\
\xc8\xfc>\x81\x7f\xc9F1k\xae<\xe8(\x9f\xe3\xe7\
*Bq\x8c\xc7S\xd3\x22\xc8?\xbd5\xc6\x81\xe8\xa0\
K\xd3\xef\x80\xf4\x9e\xfe{\x1b\x7f\xbb\xe1\xb2Mz\x8a\
\x1b]\xceh~\xfd\x0f?q\xa1$\xa5\x9fA\x14\xfd\
\x0e\xb1-\x13Y\x86\x12\xe5\x06\xed\xf9\xbc\xf7\xdc\x1a\x0b\
\xd3E\xa69Bl\xfeh\x22\x14\x00\x88\x8dZk@\
\x04I\xe2x\xb8Q\xaf\xef\x16\xe8\xfb\xda\x88\x1e\xed}\
\xc7[\x87O\xf7~\x0a\x04\x02\x81\x99\x04\x11\x1a\x08\x9c\
e\xac\xff\xc8\x97n\x89\xe3\xf2[\x09x\x85\x12\x0c\x01\
t\xa4\xa5\xcdt\x99r\x84\x08}\x96*T\xc4\xb5<\
v*\xf5\xebD \xaa\x9a$I\x06hJ\xaa\xb7\x09\
\xf8\xfbO\x0d?\xf8\x95\xbb{{\xcf\xd5\x94*\x01\xd0\
_\xfb\xe8\xff\xb9\x5c\xc1\xd7\x02x_R\xae\xacJU\
)\x13\x05\x81\xc9\xc0\xfb\xb4z\x11*y4t\xcat\
\xfeD\x22\xf4\x88'\x9c\xb1\x9c\xa1\xe9\x9e\x9f\x00`\x8d\
Qk\xac\xb0\xb5O\x81\xdcg\xb3\xcc\xdd\xb5\xf3\xdf\xd3\
\xc77l\xb814\xef\x04\x02\x813\x92 B\x03\x81\
\xb3\x8cu\xebn7\xb3\xaf\xc3\x02\xcep\x9b\x8d\xe2W\
f.kO\x92\x04P%'\x02q\x0ed\xa2|\xe9\
b\x04\xe8\xf4\x8f\xfaL\xb3\xfa\x99\x22\xf5\xc8q\xa03\
\x96\x9f\xe9a\xc9S\xaa\x88 c\x91\xa5\xbfT\xe76\
\x7f\xf2}o\xfb\xc2\xe9\xde_\xa7\x9aw}\xf4S\xf3\
\xd8\x94\xdf$d~\x83`/\x11\xc3\xa6p/h\xfa\
\xb3\x8aN\x89\xf5\xd6>\xa4\xbcl\x82f\xec?\xe2c\
i\xc4<\x02=S\x84Z\x0bU\x81s\xa2FT\x8d\
5R.%\x93\xcc\xf8\x97\xacQ\xdf\xf0\xa1=\x8f\xff\
\xdb\xf9\x14\x8d\x0e\x04\x02g'A\x84\x06\x02g)\xbf\
\xf6\xa1/\xf4\x98r\xf9\xb5\xea\xb2\xbf\x8e\xa2\xa8[\x14\
VUs1T\x8cJ\x9c)B\xf3i\xf43|$\
\x8f%BU\x15*:c\x8c\xe4\xd4\x18\xc5\x99(\xa0\
F\x9d\x96\xe2X\xa0\xd9\x16\x85\xfc)j\xf5;\xff\xea\
\x7f\xfe\xec~\x9c\xa5c\x11\xd7\xaf\xbf5\xbamQ\x9f\
\xbb\xa5\xb2`\x05Li\x99\x18\xfa`\x83\xa2\xeb\xc0\x91\
%\x22\xb0\x1f#yR\xeb:Y\x11:\xb5\xbe\xa3\x8b\
P\x05\x94\x88`\xacEB\xc6\x19\x83\x03\x86\xf9\xef\x0f\
\x8fO\xfe\xc9'\x076M\x06\x01\x1a\x08\x04\xce\x06\x82\
\x08\x0d\x04\xceV\xf2Z\xd1\xf5\x7f\xf2OW%q\xf4\
s\x00na\x90!f\xca\xd4wd\xfb\x05\xd9\x8b\x9a\
\x16[\xa7\x93\x89\x84\x16\x02\x14\xc0qE\xa8\xaaz\x83\
{U\xe4U\x8fj\xad\x81\x85:\x10M\x10\xd1\x0e\x80\
\xfeJ {\xff\xe67\xder\xe7\xe9\xdem\xcf\x02\x02\
\xa0\xef\xff\xb3O\xbf\x1c\x86\xe7\x10\x99\xdf\x15\x98%\x19\
\xf3\xa2\x14\xe4\xdd[s\xe7\xac\x99\x22tf\xda\xbd\xb9\
\xc2\xc2\x82\xe99\x88\xd0\x22\xfdn\x884\x8a\xe3jd\
\xec\xf7T\xd2\x8fK\xa6\x07>\xba\xfe\x14L>\x0a\x04\
\x02\x81\x17\x88 B\x03\x81\xb3\x1f\x02\x80\x9b\xff|\xc3\
\xeb\x8c\xb571\xd1[R\x97\x7f\xb6\x95}d\xb4\xc8\
\x09+C\xe9\xc4\x22\xd4A\xa7\xa5\xdcO\x14\x09UW\
<\xde\xff\xcc\xb2\x14\xcc\x0ccY\x99(\xadT*{\
!\xb2%\xcb\xdc\xa7Eu\xf3\xa7~\xe3\xcd\x8f\xe1\x0c\
\x8d\x8c\xae[\xb7\xcel\xb8\xec2\xfd\xad\xb6\xc5k2\
\x1b\xbf\xc8\x10\xfd>Y\xbbJ`\xac\x80\xa0`r\x9c\
\xef\xc3\x5c\xd8\x9fj\x11:\xb5\x0ei}ps\xa18\
\x8e\x84\x89\x86\x95\xe8\xf7\xa2\xb4\xfe\xc5\xedwa<\xd4\
~\x06\x02\x81\xb3\x8d B\x03\x81s\x85\xde^~G\
\xbczv9\xc1{\xad\xb5\xbf\xc0j\x96\xf9?\xf8\x06\
\x19\x08\x91\x88\xc0A\xe0\x94\xa6\xd5*\xcaL\x11u\x82\
\xa7\x9a)bEf6>i\xb1\x1e\x05\x80$\x8a\x14\
 G\xaa\xfd\xcc4A\xc4\xbd*Z\xfb\xeb\xf7\xfe\xc4\
\xd7N\xf7n\x9b\xc9{?\xf6\xd9k\xa3\x88/\x07\xcc\
\xfb\x01,\x05\x99\x8a\x80\xa1\xb9\xb3\xbc\x12\xc3\xa96\xa3\
\xc5\xc0\xb1f\x9d\xb7\xee\x8f\x19\xdd\xed\xc7Z\xbcu\xd2\
\x91*\xb2\xac\x01U\x85\x8d\x225\xc6 \x8a\xacD6\
\xaag\xce\xfd+\x80o\x8f\xa5}\x9f\xbe\xed\xa6\x9b2\
\x04\xf1\x19\x08\x04\xceB\x82\x08\x0d\x04\xce1\xd6\xf5\xde\
\x1e/.\xcb\x0a\x8d\xe2[\x08\xfc\xd3\x80\xce\x22\x13\x91\
\xaaB\x1c \x10:\xd5\x22\xf4H\x116\xa3\xe6\xd4\xf7\
\xe7\x10TE\x81\xac\xa3\xbd\xf3\x19\x15\xa9\xc2\xb9\xbf\x15\
\xd1'\xffz\xf8\x87\xff\xb5\x16\xe0\xbb{{\xb3\x17z\
\x7f\xad\xef\xbd\xb5r\x1b\xfaj\xbf\xd9\xfd\xa2\xeba\xf8\
j!\xfa9a\xac\x01P\xf6\x0dGL>\x82\x5c\xd4\
\xd3NE\x82\x9fo\x11\xea\xd4\x15\x9d\xef\x88l\xd4\xb0\
\x91\xf9/\x90\xf9\xb6kd\xdf\x1e\x97\xbe\xc7n\xbb\xe9\
\xa6\xc9\x17z\x7f\x05\x02\x81\xc0\xa9\x22\x88\xd0@\xe0\xdc\
\x83\x00\xe8\xba?\xbf\xbd\xbc@\xe8\x8d\xcc\xe6=\xc6\xd8\
\x97\x88R\xb78\x81\x03 J\xf4|\x8a\xd0\xa3u\xd7\
\xab(\x8a\xca\xd4R\xa9\x04\xabPb4\x0c\xe9\xa4:\
\xb9\x8d\xa1;\xea\x93c\x1b\xaa\xf5F\xf5\x1fz\xdfQ\
{\xde\xf7Ro/\xaf/-\xec\xe8H\xda\x7f\xd2\xc6\
\xe5\xa5\x02z7\x91\xce\xcf\x08\xd6\x91o\xdd\xf2\x1e\xac\
y\x83WKM\xad\xc3\xf4\x9a\xcdc\xa5\xe3\x9bo\xc8\
\xb3\x14\xa1E\xe3\x11\x91\x82\x18B@\xcd\xb0\xb9_\xd9\
\xfca\xa4\xba\xf1O~\xf5\xcdc\xcf\xfb\xfe\x09\x04\x02\
\x81\xe7\x99 B\x03\x81s\x9c\x9b?\xf2\xf9%Q\xd2\
q\x9d@?(\x8e.v\x90\xd8i\x1e\xe1\x83\x0fQ\
\xb6\x8a\xd0c\x9a\x05\x1d\xe7\xdb\xe2d\xbb\xc3\x9b\xcb;\
\x811\x805\xa4D\x8c\xc4PJJ\xe3\x04\xbd3#\
l\xcc\x1a\xf2\xa51\x19=\xfc\xb9\x0f\xbc}\x02\xa7\xaa\
v\xd47r\xe9\xaf\x7f\xe4\xef\x16\x8ep42\x9b\xe9\
\xed`\xfb\x06\x02^\x13%e\x166%\x00\x10d\xe4\
\xa8\xf55\xe5\xe2\xb3E\x84j\x9e\x8e?\xa5\x22\xb4%\
\x0a*\xaa\xcaLb-\x8f0\x9bM.\xcb\xbe*\xa2\
\xdf\xee\xff\xb6<\x16j?\x03\x81\xc0\xb9B\x10\xa1\x81\
\xc09\xce\xda\xde^{woo\xf6\xae\x8f\xde\xb1\xc6\
2\xfd4\x11\xad7&\x9e\xe3Dl\x96\xa6\xc8T`\
\x22\x0b\x81\xfa\x9a\xd1\x96&\xa6\x02b\x9a\x96`g\xc8\
\xb1\xa3y8Rt\x1d\xb9\x80\x80Z\x9a\xa1\x88I\x8d\
B\x0d[!\x82Dq\xfc$T\x9eQ\xcd>#\x9a\
M~\xec\xe6\xb7}gmo\xafy\x0e\xe9z\xfa\xb5\
?\xfd\xc2U\x80\xce\x83\xd2\x9b*m\xc9r\x02^\xaf\
\x04\x05\x88\x9ds\xcd\x9aO\xff\x02\x09M\xf1y\x94\xd7\
\xe3\x8e#:\x9b\xf6V\xc7\x884\xfb\xfd6\xc3\x8d@\
U\x89\xbd\xb7(;\xd1\xa4TN\x09z\x90T\xff\x1e\
B\xff\xf1\xa77\xbd\xe5\x07\x08\xc23\x10\x08\x9cc\x04\
\x11\x1a\x08\x9cg\xdc\xfc\xd1\xaf\xbe6NJ/S\xe7\
\xde\x97\xa9v\xa7\xea\x8c\x92O1\x8b\x9f\x80D3\xd3\
\xcf\xa7Z\x84\xfa\xb5M\xad\x91\x99@D 6j@\
\x88\x0c\x0b\x11\xc30\xef!\xd2\xa73q\xff\x05u\xcf\
\x8c\x0d\xf4}\xad\xdaV\xa6\xcf}\xe0\xed\x93\xeb\xd6\xdd\
\xce\x1b6\xdc\xe8f\xae;\x17\xddn\xfd_|n\xc1\
\x96\x91g\x06\xd6t\xae\xb9\x92\x0d\xaeR\xc6\xdbH\xf1\
\x0a%\xaaX\x86\x82\x95\x8bZUq\xd3_\x1d\xd8\x1c\
\xf7\xf5\xb8\x13D>\x85NB\x84\xb6\xa4\xde[\xf6\x83\
\x94\xa3\xd8\x91\xe0\xeb*\xfaY\x07y\xe0\x91\xbe\xc7\x07\
NG\xadl \x10\x08<\xdf\x04\x11\x1a\x08\x9cg\xfc\
\xe2G?\xdb\xf6\xb9\x0f\xbc}\xf2\x96?\xff\xea[\xc0\
\xe6FQy\xa3\x10\xd8\x89k\xcfD 2\x95\xaao\
\x92\xdf-\xa2|\xacx^D(\xb3\x81\x01A\x9c\xaf\
\x89\xb4\xacJD\xe0\x88\x15J5\xc0\xdd)\x92m\x05\
\xe1_\xaa\xb5\x9a|\xea7\xff\xfb\x03\xebzo\x8f6\
\xf4\xde\xd8X\xbf\xfe\xd6\xa8zq9\xeeD\xe9r[\
1\x19`\xae\x22\xc5e\xc4\xf4\x1a\x15\xcc\x83\xea,_\
h)\x80\xba\xe3o\xe0)\x10\xa1\xc7\xfb;\xe7\xaf\x7f\
J\x80j\xd6V\xae\x0c\x80i_\xb5:\xf9\xc3\x12\xa2\
O\x8d\xf2\xc0\xf6\xd0x\x14\x08\x04\xcee\x82\x08\x0d\x04\
\xce_\x08\x00~\xed\xcf\xbe\xf2\xf3\x911oLU~\
:\xcd\xb2\xc8\xe5\xedC\xadB\x94\x89\xa6\x09+>A\
b\xf8\xb9\x88P\x22B\xc4\x11H\x14\xa2\xaa\x0aGD\
\xa4\xcc\x00\x1b\x03R\xa7\xa2:Y\xadV5\x8e\xe3O\
:\xc9&\xa1\xd8\xab\xa0\xc5D\x98\x07\xc5\x8f\xd9$v\
 z1\xa9\xaa\x12Q\x96\xa6y\x93Q\xb1\x01\xd3\x9f\
\xff\x88\xed}\x1eE(\xab\x7f~Ea\x16\xaa\xf5\xf6\
\xf6\xf6\x1dL\xf4\xb9z\x9a}s\xf3\xc4\xae\xc7\xff\xe3\
\xf0\xe14L=\x0a\x04\x02\xe7:A\x84\x06\x02\xe7/\
\xbe\x8b\xbe\xf7\xf6\xf6\x8e\xf2\x18E\xb6\xf3&\x10\xbd\x07\
\xe0\x0b\x9ck\x19\xd9\x09\xd0\xd4\xd4\xcf\xdcl\xbd%U\
\x7f4\xf8\x18&\xed\x05\x86tZ#\xce\xcc\xbf[\x8a\
|9\x00M7\xc1\x07OW{\x0c\xa8\xaaf\x00\x1c\
\x00\x03\x10+\xc1\x00yJ<\xdf\xfei\x22\x91\xa4\xd5\
\xf7\xfd\xa8\xcfOG\x04\x82\xa7\xdf\x7f\xb6\xeaPUs\
\xcb%\xbf!\xe5$\x82\xba\x862\x9b\xb1(\x8e\xbeC\
\xc0\xc7'\xb2\xc6\xb6O\xfc??\xb5\xf7\xb9\xbc\xa1\x81\
@ p6\x11Dh \x10\x00\xe0k)/*\xaf\
\x9a\x17G\xf6=N\xe8\xf5\xaat%@\x5c\x88Q%\
4\xbb\xe9\x19\xe6\xb8\xebzN\x22T\xd9\x8b\xd0\xe6\x1f\
g\x08\xd1V/\xcd\xbc\xa6\xb3\xe9C:}\xc9\xa9\xe5\
fv\xab\xf3\xf4iD\xcf\xbb\x08m\xa9\xfb4\x041\
\x96\xc7D\xd2\xdd \xfe8\x8dg\xff\xf8\x17\xef\xbf\xb1\
\x86\xd0x\x14\x08\x04\xce3\x82\x08\x0d\x04\x02\xd3X\xdb\
\xdbkW\x95.\xb9\x0cl\xdf\x05\xa6\xff\xae\xa2]\x0e\
\xda\xb4%\x22\xe5\xe6\xcc\xf4c\xf1\x5cE(s\x04\xdf\
\x9d>Sx\x9e\xbc\xfc;\x9aWi\xb1\x8e\x99c2\
gn/\xd3\xf1\xff~\xa2\xadh\x8d\x13+\xa0i\x9a\
!\x8a,\xcaIR56\xda\x94\xa5\xb5\xcf4\x1a\xf5\
\xcd\x1f;\xf8\xc4\xb7C\xda=\x10\x08\x9c\xaf\x04\x11\x1a\
\x08\x04\x8e\xca\x1bo\xfe\xcbd\xd1\xb2y\x17\x1b\xd8\x9b\
 x\x8b@\x16)\x11\xa9*\x94\xcc\x91\xcdK-\x9c\
\x1a\x11Z\xfc\xb1U\xa3\x9d\x9c^k\x1d\xa9y4h\
\xc6\xf3\x9fJ\x11\xca\x98\x1e\xf9\x04T\xac\x89\xaa\xcc\x5c\
%\xd2?qp\xdf:\xbc\xf7\xf0S\x13O\xb6\xa5G\
\xeb\xee\x0f\x04\x02\x81\xf3\x85 B\x03\x81\xc0q\xf9\xe5\
\xdeO\x97l\x5c\xba\x86\x0d\xbd\x07\xa0\x9fPB\x9b\xb1\
%d*pN\x00U:\xc2\x8c\x9d\x8e\xdf\xd8cN\
T\x93I-\xb1D:R\xf2\xe9\xb1\xf5\xefI\x1a\xe7\
\xcf\x98u\xdf\x8c\x8c\xfa\xdf\x1b<\xcb\xf4\xbc*\x98|\
s\x95\x02J* U\x8d\x93RZ\xaa$Ok\xa6\
\xdf\x1a\x19\x19z\x92S|\xf1\xe1\xd1Mi\xb0\x5c\x0a\
\x04\x02\x81 B\x03\x81\xc0I\xb2~\xfd\xad\x91[\xde\
\xf62\xb6\xf6\x9d\xc4\xf6\xa7\x85L\x9b\xaao\xfcq\xde\
\x5c\xb4\xa5\x9b\xfe9\x8a\xd0\xe3\xf7=\x9d\x94\x08Ui\
5\xc3\x9f\xb9\xc2S+B\x8d\x8d\xb4h>RM\xa5\
\xad\x5c\x82sN\x88\xf9\x0b\xcc|\xbbL\xc8\xfd\xcf\x1c\
\x9c\x9c\xd8\xd0{c\xe3\xd4\xbf3\x81@ pv\x12\
Dh \x108Y\x08\x80\xfer\xef\xa7K\x5c\xae\x5c\
g\x88\x7f\x81\x88~J\x89:\x81\xa9\x0ep\x02\x13\xcd\
h\x5c:R\xc4\x9d\xdd\x22\xd4\xb4d\xdb\x8b\xd4{d\
\x8c\xda8\x9a\x88\x8c\xdd\xa7\xa4?p.}\xb4V\xab\
~\xa9.\x18\xf9\xe4{n\x1c\x7f\x9e\xde\x93@ \x10\
8k\x09\x224\x10\x08\xfcH\xac{\xdf\xed\xe5Y\x0b\
y\x09\x22\xf3n\xa8\xbcMD\x17\x17\xdd\xf4\x00\x83Z\
\x94\xe2\xb9(B[\xeb>\xe38\x12&\x1e\x8al\xf4\
9\x90\xfe\xfbd}r7\xd7\xb3\xf4Oo\xbeq'\
B\xd7{ \x10\x08\x1c\x95 B\x03\x81\xc0\x8fJ\xe1\
3\x1a\xcfn\xc3+@\xfc\x8b\x80\xbe\x15J\x1d\xc4\x11\
\xa9\xfa1\xa0\xaa\x0af\x06\xb7*\xcd\x16QGGQ\
\x9c\x8a\xe9%\x933\x979\x9e\x08\x05N\xa6.\xf4\xd9\
\x89\xd0\xe9\xcb\x12\x0cAI\x1d\xe28\x92\xc8&\xdb\x0c\
\xd37\xeb\xf5\xdaSU\xa2/W\x85\xc7n\xbb\xe9M\
a\xd2Q \x10\x08\x9c\x80 B\x03\x81\xc0)\xe1W\
>\xf2w\x1d\x09\xda.S6o\x88\xe2\xd2\xebTq\
-D\x09\xcc\x94e\x99\x17\xa3\x85\x10-L\xef\x8f\x11\
\xf2<\xd3D(\x1b\xf65\xafDJ\x0a\xc4\xcc\xc3\xaa\
\x0e&2\xff\xc6\x96\xbf4<1\xf9]\xe3\xfa\xd3O\
\xdcrK\xfd\xb4\xbe\x09\x81@ p\x16\x11Dh \
\x108U\x10\x00]\xff\xe1\xdb\x97%\x91\xed!6o\
5\xc6\xbe\x9e\x89^\x9a\xb9L\xd2,\x8bT\x15\xca\x04\
\x22Ct\x9c\x9c\xfb\x99$B\x15\xd08\x8e\xc1\x80\x82\
\x90\x91b4\xb2\xe6\xf3Y\xda\xb8\x9f\xa9\xf1\x9f\x07\xfa\
&\xea\xff\xd0\xfb\x8e\xda\xe9\xde\xf9\x81@ p\xb6\x11\
Dh \x10x^X\xff\xe1\xdb\xbb\x92J\x7f-\xc2\
\x8a\x9b@\xb8\xde9\xf9\xa94K\x8d\xaa\x82\xad\x05\xf9\
\xca\xd0i]\xf5\x80\x97\x81\xaa3Db\x8b\x08\x15\x96\
\x13\xce\xa6?\x19\x9b&\xd6\xd6\x9a\xd1\xe9\x22\x14Dj\
\x8aIL\x0aW\xa9\x94\x1b\x0a\xdcK\xaa\xdfWqw\
\x01\xb5\xc79\xb5\xf6C\xbf\xfe\xb6C\xa7{?\x07\x02\
\x81\xc0\xd9\x8a=\xdd\x1b\x10\x08\x04\xceM\x86\x1e\xc2\xf8\
\x86\x0d\xb7\xb8\x9b?\xf2\xe5;\xc4\xd1\x17L\xacwE\
\xcc?\xef\x087\xc4\x86L\xea\x14*\xce\xfbj\x12\xa3\
\x10\xa3L\x80\x10\x03\xe0\xa6\x18u\x98\x12\xa2\x0a\xe0\xc4\
\x1a\xf3\xd8f\xf9\xa4\x80e\x80\x84!\x92AT\xfc\xd2\
\xf9@y6\x0c\x22ED$`S%\xd0c\x80|\
\x9e\xe1\x1e\xdd\xf6\x8d\xfa\xfd\x00\x10L\xe6\x03\x81@\xe0\
\xb9\x13\x22\xa1\x81@\xe0\x85\x82\xd6\xaf\xbf\xd5&/\x9a\
{c\x14\x9b\xeb8\x8a\xde\x00\xc5\xe2F\xda\x88 J\
\x92\x7f\x1f\x912\x09\xb1jK\xf7\x92+\x22\x94\xcd.\
\xf7g7\xe9r\xa6\x085\x0ceQR\x12\xf5QS\
\xf1\xcdSF\xc5\xb2M\x017I\xc4\x8fCqk\xa3\
\xa6\xdf\xde\x7fo}p\xc3e\x9b4\x8c\xd8\x0c\x04\x02\
\x81SG\x10\xa1\x81@\xe0\x85\xc2w\xd3\xaf\xbb\xdd,\
\xb9\x0e1\x99\xe4\xe50\xfc\xf2\xc8\xc6op\xce]\xe4\
\xb2t\x91\x13\x81(\x93NE=\x09(\xc6pz\xfd\
\xd7L\xcd\xd3\xc9\xeb\xc1\x99\xe9{uNI\x05L\x0c\
&Q\x1bG\x0d\xc3\x10b>@\xd0\xbbT\xb3\x7f\x16\
\xe8\xe4\x9f\xdd\xf4\xb6{\x8b\x87\x9c\xee\x9d\x17\x08\x04\x02\
\xe7\x1aA\x84\x06\x02\x81\xd3\xc2\xcd\x7f\xf9\x97\xc9'n\
\xb9\xa5\xf1\xfe\xbf\xfa\xfa\xc5\x04, \xa6_\x06\xf0*\
\x97f\x178\x05\x0b\xd8\xdb<\xe5\xcb+\x81D\xc5\xd7\
\x90\xf2\x91\xb5\xa4\xc7\x85\xa6\x8cIY\x81\x98\xa1d\x8c\
\x1aC5\x06HIn\x07\xf0\xa4s\xee[i\xbak\
\xd3'\x0e\x1fN\x01 D>\x03\x81@\xe0\xf9#\x88\
\xd0@ p\xba\xf0\x91\xd1?\xbf\xbd\xbc\xe1\xfd7V\
\xdf\xf5\xd1;\xe6\x95J\xe6bR\xbe\x1eJoT\xd2\
W\x01\x80\x101\x9ch\x0a\xa5f\x8d\xa8\x13\x18Vb\
6 \x22\x88L/\xd14Q\xa4\xe2$\x9f\xe2$\xb0\
Q\x04R\xd5(N\x1cT\xb4\x94\x94\x0eE\x11om\
4\x1a_\xcf\xb2\xf4\xe0\xc8\xe1\x89\xafl\xa9m\x9a\x08\
3\xdd\x03\x81@\xe0\x85#\x88\xd0@ pF\xb1~\
\xfd\xad\x11_\xd23/B\xf9*f]\x0a\xe0\xedq\
\xb94\xaeN/M%\xebr\xce\x95A\x02Q\xe4\x86\
\xf8\x0e\x91\xb5\xaaDDy[\xbc\xa8\xaa\xb5\x06\xccV\
 BI\xa9\xb4\xc7\xb9,*\x97K?t\x22C\x92\
f\xff\xa9\x22\x9b\x1a\xe3\xa3\xdb'6\x0fe\xb7\xddv\
Sz\xba_w \x10\x08\x9co\x04\x11\x1a\x08\x04\xce\
4\xbc\xdf\xe8\xfa[\xa3\xdbn\xbb)\xbd\xf9O\xbe\xb2\
\xc2v\xc6=\x96\xcc\xb5\xa2\xbaJ\x9c\xaeJ\x92\xe4\x22\
 [\xee\xc4UU\xb5B\xa0\x09\x10e\x00j\xa4\xe8\
$\x82\xc4qr\x98\x0d\xed\xcc2q \xdc\xddh\xd4\
k\x88\xec\xd7tP\xf7\xff\xe9\x07^?Q<\xcf\xe9\
~\xb1\x81@ p\xbe\x12Dh \x108+xw\
\xef\xed\xedfV{Z)\xf1J\xa8ceZem\
\xd4ID\xd7\x19fR\xa1T\x09\xfdPm8q\xfd\
\xc6\xd8\x01\x92l\xd7\xd8d=s\x8e\xb7\xbb\xb41\xef\
\x93\xbf\xf9\x96=\xa7\xfbu\x04\x02\x81@ \x10\x08\x04\
\xce.\x08\x00\xd6\xf6\xf6\xda\xd6\xfb\xeb\xd6\xddn\xd0\xdb\
\xcb\xebo\xfd\xd7\x0a\x00Bo\xafo\x9f/~\x86\x8b\
\xed@ \x10\x08\x04\x02\x81@ \x10\x08\x04\x02\x81@\
 \x10\x08\x04\x02\x81@ \x10\x08\x04\x02\x81@ \x10\
\x08\x04\x02\x81@ \x10\x08\x04\x02\x81@ \x10\x08\x04\
\x02\x81@ \x10\x08\x04\x02\x81@ \x10\x08\x04\x02\x81\
@ \x10\x08\x04\x02\x81@ \x10\x08\x04\x02\x81@ \
\x10\x08\x04\x02\x81@ \x10\x08\x04\x02\x81@ \x10\x08\
\x04\x02\x81@ \x10\x08\x04\x02\x81@ \x10\x08\x04\x02\
\x81@ \x10\x08\x04\x02\x81@ \x10\x08\x04\x02\x81@\
 \x10\x08\x04\x02\x81@ \x10\x08\x04\x02\x81@ \x10\
\x08\x04\x02\x81@ \x10\x08\x04\x02\x81@ \x10\x08\x04\
\x02\x81@ \x10\x08\x04\x02\x81@ \x10\x08\x04\x02\x81\
@ \x10\x08\x04\x02\x81@ \x10\x08\x04\x02\x81@ \
\x10\x08\x04\x02\x81@ \x10\x08\x04\x02\x81@ \x10\x08\
\x04\x02\x81@ \x10\x08\x04\x02\x81@ \x10\x08\x04\x02\
\x81@ \x10\x08\x04\x02\x81@ \x10\x08\x04\x02\x81@\
 \x10\x08\x04\x02\x81@ \x10\x08\x04\x02\x81@ \x10\
\x08\x04\x02\x81@ \x10\x08\x04\x02\x81@ \x10\x08\x04\
\x02\x81@ \x10\x08\x04\x02\x81@ \x10\x08\x04\x02\x81\
@ \x10\x08\x04\x02\x81@ \x10\x08\x04\x02\x81@ \
\x10\x08\x04\x02\x81@ \x10\x08\x04\x02\x81@ \x10\x08\
\x04\x02\x81@ \x10\x08\x04\x02\x81@ \x10\x08\x04\x02\
\x81@ \x10\x08\x04\xce\x1d\xfe\x7f\x00|\xa9\x1d9E\
e\xe6\x00\x00\x00%tEXtdate:c\
reate\x002026-10-01\
T21:35:46+00:00\x11\
\xcb\x1d\x08\x00\x00\x00%tEXtdate:\
modify\x002026-10-0\
1T21:35:46+00:00\
`\x96\xa5\xb4\x00\x00\x00(tEXtdate\
:timestamp\x002026-\
10-01T21:36:05+0\
0:00i\x16+\x0f\x00\x00\x00\x00IEND\
\xaeB`\x82\
"

qt_resource_name = b"\
\x00\x06\
\x07\x03}\xc3\
\x00i\
\x00m\x00a\x00g\x00e\x00s\
\x00\x08\
\x08\x8eZ\x07\
\x00d\
\x00a\x00r\x00k\x00.\x00p\x00n\x00g\
"

qt_resource_struct = b"\
\x00\x00\x00\x00\x00\x02\x00\x00\x00\x01\x00\x00\x00\x01\
\x00\x00\x00\x00\x00\x00\x00\x00\
\x00\x00\x00\x00\x00\x02\x00\x00\x00\x01\x00\x00\x00\x02\
\x00\x00\x00\x00\x00\x00\x00\x00\
\x00\x00\x00\x12\x00\x00\x00\x00\x00\x01\x00\x00\x00\x00\
\x00\x00\x01\xa0\xf9e\x96\x9d\
"

def qInitResources():
    QtCore.qRegisterResourceData(0x03, qt_resource_struct, qt_resource_name, qt_resource_data)

def qCleanupResources():
    QtCore.qUnregisterResourceData(0x03, qt_resource_struct, qt_resource_name, qt_resource_data)

qInitResources()
